grid_x,grid_y,chiplet_id,chiplet_power,temperature,occupancy_mask,edge_mask,coord_x_norm,coord_y_norm
0.000000,0.000000,background,0.000000,44.840000,0,0,0.000000,0.000000
0.777778,0.000000,background,0.000000,45.000000,0,0,0.015873,0.000000
1.555556,0.000000,background,0.000000,45.259998,0,0,0.031746,0.000000
2.333333,0.000000,background,0.000000,45.590000,0,0,0.047619,0.000000
3.111111,0.000000,background,0.000000,45.939999,0,0,0.063492,0.000000
3.888889,0.000000,background,0.000000,46.310001,0,0,0.079365,0.000000
4.666667,0.000000,background,0.000000,46.700001,0,0,0.095238,0.000000
5.444445,0.000000,background,0.000000,47.090000,0,0,0.111111,0.000000
6.222222,0.000000,background,0.000000,47.480000,0,0,0.126984,0.000000
7.000000,0.000000,background,0.000000,47.880001,0,0,0.142857,0.000000
7.777778,0.000000,background,0.000000,48.279999,0,0,0.158730,0.000000
8.555555,0.000000,background,0.000000,48.669998,0,0,0.174603,0.000000
9.333333,0.000000,background,0.000000,49.070000,0,0,0.190476,0.000000
10.111111,0.000000,background,0.000000,49.470001,0,0,0.206349,0.000000
10.888889,0.000000,background,0.000000,49.860001,0,0,0.222222,0.000000
11.666667,0.000000,background,0.000000,50.259998,0,0,0.238095,0.000000
12.444445,0.000000,background,0.000000,50.639999,0,0,0.253968,0.000000
13.222222,0.000000,background,0.000000,51.029999,0,0,0.269841,0.000000
14.000000,0.000000,background,0.000000,51.400002,0,0,0.285714,0.000000
14.777778,0.000000,background,0.000000,51.770000,0,0,0.301587,0.000000
15.555555,0.000000,background,0.000000,52.130001,0,0,0.317460,0.000000
16.333334,0.000000,background,0.000000,52.470001,0,0,0.333333,0.000000
17.111111,0.000000,background,0.000000,52.799999,0,0,0.349206,0.000000
17.888889,0.000000,background,0.000000,53.110001,0,0,0.365079,0.000000
18.666666,0.000000,background,0.000000,53.410000,0,0,0.380952,0.000000
19.444445,0.000000,background,0.000000,53.680000,0,0,0.396825,0.000000
20.222221,0.000000,background,0.000000,53.939999,0,0,0.412698,0.000000
21.000000,0.000000,background,0.000000,54.189999,0,0,0.428571,0.000000
21.777779,0.000000,background,0.000000,54.419998,0,0,0.444444,0.000000
22.555555,0.000000,background,0.000000,54.630001,0,0,0.460317,0.000000
23.333334,0.000000,background,0.000000,54.830002,0,0,0.476190,0.000000
24.111111,0.000000,background,0.000000,55.009998,0,0,0.492063,0.000000
24.888889,0.000000,background,0.000000,55.200001,0,0,0.507937,0.000000
25.666666,0.000000,background,0.000000,55.380001,0,0,0.523809,0.000000
26.444445,0.000000,background,0.000000,55.580002,0,0,0.539683,0.000000
27.222221,0.000000,background,0.000000,55.759998,0,0,0.555556,0.000000
28.000000,0.000000,background,0.000000,55.889999,0,0,0.571429,0.000000
28.777779,0.000000,background,0.000000,56.500000,0,0,0.587302,0.000000
29.555555,0.000000,background,0.000000,56.660000,0,0,0.603175,0.000000
30.333334,0.000000,background,0.000000,56.660000,0,0,0.619048,0.000000
31.111111,0.000000,background,0.000000,56.580002,0,0,0.634921,0.000000
31.888889,0.000000,background,0.000000,56.419998,0,1,0.650794,0.000000
32.666668,0.000000,HBM_1,25.000000,56.200001,1,1,0.666667,0.000000
33.444443,0.000000,HBM_1,25.000000,55.930000,1,1,0.682540,0.000000
34.222221,0.000000,HBM_1,25.000000,55.610001,1,1,0.698413,0.000000
35.000000,0.000000,HBM_1,25.000000,55.240002,1,1,0.714286,0.000000
35.777779,0.000000,HBM_1,25.000000,54.830002,1,1,0.730159,0.000000
36.555557,0.000000,HBM_1,25.000000,54.369999,1,1,0.746032,0.000000
37.333332,0.000000,HBM_1,25.000000,53.860001,1,1,0.761905,0.000000
38.111111,0.000000,HBM_1,25.000000,53.279999,1,1,0.777778,0.000000
38.888889,0.000000,HBM_1,25.000000,52.610001,1,1,0.793651,0.000000
39.666668,0.000000,HBM_1,25.000000,51.439999,1,1,0.809524,0.000000
40.444443,0.000000,background,0.000000,50.639999,0,1,0.825397,0.000000
41.222221,0.000000,background,0.000000,49.840000,0,0,0.841270,0.000000
42.000000,0.000000,background,0.000000,49.119999,0,0,0.857143,0.000000
42.777779,0.000000,background,0.000000,48.470001,0,0,0.873016,0.000000
43.555557,0.000000,background,0.000000,47.869999,0,0,0.888889,0.000000
44.333332,0.000000,background,0.000000,47.310001,0,0,0.904762,0.000000
45.111111,0.000000,background,0.000000,46.779999,0,0,0.920635,0.000000
45.888889,0.000000,background,0.000000,46.279999,0,0,0.936508,0.000000
46.666668,0.000000,background,0.000000,45.830002,0,0,0.952381,0.000000
47.444443,0.000000,background,0.000000,45.430000,0,0,0.968254,0.000000
48.222221,0.000000,background,0.000000,45.099998,0,0,0.984127,0.000000
49.000000,0.000000,background,0.000000,44.900002,0,0,1.000000,0.000000
0.000000,0.841270,background,0.000000,44.980000,0,0,0.000000,0.015873
0.777778,0.841270,background,0.000000,45.150002,0,0,0.015873,0.015873
1.555556,0.841270,background,0.000000,45.419998,0,0,0.031746,0.015873
2.333333,0.841270,background,0.000000,45.750000,0,0,0.047619,0.015873
3.111111,0.841270,background,0.000000,46.119999,0,0,0.063492,0.015873
3.888889,0.841270,background,0.000000,46.500000,0,0,0.079365,0.015873
4.666667,0.841270,background,0.000000,46.900002,0,0,0.095238,0.015873
5.444445,0.841270,background,0.000000,47.299999,0,0,0.111111,0.015873
6.222222,0.841270,background,0.000000,47.700001,0,0,0.126984,0.015873
7.000000,0.841270,background,0.000000,48.110001,0,0,0.142857,0.015873
7.777778,0.841270,background,0.000000,48.520000,0,0,0.158730,0.015873
8.555555,0.841270,background,0.000000,48.930000,0,0,0.174603,0.015873
9.333333,0.841270,background,0.000000,49.340000,0,0,0.190476,0.015873
10.111111,0.841270,background,0.000000,49.750000,0,0,0.206349,0.015873
10.888889,0.841270,background,0.000000,50.150002,0,0,0.222222,0.015873
11.666667,0.841270,background,0.000000,50.560001,0,0,0.238095,0.015873
12.444445,0.841270,background,0.000000,50.959999,0,0,0.253968,0.015873
13.222222,0.841270,background,0.000000,51.349998,0,0,0.269841,0.015873
14.000000,0.841270,background,0.000000,51.740002,0,0,0.285714,0.015873
14.777778,0.841270,background,0.000000,52.130001,0,0,0.301587,0.015873
15.555555,0.841270,background,0.000000,52.490002,0,0,0.317460,0.015873
16.333334,0.841270,background,0.000000,52.849998,0,0,0.333333,0.015873
17.111111,0.841270,background,0.000000,53.189999,0,0,0.349206,0.015873
17.888889,0.841270,background,0.000000,53.509998,0,0,0.365079,0.015873
18.666666,0.841270,background,0.000000,53.810001,0,0,0.380952,0.015873
19.444445,0.841270,background,0.000000,54.099998,0,0,0.396825,0.015873
20.222221,0.841270,background,0.000000,54.369999,0,0,0.412698,0.015873
21.000000,0.841270,background,0.000000,54.619999,0,0,0.428571,0.015873
21.777779,0.841270,background,0.000000,54.849998,0,0,0.444444,0.015873
22.555555,0.841270,background,0.000000,55.070000,0,0,0.460317,0.015873
23.333334,0.841270,background,0.000000,55.270000,0,0,0.476190,0.015873
24.111111,0.841270,background,0.000000,55.459999,0,0,0.492063,0.015873
24.888889,0.841270,background,0.000000,55.650002,0,0,0.507937,0.015873
25.666666,0.841270,background,0.000000,55.840000,0,0,0.523809,0.015873
26.444445,0.841270,background,0.000000,56.060001,0,0,0.539683,0.015873
27.222221,0.841270,background,0.000000,56.320000,0,0,0.555556,0.015873
28.000000,0.841270,background,0.000000,56.599998,0,0,0.571429,0.015873
28.777779,0.841270,background,0.000000,57.240002,0,0,0.587302,0.015873
29.555555,0.841270,background,0.000000,57.410000,0,0,0.603175,0.015873
30.333334,0.841270,background,0.000000,57.410000,0,0,0.619048,0.015873
31.111111,0.841270,background,0.000000,57.310001,0,0,0.634921,0.015873
31.888889,0.841270,background,0.000000,57.150002,0,1,0.650794,0.015873
32.666668,0.841270,HBM_1,25.000000,56.919998,1,0,0.666667,0.015873
33.444443,0.841270,HBM_1,25.000000,56.630001,1,0,0.682540,0.015873
34.222221,0.841270,HBM_1,25.000000,56.290001,1,0,0.698413,0.015873
35.000000,0.841270,HBM_1,25.000000,55.900002,1,0,0.714286,0.015873
35.777779,0.841270,HBM_1,25.000000,55.470001,1,0,0.730159,0.015873
36.555557,0.841270,HBM_1,25.000000,54.980000,1,0,0.746032,0.015873
37.333332,0.841270,HBM_1,25.000000,54.450001,1,0,0.761905,0.015873
38.111111,0.841270,HBM_1,25.000000,53.849998,1,0,0.777778,0.015873
38.888889,0.841270,HBM_1,25.000000,53.139999,1,0,0.793651,0.015873
39.666668,0.841270,HBM_1,25.000000,51.910000,1,0,0.809524,0.015873
40.444443,0.841270,background,0.000000,50.990002,0,1,0.825397,0.015873
41.222221,0.841270,background,0.000000,50.130001,0,0,0.841270,0.015873
42.000000,0.841270,background,0.000000,49.380001,0,0,0.857143,0.015873
42.777779,0.841270,background,0.000000,48.700001,0,0,0.873016,0.015873
43.555557,0.841270,background,0.000000,48.080002,0,0,0.888889,0.015873
44.333332,0.841270,background,0.000000,47.509998,0,0,0.904762,0.015873
45.111111,0.841270,background,0.000000,46.970001,0,0,0.920635,0.015873
45.888889,0.841270,background,0.000000,46.459999,0,0,0.936508,0.015873
46.666668,0.841270,background,0.000000,45.990002,0,0,0.952381,0.015873
47.444443,0.841270,background,0.000000,45.580002,0,0,0.968254,0.015873
48.222221,0.841270,background,0.000000,45.250000,0,0,0.984127,0.015873
49.000000,0.841270,background,0.000000,45.040001,0,0,1.000000,0.015873
0.000000,1.682540,background,0.000000,45.220001,0,0,0.000000,0.031746
0.777778,1.682540,background,0.000000,45.400002,0,0,0.015873,0.031746
1.555556,1.682540,background,0.000000,45.680000,0,0,0.031746,0.031746
2.333333,1.682540,background,0.000000,46.029999,0,0,0.047619,0.031746
3.111111,1.682540,background,0.000000,46.410000,0,0,0.063492,0.031746
3.888889,1.682540,background,0.000000,46.810001,0,0,0.079365,0.031746
4.666667,1.682540,background,0.000000,47.220001,0,0,0.095238,0.031746
5.444445,1.682540,background,0.000000,47.639999,0,0,0.111111,0.031746
6.222222,1.682540,background,0.000000,48.060001,0,0,0.126984,0.031746
7.000000,1.682540,background,0.000000,48.490002,0,0,0.142857,0.031746
7.777778,1.682540,background,0.000000,48.910000,0,0,0.158730,0.031746
8.555555,1.682540,background,0.000000,49.340000,0,0,0.174603,0.031746
9.333333,1.682540,background,0.000000,49.770000,0,0,0.190476,0.031746
10.111111,1.682540,background,0.000000,50.200001,0,0,0.206349,0.031746
10.888889,1.682540,background,0.000000,50.619999,0,0,0.222222,0.031746
11.666667,1.682540,background,0.000000,51.049999,0,0,0.238095,0.031746
12.444445,1.682540,background,0.000000,51.470001,0,0,0.253968,0.031746
13.222222,1.682540,background,0.000000,51.889999,0,0,0.269841,0.031746
14.000000,1.682540,background,0.000000,52.299999,0,0,0.285714,0.031746
14.777778,1.682540,background,0.000000,52.709999,0,0,0.301587,0.031746
15.555555,1.682540,background,0.000000,53.099998,0,0,0.317460,0.031746
16.333334,1.682540,background,0.000000,53.480000,0,0,0.333333,0.031746
17.111111,1.682540,background,0.000000,53.830002,0,0,0.349206,0.031746
17.888889,1.682540,background,0.000000,54.169998,0,0,0.365079,0.031746
18.666666,1.682540,background,0.000000,54.490002,0,0,0.380952,0.031746
19.444445,1.682540,background,0.000000,54.790001,0,0,0.396825,0.031746
20.222221,1.682540,background,0.000000,55.070000,0,0,0.412698,0.031746
21.000000,1.682540,background,0.000000,55.330002,0,0,0.428571,0.031746
21.777779,1.682540,background,0.000000,55.570000,0,0,0.444444,0.031746
22.555555,1.682540,background,0.000000,55.790001,0,0,0.460317,0.031746
23.333334,1.682540,background,0.000000,56.000000,0,0,0.476190,0.031746
24.111111,1.682540,background,0.000000,56.200001,0,0,0.492063,0.031746
24.888889,1.682540,background,0.000000,56.400002,0,0,0.507937,0.031746
25.666666,1.682540,background,0.000000,56.599998,0,0,0.523809,0.031746
26.444445,1.682540,background,0.000000,56.849998,0,0,0.539683,0.031746
27.222221,1.682540,background,0.000000,57.169998,0,0,0.555556,0.031746
28.000000,1.682540,background,0.000000,57.560001,0,0,0.571429,0.031746
28.777779,1.682540,background,0.000000,58.220001,0,0,0.587302,0.031746
29.555555,1.682540,background,0.000000,58.389999,0,0,0.603175,0.031746
30.333334,1.682540,background,0.000000,58.380001,0,0,0.619048,0.031746
31.111111,1.682540,background,0.000000,58.279999,0,0,0.634921,0.031746
31.888889,1.682540,background,0.000000,58.099998,0,1,0.650794,0.031746
32.666668,1.682540,HBM_1,25.000000,57.849998,1,0,0.666667,0.031746
33.444443,1.682540,HBM_1,25.000000,57.540001,1,0,0.682540,0.031746
34.222221,1.682540,HBM_1,25.000000,57.180000,1,0,0.698413,0.031746
35.000000,1.682540,HBM_1,25.000000,56.759998,1,0,0.714286,0.031746
35.777779,1.682540,HBM_1,25.000000,56.299999,1,0,0.730159,0.031746
36.555557,1.682540,HBM_1,25.000000,55.779999,1,0,0.746032,0.031746
37.333332,1.682540,HBM_1,25.000000,55.209999,1,0,0.761905,0.031746
38.111111,1.682540,HBM_1,25.000000,54.580002,1,0,0.777778,0.031746
38.888889,1.682540,HBM_1,25.000000,53.830002,1,0,0.793651,0.031746
39.666668,1.682540,HBM_1,25.000000,52.549999,1,0,0.809524,0.031746
40.444443,1.682540,background,0.000000,51.509998,0,1,0.825397,0.031746
41.222221,1.682540,background,0.000000,50.580002,0,0,0.841270,0.031746
42.000000,1.682540,background,0.000000,49.779999,0,0,0.857143,0.031746
42.777779,1.682540,background,0.000000,49.080002,0,0,0.873016,0.031746
43.555557,1.682540,background,0.000000,48.430000,0,0,0.888889,0.031746
44.333332,1.682540,background,0.000000,47.830002,0,0,0.904762,0.031746
45.111111,1.682540,background,0.000000,47.270000,0,0,0.920635,0.031746
45.888889,1.682540,background,0.000000,46.740002,0,0,0.936508,0.031746
46.666668,1.682540,background,0.000000,46.259998,0,0,0.952381,0.031746
47.444443,1.682540,background,0.000000,45.830002,0,0,0.968254,0.031746
48.222221,1.682540,background,0.000000,45.480000,0,0,0.984127,0.031746
49.000000,1.682540,background,0.000000,45.259998,0,0,1.000000,0.031746
0.000000,2.523809,background,0.000000,45.509998,0,0,0.000000,0.047619
0.777778,2.523809,background,0.000000,45.700001,0,0,0.015873,0.047619
1.555556,2.523809,background,0.000000,46.000000,0,0,0.031746,0.047619
2.333333,2.523809,background,0.000000,46.369999,0,0,0.047619,0.047619
3.111111,2.523809,background,0.000000,46.770000,0,0,0.063492,0.047619
3.888889,2.523809,background,0.000000,47.189999,0,0,0.079365,0.047619
4.666667,2.523809,background,0.000000,47.619999,0,0,0.095238,0.047619
5.444445,2.523809,background,0.000000,48.060001,0,0,0.111111,0.047619
6.222222,2.523809,background,0.000000,48.509998,0,0,0.126984,0.047619
7.000000,2.523809,background,0.000000,48.950001,0,0,0.142857,0.047619
7.777778,2.523809,background,0.000000,49.400002,0,0,0.158730,0.047619
8.555555,2.523809,background,0.000000,49.849998,0,0,0.174603,0.047619
9.333333,2.523809,background,0.000000,50.299999,0,0,0.190476,0.047619
10.111111,2.523809,background,0.000000,50.750000,0,0,0.206349,0.047619
10.888889,2.523809,background,0.000000,51.209999,0,0,0.222222,0.047619
11.666667,2.523809,background,0.000000,51.660000,0,0,0.238095,0.047619
12.444445,2.523809,background,0.000000,52.110001,0,0,0.253968,0.047619
13.222222,2.523809,background,0.000000,52.560001,0,0,0.269841,0.047619
14.000000,2.523809,background,0.000000,53.009998,0,0,0.285714,0.047619
14.777778,2.523809,background,0.000000,53.450001,0,0,0.301587,0.047619
15.555555,2.523809,background,0.000000,53.880001,0,0,0.317460,0.047619
16.333334,2.523809,background,0.000000,54.279999,0,0,0.333333,0.047619
17.111111,2.523809,background,0.000000,54.660000,0,0,0.349206,0.047619
17.888889,2.523809,background,0.000000,55.020000,0,0,0.365079,0.047619
18.666666,2.523809,background,0.000000,55.360001,0,0,0.380952,0.047619
19.444445,2.523809,background,0.000000,55.669998,0,0,0.396825,0.047619
20.222221,2.523809,background,0.000000,55.959999,0,0,0.412698,0.047619
21.000000,2.523809,background,0.000000,56.240002,0,0,0.428571,0.047619
21.777779,2.523809,background,0.000000,56.490002,0,0,0.444444,0.047619
22.555555,2.523809,background,0.000000,56.720001,0,0,0.460317,0.047619
23.333334,2.523809,background,0.000000,56.939999,0,0,0.476190,0.047619
24.111111,2.523809,background,0.000000,57.139999,0,0,0.492063,0.047619
24.888889,2.523809,background,0.000000,57.340000,0,0,0.507937,0.047619
25.666666,2.523809,background,0.000000,57.549999,0,0,0.523809,0.047619
26.444445,2.523809,background,0.000000,57.810001,0,0,0.539683,0.047619
27.222221,2.523809,background,0.000000,58.160000,0,0,0.555556,0.047619
28.000000,2.523809,background,0.000000,58.610001,0,0,0.571429,0.047619
28.777779,2.523809,background,0.000000,59.279999,0,0,0.587302,0.047619
29.555555,2.523809,background,0.000000,59.439999,0,0,0.603175,0.047619
30.333334,2.523809,background,0.000000,59.430000,0,0,0.619048,0.047619
31.111111,2.523809,background,0.000000,59.320000,0,0,0.634921,0.047619
31.888889,2.523809,background,0.000000,59.119999,0,1,0.650794,0.047619
32.666668,2.523809,HBM_1,25.000000,58.849998,1,0,0.666667,0.047619
33.444443,2.523809,HBM_1,25.000000,58.520000,1,0,0.682540,0.047619
34.222221,2.523809,HBM_1,25.000000,58.130001,1,0,0.698413,0.047619
35.000000,2.523809,HBM_1,25.000000,57.680000,1,0,0.714286,0.047619
35.777779,2.523809,HBM_1,25.000000,57.180000,1,0,0.730159,0.047619
36.555557,2.523809,HBM_1,25.000000,56.619999,1,0,0.746032,0.047619
37.333332,2.523809,HBM_1,25.000000,56.009998,1,0,0.761905,0.047619
38.111111,2.523809,HBM_1,25.000000,55.340000,1,0,0.777778,0.047619
38.888889,2.523809,HBM_1,25.000000,54.560001,1,0,0.793651,0.047619
39.666668,2.523809,HBM_1,25.000000,53.230000,1,0,0.809524,0.047619
40.444443,2.523809,background,0.000000,52.110001,0,1,0.825397,0.047619
41.222221,2.523809,background,0.000000,51.110001,0,0,0.841270,0.047619
42.000000,2.523809,background,0.000000,50.270000,0,0,0.857143,0.047619
42.777779,2.523809,background,0.000000,49.529999,0,0,0.873016,0.047619
43.555557,2.523809,background,0.000000,48.849998,0,0,0.888889,0.047619
44.333332,2.523809,background,0.000000,48.220001,0,0,0.904762,0.047619
45.111111,2.523809,background,0.000000,47.639999,0,0,0.920635,0.047619
45.888889,2.523809,background,0.000000,47.080002,0,0,0.936508,0.047619
46.666668,2.523809,background,0.000000,46.580002,0,0,0.952381,0.047619
47.444443,2.523809,background,0.000000,46.130001,0,0,0.968254,0.047619
48.222221,2.523809,background,0.000000,45.759998,0,0,0.984127,0.047619
49.000000,2.523809,background,0.000000,45.529999,0,0,1.000000,0.047619
0.000000,3.365079,background,0.000000,45.840000,0,0,0.000000,0.063492
0.777778,3.365079,background,0.000000,46.040001,0,0,0.015873,0.063492
1.555556,3.365079,background,0.000000,46.360001,0,0,0.031746,0.063492
2.333333,3.365079,background,0.000000,46.740002,0,0,0.047619,0.063492
3.111111,3.365079,background,0.000000,47.169998,0,0,0.063492,0.063492
3.888889,3.365079,background,0.000000,47.610001,0,0,0.079365,0.063492
4.666667,3.365079,background,0.000000,48.070000,0,0,0.095238,0.063492
5.444445,3.365079,background,0.000000,48.529999,0,0,0.111111,0.063492
6.222222,3.365079,background,0.000000,49.000000,0,0,0.126984,0.063492
7.000000,3.365079,background,0.000000,49.480000,0,0,0.142857,0.063492
7.777778,3.365079,background,0.000000,49.950001,0,0,0.158730,0.063492
8.555555,3.365079,background,0.000000,50.430000,0,0,0.174603,0.063492
9.333333,3.365079,background,0.000000,50.900002,0,0,0.190476,0.063492
10.111111,3.365079,background,0.000000,51.380001,0,0,0.206349,0.063492
10.888889,3.365079,background,0.000000,51.860001,0,0,0.222222,0.063492
11.666667,3.365079,background,0.000000,52.349998,0,0,0.238095,0.063492
12.444445,3.365079,background,0.000000,52.840000,0,0,0.253968,0.063492
13.222222,3.365079,background,0.000000,53.330002,0,0,0.269841,0.063492
14.000000,3.365079,background,0.000000,53.830002,0,1,0.285714,0.063492
14.777778,3.365079,background,0.000000,54.330002,0,1,0.301587,0.063492
15.555555,3.365079,background,0.000000,54.799999,0,1,0.317460,0.063492
16.333334,3.365079,background,0.000000,55.240002,0,1,0.333333,0.063492
17.111111,3.365079,background,0.000000,55.639999,0,1,0.349206,0.063492
17.888889,3.365079,background,0.000000,56.029999,0,1,0.365079,0.063492
18.666666,3.365079,background,0.000000,56.389999,0,1,0.380952,0.063492
19.444445,3.365079,background,0.000000,56.720001,0,1,0.396825,0.063492
20.222221,3.365079,background,0.000000,57.029999,0,1,0.412698,0.063492
21.000000,3.365079,background,0.000000,57.320000,0,1,0.428571,0.063492
21.777779,3.365079,background,0.000000,57.580002,0,1,0.444444,0.063492
22.555555,3.365079,background,0.000000,57.820000,0,1,0.460317,0.063492
23.333334,3.365079,background,0.000000,58.049999,0,1,0.476190,0.063492
24.111111,3.365079,background,0.000000,58.250000,0,1,0.492063,0.063492
24.888889,3.365079,background,0.000000,58.450001,0,1,0.507937,0.063492
25.666666,3.365079,background,0.000000,58.650002,0,1,0.523809,0.063492
26.444445,3.365079,background,0.000000,58.900002,0,1,0.539683,0.063492
27.222221,3.365079,background,0.000000,59.259998,0,1,0.555556,0.063492
28.000000,3.365079,background,0.000000,59.720001,0,1,0.571429,0.063492
28.777779,3.365079,background,0.000000,60.389999,0,1,0.587302,0.063492
29.555555,3.365079,background,0.000000,60.549999,0,1,0.603175,0.063492
30.333334,3.365079,background,0.000000,60.529999,0,1,0.619048,0.063492
31.111111,3.365079,background,0.000000,60.400002,0,1,0.634921,0.063492
31.888889,3.365079,background,0.000000,60.189999,0,1,0.650794,0.063492
32.666668,3.365079,HBM_1,25.000000,59.900002,1,0,0.666667,0.063492
33.444443,3.365079,HBM_1,25.000000,59.540001,1,0,0.682540,0.063492
34.222221,3.365079,HBM_1,25.000000,59.110001,1,0,0.698413,0.063492
35.000000,3.365079,HBM_1,25.000000,58.630001,1,0,0.714286,0.063492
35.777779,3.365079,HBM_1,25.000000,58.080002,1,0,0.730159,0.063492
36.555557,3.365079,HBM_1,25.000000,57.480000,1,0,0.746032,0.063492
37.333332,3.365079,HBM_1,25.000000,56.830002,1,0,0.761905,0.063492
38.111111,3.365079,HBM_1,25.000000,56.119999,1,0,0.777778,0.063492
38.888889,3.365079,HBM_1,25.000000,55.290001,1,0,0.793651,0.063492
39.666668,3.365079,HBM_1,25.000000,53.919998,1,0,0.809524,0.063492
40.444443,3.365079,background,0.000000,52.740002,0,1,0.825397,0.063492
41.222221,3.365079,background,0.000000,51.680000,0,0,0.841270,0.063492
42.000000,3.365079,background,0.000000,50.799999,0,0,0.857143,0.063492
42.777779,3.365079,background,0.000000,50.020000,0,0,0.873016,0.063492
43.555557,3.365079,background,0.000000,49.310001,0,0,0.888889,0.063492
44.333332,3.365079,background,0.000000,48.650002,0,0,0.904762,0.063492
45.111111,3.365079,background,0.000000,48.029999,0,0,0.920635,0.063492
45.888889,3.365079,background,0.000000,47.459999,0,0,0.936508,0.063492
46.666668,3.365079,background,0.000000,46.930000,0,0,0.952381,0.063492
47.444443,3.365079,background,0.000000,46.450001,0,0,0.968254,0.063492
48.222221,3.365079,background,0.000000,46.070000,0,0,0.984127,0.063492
49.000000,3.365079,background,0.000000,45.830002,0,0,1.000000,0.063492
0.000000,4.206349,background,0.000000,46.200001,0,0,0.000000,0.079365
0.777778,4.206349,background,0.000000,46.410000,0,0,0.015873,0.079365
1.555556,4.206349,background,0.000000,46.740002,0,0,0.031746,0.079365
2.333333,4.206349,background,0.000000,47.150002,0,0,0.047619,0.079365
3.111111,4.206349,background,0.000000,47.599998,0,0,0.063492,0.079365
3.888889,4.206349,background,0.000000,48.070000,0,0,0.079365,0.079365
4.666667,4.206349,background,0.000000,48.549999,0,0,0.095238,0.079365
5.444445,4.206349,background,0.000000,49.040001,0,0,0.111111,0.079365
6.222222,4.206349,background,0.000000,49.540001,0,0,0.126984,0.079365
7.000000,4.206349,background,0.000000,50.040001,0,0,0.142857,0.079365
7.777778,4.206349,background,0.000000,50.540001,0,0,0.158730,0.079365
8.555555,4.206349,background,0.000000,51.040001,0,0,0.174603,0.079365
9.333333,4.206349,background,0.000000,51.549999,0,0,0.190476,0.079365
10.111111,4.206349,background,0.000000,52.049999,0,0,0.206349,0.079365
10.888889,4.206349,background,0.000000,52.570000,0,0,0.222222,0.079365
11.666667,4.206349,background,0.000000,53.090000,0,0,0.238095,0.079365
12.444445,4.206349,background,0.000000,53.630001,0,0,0.253968,0.079365
13.222222,4.206349,background,0.000000,54.189999,0,0,0.269841,0.079365
14.000000,4.206349,background,0.000000,54.759998,0,1,0.285714,0.079365
14.777778,4.206349,DRAM_1,20.000000,55.340000,1,0,0.301587,0.079365
15.555555,4.206349,DRAM_1,20.000000,55.869999,1,0,0.317460,0.079365
16.333334,4.206349,DRAM_1,20.000000,56.349998,1,0,0.333333,0.079365
17.111111,4.206349,DRAM_1,20.000000,56.799999,1,0,0.349206,0.079365
17.888889,4.206349,DRAM_1,20.000000,57.209999,1,0,0.365079,0.079365
18.666666,4.206349,DRAM_1,20.000000,57.590000,1,0,0.380952,0.079365
19.444445,4.206349,DRAM_1,20.000000,57.939999,1,0,0.396825,0.079365
20.222221,4.206349,DRAM_1,20.000000,58.270000,1,0,0.412698,0.079365
21.000000,4.206349,DRAM_1,20.000000,58.570000,1,0,0.428571,0.079365
21.777779,4.206349,DRAM_1,20.000000,58.849998,1,0,0.444444,0.079365
22.555555,4.206349,DRAM_1,20.000000,59.099998,1,0,0.460317,0.079365
23.333334,4.206349,GPU_1,100.000000,59.330002,1,1,0.476190,0.079365
24.111111,4.206349,GPU_1,100.000000,59.529999,1,0,0.492063,0.079365
24.888889,4.206349,GPU_1,100.000000,59.709999,1,0,0.507937,0.079365
25.666666,4.206349,GPU_1,100.000000,59.880001,1,0,0.523809,0.079365
26.444445,4.206349,GPU_1,100.000000,60.099998,1,0,0.539683,0.079365
27.222221,4.206349,GPU_1,100.000000,60.439999,1,0,0.555556,0.079365
28.000000,4.206349,GPU_1,100.000000,60.869999,1,0,0.571429,0.079365
28.777779,4.206349,GPU_1,100.000000,61.540001,1,0,0.587302,0.079365
29.555555,4.206349,GPU_1,100.000000,61.700001,1,0,0.603175,0.079365
30.333334,4.206349,GPU_1,100.000000,61.669998,1,0,0.619048,0.079365
31.111111,4.206349,GPU_1,100.000000,61.529999,1,0,0.634921,0.079365
31.888889,4.206349,GPU_1,100.000000,61.299999,1,1,0.650794,0.079365
32.666668,4.206349,HBM_1,25.000000,60.980000,1,0,0.666667,0.079365
33.444443,4.206349,HBM_1,25.000000,60.590000,1,0,0.682540,0.079365
34.222221,4.206349,HBM_1,25.000000,60.130001,1,0,0.698413,0.079365
35.000000,4.206349,HBM_1,25.000000,59.599998,1,0,0.714286,0.079365
35.777779,4.206349,HBM_1,25.000000,59.009998,1,0,0.730159,0.079365
36.555557,4.206349,HBM_1,25.000000,58.360001,1,0,0.746032,0.079365
37.333332,4.206349,HBM_1,25.000000,57.650002,1,0,0.761905,0.079365
38.111111,4.206349,HBM_1,25.000000,56.889999,1,0,0.777778,0.079365
38.888889,4.206349,HBM_1,25.000000,56.029999,1,0,0.793651,0.079365
39.666668,4.206349,HBM_1,25.000000,54.610001,1,0,0.809524,0.079365
40.444443,4.206349,background,0.000000,53.369999,0,1,0.825397,0.079365
41.222221,4.206349,background,0.000000,52.270000,0,0,0.841270,0.079365
42.000000,4.206349,background,0.000000,51.340000,0,0,0.857143,0.079365
42.777779,4.206349,background,0.000000,50.529999,0,0,0.873016,0.079365
43.555557,4.206349,background,0.000000,49.779999,0,0,0.888889,0.079365
44.333332,4.206349,background,0.000000,49.099998,0,0,0.904762,0.079365
45.111111,4.206349,background,0.000000,48.450001,0,0,0.920635,0.079365
45.888889,4.206349,background,0.000000,47.849998,0,0,0.936508,0.079365
46.666668,4.206349,background,0.000000,47.290001,0,0,0.952381,0.079365
47.444443,4.206349,background,0.000000,46.799999,0,0,0.968254,0.079365
48.222221,4.206349,background,0.000000,46.400002,0,0,0.984127,0.079365
49.000000,4.206349,background,0.000000,46.150002,0,0,1.000000,0.079365
0.000000,5.047619,background,0.000000,46.570000,0,0,0.000000,0.095238
0.777778,5.047619,background,0.000000,46.790001,0,0,0.015873,0.095238
1.555556,5.047619,background,0.000000,47.150002,0,0,0.031746,0.095238
2.333333,5.047619,background,0.000000,47.580002,0,0,0.047619,0.095238
3.111111,5.047619,background,0.000000,48.049999,0,0,0.063492,0.095238
3.888889,5.047619,background,0.000000,48.540001,0,0,0.079365,0.095238
4.666667,5.047619,background,0.000000,49.049999,0,0,0.095238,0.095238
5.444445,5.047619,background,0.000000,49.570000,0,0,0.111111,0.095238
6.222222,5.047619,background,0.000000,50.099998,0,0,0.126984,0.095238
7.000000,5.047619,background,0.000000,50.619999,0,0,0.142857,0.095238
7.777778,5.047619,background,0.000000,51.150002,0,0,0.158730,0.095238
8.555555,5.047619,background,0.000000,51.680000,0,0,0.174603,0.095238
9.333333,5.047619,background,0.000000,52.220001,0,0,0.190476,0.095238
10.111111,5.047619,background,0.000000,52.759998,0,0,0.206349,0.095238
10.888889,5.047619,background,0.000000,53.310001,0,0,0.222222,0.095238
11.666667,5.047619,background,0.000000,53.880001,0,0,0.238095,0.095238
12.444445,5.047619,background,0.000000,54.480000,0,0,0.253968,0.095238
13.222222,5.047619,background,0.000000,55.110001,0,0,0.269841,0.095238
14.000000,5.047619,background,0.000000,55.799999,0,1,0.285714,0.095238
14.777778,5.047619,DRAM_1,20.000000,56.520000,1,0,0.301587,0.095238
15.555555,5.047619,DRAM_1,20.000000,57.150002,1,0,0.317460,0.095238
16.333334,5.047619,DRAM_1,20.000000,57.680000,1,0,0.333333,0.095238
17.111111,5.047619,DRAM_1,20.000000,58.160000,1,0,0.349206,0.095238
17.888889,5.047619,DRAM_1,20.000000,58.599998,1,0,0.365079,0.095238
18.666666,5.047619,DRAM_1,20.000000,59.000000,1,0,0.380952,0.095238
19.444445,5.047619,DRAM_1,20.000000,59.380001,1,0,0.396825,0.095238
20.222221,5.047619,DRAM_1,20.000000,59.730000,1,0,0.412698,0.095238
21.000000,5.047619,DRAM_1,20.000000,60.040001,1,0,0.428571,0.095238
21.777779,5.047619,DRAM_1,20.000000,60.340000,1,0,0.444444,0.095238
22.555555,5.047619,DRAM_1,20.000000,60.599998,1,0,0.460317,0.095238
23.333334,5.047619,GPU_1,100.000000,60.830002,1,1,0.476190,0.095238
24.111111,5.047619,GPU_1,100.000000,61.029999,1,0,0.492063,0.095238
24.888889,5.047619,GPU_1,100.000000,61.180000,1,0,0.507937,0.095238
25.666666,5.047619,GPU_1,100.000000,61.290001,1,0,0.523809,0.095238
26.444445,5.047619,GPU_1,100.000000,61.410000,1,0,0.539683,0.095238
27.222221,5.047619,GPU_1,100.000000,61.700001,1,0,0.555556,0.095238
28.000000,5.047619,GPU_1,100.000000,62.099998,1,0,0.571429,0.095238
28.777779,5.047619,GPU_1,100.000000,62.759998,1,0,0.587302,0.095238
29.555555,5.047619,GPU_1,100.000000,62.910000,1,0,0.603175,0.095238
30.333334,5.047619,GPU_1,100.000000,62.880001,1,0,0.619048,0.095238
31.111111,5.047619,GPU_1,100.000000,62.720001,1,0,0.634921,0.095238
31.888889,5.047619,GPU_1,100.000000,62.470001,1,1,0.650794,0.095238
32.666668,5.047619,HBM_1,25.000000,62.119999,1,0,0.666667,0.095238
33.444443,5.047619,HBM_1,25.000000,61.700001,1,0,0.682540,0.095238
34.222221,5.047619,HBM_1,25.000000,61.189999,1,0,0.698413,0.095238
35.000000,5.047619,HBM_1,25.000000,60.610001,1,0,0.714286,0.095238
35.777779,5.047619,HBM_1,25.000000,59.959999,1,0,0.730159,0.095238
36.555557,5.047619,HBM_1,25.000000,59.240002,1,0,0.746032,0.095238
37.333332,5.047619,HBM_1,25.000000,58.480000,1,0,0.761905,0.095238
38.111111,5.047619,HBM_1,25.000000,57.660000,1,0,0.777778,0.095238
38.888889,5.047619,HBM_1,25.000000,56.750000,1,0,0.793651,0.095238
39.666668,5.047619,HBM_1,25.000000,55.290001,1,0,0.809524,0.095238
40.444443,5.047619,background,0.000000,54.009998,0,1,0.825397,0.095238
41.222221,5.047619,background,0.000000,52.860001,0,0,0.841270,0.095238
42.000000,5.047619,background,0.000000,51.889999,0,0,0.857143,0.095238
42.777779,5.047619,background,0.000000,51.040001,0,0,0.873016,0.095238
43.555557,5.047619,background,0.000000,50.270000,0,0,0.888889,0.095238
44.333332,5.047619,background,0.000000,49.549999,0,0,0.904762,0.095238
45.111111,5.047619,background,0.000000,48.869999,0,0,0.920635,0.095238
45.888889,5.047619,background,0.000000,48.240002,0,0,0.936508,0.095238
46.666668,5.047619,background,0.000000,47.660000,0,0,0.952381,0.095238
47.444443,5.047619,background,0.000000,47.150002,0,0,0.968254,0.095238
48.222221,5.047619,background,0.000000,46.730000,0,0,0.984127,0.095238
49.000000,5.047619,background,0.000000,46.470001,0,0,1.000000,0.095238
0.000000,5.888889,background,0.000000,46.950001,0,0,0.000000,0.111111
0.777778,5.888889,background,0.000000,47.189999,0,0,0.015873,0.111111
1.555556,5.888889,background,0.000000,47.560001,0,0,0.031746,0.111111
2.333333,5.888889,background,0.000000,48.020000,0,0,0.047619,0.111111
3.111111,5.888889,background,0.000000,48.520000,0,0,0.063492,0.111111
3.888889,5.888889,background,0.000000,49.040001,0,0,0.079365,0.111111
4.666667,5.888889,background,0.000000,49.580002,0,0,0.095238,0.111111
5.444445,5.888889,background,0.000000,50.130001,0,0,0.111111,0.111111
6.222222,5.888889,background,0.000000,50.680000,0,0,0.126984,0.111111
7.000000,5.888889,background,0.000000,51.230000,0,0,0.142857,0.111111
7.777778,5.888889,background,0.000000,51.790001,0,0,0.158730,0.111111
8.555555,5.888889,background,0.000000,52.349998,0,0,0.174603,0.111111
9.333333,5.888889,background,0.000000,52.919998,0,0,0.190476,0.111111
10.111111,5.888889,background,0.000000,53.490002,0,0,0.206349,0.111111
10.888889,5.888889,background,0.000000,54.080002,0,0,0.222222,0.111111
11.666667,5.888889,background,0.000000,54.700001,0,0,0.238095,0.111111
12.444445,5.888889,background,0.000000,55.360001,0,0,0.253968,0.111111
13.222222,5.888889,background,0.000000,56.110001,0,0,0.269841,0.111111
14.000000,5.888889,background,0.000000,56.980000,0,1,0.285714,0.111111
14.777778,5.888889,DRAM_1,20.000000,57.880001,1,0,0.301587,0.111111
15.555555,5.888889,DRAM_1,20.000000,58.610001,1,0,0.317460,0.111111
16.333334,5.888889,DRAM_1,20.000000,59.180000,1,0,0.333333,0.111111
17.111111,5.888889,DRAM_1,20.000000,59.680000,1,0,0.349206,0.111111
17.888889,5.888889,DRAM_1,20.000000,60.139999,1,0,0.365079,0.111111
18.666666,5.888889,DRAM_1,20.000000,60.570000,1,0,0.380952,0.111111
19.444445,5.888889,DRAM_1,20.000000,60.970001,1,0,0.396825,0.111111
20.222221,5.888889,DRAM_1,20.000000,61.330002,1,0,0.412698,0.111111
21.000000,5.888889,DRAM_1,20.000000,61.669998,1,0,0.428571,0.111111
21.777779,5.888889,DRAM_1,20.000000,61.970001,1,0,0.444444,0.111111
22.555555,5.888889,DRAM_1,20.000000,62.250000,1,0,0.460317,0.111111
23.333334,5.888889,GPU_1,100.000000,62.490002,1,1,0.476190,0.111111
24.111111,5.888889,GPU_1,100.000000,62.689999,1,0,0.492063,0.111111
24.888889,5.888889,GPU_1,100.000000,62.820000,1,0,0.507937,0.111111
25.666666,5.888889,GPU_1,100.000000,62.820000,1,0,0.523809,0.111111
26.444445,5.888889,GPU_1,100.000000,62.849998,1,0,0.539683,0.111111
27.222221,5.888889,GPU_1,100.000000,63.090000,1,0,0.555556,0.111111
28.000000,5.888889,GPU_1,100.000000,63.430000,1,0,0.571429,0.111111
28.777779,5.888889,GPU_1,100.000000,64.080002,1,0,0.587302,0.111111
29.555555,5.888889,GPU_1,100.000000,64.239998,1,0,0.603175,0.111111
30.333334,5.888889,GPU_1,100.000000,64.190002,1,0,0.619048,0.111111
31.111111,5.888889,GPU_1,100.000000,64.019997,1,0,0.634921,0.111111
31.888889,5.888889,GPU_1,100.000000,63.740002,1,1,0.650794,0.111111
32.666668,5.888889,HBM_1,25.000000,63.369999,1,0,0.666667,0.111111
33.444443,5.888889,HBM_1,25.000000,62.910000,1,0,0.682540,0.111111
34.222221,5.888889,HBM_1,25.000000,62.349998,1,0,0.698413,0.111111
35.000000,5.888889,HBM_1,25.000000,61.700001,1,0,0.714286,0.111111
35.777779,5.888889,HBM_1,25.000000,60.970001,1,0,0.730159,0.111111
36.555557,5.888889,HBM_1,25.000000,60.150002,1,0,0.746032,0.111111
37.333332,5.888889,HBM_1,25.000000,59.299999,1,0,0.761905,0.111111
38.111111,5.888889,HBM_1,25.000000,58.419998,1,0,0.777778,0.111111
38.888889,5.888889,HBM_1,25.000000,57.459999,1,0,0.793651,0.111111
39.666668,5.888889,HBM_1,25.000000,55.959999,1,0,0.809524,0.111111
40.444443,5.888889,background,0.000000,54.619999,0,1,0.825397,0.111111
41.222221,5.888889,background,0.000000,53.439999,0,0,0.841270,0.111111
42.000000,5.888889,background,0.000000,52.430000,0,0,0.857143,0.111111
42.777779,5.888889,background,0.000000,51.549999,0,0,0.873016,0.111111
43.555557,5.888889,background,0.000000,50.750000,0,0,0.888889,0.111111
44.333332,5.888889,background,0.000000,50.000000,0,0,0.904762,0.111111
45.111111,5.888889,background,0.000000,49.299999,0,0,0.920635,0.111111
45.888889,5.888889,background,0.000000,48.639999,0,0,0.936508,0.111111
46.666668,5.888889,background,0.000000,48.040001,0,0,0.952381,0.111111
47.444443,5.888889,background,0.000000,47.500000,0,0,0.968254,0.111111
48.222221,5.888889,background,0.000000,47.060001,0,0,0.984127,0.111111
49.000000,5.888889,background,0.000000,46.790001,0,0,1.000000,0.111111
0.000000,6.730159,background,0.000000,47.349998,0,0,0.000000,0.126984
0.777778,6.730159,background,0.000000,47.599998,0,0,0.015873,0.126984
1.555556,6.730159,background,0.000000,47.990002,0,0,0.031746,0.126984
2.333333,6.730159,background,0.000000,48.470001,0,0,0.047619,0.126984
3.111111,6.730159,background,0.000000,49.000000,0,0,0.063492,0.126984
3.888889,6.730159,background,0.000000,49.549999,0,0,0.079365,0.126984
4.666667,6.730159,background,0.000000,50.119999,0,0,0.095238,0.126984
5.444445,6.730159,background,0.000000,50.689999,0,0,0.111111,0.126984
6.222222,6.730159,background,0.000000,51.279999,0,0,0.126984,0.126984
7.000000,6.730159,background,0.000000,51.860001,0,0,0.142857,0.126984
7.777778,6.730159,background,0.000000,52.450001,0,0,0.158730,0.126984
8.555555,6.730159,background,0.000000,53.040001,0,0,0.174603,0.126984
9.333333,6.730159,background,0.000000,53.639999,0,0,0.190476,0.126984
10.111111,6.730159,background,0.000000,54.250000,0,0,0.206349,0.126984
10.888889,6.730159,background,0.000000,54.880001,0,0,0.222222,0.126984
11.666667,6.730159,background,0.000000,55.540001,0,0,0.238095,0.126984
12.444445,6.730159,background,0.000000,56.270000,0,0,0.253968,0.126984
13.222222,6.730159,background,0.000000,57.139999,0,0,0.269841,0.126984
14.000000,6.730159,background,0.000000,58.250000,0,1,0.285714,0.126984
14.777778,6.730159,DRAM_1,20.000000,59.330002,1,0,0.301587,0.126984
15.555555,6.730159,DRAM_1,20.000000,60.150002,1,0,0.317460,0.126984
16.333334,6.730159,DRAM_1,20.000000,60.759998,1,0,0.333333,0.126984
17.111111,6.730159,DRAM_1,20.000000,61.290001,1,0,0.349206,0.126984
17.888889,6.730159,DRAM_1,20.000000,61.770000,1,0,0.365079,0.126984
18.666666,6.730159,DRAM_1,20.000000,62.220001,1,0,0.380952,0.126984
19.444445,6.730159,DRAM_1,20.000000,62.630001,1,0,0.396825,0.126984
20.222221,6.730159,DRAM_1,20.000000,63.009998,1,0,0.412698,0.126984
21.000000,6.730159,DRAM_1,20.000000,63.360001,1,0,0.428571,0.126984
21.777779,6.730159,DRAM_1,20.000000,63.680000,1,0,0.444444,0.126984
22.555555,6.730159,DRAM_1,20.000000,63.959999,1,0,0.460317,0.126984
23.333334,6.730159,GPU_1,100.000000,64.209999,1,1,0.476190,0.126984
24.111111,6.730159,GPU_1,100.000000,64.410004,1,0,0.492063,0.126984
24.888889,6.730159,GPU_1,100.000000,64.519997,1,0,0.507937,0.126984
25.666666,6.730159,GPU_1,100.000000,64.419998,1,0,0.523809,0.126984
26.444445,6.730159,GPU_1,100.000000,64.389999,1,0,0.539683,0.126984
27.222221,6.730159,GPU_1,100.000000,64.690002,1,0,0.555556,0.126984
28.000000,6.730159,GPU_1,100.000000,65.000000,1,0,0.571429,0.126984
28.777779,6.730159,GPU_1,100.000000,65.650002,1,0,0.587302,0.126984
29.555555,6.730159,GPU_1,100.000000,65.800003,1,0,0.603175,0.126984
30.333334,6.730159,GPU_1,100.000000,65.750000,1,0,0.619048,0.126984
31.111111,6.730159,GPU_1,100.000000,65.570000,1,0,0.634921,0.126984
31.888889,6.730159,GPU_1,100.000000,65.269997,1,1,0.650794,0.126984
32.666668,6.730159,HBM_1,25.000000,64.860001,1,0,0.666667,0.126984
33.444443,6.730159,HBM_1,25.000000,64.349998,1,0,0.682540,0.126984
34.222221,6.730159,HBM_1,25.000000,63.740002,1,0,0.698413,0.126984
35.000000,6.730159,HBM_1,25.000000,63.000000,1,0,0.714286,0.126984
35.777779,6.730159,HBM_1,25.000000,62.139999,1,0,0.730159,0.126984
36.555557,6.730159,HBM_1,25.000000,61.110001,1,0,0.746032,0.126984
37.333332,6.730159,HBM_1,25.000000,60.110001,1,0,0.761905,0.126984
38.111111,6.730159,HBM_1,25.000000,59.130001,1,0,0.777778,0.126984
38.888889,6.730159,HBM_1,25.000000,58.119999,1,0,0.793651,0.126984
39.666668,6.730159,HBM_1,25.000000,56.580002,1,0,0.809524,0.126984
40.444443,6.730159,background,0.000000,55.209999,0,1,0.825397,0.126984
41.222221,6.730159,background,0.000000,53.990002,0,0,0.841270,0.126984
42.000000,6.730159,background,0.000000,52.959999,0,0,0.857143,0.126984
42.777779,6.730159,background,0.000000,52.049999,0,0,0.873016,0.126984
43.555557,6.730159,background,0.000000,51.220001,0,0,0.888889,0.126984
44.333332,6.730159,background,0.000000,50.450001,0,0,0.904762,0.126984
45.111111,6.730159,background,0.000000,49.720001,0,0,0.920635,0.126984
45.888889,6.730159,background,0.000000,49.040001,0,0,0.936508,0.126984
46.666668,6.730159,background,0.000000,48.410000,0,0,0.952381,0.126984
47.444443,6.730159,background,0.000000,47.840000,0,0,0.968254,0.126984
48.222221,6.730159,background,0.000000,47.389999,0,0,0.984127,0.126984
49.000000,6.730159,background,0.000000,47.110001,0,0,1.000000,0.126984
0.000000,7.571429,background,0.000000,47.750000,0,0,0.000000,0.142857
0.777778,7.571429,background,0.000000,48.020000,0,0,0.015873,0.142857
1.555556,7.571429,background,0.000000,48.439999,0,0,0.031746,0.142857
2.333333,7.571429,background,0.000000,48.939999,0,0,0.047619,0.142857
3.111111,7.571429,background,0.000000,49.490002,0,0,0.063492,0.142857
3.888889,7.571429,background,0.000000,50.080002,0,0,0.079365,0.142857
4.666667,7.571429,background,0.000000,50.669998,0,0,0.095238,0.142857
5.444445,7.571429,background,0.000000,51.279999,0,0,0.111111,0.142857
6.222222,7.571429,background,0.000000,51.889999,0,0,0.126984,0.142857
7.000000,7.571429,background,0.000000,52.509998,0,0,0.142857,0.142857
7.777778,7.571429,background,0.000000,53.130001,0,0,0.158730,0.142857
8.555555,7.571429,background,0.000000,53.750000,0,0,0.174603,0.142857
9.333333,7.571429,background,0.000000,54.380001,0,0,0.190476,0.142857
10.111111,7.571429,background,0.000000,55.020000,0,0,0.206349,0.142857
10.888889,7.571429,background,0.000000,55.689999,0,0,0.222222,0.142857
11.666667,7.571429,background,0.000000,56.389999,0,0,0.238095,0.142857
12.444445,7.571429,background,0.000000,57.180000,0,0,0.253968,0.142857
13.222222,7.571429,background,0.000000,58.130001,0,0,0.269841,0.142857
14.000000,7.571429,background,0.000000,59.320000,0,1,0.285714,0.142857
14.777778,7.571429,DRAM_1,20.000000,60.380001,1,0,0.301587,0.142857
15.555555,7.571429,DRAM_1,20.000000,61.230000,1,0,0.317460,0.142857
16.333334,7.571429,DRAM_1,20.000000,61.860001,1,0,0.333333,0.142857
17.111111,7.571429,DRAM_1,20.000000,62.419998,1,0,0.349206,0.142857
17.888889,7.571429,DRAM_1,20.000000,62.930000,1,0,0.365079,0.142857
18.666666,7.571429,DRAM_1,20.000000,63.400002,1,0,0.380952,0.142857
19.444445,7.571429,DRAM_1,20.000000,63.830002,1,0,0.396825,0.142857
20.222221,7.571429,DRAM_1,20.000000,64.230003,1,0,0.412698,0.142857
21.000000,7.571429,DRAM_1,20.000000,64.589996,1,0,0.428571,0.142857
21.777779,7.571429,DRAM_1,20.000000,64.919998,1,0,0.444444,0.142857
22.555555,7.571429,DRAM_1,20.000000,65.209999,1,0,0.460317,0.142857
23.333334,7.571429,GPU_1,100.000000,65.470001,1,1,0.476190,0.142857
24.111111,7.571429,GPU_1,100.000000,65.669998,1,0,0.492063,0.142857
24.888889,7.571429,GPU_1,100.000000,65.790001,1,0,0.507937,0.142857
25.666666,7.571429,GPU_1,100.000000,65.730003,1,0,0.523809,0.142857
26.444445,7.571429,GPU_1,100.000000,65.970001,1,0,0.539683,0.142857
27.222221,7.571429,GPU_1,100.000000,66.690002,1,0,0.555556,0.142857
28.000000,7.571429,GPU_1,100.000000,67.269997,1,0,0.571429,0.142857
28.777779,7.571429,GPU_1,100.000000,67.889999,1,0,0.587302,0.142857
29.555555,7.571429,GPU_1,100.000000,68.050003,1,0,0.603175,0.142857
30.333334,7.571429,GPU_1,100.000000,68.000000,1,0,0.619048,0.142857
31.111111,7.571429,GPU_1,100.000000,67.800003,1,0,0.634921,0.142857
31.888889,7.571429,GPU_1,100.000000,67.480003,1,1,0.650794,0.142857
32.666668,7.571429,HBM_1,25.000000,67.040001,1,0,0.666667,0.142857
33.444443,7.571429,HBM_1,25.000000,66.480003,1,0,0.682540,0.142857
34.222221,7.571429,HBM_1,25.000000,65.790001,1,0,0.698413,0.142857
35.000000,7.571429,HBM_1,25.000000,64.940002,1,0,0.714286,0.142857
35.777779,7.571429,HBM_1,25.000000,63.820000,1,0,0.730159,0.142857
36.555557,7.571429,HBM_1,25.000000,62.169998,1,0,0.746032,0.142857
37.333332,7.571429,HBM_1,25.000000,60.849998,1,0,0.761905,0.142857
38.111111,7.571429,HBM_1,25.000000,59.720001,1,0,0.777778,0.142857
38.888889,7.571429,HBM_1,25.000000,58.639999,1,0,0.793651,0.142857
39.666668,7.571429,HBM_1,25.000000,57.110001,1,0,0.809524,0.142857
40.444443,7.571429,background,0.000000,55.740002,0,1,0.825397,0.142857
41.222221,7.571429,background,0.000000,54.520000,0,0,0.841270,0.142857
42.000000,7.571429,background,0.000000,53.470001,0,0,0.857143,0.142857
42.777779,7.571429,background,0.000000,52.540001,0,0,0.873016,0.142857
43.555557,7.571429,background,0.000000,51.689999,0,0,0.888889,0.142857
44.333332,7.571429,background,0.000000,50.889999,0,0,0.904762,0.142857
45.111111,7.571429,background,0.000000,50.130001,0,0,0.920635,0.142857
45.888889,7.571429,background,0.000000,49.419998,0,0,0.936508,0.142857
46.666668,7.571429,background,0.000000,48.770000,0,0,0.952381,0.142857
47.444443,7.571429,background,0.000000,48.189999,0,0,0.968254,0.142857
48.222221,7.571429,background,0.000000,47.720001,0,0,0.984127,0.142857
49.000000,7.571429,background,0.000000,47.419998,0,0,1.000000,0.142857
0.000000,8.412699,background,0.000000,48.169998,0,0,0.000000,0.158730
0.777778,8.412699,background,0.000000,48.450001,0,0,0.015873,0.158730
1.555556,8.412699,background,0.000000,48.889999,0,0,0.031746,0.158730
2.333333,8.412699,background,0.000000,49.419998,0,0,0.047619,0.158730
3.111111,8.412699,background,0.000000,50.000000,0,0,0.063492,0.158730
3.888889,8.412699,background,0.000000,50.619999,0,0,0.079365,0.158730
4.666667,8.412699,background,0.000000,51.250000,0,0,0.095238,0.158730
5.444445,8.412699,background,0.000000,51.880001,0,0,0.111111,0.158730
6.222222,8.412699,background,0.000000,52.529999,0,0,0.126984,0.158730
7.000000,8.412699,background,0.000000,53.180000,0,0,0.142857,0.158730
7.777778,8.412699,background,0.000000,53.820000,0,0,0.158730,0.158730
8.555555,8.412699,background,0.000000,54.480000,0,0,0.174603,0.158730
9.333333,8.412699,background,0.000000,55.139999,0,0,0.190476,0.158730
10.111111,8.412699,background,0.000000,55.810001,0,0,0.206349,0.158730
10.888889,8.412699,background,0.000000,56.509998,0,0,0.222222,0.158730
11.666667,8.412699,background,0.000000,57.259998,0,0,0.238095,0.158730
12.444445,8.412699,background,0.000000,58.090000,0,0,0.253968,0.158730
13.222222,8.412699,background,0.000000,59.080002,0,0,0.269841,0.158730
14.000000,8.412699,background,0.000000,60.320000,0,1,0.285714,0.158730
14.777778,8.412699,DRAM_1,20.000000,61.380001,1,0,0.301587,0.158730
15.555555,8.412699,DRAM_1,20.000000,62.259998,1,0,0.317460,0.158730
16.333334,8.412699,DRAM_1,20.000000,62.919998,1,0,0.333333,0.158730
17.111111,8.412699,DRAM_1,20.000000,63.509998,1,0,0.349206,0.158730
17.888889,8.412699,DRAM_1,20.000000,64.050003,1,0,0.365079,0.158730
18.666666,8.412699,DRAM_1,20.000000,64.540001,1,0,0.380952,0.158730
19.444445,8.412699,DRAM_1,20.000000,64.989998,1,0,0.396825,0.158730
20.222221,8.412699,DRAM_1,20.000000,65.410004,1,0,0.412698,0.158730
21.000000,8.412699,DRAM_1,20.000000,65.790001,1,0,0.428571,0.158730
21.777779,8.412699,DRAM_1,20.000000,66.129997,1,0,0.444444,0.158730
22.555555,8.412699,DRAM_1,20.000000,66.430000,1,0,0.460317,0.158730
23.333334,8.412699,GPU_1,100.000000,66.690002,1,1,0.476190,0.158730
24.111111,8.412699,GPU_1,100.000000,66.910004,1,0,0.492063,0.158730
24.888889,8.412699,GPU_1,100.000000,67.050003,1,0,0.507937,0.158730
25.666666,8.412699,GPU_1,100.000000,67.059998,1,0,0.523809,0.158730
26.444445,8.412699,GPU_1,100.000000,67.699997,1,0,0.539683,0.158730
27.222221,8.412699,GPU_1,100.000000,69.330002,1,0,0.555556,0.158730
28.000000,8.412699,GPU_1,100.000000,71.190002,1,0,0.571429,0.158730
28.777779,8.412699,GPU_1,100.000000,71.919998,1,0,0.587302,0.158730
29.555555,8.412699,GPU_1,100.000000,72.129997,1,0,0.603175,0.158730
30.333334,8.412699,GPU_1,100.000000,72.089996,1,0,0.619048,0.158730
31.111111,8.412699,GPU_1,100.000000,71.879997,1,0,0.634921,0.158730
31.888889,8.412699,GPU_1,100.000000,71.529999,1,1,0.650794,0.158730
32.666668,8.412699,HBM_1,25.000000,71.050003,1,0,0.666667,0.158730
33.444443,8.412699,HBM_1,25.000000,70.430000,1,0,0.682540,0.158730
34.222221,8.412699,HBM_1,25.000000,69.669998,1,0,0.698413,0.158730
35.000000,8.412699,HBM_1,25.000000,68.680000,1,0,0.714286,0.158730
35.777779,8.412699,HBM_1,25.000000,67.180000,1,0,0.730159,0.158730
36.555557,8.412699,HBM_1,25.000000,63.650002,1,0,0.746032,0.158730
37.333332,8.412699,HBM_1,25.000000,61.470001,1,0,0.761905,0.158730
38.111111,8.412699,HBM_1,25.000000,60.029999,1,0,0.777778,0.158730
38.888889,8.412699,HBM_1,25.000000,58.820000,1,0,0.793651,0.158730
39.666668,8.412699,HBM_1,25.000000,57.459999,1,0,0.809524,0.158730
40.444443,8.412699,background,0.000000,56.180000,0,1,0.825397,0.158730
41.222221,8.412699,background,0.000000,55.009998,0,0,0.841270,0.158730
42.000000,8.412699,background,0.000000,53.970001,0,0,0.857143,0.158730
42.777779,8.412699,background,0.000000,53.020000,0,0,0.873016,0.158730
43.555557,8.412699,background,0.000000,52.139999,0,0,0.888889,0.158730
44.333332,8.412699,background,0.000000,51.320000,0,0,0.904762,0.158730
45.111111,8.412699,background,0.000000,50.540001,0,0,0.920635,0.158730
45.888889,8.412699,background,0.000000,49.810001,0,0,0.936508,0.158730
46.666668,8.412699,background,0.000000,49.130001,0,0,0.952381,0.158730
47.444443,8.412699,background,0.000000,48.529999,0,0,0.968254,0.158730
48.222221,8.412699,background,0.000000,48.040001,0,0,0.984127,0.158730
49.000000,8.412699,background,0.000000,47.730000,0,0,1.000000,0.158730
0.000000,9.253968,background,0.000000,48.599998,0,0,0.000000,0.174603
0.777778,9.253968,background,0.000000,48.889999,0,0,0.015873,0.174603
1.555556,9.253968,background,0.000000,49.349998,0,0,0.031746,0.174603
2.333333,9.253968,background,0.000000,49.919998,0,0,0.047619,0.174603
3.111111,9.253968,background,0.000000,50.529999,0,0,0.063492,0.174603
3.888889,9.253968,background,0.000000,51.180000,0,0,0.079365,0.174603
4.666667,9.253968,background,0.000000,51.840000,0,0,0.095238,0.174603
5.444445,9.253968,background,0.000000,52.509998,0,0,0.111111,0.174603
6.222222,9.253968,background,0.000000,53.189999,0,0,0.126984,0.174603
7.000000,9.253968,background,0.000000,53.860001,0,0,0.142857,0.174603
7.777778,9.253968,background,0.000000,54.549999,0,0,0.158730,0.174603
8.555555,9.253968,background,0.000000,55.230000,0,0,0.174603,0.174603
9.333333,9.253968,background,0.000000,55.919998,0,0,0.190476,0.174603
10.111111,9.253968,background,0.000000,56.630001,0,0,0.206349,0.174603
10.888889,9.253968,background,0.000000,57.360001,0,0,0.222222,0.174603
11.666667,9.253968,background,0.000000,58.130001,0,0,0.238095,0.174603
12.444445,9.253968,background,0.000000,59.000000,0,0,0.253968,0.174603
13.222222,9.253968,background,0.000000,60.029999,0,0,0.269841,0.174603
14.000000,9.253968,background,0.000000,61.299999,0,1,0.285714,0.174603
14.777778,9.253968,DRAM_1,20.000000,62.380001,1,0,0.301587,0.174603
15.555555,9.253968,DRAM_1,20.000000,63.279999,1,0,0.317460,0.174603
16.333334,9.253968,DRAM_1,20.000000,63.980000,1,0,0.333333,0.174603
17.111111,9.253968,DRAM_1,20.000000,64.589996,1,0,0.349206,0.174603
17.888889,9.253968,DRAM_1,20.000000,65.150002,1,0,0.365079,0.174603
18.666666,9.253968,DRAM_1,20.000000,65.669998,1,0,0.380952,0.174603
19.444445,9.253968,DRAM_1,20.000000,66.150002,1,0,0.396825,0.174603
20.222221,9.253968,DRAM_1,20.000000,66.580002,1,0,0.412698,0.174603
21.000000,9.253968,DRAM_1,20.000000,66.980003,1,0,0.428571,0.174603
21.777779,9.253968,DRAM_1,20.000000,67.330002,1,0,0.444444,0.174603
22.555555,9.253968,DRAM_1,20.000000,67.639999,1,0,0.460317,0.174603
23.333334,9.253968,GPU_1,100.000000,67.910004,1,1,0.476190,0.174603
24.111111,9.253968,GPU_1,100.000000,68.139999,1,0,0.492063,0.174603
24.888889,9.253968,GPU_1,100.000000,68.290001,1,0,0.507937,0.174603
25.666666,9.253968,GPU_1,100.000000,68.379997,1,0,0.523809,0.174603
26.444445,9.253968,GPU_1,100.000000,69.389999,1,0,0.539683,0.174603
27.222221,9.253968,GPU_1,100.000000,71.839996,1,0,0.555556,0.174603
28.000000,9.253968,GPU_1,100.000000,74.559998,1,0,0.571429,0.174603
28.777779,9.253968,GPU_1,100.000000,75.620003,1,0,0.587302,0.174603
29.555555,9.253968,GPU_1,100.000000,75.919998,1,0,0.603175,0.174603
30.333334,9.253968,GPU_1,100.000000,75.889999,1,0,0.619048,0.174603
31.111111,9.253968,GPU_1,100.000000,75.669998,1,0,0.634921,0.174603
31.888889,9.253968,GPU_1,100.000000,75.290001,1,1,0.650794,0.174603
32.666668,9.253968,HBM_1,25.000000,74.769997,1,0,0.666667,0.174603
33.444443,9.253968,HBM_1,25.000000,74.110001,1,0,0.682540,0.174603
34.222221,9.253968,HBM_1,25.000000,73.269997,1,0,0.698413,0.174603
35.000000,9.253968,HBM_1,25.000000,72.190002,1,0,0.714286,0.174603
35.777779,9.253968,HBM_1,25.000000,70.570000,1,0,0.730159,0.174603
36.555557,9.253968,HBM_1,25.000000,66.519997,1,0,0.746032,0.174603
37.333332,9.253968,HBM_1,25.000000,62.990002,1,0,0.761905,0.174603
38.111111,9.253968,HBM_1,25.000000,60.830002,1,0,0.777778,0.174603
38.888889,9.253968,HBM_1,25.000000,59.259998,1,0,0.793651,0.174603
39.666668,9.253968,HBM_1,25.000000,57.889999,1,0,0.809524,0.174603
40.444443,9.253968,background,0.000000,56.639999,0,1,0.825397,0.174603
41.222221,9.253968,background,0.000000,55.500000,0,0,0.841270,0.174603
42.000000,9.253968,background,0.000000,54.450001,0,0,0.857143,0.174603
42.777779,9.253968,background,0.000000,53.490002,0,0,0.873016,0.174603
43.555557,9.253968,background,0.000000,52.590000,0,0,0.888889,0.174603
44.333332,9.253968,background,0.000000,51.740002,0,0,0.904762,0.174603
45.111111,9.253968,background,0.000000,50.939999,0,0,0.920635,0.174603
45.888889,9.253968,background,0.000000,50.180000,0,0,0.936508,0.174603
46.666668,9.253968,background,0.000000,49.480000,0,0,0.952381,0.174603
47.444443,9.253968,background,0.000000,48.860001,0,0,0.968254,0.174603
48.222221,9.253968,background,0.000000,48.349998,0,0,0.984127,0.174603
49.000000,9.253968,background,0.000000,48.040001,0,0,1.000000,0.174603
0.000000,10.095238,background,0.000000,49.029999,0,0,0.000000,0.190476
0.777778,10.095238,background,0.000000,49.340000,0,0,0.015873,0.190476
1.555556,10.095238,background,0.000000,49.830002,0,0,0.031746,0.190476
2.333333,10.095238,background,0.000000,50.430000,0,0,0.047619,0.190476
3.111111,10.095238,background,0.000000,51.080002,0,0,0.063492,0.190476
3.888889,10.095238,background,0.000000,51.759998,0,0,0.079365,0.190476
4.666667,10.095238,background,0.000000,52.459999,0,0,0.095238,0.190476
5.444445,10.095238,background,0.000000,53.160000,0,0,0.111111,0.190476
6.222222,10.095238,background,0.000000,53.869999,0,0,0.126984,0.190476
7.000000,10.095238,background,0.000000,54.580002,0,0,0.142857,0.190476
7.777778,10.095238,background,0.000000,55.299999,0,0,0.158730,0.190476
8.555555,10.095238,background,0.000000,56.009998,0,0,0.174603,0.190476
9.333333,10.095238,background,0.000000,56.730000,0,0,0.190476,0.190476
10.111111,10.095238,background,0.000000,57.459999,0,0,0.206349,0.190476
10.888889,10.095238,background,0.000000,58.220001,0,0,0.222222,0.190476
11.666667,10.095238,background,0.000000,59.029999,0,0,0.238095,0.190476
12.444445,10.095238,background,0.000000,59.919998,0,0,0.253968,0.190476
13.222222,10.095238,background,0.000000,60.980000,0,0,0.269841,0.190476
14.000000,10.095238,background,0.000000,62.279999,0,1,0.285714,0.190476
14.777778,10.095238,DRAM_1,20.000000,63.380001,1,0,0.301587,0.190476
15.555555,10.095238,DRAM_1,20.000000,64.300003,1,0,0.317460,0.190476
16.333334,10.095238,DRAM_1,20.000000,65.019997,1,0,0.333333,0.190476
17.111111,10.095238,DRAM_1,20.000000,65.669998,1,0,0.349206,0.190476
17.888889,10.095238,DRAM_1,20.000000,66.260002,1,0,0.365079,0.190476
18.666666,10.095238,DRAM_1,20.000000,66.800003,1,0,0.380952,0.190476
19.444445,10.095238,DRAM_1,20.000000,67.300003,1,0,0.396825,0.190476
20.222221,10.095238,DRAM_1,20.000000,67.760002,1,0,0.412698,0.190476
21.000000,10.095238,DRAM_1,20.000000,68.169998,1,0,0.428571,0.190476
21.777779,10.095238,DRAM_1,20.000000,68.540001,1,0,0.444444,0.190476
22.555555,10.095238,DRAM_1,20.000000,68.860001,1,0,0.460317,0.190476
23.333334,10.095238,GPU_1,100.000000,69.139999,1,1,0.476190,0.190476
24.111111,10.095238,GPU_1,100.000000,69.370003,1,0,0.492063,0.190476
24.888889,10.095238,GPU_1,100.000000,69.529999,1,0,0.507937,0.190476
25.666666,10.095238,GPU_1,100.000000,69.660004,1,0,0.523809,0.190476
26.444445,10.095238,GPU_1,100.000000,70.870003,1,0,0.539683,0.190476
27.222221,10.095238,GPU_1,100.000000,73.639999,1,0,0.555556,0.190476
28.000000,10.095238,GPU_1,100.000000,76.459999,1,0,0.571429,0.190476
28.777779,10.095238,GPU_1,100.000000,77.669998,1,0,0.587302,0.190476
29.555555,10.095238,GPU_1,100.000000,78.010002,1,0,0.603175,0.190476
30.333334,10.095238,GPU_1,100.000000,77.989998,1,0,0.619048,0.190476
31.111111,10.095238,GPU_1,100.000000,77.750000,1,0,0.634921,0.190476
31.888889,10.095238,GPU_1,100.000000,77.339996,1,1,0.650794,0.190476
32.666668,10.095238,HBM_1,25.000000,76.779999,1,0,0.666667,0.190476
33.444443,10.095238,HBM_1,25.000000,76.070000,1,0,0.682540,0.190476
34.222221,10.095238,HBM_1,25.000000,75.169998,1,0,0.698413,0.190476
35.000000,10.095238,HBM_1,25.000000,74.019997,1,0,0.714286,0.190476
35.777779,10.095238,HBM_1,25.000000,72.349998,1,0,0.730159,0.190476
36.555557,10.095238,HBM_1,25.000000,68.519997,1,0,0.746032,0.190476
37.333332,10.095238,HBM_1,25.000000,64.449997,1,0,0.761905,0.190476
38.111111,10.095238,HBM_1,25.000000,61.799999,1,0,0.777778,0.190476
38.888889,10.095238,HBM_1,25.000000,59.930000,1,0,0.793651,0.190476
39.666668,10.095238,HBM_1,25.000000,58.430000,1,0,0.809524,0.190476
40.444443,10.095238,background,0.000000,57.150002,0,1,0.825397,0.190476
41.222221,10.095238,background,0.000000,55.990002,0,0,0.841270,0.190476
42.000000,10.095238,background,0.000000,54.930000,0,0,0.857143,0.190476
42.777779,10.095238,background,0.000000,53.950001,0,0,0.873016,0.190476
43.555557,10.095238,background,0.000000,53.029999,0,0,0.888889,0.190476
44.333332,10.095238,background,0.000000,52.160000,0,0,0.904762,0.190476
45.111111,10.095238,background,0.000000,51.330002,0,0,0.920635,0.190476
45.888889,10.095238,background,0.000000,50.549999,0,0,0.936508,0.190476
46.666668,10.095238,background,0.000000,49.830002,0,0,0.952381,0.190476
47.444443,10.095238,background,0.000000,49.180000,0,0,0.968254,0.190476
48.222221,10.095238,background,0.000000,48.660000,0,0,0.984127,0.190476
49.000000,10.095238,background,0.000000,48.340000,0,0,1.000000,0.190476
0.000000,10.936508,background,0.000000,49.480000,0,0,0.000000,0.206349
0.777778,10.936508,background,0.000000,49.810001,0,0,0.015873,0.206349
1.555556,10.936508,background,0.000000,50.330002,0,0,0.031746,0.206349
2.333333,10.936508,background,0.000000,50.959999,0,0,0.047619,0.206349
3.111111,10.936508,background,0.000000,51.650002,0,0,0.063492,0.206349
3.888889,10.936508,background,0.000000,52.369999,0,0,0.079365,0.206349
4.666667,10.936508,background,0.000000,53.110001,0,0,0.095238,0.206349
5.444445,10.936508,background,0.000000,53.849998,0,0,0.111111,0.206349
6.222222,10.936508,background,0.000000,54.599998,0,0,0.126984,0.206349
7.000000,10.936508,background,0.000000,55.340000,0,0,0.142857,0.206349
7.777778,10.936508,background,0.000000,56.090000,0,0,0.158730,0.206349
8.555555,10.936508,background,0.000000,56.830002,0,0,0.174603,0.206349
9.333333,10.936508,background,0.000000,57.580002,0,0,0.190476,0.206349
10.111111,10.936508,background,0.000000,58.340000,0,0,0.206349,0.206349
10.888889,10.936508,background,0.000000,59.119999,0,0,0.222222,0.206349
11.666667,10.936508,background,0.000000,59.950001,0,0,0.238095,0.206349
12.444445,10.936508,background,0.000000,60.860001,0,0,0.253968,0.206349
13.222222,10.936508,background,0.000000,61.939999,0,0,0.269841,0.206349
14.000000,10.936508,background,0.000000,63.259998,0,1,0.285714,0.206349
14.777778,10.936508,DRAM_1,20.000000,64.370003,1,0,0.301587,0.206349
15.555555,10.936508,DRAM_1,20.000000,65.320000,1,0,0.317460,0.206349
16.333334,10.936508,DRAM_1,20.000000,66.070000,1,0,0.333333,0.206349
17.111111,10.936508,DRAM_1,20.000000,66.750000,1,0,0.349206,0.206349
17.888889,10.936508,DRAM_1,20.000000,67.370003,1,0,0.365079,0.206349
18.666666,10.936508,DRAM_1,20.000000,67.949997,1,0,0.380952,0.206349
19.444445,10.936508,DRAM_1,20.000000,68.480003,1,0,0.396825,0.206349
20.222221,10.936508,DRAM_1,20.000000,68.949997,1,0,0.412698,0.206349
21.000000,10.936508,DRAM_1,20.000000,69.379997,1,0,0.428571,0.206349
21.777779,10.936508,DRAM_1,20.000000,69.760002,1,0,0.444444,0.206349
22.555555,10.936508,DRAM_1,20.000000,70.089996,1,0,0.460317,0.206349
23.333334,10.936508,GPU_1,100.000000,70.370003,1,1,0.476190,0.206349
24.111111,10.936508,GPU_1,100.000000,70.599998,1,0,0.492063,0.206349
24.888889,10.936508,GPU_1,100.000000,70.769997,1,0,0.507937,0.206349
25.666666,10.936508,GPU_1,100.000000,70.910004,1,0,0.523809,0.206349
26.444445,10.936508,GPU_1,100.000000,72.220001,1,0,0.539683,0.206349
27.222221,10.936508,GPU_1,100.000000,75.080002,1,0,0.555556,0.206349
28.000000,10.936508,GPU_1,100.000000,77.870003,1,0,0.571429,0.206349
28.777779,10.936508,GPU_1,100.000000,79.120003,1,0,0.587302,0.206349
29.555555,10.936508,GPU_1,100.000000,79.470001,1,0,0.603175,0.206349
30.333334,10.936508,GPU_1,100.000000,79.430000,1,0,0.619048,0.206349
31.111111,10.936508,GPU_1,100.000000,79.169998,1,0,0.634921,0.206349
31.888889,10.936508,GPU_1,100.000000,78.730003,1,1,0.650794,0.206349
32.666668,10.936508,HBM_1,25.000000,78.129997,1,0,0.666667,0.206349
33.444443,10.936508,HBM_1,25.000000,77.370003,1,0,0.682540,0.206349
34.222221,10.936508,HBM_1,25.000000,76.419998,1,0,0.698413,0.206349
35.000000,10.936508,HBM_1,25.000000,75.199997,1,0,0.714286,0.206349
35.777779,10.936508,HBM_1,25.000000,73.500000,1,0,0.730159,0.206349
36.555557,10.936508,HBM_1,25.000000,69.779999,1,0,0.746032,0.206349
37.333332,10.936508,HBM_1,25.000000,65.540001,1,0,0.761905,0.206349
38.111111,10.936508,HBM_1,25.000000,62.660000,1,0,0.777778,0.206349
38.888889,10.936508,HBM_1,25.000000,60.610001,1,0,0.793651,0.206349
39.666668,10.936508,HBM_1,25.000000,59.009998,1,0,0.809524,0.206349
40.444443,10.936508,background,0.000000,57.669998,0,1,0.825397,0.206349
41.222221,10.936508,background,0.000000,56.490002,0,0,0.841270,0.206349
42.000000,10.936508,background,0.000000,55.410000,0,0,0.857143,0.206349
42.777779,10.936508,background,0.000000,54.400002,0,0,0.873016,0.206349
43.555557,10.936508,background,0.000000,53.459999,0,0,0.888889,0.206349
44.333332,10.936508,background,0.000000,52.560001,0,0,0.904762,0.206349
45.111111,10.936508,background,0.000000,51.709999,0,0,0.920635,0.206349
45.888889,10.936508,background,0.000000,50.910000,0,0,0.936508,0.206349
46.666668,10.936508,background,0.000000,50.160000,0,0,0.952381,0.206349
47.444443,10.936508,background,0.000000,49.500000,0,0,0.968254,0.206349
48.222221,10.936508,background,0.000000,48.959999,0,0,0.984127,0.206349
49.000000,10.936508,background,0.000000,48.630001,0,0,1.000000,0.206349
0.000000,11.777778,background,0.000000,49.950001,0,0,0.000000,0.222222
0.777778,11.777778,background,0.000000,50.299999,0,0,0.015873,0.222222
1.555556,11.777778,background,0.000000,50.849998,0,0,0.031746,0.222222
2.333333,11.777778,background,0.000000,51.529999,0,0,0.047619,0.222222
3.111111,11.777778,background,0.000000,52.270000,0,0,0.063492,0.222222
3.888889,11.777778,background,0.000000,53.040001,0,0,0.079365,0.222222
4.666667,11.777778,background,0.000000,53.820000,0,0,0.095238,0.222222
5.444445,11.777778,background,0.000000,54.599998,0,0,0.111111,0.222222
6.222222,11.777778,background,0.000000,55.380001,0,0,0.126984,0.222222
7.000000,11.777778,background,0.000000,56.160000,0,0,0.142857,0.222222
7.777778,11.777778,background,0.000000,56.939999,0,0,0.158730,0.222222
8.555555,11.777778,background,0.000000,57.720001,0,0,0.174603,0.222222
9.333333,11.777778,background,0.000000,58.490002,0,0,0.190476,0.222222
10.111111,11.777778,background,0.000000,59.270000,0,0,0.206349,0.222222
10.888889,11.777778,background,0.000000,60.070000,0,0,0.222222,0.222222
11.666667,11.777778,background,0.000000,60.900002,0,0,0.238095,0.222222
12.444445,11.777778,background,0.000000,61.830002,0,0,0.253968,0.222222
13.222222,11.777778,background,0.000000,62.910000,0,0,0.269841,0.222222
14.000000,11.777778,background,0.000000,64.239998,0,1,0.285714,0.222222
14.777778,11.777778,DRAM_1,20.000000,65.370003,1,0,0.301587,0.222222
15.555555,11.777778,DRAM_1,20.000000,66.339996,1,0,0.317460,0.222222
16.333334,11.777778,DRAM_1,20.000000,67.129997,1,0,0.333333,0.222222
17.111111,11.777778,DRAM_1,20.000000,67.839996,1,0,0.349206,0.222222
17.888889,11.777778,DRAM_1,20.000000,68.510002,1,0,0.365079,0.222222
18.666666,11.777778,DRAM_1,20.000000,69.120003,1,0,0.380952,0.222222
19.444445,11.777778,DRAM_1,20.000000,69.680000,1,0,0.396825,0.222222
20.222221,11.777778,DRAM_1,20.000000,70.180000,1,0,0.412698,0.222222
21.000000,11.777778,DRAM_1,20.000000,70.629997,1,0,0.428571,0.222222
21.777779,11.777778,DRAM_1,20.000000,71.019997,1,0,0.444444,0.222222
22.555555,11.777778,DRAM_1,20.000000,71.349998,1,0,0.460317,0.222222
23.333334,11.777778,GPU_1,100.000000,71.639999,1,1,0.476190,0.222222
24.111111,11.777778,GPU_1,100.000000,71.860001,1,0,0.492063,0.222222
24.888889,11.777778,GPU_1,100.000000,72.029999,1,0,0.507937,0.222222
25.666666,11.777778,GPU_1,100.000000,72.160004,1,0,0.523809,0.222222
26.444445,11.777778,GPU_1,100.000000,73.500000,1,0,0.539683,0.222222
27.222221,11.777778,GPU_1,100.000000,76.360001,1,0,0.555556,0.222222
28.000000,11.777778,GPU_1,100.000000,79.110001,1,0,0.571429,0.222222
28.777779,11.777778,GPU_1,100.000000,80.339996,1,0,0.587302,0.222222
29.555555,11.777778,GPU_1,100.000000,80.680000,1,0,0.603175,0.222222
30.333334,11.777778,GPU_1,100.000000,80.620003,1,0,0.619048,0.222222
31.111111,11.777778,GPU_1,100.000000,80.320000,1,0,0.634921,0.222222
31.888889,11.777778,GPU_1,100.000000,79.849998,1,1,0.650794,0.222222
32.666668,11.777778,HBM_1,25.000000,79.209999,1,1,0.666667,0.222222
33.444443,11.777778,HBM_1,25.000000,78.410004,1,1,0.682540,0.222222
34.222221,11.777778,HBM_1,25.000000,77.400002,1,1,0.698413,0.222222
35.000000,11.777778,HBM_1,25.000000,76.129997,1,1,0.714286,0.222222
35.777779,11.777778,HBM_1,25.000000,74.389999,1,1,0.730159,0.222222
36.555557,11.777778,HBM_1,25.000000,70.709999,1,1,0.746032,0.222222
37.333332,11.777778,HBM_1,25.000000,66.400002,1,1,0.761905,0.222222
38.111111,11.777778,HBM_1,25.000000,63.400002,1,1,0.777778,0.222222
38.888889,11.777778,HBM_1,25.000000,61.250000,1,1,0.793651,0.222222
39.666668,11.777778,HBM_1,25.000000,59.580002,1,1,0.809524,0.222222
40.444443,11.777778,background,0.000000,58.189999,0,1,0.825397,0.222222
41.222221,11.777778,background,0.000000,56.980000,0,0,0.841270,0.222222
42.000000,11.777778,background,0.000000,55.869999,0,0,0.857143,0.222222
42.777779,11.777778,background,0.000000,54.840000,0,0,0.873016,0.222222
43.555557,11.777778,background,0.000000,53.869999,0,0,0.888889,0.222222
44.333332,11.777778,background,0.000000,52.950001,0,0,0.904762,0.222222
45.111111,11.777778,background,0.000000,52.080002,0,0,0.920635,0.222222
45.888889,11.777778,background,0.000000,51.250000,0,0,0.936508,0.222222
46.666668,11.777778,background,0.000000,50.490002,0,0,0.952381,0.222222
47.444443,11.777778,background,0.000000,49.810001,0,0,0.968254,0.222222
48.222221,11.777778,background,0.000000,49.259998,0,0,0.984127,0.222222
49.000000,11.777778,background,0.000000,48.910000,0,0,1.000000,0.222222
0.000000,12.619047,background,0.000000,50.430000,0,0,0.000000,0.238095
0.777778,12.619047,background,0.000000,50.799999,0,0,0.015873,0.238095
1.555556,12.619047,background,0.000000,51.400002,0,0,0.031746,0.238095
2.333333,12.619047,background,0.000000,52.139999,0,0,0.047619,0.238095
3.111111,12.619047,background,0.000000,52.950001,0,0,0.063492,0.238095
3.888889,12.619047,background,0.000000,53.779999,0,0,0.079365,0.238095
4.666667,12.619047,background,0.000000,54.610001,0,0,0.095238,0.238095
5.444445,12.619047,background,0.000000,55.439999,0,0,0.111111,0.238095
6.222222,12.619047,background,0.000000,56.259998,0,0,0.126984,0.238095
7.000000,12.619047,background,0.000000,57.080002,0,0,0.142857,0.238095
7.777778,12.619047,background,0.000000,57.889999,0,0,0.158730,0.238095
8.555555,12.619047,background,0.000000,58.689999,0,0,0.174603,0.238095
9.333333,12.619047,background,0.000000,59.500000,0,0,0.190476,0.238095
10.111111,12.619047,background,0.000000,60.290001,0,0,0.206349,0.238095
10.888889,12.619047,background,0.000000,61.090000,0,0,0.222222,0.238095
11.666667,12.619047,background,0.000000,61.910000,0,0,0.238095,0.238095
12.444445,12.619047,background,0.000000,62.830002,0,0,0.253968,0.238095
13.222222,12.619047,background,0.000000,63.910000,0,0,0.269841,0.238095
14.000000,12.619047,background,0.000000,65.239998,0,1,0.285714,0.238095
14.777778,12.619047,background,0.000000,66.370003,0,1,0.301587,0.238095
15.555555,12.619047,background,0.000000,67.360001,0,1,0.317460,0.238095
16.333334,12.619047,background,0.000000,68.180000,0,1,0.333333,0.238095
17.111111,12.619047,CPU2_3,34.000000,68.940002,1,1,0.349206,0.238095
17.888889,12.619047,CPU2_3,34.000000,69.680000,1,1,0.365079,0.238095
18.666666,12.619047,CPU2_3,34.000000,70.360001,1,1,0.380952,0.238095
19.444445,12.619047,CPU2_3,34.000000,70.970001,1,1,0.396825,0.238095
20.222221,12.619047,CPU2_3,34.000000,71.510002,1,1,0.412698,0.238095
21.000000,12.619047,CPU2_3,34.000000,71.970001,1,1,0.428571,0.238095
21.777779,12.619047,CPU2_3,34.000000,72.370003,1,1,0.444444,0.238095
22.555555,12.619047,CPU2_2,34.000000,72.709999,1,1,0.460317,0.238095
23.333334,12.619047,CPU2_2,34.000000,72.989998,1,1,0.476190,0.238095
24.111111,12.619047,CPU2_2,34.000000,73.199997,1,1,0.492063,0.238095
24.888889,12.619047,CPU2_2,34.000000,73.349998,1,1,0.507937,0.238095
25.666666,12.619047,CPU2_2,34.000000,73.470001,1,1,0.523809,0.238095
26.444445,12.619047,CPU2_2,34.000000,74.820000,1,1,0.539683,0.238095
27.222221,12.619047,background,0.000000,77.589996,0,1,0.555556,0.238095
28.000000,12.619047,background,0.000000,80.260002,0,1,0.571429,0.238095
28.777779,12.619047,background,0.000000,81.449997,0,1,0.587302,0.238095
29.555555,12.619047,background,0.000000,81.760002,0,1,0.603175,0.238095
30.333334,12.619047,background,0.000000,81.660004,0,1,0.619048,0.238095
31.111111,12.619047,background,0.000000,81.330002,0,1,0.634921,0.238095
31.888889,12.619047,background,0.000000,80.820000,0,1,0.650794,0.238095
32.666668,12.619047,background,0.000000,80.139999,0,0,0.666667,0.238095
33.444443,12.619047,background,0.000000,79.290001,0,0,0.682540,0.238095
34.222221,12.619047,background,0.000000,78.239998,0,0,0.698413,0.238095
35.000000,12.619047,background,0.000000,76.930000,0,0,0.714286,0.238095
35.777779,12.619047,background,0.000000,75.150002,0,0,0.730159,0.238095
36.555557,12.619047,background,0.000000,71.459999,0,0,0.746032,0.238095
37.333332,12.619047,background,0.000000,67.110001,0,0,0.761905,0.238095
38.111111,12.619047,background,0.000000,64.050003,0,0,0.777778,0.238095
38.888889,12.619047,background,0.000000,61.840000,0,0,0.793651,0.238095
39.666668,12.619047,background,0.000000,60.119999,0,0,0.809524,0.238095
40.444443,12.619047,background,0.000000,58.700001,0,0,0.825397,0.238095
41.222221,12.619047,background,0.000000,57.450001,0,0,0.841270,0.238095
42.000000,12.619047,background,0.000000,56.320000,0,0,0.857143,0.238095
42.777779,12.619047,background,0.000000,55.270000,0,0,0.873016,0.238095
43.555557,12.619047,background,0.000000,54.279999,0,0,0.888889,0.238095
44.333332,12.619047,background,0.000000,53.330002,0,0,0.904762,0.238095
45.111111,12.619047,background,0.000000,52.439999,0,0,0.920635,0.238095
45.888889,12.619047,background,0.000000,51.590000,0,0,0.936508,0.238095
46.666668,12.619047,background,0.000000,50.810001,0,0,0.952381,0.238095
47.444443,12.619047,background,0.000000,50.110001,0,0,0.968254,0.238095
48.222221,12.619047,background,0.000000,49.540001,0,0,0.984127,0.238095
49.000000,12.619047,background,0.000000,49.189999,0,0,1.000000,0.238095
0.000000,13.460318,background,0.000000,50.919998,0,0,0.000000,0.253968
0.777778,13.460318,background,0.000000,51.320000,0,0,0.015873,0.253968
1.555556,13.460318,background,0.000000,51.990002,0,0,0.031746,0.253968
2.333333,13.460318,background,0.000000,52.820000,0,0,0.047619,0.253968
3.111111,13.460318,background,0.000000,53.740002,0,0,0.063492,0.253968
3.888889,13.460318,background,0.000000,54.650002,0,0,0.079365,0.253968
4.666667,13.460318,background,0.000000,55.540001,0,0,0.095238,0.253968
5.444445,13.460318,background,0.000000,56.410000,0,0,0.111111,0.253968
6.222222,13.460318,background,0.000000,57.279999,0,0,0.126984,0.253968
7.000000,13.460318,background,0.000000,58.130001,0,0,0.142857,0.253968
7.777778,13.460318,background,0.000000,58.980000,0,0,0.158730,0.253968
8.555555,13.460318,background,0.000000,59.820000,0,0,0.174603,0.253968
9.333333,13.460318,background,0.000000,60.650002,0,0,0.190476,0.253968
10.111111,13.460318,background,0.000000,61.459999,0,0,0.206349,0.253968
10.888889,13.460318,background,0.000000,62.240002,0,0,0.222222,0.253968
11.666667,13.460318,background,0.000000,63.000000,0,0,0.238095,0.253968
12.444445,13.460318,background,0.000000,63.900002,0,0,0.253968,0.253968
13.222222,13.460318,background,0.000000,64.949997,0,0,0.269841,0.253968
14.000000,13.460318,background,0.000000,66.239998,0,0,0.285714,0.253968
14.777778,13.460318,background,0.000000,67.339996,0,0,0.301587,0.253968
15.555555,13.460318,background,0.000000,68.339996,0,0,0.317460,0.253968
16.333334,13.460318,background,0.000000,69.199997,0,0,0.333333,0.253968
17.111111,13.460318,CPU2_3,34.000000,70.059998,1,1,0.349206,0.253968
17.888889,13.460318,CPU2_3,34.000000,70.949997,1,0,0.365079,0.253968
18.666666,13.460318,CPU2_3,34.000000,71.800003,1,0,0.380952,0.253968
19.444445,13.460318,CPU2_3,34.000000,72.489998,1,0,0.396825,0.253968
20.222221,13.460318,CPU2_3,34.000000,73.070000,1,0,0.412698,0.253968
21.000000,13.460318,CPU2_3,34.000000,73.559998,1,0,0.428571,0.253968
21.777779,13.460318,CPU2_3,34.000000,73.970001,1,1,0.444444,0.253968
22.555555,13.460318,CPU2_2,34.000000,74.309998,1,0,0.460317,0.253968
23.333334,13.460318,CPU2_2,34.000000,74.580002,1,0,0.476190,0.253968
24.111111,13.460318,CPU2_2,34.000000,74.779999,1,0,0.492063,0.253968
24.888889,13.460318,CPU2_2,34.000000,74.900002,1,0,0.507937,0.253968
25.666666,13.460318,CPU2_2,34.000000,74.980003,1,0,0.523809,0.253968
26.444445,13.460318,CPU2_2,34.000000,76.279999,1,0,0.539683,0.253968
27.222221,13.460318,background,0.000000,78.839996,0,1,0.555556,0.253968
28.000000,13.460318,background,0.000000,81.349998,0,0,0.571429,0.253968
28.777779,13.460318,background,0.000000,82.489998,0,0,0.587302,0.253968
29.555555,13.460318,background,0.000000,82.750000,0,0,0.603175,0.253968
30.333334,13.460318,background,0.000000,82.610001,0,0,0.619048,0.253968
31.111111,13.460318,background,0.000000,82.239998,0,0,0.634921,0.253968
31.888889,13.460318,background,0.000000,81.680000,0,0,0.650794,0.253968
32.666668,13.460318,background,0.000000,80.959999,0,0,0.666667,0.253968
33.444443,13.460318,background,0.000000,80.070000,0,0,0.682540,0.253968
34.222221,13.460318,background,0.000000,78.980003,0,0,0.698413,0.253968
35.000000,13.460318,background,0.000000,77.629997,0,0,0.714286,0.253968
35.777779,13.460318,background,0.000000,75.820000,0,0,0.730159,0.253968
36.555557,13.460318,background,0.000000,72.120003,0,0,0.746032,0.253968
37.333332,13.460318,background,0.000000,67.730003,0,0,0.761905,0.253968
38.111111,13.460318,background,0.000000,64.629997,0,0,0.777778,0.253968
38.888889,13.460318,background,0.000000,62.380001,0,0,0.793651,0.253968
39.666668,13.460318,background,0.000000,60.639999,0,0,0.809524,0.253968
40.444443,13.460318,background,0.000000,59.180000,0,0,0.825397,0.253968
41.222221,13.460318,background,0.000000,57.910000,0,0,0.841270,0.253968
42.000000,13.460318,background,0.000000,56.759998,0,0,0.857143,0.253968
42.777779,13.460318,background,0.000000,55.680000,0,0,0.873016,0.253968
43.555557,13.460318,background,0.000000,54.669998,0,0,0.888889,0.253968
44.333332,13.460318,background,0.000000,53.700001,0,0,0.904762,0.253968
45.111111,13.460318,background,0.000000,52.790001,0,0,0.920635,0.253968
45.888889,13.460318,background,0.000000,51.919998,0,0,0.936508,0.253968
46.666668,13.460318,background,0.000000,51.119999,0,0,0.952381,0.253968
47.444443,13.460318,background,0.000000,50.400002,0,0,0.968254,0.253968
48.222221,13.460318,background,0.000000,49.820000,0,0,0.984127,0.253968
49.000000,13.460318,background,0.000000,49.459999,0,0,1.000000,0.253968
0.000000,14.301587,background,0.000000,51.419998,0,0,0.000000,0.269841
0.777778,14.301587,background,0.000000,51.869999,0,0,0.015873,0.269841
1.555556,14.301587,background,0.000000,52.619999,0,0,0.031746,0.269841
2.333333,14.301587,background,0.000000,53.590000,0,0,0.047619,0.269841
3.111111,14.301587,background,0.000000,54.689999,0,0,0.063492,0.269841
3.888889,14.301587,background,0.000000,55.709999,0,0,0.079365,0.269841
4.666667,14.301587,background,0.000000,56.660000,0,0,0.095238,0.269841
5.444445,14.301587,background,0.000000,57.580002,0,0,0.111111,0.269841
6.222222,14.301587,background,0.000000,58.490002,0,0,0.126984,0.269841
7.000000,14.301587,background,0.000000,59.389999,0,0,0.142857,0.269841
7.777778,14.301587,background,0.000000,60.270000,0,0,0.158730,0.269841
8.555555,14.301587,background,0.000000,61.150002,0,0,0.174603,0.269841
9.333333,14.301587,background,0.000000,62.009998,0,0,0.190476,0.269841
10.111111,14.301587,background,0.000000,62.830002,0,0,0.206349,0.269841
10.888889,14.301587,background,0.000000,63.580002,0,0,0.222222,0.269841
11.666667,14.301587,background,0.000000,64.190002,0,0,0.238095,0.269841
12.444445,14.301587,background,0.000000,65.059998,0,0,0.253968,0.269841
13.222222,14.301587,background,0.000000,66.070000,0,0,0.269841,0.269841
14.000000,14.301587,background,0.000000,67.239998,0,0,0.285714,0.269841
14.777778,14.301587,background,0.000000,68.230003,0,0,0.301587,0.269841
15.555555,14.301587,background,0.000000,69.209999,0,0,0.317460,0.269841
16.333334,14.301587,background,0.000000,70.129997,0,0,0.333333,0.269841
17.111111,14.301587,CPU2_3,34.000000,71.190002,1,1,0.349206,0.269841
17.888889,14.301587,CPU2_3,34.000000,72.559998,1,0,0.365079,0.269841
18.666666,14.301587,CPU2_3,34.000000,73.860001,1,0,0.380952,0.269841
19.444445,14.301587,CPU2_3,34.000000,74.730003,1,0,0.396825,0.269841
20.222221,14.301587,CPU2_3,34.000000,75.370003,1,0,0.412698,0.269841
21.000000,14.301587,CPU2_3,34.000000,75.889999,1,0,0.428571,0.269841
21.777779,14.301587,CPU2_3,34.000000,76.309998,1,1,0.444444,0.269841
22.555555,14.301587,CPU2_2,34.000000,76.650002,1,0,0.460317,0.269841
23.333334,14.301587,CPU2_2,34.000000,76.910004,1,0,0.476190,0.269841
24.111111,14.301587,CPU2_2,34.000000,77.080002,1,0,0.492063,0.269841
24.888889,14.301587,CPU2_2,34.000000,77.169998,1,0,0.507937,0.269841
25.666666,14.301587,CPU2_2,34.000000,77.190002,1,0,0.523809,0.269841
26.444445,14.301587,CPU2_2,34.000000,78.099998,1,0,0.539683,0.269841
27.222221,14.301587,background,0.000000,80.150002,0,1,0.555556,0.269841
28.000000,14.301587,background,0.000000,82.419998,0,0,0.571429,0.269841
28.777779,14.301587,background,0.000000,83.470001,0,1,0.587302,0.269841
29.555555,14.301587,background,0.000000,83.669998,0,1,0.603175,0.269841
30.333334,14.301587,background,0.000000,83.480003,0,1,0.619048,0.269841
31.111111,14.301587,background,0.000000,83.050003,0,1,0.634921,0.269841
31.888889,14.301587,background,0.000000,82.449997,0,1,0.650794,0.269841
32.666668,14.301587,background,0.000000,81.680000,0,1,0.666667,0.269841
33.444443,14.301587,background,0.000000,80.739998,0,1,0.682540,0.269841
34.222221,14.301587,background,0.000000,79.620003,0,1,0.698413,0.269841
35.000000,14.301587,background,0.000000,78.239998,0,1,0.714286,0.269841
35.777779,14.301587,background,0.000000,76.400002,0,1,0.730159,0.269841
36.555557,14.301587,background,0.000000,72.669998,0,1,0.746032,0.269841
37.333332,14.301587,background,0.000000,68.269997,0,1,0.761905,0.269841
38.111111,14.301587,background,0.000000,65.150002,0,1,0.777778,0.269841
38.888889,14.301587,background,0.000000,62.880001,0,0,0.793651,0.269841
39.666668,14.301587,background,0.000000,61.119999,0,0,0.809524,0.269841
40.444443,14.301587,background,0.000000,59.650002,0,0,0.825397,0.269841
41.222221,14.301587,background,0.000000,58.360001,0,0,0.841270,0.269841
42.000000,14.301587,background,0.000000,57.180000,0,0,0.857143,0.269841
42.777779,14.301587,background,0.000000,56.090000,0,0,0.873016,0.269841
43.555557,14.301587,background,0.000000,55.049999,0,0,0.888889,0.269841
44.333332,14.301587,background,0.000000,54.060001,0,0,0.904762,0.269841
45.111111,14.301587,background,0.000000,53.130001,0,0,0.920635,0.269841
45.888889,14.301587,background,0.000000,52.240002,0,0,0.936508,0.269841
46.666668,14.301587,background,0.000000,51.419998,0,0,0.952381,0.269841
47.444443,14.301587,background,0.000000,50.689999,0,0,0.968254,0.269841
48.222221,14.301587,background,0.000000,50.090000,0,0,0.984127,0.269841
49.000000,14.301587,background,0.000000,49.720001,0,0,1.000000,0.269841
0.000000,15.142858,background,0.000000,51.930000,0,0,0.000000,0.285714
0.777778,15.142858,background,0.000000,52.430000,0,0,0.015873,0.285714
1.555556,15.142858,background,0.000000,53.290001,0,0,0.031746,0.285714
2.333333,15.142858,background,0.000000,54.470001,0,0,0.047619,0.285714
3.111111,15.142858,background,0.000000,55.639999,0,0,0.063492,0.285714
3.888889,15.142858,background,0.000000,56.709999,0,0,0.079365,0.285714
4.666667,15.142858,background,0.000000,57.680000,0,0,0.095238,0.285714
5.444445,15.142858,background,0.000000,58.639999,0,0,0.111111,0.285714
6.222222,15.142858,background,0.000000,59.570000,0,0,0.126984,0.285714
7.000000,15.142858,background,0.000000,60.500000,0,0,0.142857,0.285714
7.777778,15.142858,background,0.000000,61.419998,0,0,0.158730,0.285714
8.555555,15.142858,background,0.000000,62.330002,0,0,0.174603,0.285714
9.333333,15.142858,background,0.000000,63.220001,0,0,0.190476,0.285714
10.111111,15.142858,background,0.000000,64.080002,0,0,0.206349,0.285714
10.888889,15.142858,background,0.000000,64.830002,0,0,0.222222,0.285714
11.666667,15.142858,background,0.000000,65.410004,0,0,0.238095,0.285714
12.444445,15.142858,background,0.000000,66.370003,0,0,0.253968,0.285714
13.222222,15.142858,background,0.000000,67.370003,0,0,0.269841,0.285714
14.000000,15.142858,background,0.000000,68.330002,0,0,0.285714,0.285714
14.777778,15.142858,background,0.000000,69.000000,0,0,0.301587,0.285714
15.555555,15.142858,background,0.000000,69.870003,0,0,0.317460,0.285714
16.333334,15.142858,background,0.000000,70.910004,0,0,0.333333,0.285714
17.111111,15.142858,CPU2_3,34.000000,72.489998,1,1,0.349206,0.285714
17.888889,15.142858,CPU2_3,34.000000,75.360001,1,0,0.365079,0.285714
18.666666,15.142858,CPU2_3,34.000000,77.830002,1,0,0.380952,0.285714
19.444445,15.142858,CPU2_3,34.000000,78.949997,1,0,0.396825,0.285714
20.222221,15.142858,CPU2_3,34.000000,79.669998,1,0,0.412698,0.285714
21.000000,15.142858,CPU2_3,34.000000,80.220001,1,0,0.428571,0.285714
21.777779,15.142858,CPU2_3,34.000000,80.650002,1,1,0.444444,0.285714
22.555555,15.142858,CPU2_2,34.000000,80.989998,1,0,0.460317,0.285714
23.333334,15.142858,CPU2_2,34.000000,81.230003,1,0,0.476190,0.285714
24.111111,15.142858,CPU2_2,34.000000,81.379997,1,0,0.492063,0.285714
24.888889,15.142858,CPU2_2,34.000000,81.400002,1,0,0.507937,0.285714
25.666666,15.142858,CPU2_2,34.000000,81.199997,1,0,0.523809,0.285714
26.444445,15.142858,CPU2_2,34.000000,80.220001,1,0,0.539683,0.285714
27.222221,15.142858,background,0.000000,81.480003,0,1,0.555556,0.285714
28.000000,15.142858,background,0.000000,83.449997,0,0,0.571429,0.285714
28.777779,15.142858,background,0.000000,84.389999,0,1,0.587302,0.285714
29.555555,15.142858,DRAM_0,20.000000,84.519997,1,0,0.603175,0.285714
30.333334,15.142858,DRAM_0,20.000000,84.260002,1,0,0.619048,0.285714
31.111111,15.142858,DRAM_0,20.000000,83.769997,1,0,0.634921,0.285714
31.888889,15.142858,DRAM_0,20.000000,83.099998,1,0,0.650794,0.285714
32.666668,15.142858,DRAM_0,20.000000,82.279999,1,0,0.666667,0.285714
33.444443,15.142858,DRAM_0,20.000000,81.300003,1,0,0.682540,0.285714
34.222221,15.142858,DRAM_0,20.000000,80.139999,1,0,0.698413,0.285714
35.000000,15.142858,DRAM_0,20.000000,78.739998,1,0,0.714286,0.285714
35.777779,15.142858,DRAM_0,20.000000,76.889999,1,0,0.730159,0.285714
36.555557,15.142858,DRAM_0,20.000000,73.129997,1,0,0.746032,0.285714
37.333332,15.142858,DRAM_0,20.000000,68.709999,1,0,0.761905,0.285714
38.111111,15.142858,background,0.000000,65.589996,0,1,0.777778,0.285714
38.888889,15.142858,background,0.000000,63.330002,0,0,0.793651,0.285714
39.666668,15.142858,background,0.000000,61.560001,0,0,0.809524,0.285714
40.444443,15.142858,background,0.000000,60.090000,0,0,0.825397,0.285714
41.222221,15.142858,background,0.000000,58.779999,0,0,0.841270,0.285714
42.000000,15.142858,background,0.000000,57.590000,0,0,0.857143,0.285714
42.777779,15.142858,background,0.000000,56.480000,0,0,0.873016,0.285714
43.555557,15.142858,background,0.000000,55.419998,0,0,0.888889,0.285714
44.333332,15.142858,background,0.000000,54.410000,0,0,0.904762,0.285714
45.111111,15.142858,background,0.000000,53.459999,0,0,0.920635,0.285714
45.888889,15.142858,background,0.000000,52.549999,0,0,0.936508,0.285714
46.666668,15.142858,background,0.000000,51.709999,0,0,0.952381,0.285714
47.444443,15.142858,background,0.000000,50.959999,0,0,0.968254,0.285714
48.222221,15.142858,background,0.000000,50.349998,0,0,0.984127,0.285714
49.000000,15.142858,background,0.000000,49.970001,0,0,1.000000,0.285714
0.000000,15.984127,background,0.000000,52.439999,0,0,0.000000,0.301587
0.777778,15.984127,background,0.000000,52.970001,0,0,0.015873,0.301587
1.555556,15.984127,background,0.000000,53.930000,0,0,0.031746,0.301587
2.333333,15.984127,background,0.000000,55.290001,0,0,0.047619,0.301587
3.111111,15.984127,background,0.000000,56.549999,0,0,0.063492,0.301587
3.888889,15.984127,background,0.000000,57.660000,0,0,0.079365,0.301587
4.666667,15.984127,background,0.000000,58.680000,0,0,0.095238,0.301587
5.444445,15.984127,background,0.000000,59.660000,0,0,0.111111,0.301587
6.222222,15.984127,HBM_0,25.000000,60.630001,1,1,0.126984,0.301587
7.000000,15.984127,HBM_0,25.000000,61.599998,1,1,0.142857,0.301587
7.777778,15.984127,HBM_0,25.000000,62.549999,1,1,0.158730,0.301587
8.555555,15.984127,HBM_0,25.000000,63.490002,1,1,0.174603,0.301587
9.333333,15.984127,HBM_0,25.000000,64.419998,1,1,0.190476,0.301587
10.111111,15.984127,HBM_0,25.000000,65.320000,1,1,0.206349,0.301587
10.888889,15.984127,HBM_0,25.000000,66.139999,1,1,0.222222,0.301587
11.666667,15.984127,HBM_0,25.000000,66.919998,1,1,0.238095,0.301587
12.444445,15.984127,HBM_0,25.000000,68.059998,1,1,0.253968,0.301587
13.222222,15.984127,HBM_0,25.000000,69.120003,1,1,0.269841,0.301587
14.000000,15.984127,HBM_0,25.000000,70.040001,1,1,0.285714,0.301587
14.777778,15.984127,background,0.000000,70.760002,0,0,0.301587,0.301587
15.555555,15.984127,background,0.000000,71.599998,0,0,0.317460,0.301587
16.333334,15.984127,background,0.000000,72.779999,0,0,0.333333,0.301587
17.111111,15.984127,CPU2_3,34.000000,74.930000,1,1,0.349206,0.301587
17.888889,15.984127,CPU2_3,34.000000,78.070000,1,0,0.365079,0.301587
18.666666,15.984127,CPU2_3,34.000000,81.010002,1,0,0.380952,0.301587
19.444445,15.984127,CPU2_3,34.000000,82.269997,1,0,0.396825,0.301587
20.222221,15.984127,CPU2_3,34.000000,83.050003,1,0,0.412698,0.301587
21.000000,15.984127,CPU2_3,34.000000,83.620003,1,0,0.428571,0.301587
21.777779,15.984127,CPU2_3,34.000000,84.050003,1,1,0.444444,0.301587
22.555555,15.984127,CPU2_2,34.000000,84.379997,1,0,0.460317,0.301587
23.333334,15.984127,CPU2_2,34.000000,84.610001,1,0,0.476190,0.301587
24.111111,15.984127,CPU2_2,34.000000,84.720001,1,0,0.492063,0.301587
24.888889,15.984127,CPU2_2,34.000000,84.660004,1,0,0.507937,0.301587
25.666666,15.984127,CPU2_2,34.000000,84.180000,1,0,0.523809,0.301587
26.444445,15.984127,CPU2_2,34.000000,82.120003,1,0,0.539683,0.301587
27.222221,15.984127,background,0.000000,82.790001,0,1,0.555556,0.301587
28.000000,15.984127,background,0.000000,84.440002,0,0,0.571429,0.301587
28.777779,15.984127,background,0.000000,85.269997,0,1,0.587302,0.301587
29.555555,15.984127,DRAM_0,20.000000,85.309998,1,0,0.603175,0.301587
30.333334,15.984127,DRAM_0,20.000000,84.970001,1,0,0.619048,0.301587
31.111111,15.984127,DRAM_0,20.000000,84.400002,1,0,0.634921,0.301587
31.888889,15.984127,DRAM_0,20.000000,83.639999,1,0,0.650794,0.301587
32.666668,15.984127,DRAM_0,20.000000,82.730003,1,0,0.666667,0.301587
33.444443,15.984127,DRAM_0,20.000000,81.699997,1,0,0.682540,0.301587
34.222221,15.984127,DRAM_0,20.000000,80.510002,1,0,0.698413,0.301587
35.000000,15.984127,DRAM_0,20.000000,79.089996,1,0,0.714286,0.301587
35.777779,15.984127,DRAM_0,20.000000,77.230003,1,0,0.730159,0.301587
36.555557,15.984127,DRAM_0,20.000000,73.430000,1,0,0.746032,0.301587
37.333332,15.984127,DRAM_0,20.000000,69.029999,1,0,0.761905,0.301587
38.111111,15.984127,background,0.000000,65.959999,0,1,0.777778,0.301587
38.888889,15.984127,background,0.000000,63.730000,0,0,0.793651,0.301587
39.666668,15.984127,background,0.000000,61.980000,0,0,0.809524,0.301587
40.444443,15.984127,background,0.000000,60.509998,0,0,0.825397,0.301587
41.222221,15.984127,background,0.000000,59.200001,0,0,0.841270,0.301587
42.000000,15.984127,background,0.000000,57.990002,0,0,0.857143,0.301587
42.777779,15.984127,background,0.000000,56.860001,0,0,0.873016,0.301587
43.555557,15.984127,background,0.000000,55.779999,0,0,0.888889,0.301587
44.333332,15.984127,background,0.000000,54.759998,0,0,0.904762,0.301587
45.111111,15.984127,background,0.000000,53.779999,0,0,0.920635,0.301587
45.888889,15.984127,background,0.000000,52.849998,0,0,0.936508,0.301587
46.666668,15.984127,background,0.000000,51.990002,0,0,0.952381,0.301587
47.444443,15.984127,background,0.000000,51.230000,0,0,0.968254,0.301587
48.222221,15.984127,background,0.000000,50.599998,0,0,0.984127,0.301587
49.000000,15.984127,background,0.000000,50.220001,0,0,1.000000,0.301587
0.000000,16.825397,background,0.000000,52.919998,0,0,0.000000,0.317460
0.777778,16.825397,background,0.000000,53.490002,0,0,0.015873,0.317460
1.555556,16.825397,background,0.000000,54.509998,0,0,0.031746,0.317460
2.333333,16.825397,background,0.000000,55.950001,0,0,0.047619,0.317460
3.111111,16.825397,background,0.000000,57.200001,0,0,0.063492,0.317460
3.888889,16.825397,background,0.000000,58.349998,0,0,0.079365,0.317460
4.666667,16.825397,background,0.000000,59.410000,0,0,0.095238,0.317460
5.444445,16.825397,background,0.000000,60.430000,0,0,0.111111,0.317460
6.222222,16.825397,HBM_0,25.000000,61.439999,1,1,0.126984,0.317460
7.000000,16.825397,HBM_0,25.000000,62.430000,1,0,0.142857,0.317460
7.777778,16.825397,HBM_0,25.000000,63.419998,1,0,0.158730,0.317460
8.555555,16.825397,HBM_0,25.000000,64.410004,1,0,0.174603,0.317460
9.333333,16.825397,HBM_0,25.000000,65.389999,1,0,0.190476,0.317460
10.111111,16.825397,HBM_0,25.000000,66.370003,1,0,0.206349,0.317460
10.888889,16.825397,HBM_0,25.000000,67.360001,1,0,0.222222,0.317460
11.666667,16.825397,HBM_0,25.000000,68.779999,1,0,0.238095,0.317460
12.444445,16.825397,HBM_0,25.000000,70.389999,1,0,0.253968,0.317460
13.222222,16.825397,HBM_0,25.000000,71.629997,1,0,0.269841,0.317460
14.000000,16.825397,HBM_0,25.000000,72.589996,1,1,0.285714,0.317460
14.777778,16.825397,background,0.000000,73.349998,0,0,0.301587,0.317460
15.555555,16.825397,background,0.000000,74.059998,0,0,0.317460,0.317460
16.333334,16.825397,background,0.000000,74.949997,0,0,0.333333,0.317460
17.111111,16.825397,CPU2_3,34.000000,76.980003,1,1,0.349206,0.317460
17.888889,16.825397,CPU2_3,34.000000,79.790001,1,0,0.365079,0.317460
18.666666,16.825397,CPU2_3,34.000000,82.779999,1,0,0.380952,0.317460
19.444445,16.825397,CPU2_3,34.000000,84.089996,1,0,0.396825,0.317460
20.222221,16.825397,CPU2_3,34.000000,84.889999,1,0,0.412698,0.317460
21.000000,16.825397,CPU2_3,34.000000,85.470001,1,0,0.428571,0.317460
21.777779,16.825397,CPU2_3,34.000000,85.900002,1,1,0.444444,0.317460
22.555555,16.825397,CPU2_2,34.000000,86.230003,1,0,0.460317,0.317460
23.333334,16.825397,CPU2_2,34.000000,86.440002,1,0,0.476190,0.317460
24.111111,16.825397,CPU2_2,34.000000,86.519997,1,0,0.492063,0.317460
24.888889,16.825397,CPU2_2,34.000000,86.400002,1,0,0.507937,0.317460
25.666666,16.825397,CPU2_2,34.000000,85.800003,1,0,0.523809,0.317460
26.444445,16.825397,CPU2_2,34.000000,83.480003,1,0,0.539683,0.317460
27.222221,16.825397,background,0.000000,84.050003,0,1,0.555556,0.317460
28.000000,16.825397,background,0.000000,85.430000,0,0,0.571429,0.317460
28.777779,16.825397,background,0.000000,86.120003,0,1,0.587302,0.317460
29.555555,16.825397,DRAM_0,20.000000,86.059998,1,0,0.603175,0.317460
30.333334,16.825397,DRAM_0,20.000000,85.620003,1,0,0.619048,0.317460
31.111111,16.825397,DRAM_0,20.000000,84.919998,1,0,0.634921,0.317460
31.888889,16.825397,DRAM_0,20.000000,83.970001,1,0,0.650794,0.317460
32.666668,16.825397,DRAM_0,20.000000,82.940002,1,0,0.666667,0.317460
33.444443,16.825397,DRAM_0,20.000000,81.830002,1,0,0.682540,0.317460
34.222221,16.825397,DRAM_0,20.000000,80.599998,1,0,0.698413,0.317460
35.000000,16.825397,DRAM_0,20.000000,79.180000,1,0,0.714286,0.317460
35.777779,16.825397,DRAM_0,20.000000,77.330002,1,0,0.730159,0.317460
36.555557,16.825397,DRAM_0,20.000000,73.470001,1,0,0.746032,0.317460
37.333332,16.825397,DRAM_0,20.000000,69.169998,1,0,0.761905,0.317460
38.111111,16.825397,background,0.000000,66.220001,0,1,0.777778,0.317460
38.888889,16.825397,background,0.000000,64.080002,0,0,0.793651,0.317460
39.666668,16.825397,background,0.000000,62.380001,0,0,0.809524,0.317460
40.444443,16.825397,background,0.000000,60.930000,0,0,0.825397,0.317460
41.222221,16.825397,background,0.000000,59.619999,0,0,0.841270,0.317460
42.000000,16.825397,background,0.000000,58.400002,0,0,0.857143,0.317460
42.777779,16.825397,background,0.000000,57.240002,0,0,0.873016,0.317460
43.555557,16.825397,background,0.000000,56.139999,0,0,0.888889,0.317460
44.333332,16.825397,background,0.000000,55.090000,0,0,0.904762,0.317460
45.111111,16.825397,background,0.000000,54.090000,0,0,0.920635,0.317460
45.888889,16.825397,background,0.000000,53.139999,0,0,0.936508,0.317460
46.666668,16.825397,background,0.000000,52.270000,0,0,0.952381,0.317460
47.444443,16.825397,background,0.000000,51.490002,0,0,0.968254,0.317460
48.222221,16.825397,background,0.000000,50.849998,0,0,0.984127,0.317460
49.000000,16.825397,background,0.000000,50.450001,0,0,1.000000,0.317460
0.000000,17.666666,background,0.000000,53.400002,0,0,0.000000,0.333333
0.777778,17.666666,background,0.000000,53.990002,0,0,0.015873,0.333333
1.555556,17.666666,background,0.000000,55.040001,0,0,0.031746,0.333333
2.333333,17.666666,background,0.000000,56.520000,0,0,0.047619,0.333333
3.111111,17.666666,background,0.000000,57.790001,0,0,0.063492,0.333333
3.888889,17.666666,background,0.000000,58.970001,0,0,0.079365,0.333333
4.666667,17.666666,background,0.000000,60.060001,0,0,0.095238,0.333333
5.444445,17.666666,background,0.000000,61.130001,0,0,0.111111,0.333333
6.222222,17.666666,HBM_0,25.000000,62.169998,1,1,0.126984,0.333333
7.000000,17.666666,HBM_0,25.000000,63.200001,1,0,0.142857,0.333333
7.777778,17.666666,HBM_0,25.000000,64.230003,1,0,0.158730,0.333333
8.555555,17.666666,HBM_0,25.000000,65.260002,1,0,0.174603,0.333333
9.333333,17.666666,HBM_0,25.000000,66.309998,1,0,0.190476,0.333333
10.111111,17.666666,HBM_0,25.000000,67.430000,1,0,0.206349,0.333333
10.888889,17.666666,HBM_0,25.000000,68.790001,1,0,0.222222,0.333333
11.666667,17.666666,HBM_0,25.000000,71.570000,1,0,0.238095,0.333333
12.444445,17.666666,HBM_0,25.000000,73.860001,1,0,0.253968,0.333333
13.222222,17.666666,HBM_0,25.000000,75.260002,1,0,0.269841,0.333333
14.000000,17.666666,HBM_0,25.000000,76.239998,1,1,0.285714,0.333333
14.777778,17.666666,background,0.000000,76.930000,0,0,0.301587,0.333333
15.555555,17.666666,background,0.000000,77.279999,0,0,0.317460,0.333333
16.333334,17.666666,background,0.000000,77.120003,0,0,0.333333,0.333333
17.111111,17.666666,background,0.000000,78.620003,0,1,0.349206,0.333333
17.888889,17.666666,background,0.000000,81.059998,0,1,0.365079,0.333333
18.666666,17.666666,background,0.000000,84.010002,0,1,0.380952,0.333333
19.444445,17.666666,background,0.000000,85.320000,0,1,0.396825,0.333333
20.222221,17.666666,background,0.000000,86.129997,0,1,0.412698,0.333333
21.000000,17.666666,background,0.000000,86.709999,0,1,0.428571,0.333333
21.777779,17.666666,background,0.000000,87.139999,0,1,0.444444,0.333333
22.555555,17.666666,background,0.000000,87.459999,0,1,0.460317,0.333333
23.333334,17.666666,background,0.000000,87.650002,0,1,0.476190,0.333333
24.111111,17.666666,CPU2_1,34.000000,87.720001,1,1,0.492063,0.333333
24.888889,17.666666,CPU2_1,34.000000,87.570000,1,1,0.507937,0.333333
25.666666,17.666666,CPU2_1,34.000000,86.940002,1,1,0.523809,0.333333
26.444445,17.666666,CPU2_1,34.000000,84.669998,1,1,0.539683,0.333333
27.222221,17.666666,CPU2_1,34.000000,85.559998,1,1,0.555556,0.333333
28.000000,17.666666,CPU2_1,34.000000,86.559998,1,1,0.571429,0.333333
28.777779,17.666666,CPU2_1,34.000000,87.040001,1,1,0.587302,0.333333
29.555555,17.666666,DRAM_0,20.000000,86.849998,1,0,0.603175,0.333333
30.333334,17.666666,DRAM_0,20.000000,86.279999,1,0,0.619048,0.333333
31.111111,17.666666,DRAM_0,20.000000,85.349998,1,0,0.634921,0.333333
31.888889,17.666666,DRAM_0,20.000000,83.879997,1,0,0.650794,0.333333
32.666668,17.666666,DRAM_0,20.000000,82.540001,1,0,0.666667,0.333333
33.444443,17.666666,DRAM_0,20.000000,81.290001,1,0,0.682540,0.333333
34.222221,17.666666,DRAM_0,20.000000,80.019997,1,0,0.698413,0.333333
35.000000,17.666666,DRAM_0,20.000000,78.589996,1,0,0.714286,0.333333
35.777779,17.666666,DRAM_0,20.000000,76.779999,1,0,0.730159,0.333333
36.555557,17.666666,DRAM_0,20.000000,72.949997,1,0,0.746032,0.333333
37.333332,17.666666,DRAM_0,20.000000,69.050003,1,0,0.761905,0.333333
38.111111,17.666666,background,0.000000,66.379997,0,1,0.777778,0.333333
38.888889,17.666666,background,0.000000,64.400002,0,0,0.793651,0.333333
39.666668,17.666666,background,0.000000,62.779999,0,0,0.809524,0.333333
40.444443,17.666666,background,0.000000,61.360001,0,0,0.825397,0.333333
41.222221,17.666666,background,0.000000,60.049999,0,0,0.841270,0.333333
42.000000,17.666666,background,0.000000,58.810001,0,0,0.857143,0.333333
42.777779,17.666666,background,0.000000,57.630001,0,0,0.873016,0.333333
43.555557,17.666666,background,0.000000,56.500000,0,0,0.888889,0.333333
44.333332,17.666666,background,0.000000,55.419998,0,0,0.904762,0.333333
45.111111,17.666666,background,0.000000,54.389999,0,0,0.920635,0.333333
45.888889,17.666666,background,0.000000,53.430000,0,0,0.936508,0.333333
46.666668,17.666666,background,0.000000,52.529999,0,0,0.952381,0.333333
47.444443,17.666666,background,0.000000,51.730000,0,0,0.968254,0.333333
48.222221,17.666666,background,0.000000,51.090000,0,0,0.984127,0.333333
49.000000,17.666666,background,0.000000,50.680000,0,0,1.000000,0.333333
0.000000,18.507936,background,0.000000,53.849998,0,0,0.000000,0.349206
0.777778,18.507936,background,0.000000,54.459999,0,0,0.015873,0.349206
1.555556,18.507936,background,0.000000,55.549999,0,0,0.031746,0.349206
2.333333,18.507936,background,0.000000,57.060001,0,0,0.047619,0.349206
3.111111,18.507936,background,0.000000,58.349998,0,0,0.063492,0.349206
3.888889,18.507936,background,0.000000,59.560001,0,0,0.079365,0.349206
4.666667,18.507936,background,0.000000,60.689999,0,0,0.095238,0.349206
5.444445,18.507936,background,0.000000,61.790001,0,0,0.111111,0.349206
6.222222,18.507936,HBM_0,25.000000,62.860001,1,1,0.126984,0.349206
7.000000,18.507936,HBM_0,25.000000,63.930000,1,0,0.142857,0.349206
7.777778,18.507936,HBM_0,25.000000,65.000000,1,0,0.158730,0.349206
8.555555,18.507936,HBM_0,25.000000,66.080002,1,0,0.174603,0.349206
9.333333,18.507936,HBM_0,25.000000,67.209999,1,0,0.190476,0.349206
10.111111,18.507936,HBM_0,25.000000,68.529999,1,0,0.206349,0.349206
10.888889,18.507936,HBM_0,25.000000,70.519997,1,0,0.222222,0.349206
11.666667,18.507936,HBM_0,25.000000,75.080002,1,0,0.238095,0.349206
12.444445,18.507936,HBM_0,25.000000,77.449997,1,0,0.253968,0.349206
13.222222,18.507936,HBM_0,25.000000,78.790001,1,0,0.269841,0.349206
14.000000,18.507936,HBM_0,25.000000,79.720001,1,1,0.285714,0.349206
14.777778,18.507936,background,0.000000,80.360001,0,0,0.301587,0.349206
15.555555,18.507936,background,0.000000,80.500000,0,0,0.317460,0.349206
16.333334,18.507936,background,0.000000,79.019997,0,0,0.333333,0.349206
17.111111,18.507936,background,0.000000,79.989998,0,0,0.349206,0.349206
17.888889,18.507936,background,0.000000,82.120003,0,0,0.365079,0.349206
18.666666,18.507936,background,0.000000,85.010002,0,0,0.380952,0.349206
19.444445,18.507936,background,0.000000,86.309998,0,0,0.396825,0.349206
20.222221,18.507936,background,0.000000,87.110001,0,0,0.412698,0.349206
21.000000,18.507936,background,0.000000,87.690002,0,0,0.428571,0.349206
21.777779,18.507936,background,0.000000,88.110001,0,0,0.444444,0.349206
22.555555,18.507936,background,0.000000,88.410004,0,0,0.460317,0.349206
23.333334,18.507936,background,0.000000,88.589996,0,0,0.476190,0.349206
24.111111,18.507936,CPU2_1,34.000000,88.639999,1,1,0.492063,0.349206
24.888889,18.507936,CPU2_1,34.000000,88.489998,1,0,0.507937,0.349206
25.666666,18.507936,CPU2_1,34.000000,87.900002,1,0,0.523809,0.349206
26.444445,18.507936,CPU2_1,34.000000,85.900002,1,0,0.539683,0.349206
27.222221,18.507936,CPU2_1,34.000000,87.349998,1,0,0.555556,0.349206
28.000000,18.507936,CPU2_1,34.000000,88.099998,1,0,0.571429,0.349206
28.777779,18.507936,CPU2_1,34.000000,88.209999,1,1,0.587302,0.349206
29.555555,18.507936,DRAM_0,20.000000,87.849998,1,0,0.603175,0.349206
30.333334,18.507936,DRAM_0,20.000000,87.120003,1,0,0.619048,0.349206
31.111111,18.507936,DRAM_0,20.000000,85.830002,1,0,0.634921,0.349206
31.888889,18.507936,DRAM_0,20.000000,82.480003,1,0,0.650794,0.349206
32.666668,18.507936,DRAM_0,20.000000,80.120003,1,0,0.666667,0.349206
33.444443,18.507936,DRAM_0,20.000000,78.489998,1,0,0.682540,0.349206
34.222221,18.507936,DRAM_0,20.000000,77.089996,1,0,0.698413,0.349206
35.000000,18.507936,DRAM_0,20.000000,75.669998,1,0,0.714286,0.349206
35.777779,18.507936,DRAM_0,20.000000,73.980003,1,0,0.730159,0.349206
36.555557,18.507936,DRAM_0,20.000000,71.320000,1,0,0.746032,0.349206
37.333332,18.507936,DRAM_0,20.000000,68.620003,1,0,0.761905,0.349206
38.111111,18.507936,background,0.000000,66.480003,0,1,0.777778,0.349206
38.888889,18.507936,background,0.000000,64.730003,0,0,0.793651,0.349206
39.666668,18.507936,background,0.000000,63.230000,0,0,0.809524,0.349206
40.444443,18.507936,background,0.000000,61.849998,0,0,0.825397,0.349206
41.222221,18.507936,background,0.000000,60.549999,0,0,0.841270,0.349206
42.000000,18.507936,background,0.000000,59.270000,0,0,0.857143,0.349206
42.777779,18.507936,background,0.000000,58.040001,0,0,0.873016,0.349206
43.555557,18.507936,background,0.000000,56.860001,0,0,0.888889,0.349206
44.333332,18.507936,background,0.000000,55.750000,0,0,0.904762,0.349206
45.111111,18.507936,background,0.000000,54.689999,0,0,0.920635,0.349206
45.888889,18.507936,background,0.000000,53.700001,0,0,0.936508,0.349206
46.666668,18.507936,background,0.000000,52.790001,0,0,0.952381,0.349206
47.444443,18.507936,background,0.000000,51.980000,0,0,0.968254,0.349206
48.222221,18.507936,background,0.000000,51.310001,0,0,0.984127,0.349206
49.000000,18.507936,background,0.000000,50.900002,0,0,1.000000,0.349206
0.000000,19.349207,background,0.000000,54.290001,0,0,0.000000,0.365079
0.777778,19.349207,background,0.000000,54.919998,0,0,0.015873,0.365079
1.555556,19.349207,background,0.000000,56.040001,0,0,0.031746,0.365079
2.333333,19.349207,background,0.000000,57.580002,0,0,0.047619,0.365079
3.111111,19.349207,background,0.000000,58.889999,0,0,0.063492,0.365079
3.888889,19.349207,background,0.000000,60.130001,0,0,0.079365,0.365079
4.666667,19.349207,background,0.000000,61.290001,0,0,0.095238,0.365079
5.444445,19.349207,background,0.000000,62.419998,0,0,0.111111,0.365079
6.222222,19.349207,HBM_0,25.000000,63.529999,1,1,0.126984,0.365079
7.000000,19.349207,HBM_0,25.000000,64.629997,1,0,0.142857,0.365079
7.777778,19.349207,HBM_0,25.000000,65.739998,1,0,0.158730,0.365079
8.555555,19.349207,HBM_0,25.000000,66.860001,1,0,0.174603,0.365079
9.333333,19.349207,HBM_0,25.000000,68.070000,1,0,0.190476,0.365079
10.111111,19.349207,HBM_0,25.000000,69.540001,1,0,0.206349,0.365079
10.888889,19.349207,HBM_0,25.000000,71.959999,1,0,0.222222,0.365079
11.666667,19.349207,HBM_0,25.000000,77.430000,1,0,0.238095,0.365079
12.444445,19.349207,HBM_0,25.000000,79.989998,1,0,0.253968,0.365079
13.222222,19.349207,HBM_0,25.000000,81.370003,1,0,0.269841,0.365079
14.000000,19.349207,HBM_0,25.000000,82.290001,1,1,0.285714,0.365079
14.777778,19.349207,background,0.000000,82.879997,0,1,0.301587,0.365079
15.555555,19.349207,background,0.000000,82.839996,0,1,0.317460,0.365079
16.333334,19.349207,background,0.000000,80.610001,0,1,0.333333,0.365079
17.111111,19.349207,background,0.000000,81.139999,0,1,0.349206,0.365079
17.888889,19.349207,background,0.000000,83.040001,0,1,0.365079,0.365079
18.666666,19.349207,background,0.000000,85.860001,0,1,0.380952,0.365079
19.444445,19.349207,background,0.000000,87.139999,0,1,0.396825,0.365079
20.222221,19.349207,background,0.000000,87.930000,0,1,0.412698,0.365079
21.000000,19.349207,background,0.000000,88.489998,0,1,0.428571,0.365079
21.777779,19.349207,background,0.000000,88.900002,0,1,0.444444,0.365079
22.555555,19.349207,background,0.000000,89.190002,0,1,0.460317,0.365079
23.333334,19.349207,background,0.000000,89.360001,0,1,0.476190,0.365079
24.111111,19.349207,CPU2_1,34.000000,89.389999,1,1,0.492063,0.365079
24.888889,19.349207,CPU2_1,34.000000,89.239998,1,0,0.507937,0.365079
25.666666,19.349207,CPU2_1,34.000000,88.680000,1,0,0.523809,0.365079
26.444445,19.349207,CPU2_1,34.000000,86.889999,1,0,0.539683,0.365079
27.222221,19.349207,CPU2_1,34.000000,88.790001,1,0,0.555556,0.365079
28.000000,19.349207,CPU2_1,34.000000,89.199997,1,0,0.571429,0.365079
28.777779,19.349207,CPU2_1,34.000000,89.059998,1,1,0.587302,0.365079
29.555555,19.349207,DRAM_0,20.000000,88.580002,1,0,0.603175,0.365079
30.333334,19.349207,DRAM_0,20.000000,87.750000,1,0,0.619048,0.365079
31.111111,19.349207,DRAM_0,20.000000,86.370003,1,0,0.634921,0.365079
31.888889,19.349207,DRAM_0,20.000000,82.959999,1,0,0.650794,0.365079
32.666668,19.349207,DRAM_0,20.000000,79.290001,1,0,0.666667,0.365079
33.444443,19.349207,DRAM_0,20.000000,76.830002,1,0,0.682540,0.365079
34.222221,19.349207,DRAM_0,20.000000,75.160004,1,0,0.698413,0.365079
35.000000,19.349207,DRAM_0,20.000000,73.709999,1,0,0.714286,0.365079
35.777779,19.349207,DRAM_0,20.000000,72.150002,1,0,0.730159,0.365079
36.555557,19.349207,DRAM_0,20.000000,70.239998,1,0,0.746032,0.365079
37.333332,19.349207,DRAM_0,20.000000,68.349998,1,0,0.761905,0.365079
38.111111,19.349207,background,0.000000,66.669998,0,1,0.777778,0.365079
38.888889,19.349207,background,0.000000,65.169998,0,0,0.793651,0.365079
39.666668,19.349207,background,0.000000,63.779999,0,0,0.809524,0.365079
40.444443,19.349207,background,0.000000,62.459999,0,0,0.825397,0.365079
41.222221,19.349207,background,0.000000,61.160000,0,0,0.841270,0.365079
42.000000,19.349207,background,0.000000,59.799999,0,0,0.857143,0.365079
42.777779,19.349207,background,0.000000,58.490002,0,0,0.873016,0.365079
43.555557,19.349207,background,0.000000,57.240002,0,0,0.888889,0.365079
44.333332,19.349207,background,0.000000,56.080002,0,0,0.904762,0.365079
45.111111,19.349207,background,0.000000,54.990002,0,0,0.920635,0.365079
45.888889,19.349207,background,0.000000,53.970001,0,0,0.936508,0.365079
46.666668,19.349207,background,0.000000,53.040001,0,0,0.952381,0.365079
47.444443,19.349207,background,0.000000,52.209999,0,0,0.968254,0.365079
48.222221,19.349207,background,0.000000,51.529999,0,0,0.984127,0.365079
49.000000,19.349207,background,0.000000,51.110001,0,0,1.000000,0.365079
0.000000,20.190475,background,0.000000,54.730000,0,0,0.000000,0.380952
0.777778,20.190475,background,0.000000,55.380001,0,0,0.015873,0.380952
1.555556,20.190475,background,0.000000,56.509998,0,0,0.031746,0.380952
2.333333,20.190475,background,0.000000,58.090000,0,0,0.047619,0.380952
3.111111,20.190475,background,0.000000,59.410000,0,0,0.063492,0.380952
3.888889,20.190475,background,0.000000,60.689999,0,0,0.079365,0.380952
4.666667,20.190475,background,0.000000,61.880001,0,0,0.095238,0.380952
5.444445,20.190475,background,0.000000,63.040001,0,0,0.111111,0.380952
6.222222,20.190475,HBM_0,25.000000,64.190002,1,1,0.126984,0.380952
7.000000,20.190475,HBM_0,25.000000,65.320000,1,0,0.142857,0.380952
7.777778,20.190475,HBM_0,25.000000,66.449997,1,0,0.158730,0.380952
8.555555,20.190475,HBM_0,25.000000,67.610001,1,0,0.174603,0.380952
9.333333,20.190475,HBM_0,25.000000,68.860001,1,0,0.190476,0.380952
10.111111,20.190475,HBM_0,25.000000,70.419998,1,0,0.206349,0.380952
10.888889,20.190475,HBM_0,25.000000,73.000000,1,0,0.222222,0.380952
11.666667,20.190475,HBM_0,25.000000,78.709999,1,0,0.238095,0.380952
12.444445,20.190475,HBM_0,25.000000,81.370003,1,0,0.253968,0.380952
13.222222,20.190475,HBM_0,25.000000,82.769997,1,0,0.269841,0.380952
14.000000,20.190475,HBM_0,25.000000,83.690002,1,1,0.285714,0.380952
14.777778,20.190475,GPU_0,100.000000,84.250000,1,0,0.301587,0.380952
15.555555,20.190475,GPU_0,100.000000,84.129997,1,0,0.317460,0.380952
16.333334,20.190475,GPU_0,100.000000,81.709999,1,0,0.333333,0.380952
17.111111,20.190475,GPU_0,100.000000,82.059998,1,0,0.349206,0.380952
17.888889,20.190475,GPU_0,100.000000,83.809998,1,0,0.365079,0.380952
18.666666,20.190475,GPU_0,100.000000,86.580002,1,0,0.380952,0.380952
19.444445,20.190475,GPU_0,100.000000,87.839996,1,0,0.396825,0.380952
20.222221,20.190475,GPU_0,100.000000,88.610001,1,0,0.412698,0.380952
21.000000,20.190475,GPU_0,100.000000,89.160004,1,0,0.428571,0.380952
21.777779,20.190475,GPU_0,100.000000,89.559998,1,0,0.444444,0.380952
22.555555,20.190475,GPU_0,100.000000,89.839996,1,0,0.460317,0.380952
23.333334,20.190475,background,0.000000,89.989998,0,1,0.476190,0.380952
24.111111,20.190475,CPU2_1,34.000000,90.000000,1,1,0.492063,0.380952
24.888889,20.190475,CPU2_1,34.000000,89.839996,1,0,0.507937,0.380952
25.666666,20.190475,CPU2_1,34.000000,89.279999,1,0,0.523809,0.380952
26.444445,20.190475,CPU2_1,34.000000,87.540001,1,0,0.539683,0.380952
27.222221,20.190475,CPU2_1,34.000000,89.519997,1,0,0.555556,0.380952
28.000000,20.190475,CPU2_1,34.000000,89.849998,1,0,0.571429,0.380952
28.777779,20.190475,CPU2_1,34.000000,89.620003,1,1,0.587302,0.380952
29.555555,20.190475,DRAM_0,20.000000,89.070000,1,0,0.603175,0.380952
30.333334,20.190475,DRAM_0,20.000000,88.169998,1,0,0.619048,0.380952
31.111111,20.190475,DRAM_0,20.000000,86.660004,1,0,0.634921,0.380952
31.888889,20.190475,DRAM_0,20.000000,82.769997,1,0,0.650794,0.380952
32.666668,20.190475,DRAM_0,20.000000,78.639999,1,0,0.666667,0.380952
33.444443,20.190475,DRAM_0,20.000000,75.519997,1,0,0.682540,0.380952
34.222221,20.190475,DRAM_0,20.000000,73.900002,1,0,0.698413,0.380952
35.000000,20.190475,DRAM_0,20.000000,72.589996,1,0,0.714286,0.380952
35.777779,20.190475,DRAM_0,20.000000,71.250000,1,0,0.730159,0.380952
36.555557,20.190475,DRAM_0,20.000000,69.830002,1,0,0.746032,0.380952
37.333332,20.190475,DRAM_0,20.000000,68.410004,1,0,0.761905,0.380952
38.111111,20.190475,background,0.000000,67.050003,0,1,0.777778,0.380952
38.888889,20.190475,background,0.000000,65.730003,0,0,0.793651,0.380952
39.666668,20.190475,background,0.000000,64.440002,0,0,0.809524,0.380952
40.444443,20.190475,background,0.000000,63.180000,0,0,0.825397,0.380952
41.222221,20.190475,background,0.000000,61.900002,0,0,0.841270,0.380952
42.000000,20.190475,background,0.000000,60.430000,0,0,0.857143,0.380952
42.777779,20.190475,background,0.000000,58.990002,0,0,0.873016,0.380952
43.555557,20.190475,background,0.000000,57.630001,0,0,0.888889,0.380952
44.333332,20.190475,background,0.000000,56.400002,0,0,0.904762,0.380952
45.111111,20.190475,background,0.000000,55.270000,0,0,0.920635,0.380952
45.888889,20.190475,background,0.000000,54.230000,0,0,0.936508,0.380952
46.666668,20.190475,background,0.000000,53.279999,0,0,0.952381,0.380952
47.444443,20.190475,background,0.000000,52.430000,0,0,0.968254,0.380952
48.222221,20.190475,background,0.000000,51.750000,0,0,0.984127,0.380952
49.000000,20.190475,background,0.000000,51.320000,0,0,1.000000,0.380952
0.000000,21.031746,background,0.000000,55.160000,0,0,0.000000,0.396825
0.777778,21.031746,background,0.000000,55.830002,0,0,0.015873,0.396825
1.555556,21.031746,background,0.000000,56.990002,0,0,0.031746,0.396825
2.333333,21.031746,background,0.000000,58.590000,0,0,0.047619,0.396825
3.111111,21.031746,background,0.000000,59.939999,0,0,0.063492,0.396825
3.888889,21.031746,background,0.000000,61.240002,0,0,0.079365,0.396825
4.666667,21.031746,background,0.000000,62.470001,0,0,0.095238,0.396825
5.444445,21.031746,background,0.000000,63.660000,0,0,0.111111,0.396825
6.222222,21.031746,HBM_0,25.000000,64.830002,1,1,0.126984,0.396825
7.000000,21.031746,HBM_0,25.000000,65.989998,1,0,0.142857,0.396825
7.777778,21.031746,HBM_0,25.000000,67.150002,1,0,0.158730,0.396825
8.555555,21.031746,HBM_0,25.000000,68.330002,1,0,0.174603,0.396825
9.333333,21.031746,HBM_0,25.000000,69.610001,1,0,0.190476,0.396825
10.111111,21.031746,HBM_0,25.000000,71.209999,1,0,0.206349,0.396825
10.888889,21.031746,HBM_0,25.000000,73.849998,1,0,0.222222,0.396825
11.666667,21.031746,HBM_0,25.000000,79.620003,1,0,0.238095,0.396825
12.444445,21.031746,HBM_0,25.000000,82.309998,1,0,0.253968,0.396825
13.222222,21.031746,HBM_0,25.000000,83.730003,1,0,0.269841,0.396825
14.000000,21.031746,HBM_0,25.000000,84.639999,1,1,0.285714,0.396825
14.777778,21.031746,GPU_0,100.000000,85.169998,1,0,0.301587,0.396825
15.555555,21.031746,GPU_0,100.000000,85.000000,1,0,0.317460,0.396825
16.333334,21.031746,GPU_0,100.000000,82.529999,1,0,0.333333,0.396825
17.111111,21.031746,GPU_0,100.000000,82.790001,1,0,0.349206,0.396825
17.888889,21.031746,GPU_0,100.000000,84.459999,1,0,0.365079,0.396825
18.666666,21.031746,GPU_0,100.000000,87.190002,1,0,0.380952,0.396825
19.444445,21.031746,GPU_0,100.000000,88.419998,1,0,0.396825,0.396825
20.222221,21.031746,GPU_0,100.000000,89.180000,1,0,0.412698,0.396825
21.000000,21.031746,GPU_0,100.000000,89.709999,1,0,0.428571,0.396825
21.777779,21.031746,GPU_0,100.000000,90.099998,1,0,0.444444,0.396825
22.555555,21.031746,GPU_0,100.000000,90.360001,1,0,0.460317,0.396825
23.333334,21.031746,background,0.000000,90.489998,0,1,0.476190,0.396825
24.111111,21.031746,CPU2_1,34.000000,90.489998,1,1,0.492063,0.396825
24.888889,21.031746,CPU2_1,34.000000,90.300003,1,0,0.507937,0.396825
25.666666,21.031746,CPU2_1,34.000000,89.730003,1,0,0.523809,0.396825
26.444445,21.031746,CPU2_1,34.000000,87.980003,1,0,0.539683,0.396825
27.222221,21.031746,CPU2_1,34.000000,89.940002,1,0,0.555556,0.396825
28.000000,21.031746,CPU2_1,34.000000,90.230003,1,0,0.571429,0.396825
28.777779,21.031746,CPU2_1,34.000000,89.980003,1,1,0.587302,0.396825
29.555555,21.031746,DRAM_0,20.000000,89.410004,1,0,0.603175,0.396825
30.333334,21.031746,DRAM_0,20.000000,88.500000,1,0,0.619048,0.396825
31.111111,21.031746,DRAM_0,20.000000,87.019997,1,0,0.634921,0.396825
31.888889,21.031746,DRAM_0,20.000000,83.410004,1,0,0.650794,0.396825
32.666668,21.031746,DRAM_0,20.000000,78.519997,1,0,0.666667,0.396825
33.444443,21.031746,DRAM_0,20.000000,75.389999,1,0,0.682540,0.396825
34.222221,21.031746,DRAM_0,20.000000,74.120003,1,0,0.698413,0.396825
35.000000,21.031746,DRAM_0,20.000000,72.940002,1,0,0.714286,0.396825
35.777779,21.031746,DRAM_0,20.000000,71.690002,1,0,0.730159,0.396825
36.555557,21.031746,DRAM_0,20.000000,70.419998,1,0,0.746032,0.396825
37.333332,21.031746,DRAM_0,20.000000,69.139999,1,0,0.761905,0.396825
38.111111,21.031746,background,0.000000,67.860001,0,1,0.777778,0.396825
38.888889,21.031746,background,0.000000,66.599998,0,0,0.793651,0.396825
39.666668,21.031746,background,0.000000,65.349998,0,0,0.809524,0.396825
40.444443,21.031746,background,0.000000,64.110001,0,0,0.825397,0.396825
41.222221,21.031746,background,0.000000,62.830002,0,0,0.841270,0.396825
42.000000,21.031746,background,0.000000,61.119999,0,0,0.857143,0.396825
42.777779,21.031746,background,0.000000,59.529999,0,0,0.873016,0.396825
43.555557,21.031746,background,0.000000,58.020000,0,0,0.888889,0.396825
44.333332,21.031746,background,0.000000,56.720001,0,0,0.904762,0.396825
45.111111,21.031746,background,0.000000,55.549999,0,0,0.920635,0.396825
45.888889,21.031746,background,0.000000,54.480000,0,0,0.936508,0.396825
46.666668,21.031746,background,0.000000,53.509998,0,0,0.952381,0.396825
47.444443,21.031746,background,0.000000,52.650002,0,0,0.968254,0.396825
48.222221,21.031746,background,0.000000,51.950001,0,0,0.984127,0.396825
49.000000,21.031746,background,0.000000,51.520000,0,0,1.000000,0.396825
0.000000,21.873016,background,0.000000,55.590000,0,0,0.000000,0.412698
0.777778,21.873016,background,0.000000,56.279999,0,0,0.015873,0.412698
1.555556,21.873016,background,0.000000,57.490002,0,0,0.031746,0.412698
2.333333,21.873016,background,0.000000,59.119999,0,0,0.047619,0.412698
3.111111,21.873016,background,0.000000,60.470001,0,0,0.063492,0.412698
3.888889,21.873016,background,0.000000,61.810001,0,0,0.079365,0.412698
4.666667,21.873016,background,0.000000,63.070000,0,0,0.095238,0.412698
5.444445,21.873016,background,0.000000,64.300003,0,0,0.111111,0.412698
6.222222,21.873016,HBM_0,25.000000,65.500000,1,1,0.126984,0.412698
7.000000,21.873016,HBM_0,25.000000,66.669998,1,0,0.142857,0.412698
7.777778,21.873016,HBM_0,25.000000,67.849998,1,0,0.158730,0.412698
8.555555,21.873016,HBM_0,25.000000,69.050003,1,0,0.174603,0.412698
9.333333,21.873016,HBM_0,25.000000,70.339996,1,0,0.190476,0.412698
10.111111,21.873016,HBM_0,25.000000,71.940002,1,0,0.206349,0.412698
10.888889,21.873016,HBM_0,25.000000,74.580002,1,0,0.222222,0.412698
11.666667,21.873016,HBM_0,25.000000,80.349998,1,0,0.238095,0.412698
12.444445,21.873016,HBM_0,25.000000,83.029999,1,0,0.253968,0.412698
13.222222,21.873016,HBM_0,25.000000,84.440002,1,0,0.269841,0.412698
14.000000,21.873016,HBM_0,25.000000,85.339996,1,1,0.285714,0.412698
14.777778,21.873016,GPU_0,100.000000,85.839996,1,0,0.301587,0.412698
15.555555,21.873016,GPU_0,100.000000,85.650002,1,0,0.317460,0.412698
16.333334,21.873016,GPU_0,100.000000,83.150002,1,0,0.333333,0.412698
17.111111,21.873016,GPU_0,100.000000,83.360001,1,0,0.349206,0.412698
17.888889,21.873016,GPU_0,100.000000,84.980003,1,0,0.365079,0.412698
18.666666,21.873016,GPU_0,100.000000,87.669998,1,0,0.380952,0.412698
19.444445,21.873016,GPU_0,100.000000,88.879997,1,0,0.396825,0.412698
20.222221,21.873016,GPU_0,100.000000,89.620003,1,0,0.412698,0.412698
21.000000,21.873016,GPU_0,100.000000,90.139999,1,0,0.428571,0.412698
21.777779,21.873016,GPU_0,100.000000,90.519997,1,0,0.444444,0.412698
22.555555,21.873016,GPU_0,100.000000,90.760002,1,0,0.460317,0.412698
23.333334,21.873016,background,0.000000,90.879997,0,1,0.476190,0.412698
24.111111,21.873016,CPU2_1,34.000000,90.849998,1,1,0.492063,0.412698
24.888889,21.873016,CPU2_1,34.000000,90.629997,1,0,0.507937,0.412698
25.666666,21.873016,CPU2_1,34.000000,90.019997,1,0,0.523809,0.412698
26.444445,21.873016,CPU2_1,34.000000,88.209999,1,0,0.539683,0.412698
27.222221,21.873016,CPU2_1,34.000000,90.110001,1,0,0.555556,0.412698
28.000000,21.873016,CPU2_1,34.000000,90.389999,1,0,0.571429,0.412698
28.777779,21.873016,CPU2_1,34.000000,90.160004,1,1,0.587302,0.412698
29.555555,21.873016,DRAM_0,20.000000,89.639999,1,0,0.603175,0.412698
30.333334,21.873016,DRAM_0,20.000000,88.769997,1,0,0.619048,0.412698
31.111111,21.873016,DRAM_0,20.000000,87.330002,1,0,0.634921,0.412698
31.888889,21.873016,DRAM_0,20.000000,83.839996,1,0,0.650794,0.412698
32.666668,21.873016,DRAM_0,20.000000,78.860001,1,0,0.666667,0.412698
33.444443,21.873016,DRAM_0,20.000000,75.680000,1,0,0.682540,0.412698
34.222221,21.873016,DRAM_0,20.000000,74.430000,1,0,0.698413,0.412698
35.000000,21.873016,DRAM_0,20.000000,73.250000,1,0,0.714286,0.412698
35.777779,21.873016,DRAM_0,20.000000,72.029999,1,0,0.730159,0.412698
36.555557,21.873016,DRAM_0,20.000000,70.790001,1,0,0.746032,0.412698
37.333332,21.873016,DRAM_0,20.000000,69.540001,1,0,0.761905,0.412698
38.111111,21.873016,background,0.000000,68.300003,0,1,0.777778,0.412698
38.888889,21.873016,background,0.000000,67.059998,0,0,0.793651,0.412698
39.666668,21.873016,background,0.000000,65.809998,0,0,0.809524,0.412698
40.444443,21.873016,background,0.000000,64.570000,0,0,0.825397,0.412698
41.222221,21.873016,background,0.000000,63.279999,0,0,0.841270,0.412698
42.000000,21.873016,background,0.000000,61.540001,0,0,0.857143,0.412698
42.777779,21.873016,background,0.000000,59.930000,0,0,0.873016,0.412698
43.555557,21.873016,background,0.000000,58.360001,0,0,0.888889,0.412698
44.333332,21.873016,background,0.000000,57.009998,0,0,0.904762,0.412698
45.111111,21.873016,background,0.000000,55.810001,0,0,0.920635,0.412698
45.888889,21.873016,background,0.000000,54.720001,0,0,0.936508,0.412698
46.666668,21.873016,background,0.000000,53.730000,0,0,0.952381,0.412698
47.444443,21.873016,background,0.000000,52.849998,0,0,0.968254,0.412698
48.222221,21.873016,background,0.000000,52.139999,0,0,0.984127,0.412698
49.000000,21.873016,background,0.000000,51.700001,0,0,1.000000,0.412698
0.000000,22.714285,background,0.000000,56.040001,0,0,0.000000,0.428571
0.777778,22.714285,background,0.000000,56.770000,0,0,0.015873,0.428571
1.555556,22.714285,background,0.000000,58.040001,0,0,0.031746,0.428571
2.333333,22.714285,background,0.000000,59.730000,0,0,0.047619,0.428571
3.111111,22.714285,background,0.000000,61.070000,0,0,0.063492,0.428571
3.888889,22.714285,background,0.000000,62.450001,0,0,0.079365,0.428571
4.666667,22.714285,background,0.000000,63.759998,0,0,0.095238,0.428571
5.444445,22.714285,background,0.000000,65.019997,0,0,0.111111,0.428571
6.222222,22.714285,HBM_0,25.000000,66.239998,1,1,0.126984,0.428571
7.000000,22.714285,HBM_0,25.000000,67.430000,1,0,0.142857,0.428571
7.777778,22.714285,HBM_0,25.000000,68.610001,1,0,0.158730,0.428571
8.555555,22.714285,HBM_0,25.000000,69.809998,1,0,0.174603,0.428571
9.333333,22.714285,HBM_0,25.000000,71.099998,1,0,0.190476,0.428571
10.111111,22.714285,HBM_0,25.000000,72.680000,1,0,0.206349,0.428571
10.888889,22.714285,HBM_0,25.000000,75.269997,1,0,0.222222,0.428571
11.666667,22.714285,HBM_0,25.000000,80.930000,1,0,0.238095,0.428571
12.444445,22.714285,HBM_0,25.000000,83.559998,1,0,0.253968,0.428571
13.222222,22.714285,HBM_0,25.000000,84.940002,1,0,0.269841,0.428571
14.000000,22.714285,HBM_0,25.000000,85.809998,1,1,0.285714,0.428571
14.777778,22.714285,GPU_0,100.000000,86.300003,1,0,0.301587,0.428571
15.555555,22.714285,GPU_0,100.000000,86.099998,1,0,0.317460,0.428571
16.333334,22.714285,GPU_0,100.000000,83.620003,1,0,0.333333,0.428571
17.111111,22.714285,GPU_0,100.000000,83.800003,1,0,0.349206,0.428571
17.888889,22.714285,GPU_0,100.000000,85.370003,1,0,0.365079,0.428571
18.666666,22.714285,GPU_0,100.000000,88.010002,1,0,0.380952,0.428571
19.444445,22.714285,GPU_0,100.000000,89.190002,1,0,0.396825,0.428571
20.222221,22.714285,GPU_0,100.000000,89.919998,1,0,0.412698,0.428571
21.000000,22.714285,GPU_0,100.000000,90.449997,1,0,0.428571,0.428571
21.777779,22.714285,GPU_0,100.000000,90.830002,1,0,0.444444,0.428571
22.555555,22.714285,GPU_0,100.000000,91.070000,1,0,0.460317,0.428571
23.333334,22.714285,CPU2_0,34.000000,91.160004,1,1,0.476190,0.428571
24.111111,22.714285,CPU2_0,34.000000,91.099998,1,1,0.492063,0.428571
24.888889,22.714285,CPU2_0,34.000000,90.830002,1,1,0.507937,0.428571
25.666666,22.714285,CPU2_0,34.000000,90.129997,1,1,0.523809,0.428571
26.444445,22.714285,CPU2_0,34.000000,88.169998,1,1,0.539683,0.428571
27.222221,22.714285,CPU2_0,34.000000,89.860001,1,1,0.555556,0.428571
28.000000,22.714285,CPU2_0,34.000000,90.139999,1,1,0.571429,0.428571
28.777779,22.714285,background,0.000000,90.059998,0,1,0.587302,0.428571
29.555555,22.714285,DRAM_0,20.000000,89.730003,1,0,0.603175,0.428571
30.333334,22.714285,DRAM_0,20.000000,88.970001,1,0,0.619048,0.428571
31.111111,22.714285,DRAM_0,20.000000,87.599998,1,0,0.634921,0.428571
31.888889,22.714285,DRAM_0,20.000000,84.190002,1,0,0.650794,0.428571
32.666668,22.714285,DRAM_0,20.000000,79.669998,1,0,0.666667,0.428571
33.444443,22.714285,DRAM_0,20.000000,76.330002,1,0,0.682540,0.428571
34.222221,22.714285,DRAM_0,20.000000,74.849998,1,0,0.698413,0.428571
35.000000,22.714285,DRAM_0,20.000000,73.580002,1,0,0.714286,0.428571
35.777779,22.714285,DRAM_0,20.000000,72.339996,1,0,0.730159,0.428571
36.555557,22.714285,DRAM_0,20.000000,71.099998,1,0,0.746032,0.428571
37.333332,22.714285,DRAM_0,20.000000,69.870003,1,0,0.761905,0.428571
38.111111,22.714285,background,0.000000,68.629997,0,1,0.777778,0.428571
38.888889,22.714285,background,0.000000,67.400002,0,0,0.793651,0.428571
39.666668,22.714285,background,0.000000,66.160004,0,0,0.809524,0.428571
40.444443,22.714285,background,0.000000,64.910004,0,0,0.825397,0.428571
41.222221,22.714285,background,0.000000,63.610001,0,0,0.841270,0.428571
42.000000,22.714285,background,0.000000,61.860001,0,0,0.857143,0.428571
42.777779,22.714285,background,0.000000,60.250000,0,0,0.873016,0.428571
43.555557,22.714285,background,0.000000,58.660000,0,0,0.888889,0.428571
44.333332,22.714285,background,0.000000,57.279999,0,0,0.904762,0.428571
45.111111,22.714285,background,0.000000,56.060001,0,0,0.920635,0.428571
45.888889,22.714285,background,0.000000,54.950001,0,0,0.936508,0.428571
46.666668,22.714285,background,0.000000,53.939999,0,0,0.952381,0.428571
47.444443,22.714285,background,0.000000,53.049999,0,0,0.968254,0.428571
48.222221,22.714285,background,0.000000,52.330002,0,0,0.984127,0.428571
49.000000,22.714285,background,0.000000,51.880001,0,0,1.000000,0.428571
0.000000,23.555555,background,0.000000,56.500000,0,0,0.000000,0.444444
0.777778,23.555555,background,0.000000,57.290001,0,0,0.015873,0.444444
1.555556,23.555555,background,0.000000,58.680000,0,0,0.031746,0.444444
2.333333,23.555555,background,0.000000,60.509998,0,0,0.047619,0.444444
3.111111,23.555555,background,0.000000,61.869999,0,0,0.063492,0.444444
3.888889,23.555555,background,0.000000,63.330002,0,0,0.079365,0.444444
4.666667,23.555555,background,0.000000,64.690002,0,0,0.095238,0.444444
5.444445,23.555555,background,0.000000,65.980003,0,0,0.111111,0.444444
6.222222,23.555555,HBM_0,25.000000,67.230003,1,1,0.126984,0.444444
7.000000,23.555555,HBM_0,25.000000,68.430000,1,0,0.142857,0.444444
7.777778,23.555555,HBM_0,25.000000,69.620003,1,0,0.158730,0.444444
8.555555,23.555555,HBM_0,25.000000,70.809998,1,0,0.174603,0.444444
9.333333,23.555555,HBM_0,25.000000,72.070000,1,0,0.190476,0.444444
10.111111,23.555555,HBM_0,25.000000,73.580002,1,0,0.206349,0.444444
10.888889,23.555555,HBM_0,25.000000,76.019997,1,0,0.222222,0.444444
11.666667,23.555555,HBM_0,25.000000,81.349998,1,0,0.238095,0.444444
12.444445,23.555555,HBM_0,25.000000,83.849998,1,0,0.253968,0.444444
13.222222,23.555555,HBM_0,25.000000,85.160004,1,0,0.269841,0.444444
14.000000,23.555555,HBM_0,25.000000,86.000000,1,1,0.285714,0.444444
14.777778,23.555555,GPU_0,100.000000,86.470001,1,0,0.301587,0.444444
15.555555,23.555555,GPU_0,100.000000,86.290001,1,0,0.317460,0.444444
16.333334,23.555555,GPU_0,100.000000,83.959999,1,0,0.333333,0.444444
17.111111,23.555555,GPU_0,100.000000,84.139999,1,0,0.349206,0.444444
17.888889,23.555555,GPU_0,100.000000,85.610001,1,0,0.365079,0.444444
18.666666,23.555555,GPU_0,100.000000,88.169998,1,0,0.380952,0.444444
19.444445,23.555555,GPU_0,100.000000,89.300003,1,0,0.396825,0.444444
20.222221,23.555555,GPU_0,100.000000,90.050003,1,0,0.412698,0.444444
21.000000,23.555555,GPU_0,100.000000,90.639999,1,0,0.428571,0.444444
21.777779,23.555555,GPU_0,100.000000,91.050003,1,0,0.444444,0.444444
22.555555,23.555555,GPU_0,100.000000,91.290001,1,0,0.460317,0.444444
23.333334,23.555555,CPU2_0,34.000000,91.360001,1,1,0.476190,0.444444
24.111111,23.555555,CPU2_0,34.000000,91.250000,1,0,0.492063,0.444444
24.888889,23.555555,CPU2_0,34.000000,90.889999,1,0,0.507937,0.444444
25.666666,23.555555,CPU2_0,34.000000,90.019997,1,0,0.523809,0.444444
26.444445,23.555555,CPU2_0,34.000000,87.709999,1,0,0.539683,0.444444
27.222221,23.555555,CPU2_0,34.000000,88.599998,1,0,0.555556,0.444444
28.000000,23.555555,CPU2_0,34.000000,88.900002,1,1,0.571429,0.444444
28.777779,23.555555,background,0.000000,89.349998,0,1,0.587302,0.444444
29.555555,23.555555,background,0.000000,89.620003,0,1,0.603175,0.444444
30.333334,23.555555,background,0.000000,89.089996,0,1,0.619048,0.444444
31.111111,23.555555,background,0.000000,87.809998,0,1,0.634921,0.444444
31.888889,23.555555,background,0.000000,84.430000,0,1,0.650794,0.444444
32.666668,23.555555,background,0.000000,81.279999,0,1,0.666667,0.444444
33.444443,23.555555,DRAM_3,20.000000,77.779999,1,1,0.682540,0.444444
34.222221,23.555555,DRAM_3,20.000000,75.459999,1,1,0.698413,0.444444
35.000000,23.555555,DRAM_3,20.000000,73.940002,1,1,0.714286,0.444444
35.777779,23.555555,DRAM_3,20.000000,72.629997,1,1,0.730159,0.444444
36.555557,23.555555,DRAM_3,20.000000,71.379997,1,1,0.746032,0.444444
37.333332,23.555555,DRAM_3,20.000000,70.150002,1,1,0.761905,0.444444
38.111111,23.555555,DRAM_3,20.000000,68.919998,1,1,0.777778,0.444444
38.888889,23.555555,DRAM_3,20.000000,67.699997,1,1,0.793651,0.444444
39.666668,23.555555,DRAM_3,20.000000,66.459999,1,1,0.809524,0.444444
40.444443,23.555555,DRAM_3,20.000000,65.209999,1,1,0.825397,0.444444
41.222221,23.555555,DRAM_3,20.000000,63.910000,1,1,0.841270,0.444444
42.000000,23.555555,DRAM_3,20.000000,62.150002,1,1,0.857143,0.444444
42.777779,23.555555,background,0.000000,60.529999,0,0,0.873016,0.444444
43.555557,23.555555,background,0.000000,58.919998,0,0,0.888889,0.444444
44.333332,23.555555,background,0.000000,57.529999,0,0,0.904762,0.444444
45.111111,23.555555,background,0.000000,56.290001,0,0,0.920635,0.444444
45.888889,23.555555,background,0.000000,55.160000,0,0,0.936508,0.444444
46.666668,23.555555,background,0.000000,54.139999,0,0,0.952381,0.444444
47.444443,23.555555,background,0.000000,53.240002,0,0,0.968254,0.444444
48.222221,23.555555,background,0.000000,52.509998,0,0,0.984127,0.444444
49.000000,23.555555,background,0.000000,52.060001,0,0,1.000000,0.444444
0.000000,24.396826,background,0.000000,56.970001,0,0,0.000000,0.460317
0.777778,24.396826,background,0.000000,57.860001,0,0,0.015873,0.460317
1.555556,24.396826,background,0.000000,59.480000,0,0,0.031746,0.460317
2.333333,24.396826,background,0.000000,61.700001,0,0,0.047619,0.460317
3.111111,24.396826,background,0.000000,63.320000,0,0,0.063492,0.460317
3.888889,24.396826,background,0.000000,64.989998,0,0,0.079365,0.460317
4.666667,24.396826,background,0.000000,66.440002,0,0,0.095238,0.460317
5.444445,24.396826,background,0.000000,67.779999,0,0,0.111111,0.460317
6.222222,24.396826,HBM_0,25.000000,69.050003,1,1,0.126984,0.460317
7.000000,24.396826,HBM_0,25.000000,70.260002,1,0,0.142857,0.460317
7.777778,24.396826,HBM_0,25.000000,71.440002,1,0,0.158730,0.460317
8.555555,24.396826,HBM_0,25.000000,72.610001,1,0,0.174603,0.460317
9.333333,24.396826,HBM_0,25.000000,73.830002,1,0,0.190476,0.460317
10.111111,24.396826,HBM_0,25.000000,75.250000,1,0,0.206349,0.460317
10.888889,24.396826,HBM_0,25.000000,77.470001,1,0,0.222222,0.460317
11.666667,24.396826,HBM_0,25.000000,82.349998,1,0,0.238095,0.460317
12.444445,24.396826,HBM_0,25.000000,84.580002,1,0,0.253968,0.460317
13.222222,24.396826,HBM_0,25.000000,85.790001,1,0,0.269841,0.460317
14.000000,24.396826,HBM_0,25.000000,86.589996,1,1,0.285714,0.460317
14.777778,24.396826,GPU_0,100.000000,87.050003,1,0,0.301587,0.460317
15.555555,24.396826,GPU_0,100.000000,86.870003,1,0,0.317460,0.460317
16.333334,24.396826,GPU_0,100.000000,84.459999,1,0,0.333333,0.460317
17.111111,24.396826,GPU_0,100.000000,84.510002,1,0,0.349206,0.460317
17.888889,24.396826,GPU_0,100.000000,85.669998,1,0,0.365079,0.460317
18.666666,24.396826,GPU_0,100.000000,87.930000,1,0,0.380952,0.460317
19.444445,24.396826,GPU_0,100.000000,89.000000,1,0,0.396825,0.460317
20.222221,24.396826,GPU_0,100.000000,89.839996,1,0,0.412698,0.460317
21.000000,24.396826,GPU_0,100.000000,90.690002,1,0,0.428571,0.460317
21.777779,24.396826,GPU_0,100.000000,91.239998,1,0,0.444444,0.460317
22.555555,24.396826,GPU_0,100.000000,91.510002,1,0,0.460317,0.460317
23.333334,24.396826,CPU2_0,34.000000,91.559998,1,1,0.476190,0.460317
24.111111,24.396826,CPU2_0,34.000000,91.389999,1,0,0.492063,0.460317
24.888889,24.396826,CPU2_0,34.000000,90.860001,1,0,0.507937,0.460317
25.666666,24.396826,CPU2_0,34.000000,89.550003,1,0,0.523809,0.460317
26.444445,24.396826,CPU2_0,34.000000,86.970001,1,0,0.539683,0.460317
27.222221,24.396826,CPU2_0,34.000000,86.970001,1,0,0.555556,0.460317
28.000000,24.396826,CPU2_0,34.000000,87.419998,1,1,0.571429,0.460317
28.777779,24.396826,background,0.000000,88.180000,0,0,0.587302,0.460317
29.555555,24.396826,background,0.000000,89.389999,0,0,0.603175,0.460317
30.333334,24.396826,background,0.000000,89.180000,0,0,0.619048,0.460317
31.111111,24.396826,background,0.000000,88.260002,0,0,0.634921,0.460317
31.888889,24.396826,background,0.000000,86.580002,0,0,0.650794,0.460317
32.666668,24.396826,background,0.000000,84.239998,0,1,0.666667,0.460317
33.444443,24.396826,DRAM_3,20.000000,79.879997,1,0,0.682540,0.460317
34.222221,24.396826,DRAM_3,20.000000,76.209999,1,0,0.698413,0.460317
35.000000,24.396826,DRAM_3,20.000000,74.300003,1,0,0.714286,0.460317
35.777779,24.396826,DRAM_3,20.000000,72.900002,1,0,0.730159,0.460317
36.555557,24.396826,DRAM_3,20.000000,71.629997,1,0,0.746032,0.460317
37.333332,24.396826,DRAM_3,20.000000,70.400002,1,0,0.761905,0.460317
38.111111,24.396826,DRAM_3,20.000000,69.180000,1,0,0.777778,0.460317
38.888889,24.396826,DRAM_3,20.000000,67.959999,1,0,0.793651,0.460317
39.666668,24.396826,DRAM_3,20.000000,66.730003,1,0,0.809524,0.460317
40.444443,24.396826,DRAM_3,20.000000,65.470001,1,0,0.825397,0.460317
41.222221,24.396826,DRAM_3,20.000000,64.169998,1,0,0.841270,0.460317
42.000000,24.396826,DRAM_3,20.000000,62.400002,1,1,0.857143,0.460317
42.777779,24.396826,background,0.000000,60.779999,0,0,0.873016,0.460317
43.555557,24.396826,background,0.000000,59.160000,0,0,0.888889,0.460317
44.333332,24.396826,background,0.000000,57.759998,0,0,0.904762,0.460317
45.111111,24.396826,background,0.000000,56.500000,0,0,0.920635,0.460317
45.888889,24.396826,background,0.000000,55.360001,0,0,0.936508,0.460317
46.666668,24.396826,background,0.000000,54.330002,0,0,0.952381,0.460317
47.444443,24.396826,background,0.000000,53.419998,0,0,0.968254,0.460317
48.222221,24.396826,background,0.000000,52.680000,0,0,0.984127,0.460317
49.000000,24.396826,background,0.000000,52.220001,0,0,1.000000,0.460317
0.000000,25.238094,background,0.000000,57.430000,0,0,0.000000,0.476190
0.777778,25.238094,background,0.000000,58.450001,0,0,0.015873,0.476190
1.555556,25.238094,background,0.000000,60.430000,0,0,0.031746,0.476190
2.333333,25.238094,background,0.000000,63.549999,0,0,0.047619,0.476190
3.111111,25.238094,background,0.000000,66.650002,0,0,0.063492,0.476190
3.888889,25.238094,background,0.000000,68.849998,0,0,0.079365,0.476190
4.666667,25.238094,background,0.000000,70.449997,0,0,0.095238,0.476190
5.444445,25.238094,background,0.000000,71.849998,0,0,0.111111,0.476190
6.222222,25.238094,HBM_0,25.000000,73.129997,1,1,0.126984,0.476190
7.000000,25.238094,HBM_0,25.000000,74.349998,1,0,0.142857,0.476190
7.777778,25.238094,HBM_0,25.000000,75.519997,1,0,0.158730,0.476190
8.555555,25.238094,HBM_0,25.000000,76.660004,1,0,0.174603,0.476190
9.333333,25.238094,HBM_0,25.000000,77.809998,1,0,0.190476,0.476190
10.111111,25.238094,HBM_0,25.000000,79.070000,1,0,0.206349,0.476190
10.888889,25.238094,HBM_0,25.000000,80.730003,1,0,0.222222,0.476190
11.666667,25.238094,HBM_0,25.000000,83.489998,1,0,0.238095,0.476190
12.444445,25.238094,HBM_0,25.000000,85.089996,1,0,0.253968,0.476190
13.222222,25.238094,HBM_0,25.000000,86.129997,1,0,0.269841,0.476190
14.000000,25.238094,HBM_0,25.000000,86.879997,1,1,0.285714,0.476190
14.777778,25.238094,GPU_0,100.000000,87.360001,1,0,0.301587,0.476190
15.555555,25.238094,GPU_0,100.000000,87.269997,1,0,0.317460,0.476190
16.333334,25.238094,GPU_0,100.000000,85.209999,1,0,0.333333,0.476190
17.111111,25.238094,GPU_0,100.000000,85.129997,1,0,0.349206,0.476190
17.888889,25.238094,GPU_0,100.000000,85.449997,1,0,0.365079,0.476190
18.666666,25.238094,GPU_0,100.000000,86.470001,1,0,0.380952,0.476190
19.444445,25.238094,GPU_0,100.000000,87.370003,1,0,0.396825,0.476190
20.222221,25.238094,GPU_0,100.000000,88.589996,1,0,0.412698,0.476190
21.000000,25.238094,GPU_0,100.000000,90.680000,1,0,0.428571,0.476190
21.777779,25.238094,GPU_0,100.000000,91.610001,1,0,0.444444,0.476190
22.555555,25.238094,GPU_0,100.000000,91.930000,1,0,0.460317,0.476190
23.333334,25.238094,CPU2_0,34.000000,91.970001,1,1,0.476190,0.476190
24.111111,25.238094,CPU2_0,34.000000,91.709999,1,0,0.492063,0.476190
24.888889,25.238094,CPU2_0,34.000000,90.870003,1,0,0.507937,0.476190
25.666666,25.238094,CPU2_0,34.000000,87.849998,1,0,0.523809,0.476190
26.444445,25.238094,CPU2_0,34.000000,85.910004,1,0,0.539683,0.476190
27.222221,25.238094,CPU2_0,34.000000,85.610001,1,0,0.555556,0.476190
28.000000,25.238094,CPU2_0,34.000000,86.300003,1,1,0.571429,0.476190
28.777779,25.238094,background,0.000000,87.620003,0,0,0.587302,0.476190
29.555555,25.238094,background,0.000000,89.230003,0,0,0.603175,0.476190
30.333334,25.238094,background,0.000000,89.209999,0,0,0.619048,0.476190
31.111111,25.238094,background,0.000000,88.500000,0,0,0.634921,0.476190
31.888889,25.238094,background,0.000000,87.230003,0,0,0.650794,0.476190
32.666668,25.238094,background,0.000000,85.089996,0,1,0.666667,0.476190
33.444443,25.238094,DRAM_3,20.000000,80.610001,1,0,0.682540,0.476190
34.222221,25.238094,DRAM_3,20.000000,76.620003,1,0,0.698413,0.476190
35.000000,25.238094,DRAM_3,20.000000,74.580002,1,0,0.714286,0.476190
35.777779,25.238094,DRAM_3,20.000000,73.129997,1,0,0.730159,0.476190
36.555557,25.238094,DRAM_3,20.000000,71.860001,1,0,0.746032,0.476190
37.333332,25.238094,DRAM_3,20.000000,70.629997,1,0,0.761905,0.476190
38.111111,25.238094,DRAM_3,20.000000,69.419998,1,0,0.777778,0.476190
38.888889,25.238094,DRAM_3,20.000000,68.199997,1,0,0.793651,0.476190
39.666668,25.238094,DRAM_3,20.000000,66.970001,1,0,0.809524,0.476190
40.444443,25.238094,DRAM_3,20.000000,65.720001,1,0,0.825397,0.476190
41.222221,25.238094,DRAM_3,20.000000,64.410004,1,0,0.841270,0.476190
42.000000,25.238094,DRAM_3,20.000000,62.639999,1,1,0.857143,0.476190
42.777779,25.238094,background,0.000000,61.020000,0,0,0.873016,0.476190
43.555557,25.238094,background,0.000000,59.389999,0,0,0.888889,0.476190
44.333332,25.238094,background,0.000000,57.970001,0,0,0.904762,0.476190
45.111111,25.238094,background,0.000000,56.709999,0,0,0.920635,0.476190
45.888889,25.238094,background,0.000000,55.560001,0,0,0.936508,0.476190
46.666668,25.238094,background,0.000000,54.509998,0,0,0.952381,0.476190
47.444443,25.238094,background,0.000000,53.590000,0,0,0.968254,0.476190
48.222221,25.238094,background,0.000000,52.849998,0,0,0.984127,0.476190
49.000000,25.238094,background,0.000000,52.380001,0,0,1.000000,0.476190
0.000000,26.079365,background,0.000000,57.830002,0,0,0.000000,0.492063
0.777778,26.079365,background,0.000000,58.959999,0,0,0.015873,0.492063
1.555556,26.079365,background,0.000000,61.200001,0,0,0.031746,0.492063
2.333333,26.079365,background,0.000000,64.830002,0,0,0.047619,0.492063
3.111111,26.079365,background,0.000000,68.459999,0,0,0.063492,0.492063
3.888889,26.079365,background,0.000000,70.940002,0,0,0.079365,0.492063
4.666667,26.079365,background,0.000000,72.639999,0,0,0.095238,0.492063
5.444445,26.079365,background,0.000000,74.080002,0,0,0.111111,0.492063
6.222222,26.079365,HBM_0,25.000000,75.370003,1,1,0.126984,0.492063
7.000000,26.079365,HBM_0,25.000000,76.589996,1,0,0.142857,0.492063
7.777778,26.079365,HBM_0,25.000000,77.730003,1,0,0.158730,0.492063
8.555555,26.079365,HBM_0,25.000000,78.839996,1,0,0.174603,0.492063
9.333333,26.079365,HBM_0,25.000000,79.930000,1,0,0.190476,0.492063
10.111111,26.079365,HBM_0,25.000000,81.050003,1,0,0.206349,0.492063
10.888889,26.079365,HBM_0,25.000000,82.349998,1,0,0.222222,0.492063
11.666667,26.079365,HBM_0,25.000000,84.120003,1,0,0.238095,0.492063
12.444445,26.079365,HBM_0,25.000000,85.330002,1,0,0.253968,0.492063
13.222222,26.079365,HBM_0,25.000000,86.230003,1,0,0.269841,0.492063
14.000000,26.079365,HBM_0,25.000000,86.949997,1,1,0.285714,0.492063
14.777778,26.079365,GPU_0,100.000000,87.470001,1,0,0.301587,0.492063
15.555555,26.079365,GPU_0,100.000000,87.599998,1,0,0.317460,0.492063
16.333334,26.079365,GPU_0,100.000000,86.570000,1,0,0.333333,0.492063
17.111111,26.079365,GPU_0,100.000000,86.570000,1,0,0.349206,0.492063
17.888889,26.079365,GPU_0,100.000000,86.970001,1,0,0.365079,0.492063
18.666666,26.079365,GPU_0,100.000000,87.580002,1,0,0.380952,0.492063
19.444445,26.079365,GPU_0,100.000000,88.250000,1,0,0.396825,0.492063
20.222221,26.079365,GPU_0,100.000000,89.180000,1,0,0.412698,0.492063
21.000000,26.079365,GPU_0,100.000000,90.919998,1,0,0.428571,0.492063
21.777779,26.079365,GPU_0,100.000000,91.709999,1,0,0.444444,0.492063
22.555555,26.079365,GPU_0,100.000000,91.989998,1,0,0.460317,0.492063
23.333334,26.079365,CPU2_0,34.000000,92.000000,1,1,0.476190,0.492063
24.111111,26.079365,CPU2_0,34.000000,91.690002,1,0,0.492063,0.492063
24.888889,26.079365,CPU2_0,34.000000,90.699997,1,0,0.507937,0.492063
25.666666,26.079365,CPU2_0,34.000000,87.080002,1,0,0.523809,0.492063
26.444445,26.079365,CPU2_0,34.000000,85.320000,1,0,0.539683,0.492063
27.222221,26.079365,CPU2_0,34.000000,84.879997,1,0,0.555556,0.492063
28.000000,26.079365,CPU2_0,34.000000,85.699997,1,1,0.571429,0.492063
28.777779,26.079365,CPU2_7,34.000000,87.309998,1,1,0.587302,0.492063
29.555555,26.079365,CPU2_7,34.000000,89.070000,1,1,0.603175,0.492063
30.333334,26.079365,CPU2_7,34.000000,89.160004,1,1,0.619048,0.492063
31.111111,26.079365,CPU2_7,34.000000,88.559998,1,1,0.634921,0.492063
31.888889,26.079365,CPU2_7,34.000000,87.419998,1,1,0.650794,0.492063
32.666668,26.079365,CPU2_7,34.000000,85.360001,1,1,0.666667,0.492063
33.444443,26.079365,DRAM_3,20.000000,80.879997,1,0,0.682540,0.492063
34.222221,26.079365,DRAM_3,20.000000,76.849998,1,0,0.698413,0.492063
35.000000,26.079365,DRAM_3,20.000000,74.769997,1,0,0.714286,0.492063
35.777779,26.079365,DRAM_3,20.000000,73.320000,1,0,0.730159,0.492063
36.555557,26.079365,DRAM_3,20.000000,72.059998,1,0,0.746032,0.492063
37.333332,26.079365,DRAM_3,20.000000,70.839996,1,0,0.761905,0.492063
38.111111,26.079365,DRAM_3,20.000000,69.639999,1,0,0.777778,0.492063
38.888889,26.079365,DRAM_3,20.000000,68.430000,1,0,0.793651,0.492063
39.666668,26.079365,DRAM_3,20.000000,67.199997,1,0,0.809524,0.492063
40.444443,26.079365,DRAM_3,20.000000,65.949997,1,0,0.825397,0.492063
41.222221,26.079365,DRAM_3,20.000000,64.639999,1,0,0.841270,0.492063
42.000000,26.079365,DRAM_3,20.000000,62.869999,1,1,0.857143,0.492063
42.777779,26.079365,background,0.000000,61.240002,0,0,0.873016,0.492063
43.555557,26.079365,background,0.000000,59.610001,0,0,0.888889,0.492063
44.333332,26.079365,background,0.000000,58.180000,0,0,0.904762,0.492063
45.111111,26.079365,background,0.000000,56.910000,0,0,0.920635,0.492063
45.888889,26.079365,background,0.000000,55.750000,0,0,0.936508,0.492063
46.666668,26.079365,background,0.000000,54.689999,0,0,0.952381,0.492063
47.444443,26.079365,background,0.000000,53.759998,0,0,0.968254,0.492063
48.222221,26.079365,background,0.000000,53.009998,0,0,0.984127,0.492063
49.000000,26.079365,background,0.000000,52.540001,0,0,1.000000,0.492063
0.000000,26.920635,background,0.000000,58.130001,0,0,0.000000,0.507937
0.777778,26.920635,background,0.000000,59.320000,0,0,0.015873,0.507937
1.555556,26.920635,background,0.000000,61.709999,0,0,0.031746,0.507937
2.333333,26.920635,background,0.000000,65.519997,0,0,0.047619,0.507937
3.111111,26.920635,background,0.000000,69.209999,0,0,0.063492,0.507937
3.888889,26.920635,background,0.000000,71.769997,0,0,0.079365,0.507937
4.666667,26.920635,background,0.000000,73.529999,0,0,0.095238,0.507937
5.444445,26.920635,background,0.000000,74.980003,0,0,0.111111,0.507937
6.222222,26.920635,HBM_0,25.000000,76.279999,1,1,0.126984,0.507937
7.000000,26.920635,HBM_0,25.000000,77.480003,1,0,0.142857,0.507937
7.777778,26.920635,HBM_0,25.000000,78.610001,1,0,0.158730,0.507937
8.555555,26.920635,HBM_0,25.000000,79.669998,1,0,0.174603,0.507937
9.333333,26.920635,HBM_0,25.000000,80.699997,1,0,0.190476,0.507937
10.111111,26.920635,HBM_0,25.000000,81.709999,1,0,0.206349,0.507937
10.888889,26.920635,HBM_0,25.000000,82.820000,1,0,0.222222,0.507937
11.666667,26.920635,HBM_0,25.000000,84.250000,1,0,0.238095,0.507937
12.444445,26.920635,HBM_0,25.000000,85.269997,1,0,0.253968,0.507937
13.222222,26.920635,HBM_0,25.000000,86.080002,1,0,0.269841,0.507937
14.000000,26.920635,HBM_0,25.000000,86.779999,1,1,0.285714,0.507937
14.777778,26.920635,GPU_0,100.000000,87.370003,1,0,0.301587,0.507937
15.555555,26.920635,GPU_0,100.000000,87.809998,1,0,0.317460,0.507937
16.333334,26.920635,GPU_0,100.000000,88.000000,1,0,0.333333,0.507937
17.111111,26.920635,GPU_0,100.000000,88.379997,1,0,0.349206,0.507937
17.888889,26.920635,GPU_0,100.000000,88.860001,1,0,0.365079,0.507937
18.666666,26.920635,GPU_0,100.000000,89.379997,1,0,0.380952,0.507937
19.444445,26.920635,GPU_0,100.000000,89.910004,1,0,0.396825,0.507937
20.222221,26.920635,GPU_0,100.000000,90.480003,1,0,0.412698,0.507937
21.000000,26.920635,GPU_0,100.000000,91.169998,1,0,0.428571,0.507937
21.777779,26.920635,GPU_0,100.000000,91.599998,1,0,0.444444,0.507937
22.555555,26.920635,GPU_0,100.000000,91.800003,1,0,0.460317,0.507937
23.333334,26.920635,CPU2_0,34.000000,91.779999,1,1,0.476190,0.507937
24.111111,26.920635,CPU2_0,34.000000,91.459999,1,0,0.492063,0.507937
24.888889,26.920635,CPU2_0,34.000000,90.430000,1,0,0.507937,0.507937
25.666666,26.920635,CPU2_0,34.000000,86.669998,1,0,0.523809,0.507937
26.444445,26.920635,CPU2_0,34.000000,84.919998,1,0,0.539683,0.507937
27.222221,26.920635,CPU2_0,34.000000,84.440002,1,0,0.555556,0.507937
28.000000,26.920635,CPU2_0,34.000000,85.320000,1,1,0.571429,0.507937
28.777779,26.920635,CPU2_7,34.000000,87.040001,1,0,0.587302,0.507937
29.555555,26.920635,CPU2_7,34.000000,88.860001,1,0,0.603175,0.507937
30.333334,26.920635,CPU2_7,34.000000,89.000000,1,0,0.619048,0.507937
31.111111,26.920635,CPU2_7,34.000000,88.459999,1,0,0.634921,0.507937
31.888889,26.920635,CPU2_7,34.000000,87.400002,1,0,0.650794,0.507937
32.666668,26.920635,CPU2_7,34.000000,85.400002,1,1,0.666667,0.507937
33.444443,26.920635,DRAM_3,20.000000,80.959999,1,0,0.682540,0.507937
34.222221,26.920635,DRAM_3,20.000000,76.959999,1,0,0.698413,0.507937
35.000000,26.920635,DRAM_3,20.000000,74.910004,1,0,0.714286,0.507937
35.777779,26.920635,DRAM_3,20.000000,73.480003,1,0,0.730159,0.507937
36.555557,26.920635,DRAM_3,20.000000,72.230003,1,0,0.746032,0.507937
37.333332,26.920635,DRAM_3,20.000000,71.029999,1,0,0.761905,0.507937
38.111111,26.920635,DRAM_3,20.000000,69.839996,1,0,0.777778,0.507937
38.888889,26.920635,DRAM_3,20.000000,68.639999,1,0,0.793651,0.507937
39.666668,26.920635,DRAM_3,20.000000,67.419998,1,0,0.809524,0.507937
40.444443,26.920635,DRAM_3,20.000000,66.169998,1,0,0.825397,0.507937
41.222221,26.920635,DRAM_3,20.000000,64.860001,1,0,0.841270,0.507937
42.000000,26.920635,DRAM_3,20.000000,63.080002,1,1,0.857143,0.507937
42.777779,26.920635,background,0.000000,61.459999,0,0,0.873016,0.507937
43.555557,26.920635,background,0.000000,59.830002,0,0,0.888889,0.507937
44.333332,26.920635,background,0.000000,58.389999,0,0,0.904762,0.507937
45.111111,26.920635,background,0.000000,57.110001,0,0,0.920635,0.507937
45.888889,26.920635,background,0.000000,55.939999,0,0,0.936508,0.507937
46.666668,26.920635,background,0.000000,54.869999,0,0,0.952381,0.507937
47.444443,26.920635,background,0.000000,53.930000,0,0,0.968254,0.507937
48.222221,26.920635,background,0.000000,53.169998,0,0,0.984127,0.507937
49.000000,26.920635,background,0.000000,52.700001,0,0,1.000000,0.507937
0.000000,27.761906,background,0.000000,58.320000,0,0,0.000000,0.523810
0.777778,27.761906,background,0.000000,59.549999,0,0,0.015873,0.523810
1.555556,27.761906,background,0.000000,62.000000,0,0,0.031746,0.523810
2.333333,27.761906,background,0.000000,65.870003,0,0,0.047619,0.523810
3.111111,27.761906,background,0.000000,69.529999,0,0,0.063492,0.523810
3.888889,27.761906,background,0.000000,72.129997,0,0,0.079365,0.523810
4.666667,27.761906,background,0.000000,73.900002,0,0,0.095238,0.523810
5.444445,27.761906,background,0.000000,75.360001,0,0,0.111111,0.523810
6.222222,27.761906,HBM_0,25.000000,76.660004,1,1,0.126984,0.523810
7.000000,27.761906,HBM_0,25.000000,77.839996,1,1,0.142857,0.523810
7.777778,27.761906,HBM_0,25.000000,78.930000,1,1,0.158730,0.523810
8.555555,27.761906,HBM_0,25.000000,79.959999,1,1,0.174603,0.523810
9.333333,27.761906,HBM_0,25.000000,80.910004,1,1,0.190476,0.523810
10.111111,27.761906,HBM_0,25.000000,81.830002,1,1,0.206349,0.523810
10.888889,27.761906,HBM_0,25.000000,82.769997,1,1,0.222222,0.523810
11.666667,27.761906,HBM_0,25.000000,83.980003,1,1,0.238095,0.523810
12.444445,27.761906,HBM_0,25.000000,84.839996,1,1,0.253968,0.523810
13.222222,27.761906,HBM_0,25.000000,85.570000,1,1,0.269841,0.523810
14.000000,27.761906,HBM_0,25.000000,86.250000,1,1,0.285714,0.523810
14.777778,27.761906,GPU_0,100.000000,86.889999,1,0,0.301587,0.523810
15.555555,27.761906,GPU_0,100.000000,87.510002,1,0,0.317460,0.523810
16.333334,27.761906,GPU_0,100.000000,88.089996,1,0,0.333333,0.523810
17.111111,27.761906,GPU_0,100.000000,88.650002,1,0,0.349206,0.523810
17.888889,27.761906,GPU_0,100.000000,89.190002,1,0,0.365079,0.523810
18.666666,27.761906,GPU_0,100.000000,89.690002,1,0,0.380952,0.523810
19.444445,27.761906,GPU_0,100.000000,90.150002,1,0,0.396825,0.523810
20.222221,27.761906,GPU_0,100.000000,90.570000,1,0,0.412698,0.523810
21.000000,27.761906,GPU_0,100.000000,90.959999,1,0,0.428571,0.523810
21.777779,27.761906,GPU_0,100.000000,91.239998,1,0,0.444444,0.523810
22.555555,27.761906,GPU_0,100.000000,91.389999,1,0,0.460317,0.523810
23.333334,27.761906,background,0.000000,91.379997,0,1,0.476190,0.523810
24.111111,27.761906,background,0.000000,91.089996,0,1,0.492063,0.523810
24.888889,27.761906,background,0.000000,90.089996,0,1,0.507937,0.523810
25.666666,27.761906,background,0.000000,86.360001,0,1,0.523809,0.523810
26.444445,27.761906,background,0.000000,84.660004,0,1,0.539683,0.523810
27.222221,27.761906,background,0.000000,84.180000,0,1,0.555556,0.523810
28.000000,27.761906,background,0.000000,85.010002,0,1,0.571429,0.523810
28.777779,27.761906,CPU2_7,34.000000,86.709999,1,0,0.587302,0.523810
29.555555,27.761906,CPU2_7,34.000000,88.489998,1,0,0.603175,0.523810
30.333334,27.761906,CPU2_7,34.000000,88.639999,1,0,0.619048,0.523810
31.111111,27.761906,CPU2_7,34.000000,88.129997,1,0,0.634921,0.523810
31.888889,27.761906,CPU2_7,34.000000,87.129997,1,0,0.650794,0.523810
32.666668,27.761906,CPU2_7,34.000000,85.199997,1,1,0.666667,0.523810
33.444443,27.761906,DRAM_3,20.000000,80.870003,1,0,0.682540,0.523810
34.222221,27.761906,DRAM_3,20.000000,76.970001,1,0,0.698413,0.523810
35.000000,27.761906,DRAM_3,20.000000,75.000000,1,0,0.714286,0.523810
35.777779,27.761906,DRAM_3,20.000000,73.610001,1,0,0.730159,0.523810
36.555557,27.761906,DRAM_3,20.000000,72.400002,1,0,0.746032,0.523810
37.333332,27.761906,DRAM_3,20.000000,71.220001,1,0,0.761905,0.523810
38.111111,27.761906,DRAM_3,20.000000,70.050003,1,0,0.777778,0.523810
38.888889,27.761906,DRAM_3,20.000000,68.860001,1,0,0.793651,0.523810
39.666668,27.761906,DRAM_3,20.000000,67.639999,1,0,0.809524,0.523810
40.444443,27.761906,DRAM_3,20.000000,66.389999,1,0,0.825397,0.523810
41.222221,27.761906,DRAM_3,20.000000,65.080002,1,0,0.841270,0.523810
42.000000,27.761906,DRAM_3,20.000000,63.299999,1,1,0.857143,0.523810
42.777779,27.761906,background,0.000000,61.689999,0,0,0.873016,0.523810
43.555557,27.761906,background,0.000000,60.049999,0,0,0.888889,0.523810
44.333332,27.761906,background,0.000000,58.610001,0,0,0.904762,0.523810
45.111111,27.761906,background,0.000000,57.320000,0,0,0.920635,0.523810
45.888889,27.761906,background,0.000000,56.139999,0,0,0.936508,0.523810
46.666668,27.761906,background,0.000000,55.060001,0,0,0.952381,0.523810
47.444443,27.761906,background,0.000000,54.110001,0,0,0.968254,0.523810
48.222221,27.761906,background,0.000000,53.340000,0,0,0.984127,0.523810
49.000000,27.761906,background,0.000000,52.860001,0,0,1.000000,0.523810
0.000000,28.603174,background,0.000000,58.419998,0,0,0.000000,0.539683
0.777778,28.603174,background,0.000000,59.660000,0,0,0.015873,0.539683
1.555556,28.603174,background,0.000000,62.119999,0,0,0.031746,0.539683
2.333333,28.603174,background,0.000000,66.000000,0,0,0.047619,0.539683
3.111111,28.603174,background,0.000000,69.650002,0,0,0.063492,0.539683
3.888889,28.603174,background,0.000000,72.260002,0,0,0.079365,0.539683
4.666667,28.603174,background,0.000000,74.029999,0,0,0.095238,0.539683
5.444445,28.603174,background,0.000000,75.489998,0,0,0.111111,0.539683
6.222222,28.603174,background,0.000000,76.769997,0,0,0.126984,0.539683
7.000000,28.603174,background,0.000000,77.930000,0,0,0.142857,0.539683
7.777778,28.603174,background,0.000000,78.989998,0,0,0.158730,0.539683
8.555555,28.603174,background,0.000000,79.959999,0,0,0.174603,0.539683
9.333333,28.603174,background,0.000000,80.839996,0,0,0.190476,0.539683
10.111111,28.603174,background,0.000000,81.629997,0,0,0.206349,0.539683
10.888889,28.603174,background,0.000000,82.339996,0,0,0.222222,0.539683
11.666667,28.603174,background,0.000000,83.120003,0,0,0.238095,0.539683
12.444445,28.603174,background,0.000000,83.739998,0,0,0.253968,0.539683
13.222222,28.603174,background,0.000000,84.349998,0,0,0.269841,0.539683
14.000000,28.603174,background,0.000000,84.989998,0,1,0.285714,0.539683
14.777778,28.603174,background,0.000000,85.699997,0,1,0.301587,0.539683
15.555555,28.603174,background,0.000000,86.529999,0,1,0.317460,0.539683
16.333334,28.603174,background,0.000000,87.510002,0,1,0.333333,0.539683
17.111111,28.603174,background,0.000000,88.269997,0,1,0.349206,0.539683
17.888889,28.603174,background,0.000000,88.860001,0,1,0.365079,0.539683
18.666666,28.603174,background,0.000000,89.349998,0,1,0.380952,0.539683
19.444445,28.603174,background,0.000000,89.769997,0,1,0.396825,0.539683
20.222221,28.603174,background,0.000000,90.099998,0,1,0.412698,0.539683
21.000000,28.603174,background,0.000000,90.349998,0,1,0.428571,0.539683
21.777779,28.603174,background,0.000000,90.559998,0,1,0.444444,0.539683
22.555555,28.603174,background,0.000000,90.709999,0,1,0.460317,0.539683
23.333334,28.603174,background,0.000000,90.750000,0,1,0.476190,0.539683
24.111111,28.603174,background,0.000000,90.570000,0,0,0.492063,0.539683
24.888889,28.603174,background,0.000000,89.690002,0,0,0.507937,0.539683
25.666666,28.603174,background,0.000000,86.129997,0,0,0.523809,0.539683
26.444445,28.603174,background,0.000000,84.610001,0,0,0.539683,0.539683
27.222221,28.603174,background,0.000000,84.129997,0,0,0.555556,0.539683
28.000000,28.603174,background,0.000000,84.720001,0,1,0.571429,0.539683
28.777779,28.603174,CPU2_7,34.000000,86.120003,1,0,0.587302,0.539683
29.555555,28.603174,CPU2_7,34.000000,87.680000,1,0,0.603175,0.539683
30.333334,28.603174,CPU2_7,34.000000,87.769997,1,0,0.619048,0.539683
31.111111,28.603174,CPU2_7,34.000000,87.269997,1,0,0.634921,0.539683
31.888889,28.603174,CPU2_7,34.000000,86.320000,1,0,0.650794,0.539683
32.666668,28.603174,CPU2_7,34.000000,84.500000,1,1,0.666667,0.539683
33.444443,28.603174,DRAM_3,20.000000,80.419998,1,0,0.682540,0.539683
34.222221,28.603174,DRAM_3,20.000000,76.870003,1,0,0.698413,0.539683
35.000000,28.603174,DRAM_3,20.000000,75.050003,1,0,0.714286,0.539683
35.777779,28.603174,DRAM_3,20.000000,73.739998,1,0,0.730159,0.539683
36.555557,28.603174,DRAM_3,20.000000,72.570000,1,0,0.746032,0.539683
37.333332,28.603174,DRAM_3,20.000000,71.419998,1,0,0.761905,0.539683
38.111111,28.603174,DRAM_3,20.000000,70.260002,1,0,0.777778,0.539683
38.888889,28.603174,DRAM_3,20.000000,69.089996,1,0,0.793651,0.539683
39.666668,28.603174,DRAM_3,20.000000,67.879997,1,0,0.809524,0.539683
40.444443,28.603174,DRAM_3,20.000000,66.620003,1,0,0.825397,0.539683
41.222221,28.603174,DRAM_3,20.000000,65.309998,1,0,0.841270,0.539683
42.000000,28.603174,DRAM_3,20.000000,63.529999,1,1,0.857143,0.539683
42.777779,28.603174,background,0.000000,61.930000,0,0,0.873016,0.539683
43.555557,28.603174,background,0.000000,60.299999,0,0,0.888889,0.539683
44.333332,28.603174,background,0.000000,58.860001,0,0,0.904762,0.539683
45.111111,28.603174,background,0.000000,57.549999,0,0,0.920635,0.539683
45.888889,28.603174,background,0.000000,56.360001,0,0,0.936508,0.539683
46.666668,28.603174,background,0.000000,55.270000,0,0,0.952381,0.539683
47.444443,28.603174,background,0.000000,54.310001,0,0,0.968254,0.539683
48.222221,28.603174,background,0.000000,53.520000,0,0,0.984127,0.539683
49.000000,28.603174,background,0.000000,53.029999,0,0,1.000000,0.539683
0.000000,29.444445,background,0.000000,58.410000,0,0,0.000000,0.555556
0.777778,29.444445,background,0.000000,59.650002,0,0,0.015873,0.555556
1.555556,29.444445,background,0.000000,62.119999,0,0,0.031746,0.555556
2.333333,29.444445,background,0.000000,66.000000,0,0,0.047619,0.555556
3.111111,29.444445,background,0.000000,69.639999,0,0,0.063492,0.555556
3.888889,29.444445,background,0.000000,72.230003,0,0,0.079365,0.555556
4.666667,29.444445,background,0.000000,74.000000,0,0,0.095238,0.555556
5.444445,29.444445,background,0.000000,75.440002,0,0,0.111111,0.555556
6.222222,29.444445,background,0.000000,76.699997,0,0,0.126984,0.555556
7.000000,29.444445,background,0.000000,77.830002,0,0,0.142857,0.555556
7.777778,29.444445,background,0.000000,78.849998,0,0,0.158730,0.555556
8.555555,29.444445,background,0.000000,79.769997,0,0,0.174603,0.555556
9.333333,29.444445,background,0.000000,80.570000,0,0,0.190476,0.555556
10.111111,29.444445,background,0.000000,81.199997,0,0,0.206349,0.555556
10.888889,29.444445,background,0.000000,81.489998,0,0,0.222222,0.555556
11.666667,29.444445,background,0.000000,80.690002,0,0,0.238095,0.555556
12.444445,29.444445,background,0.000000,80.629997,0,0,0.253968,0.555556
13.222222,29.444445,background,0.000000,80.980003,0,0,0.269841,0.555556
14.000000,29.444445,background,0.000000,81.559998,0,0,0.285714,0.555556
14.777778,29.444445,background,0.000000,82.389999,0,0,0.301587,0.555556
15.555555,29.444445,background,0.000000,83.800003,0,0,0.317460,0.555556
16.333334,29.444445,background,0.000000,86.239998,0,0,0.333333,0.555556
17.111111,29.444445,CPU2_4,34.000000,87.410004,1,1,0.349206,0.555556
17.888889,29.444445,CPU2_4,34.000000,88.089996,1,0,0.365079,0.555556
18.666666,29.444445,CPU2_4,34.000000,88.589996,1,0,0.380952,0.555556
19.444445,29.444445,CPU2_4,34.000000,88.959999,1,0,0.396825,0.555556
20.222221,29.444445,CPU2_4,34.000000,89.180000,1,0,0.412698,0.555556
21.000000,29.444445,CPU2_4,34.000000,89.180000,1,0,0.428571,0.555556
21.777779,29.444445,CPU2_4,34.000000,89.290001,1,1,0.444444,0.555556
22.555555,29.444445,background,0.000000,89.480003,0,0,0.460317,0.555556
23.333334,29.444445,background,0.000000,89.660004,0,0,0.476190,0.555556
24.111111,29.444445,background,0.000000,89.750000,0,0,0.492063,0.555556
24.888889,29.444445,background,0.000000,89.230003,0,0,0.507937,0.555556
25.666666,29.444445,background,0.000000,86.150002,0,0,0.523809,0.555556
26.444445,29.444445,background,0.000000,84.989998,0,0,0.539683,0.555556
27.222221,29.444445,background,0.000000,84.519997,0,0,0.555556,0.555556
28.000000,29.444445,background,0.000000,84.540001,0,1,0.571429,0.555556
28.777779,29.444445,CPU2_7,34.000000,84.669998,1,0,0.587302,0.555556
29.555555,29.444445,CPU2_7,34.000000,85.190002,1,0,0.603175,0.555556
30.333334,29.444445,CPU2_7,34.000000,85.070000,1,0,0.619048,0.555556
31.111111,29.444445,CPU2_7,34.000000,84.559998,1,0,0.634921,0.555556
31.888889,29.444445,CPU2_7,34.000000,83.680000,1,0,0.650794,0.555556
32.666668,29.444445,CPU2_7,34.000000,82.059998,1,1,0.666667,0.555556
33.444443,29.444445,DRAM_3,20.000000,79.010002,1,0,0.682540,0.555556
34.222221,29.444445,DRAM_3,20.000000,76.610001,1,0,0.698413,0.555556
35.000000,29.444445,DRAM_3,20.000000,75.120003,1,0,0.714286,0.555556
35.777779,29.444445,DRAM_3,20.000000,73.910004,1,0,0.730159,0.555556
36.555557,29.444445,DRAM_3,20.000000,72.779999,1,0,0.746032,0.555556
37.333332,29.444445,DRAM_3,20.000000,71.669998,1,0,0.761905,0.555556
38.111111,29.444445,DRAM_3,20.000000,70.540001,1,0,0.777778,0.555556
38.888889,29.444445,DRAM_3,20.000000,69.370003,1,0,0.793651,0.555556
39.666668,29.444445,DRAM_3,20.000000,68.169998,1,0,0.809524,0.555556
40.444443,29.444445,DRAM_3,20.000000,66.910004,1,0,0.825397,0.555556
41.222221,29.444445,DRAM_3,20.000000,65.570000,1,0,0.841270,0.555556
42.000000,29.444445,DRAM_3,20.000000,63.810001,1,1,0.857143,0.555556
42.777779,29.444445,background,0.000000,62.240002,0,0,0.873016,0.555556
43.555557,29.444445,background,0.000000,60.599998,0,0,0.888889,0.555556
44.333332,29.444445,background,0.000000,59.150002,0,0,0.904762,0.555556
45.111111,29.444445,background,0.000000,57.830002,0,0,0.920635,0.555556
45.888889,29.444445,background,0.000000,56.630001,0,0,0.936508,0.555556
46.666668,29.444445,background,0.000000,55.529999,0,0,0.952381,0.555556
47.444443,29.444445,background,0.000000,54.540001,0,0,0.968254,0.555556
48.222221,29.444445,background,0.000000,53.740002,0,0,0.984127,0.555556
49.000000,29.444445,background,0.000000,53.230000,0,0,1.000000,0.555556
0.000000,30.285715,background,0.000000,58.299999,0,1,0.000000,0.571429
0.777778,30.285715,background,0.000000,59.540001,0,1,0.015873,0.571429
1.555556,30.285715,background,0.000000,62.000000,0,1,0.031746,0.571429
2.333333,30.285715,background,0.000000,65.870003,0,1,0.047619,0.571429
3.111111,30.285715,background,0.000000,69.500000,0,1,0.063492,0.571429
3.888889,30.285715,background,0.000000,72.080002,0,1,0.079365,0.571429
4.666667,30.285715,background,0.000000,73.830002,0,1,0.095238,0.571429
5.444445,30.285715,background,0.000000,75.239998,0,1,0.111111,0.571429
6.222222,30.285715,background,0.000000,76.480003,0,1,0.126984,0.571429
7.000000,30.285715,background,0.000000,77.570000,0,1,0.142857,0.571429
7.777778,30.285715,background,0.000000,78.550003,0,1,0.158730,0.571429
8.555555,30.285715,GPU_2,100.000000,79.419998,1,1,0.174603,0.571429
9.333333,30.285715,GPU_2,100.000000,80.150002,1,1,0.190476,0.571429
10.111111,30.285715,GPU_2,100.000000,80.660004,1,1,0.206349,0.571429
10.888889,30.285715,GPU_2,100.000000,80.730003,1,1,0.222222,0.571429
11.666667,30.285715,GPU_2,100.000000,79.440002,1,1,0.238095,0.571429
12.444445,30.285715,GPU_2,100.000000,78.360001,1,1,0.253968,0.571429
13.222222,30.285715,GPU_2,100.000000,78.080002,1,1,0.269841,0.571429
14.000000,30.285715,GPU_2,100.000000,78.449997,1,1,0.285714,0.571429
14.777778,30.285715,GPU_2,100.000000,79.459999,1,1,0.301587,0.571429
15.555555,30.285715,GPU_2,100.000000,81.629997,1,1,0.317460,0.571429
16.333334,30.285715,GPU_2,100.000000,84.669998,1,1,0.333333,0.571429
17.111111,30.285715,CPU2_4,34.000000,86.019997,1,1,0.349206,0.571429
17.888889,30.285715,CPU2_4,34.000000,86.750000,1,0,0.365079,0.571429
18.666666,30.285715,CPU2_4,34.000000,87.239998,1,0,0.380952,0.571429
19.444445,30.285715,CPU2_4,34.000000,87.550003,1,0,0.396825,0.571429
20.222221,30.285715,CPU2_4,34.000000,87.529999,1,0,0.412698,0.571429
21.000000,30.285715,CPU2_4,34.000000,86.500000,1,0,0.428571,0.571429
21.777779,30.285715,CPU2_4,34.000000,86.360001,1,1,0.444444,0.571429
22.555555,30.285715,background,0.000000,86.709999,0,0,0.460317,0.571429
23.333334,30.285715,background,0.000000,87.269997,0,0,0.476190,0.571429
24.111111,30.285715,background,0.000000,88.230003,0,0,0.492063,0.571429
24.888889,30.285715,background,0.000000,88.690002,0,0,0.507937,0.571429
25.666666,30.285715,background,0.000000,86.879997,0,0,0.523809,0.571429
26.444445,30.285715,background,0.000000,85.980003,0,0,0.539683,0.571429
27.222221,30.285715,background,0.000000,85.650002,0,0,0.555556,0.571429
28.000000,30.285715,background,0.000000,85.519997,0,1,0.571429,0.571429
28.777779,30.285715,CPU2_7,34.000000,85.480003,1,0,0.587302,0.571429
29.555555,30.285715,CPU2_7,34.000000,85.459999,1,0,0.603175,0.571429
30.333334,30.285715,CPU2_7,34.000000,85.169998,1,0,0.619048,0.571429
31.111111,30.285715,CPU2_7,34.000000,84.660004,1,0,0.634921,0.571429
31.888889,30.285715,CPU2_7,34.000000,83.870003,1,0,0.650794,0.571429
32.666668,30.285715,CPU2_7,34.000000,82.500000,1,1,0.666667,0.571429
33.444443,30.285715,DRAM_3,20.000000,79.629997,1,0,0.682540,0.571429
34.222221,30.285715,DRAM_3,20.000000,77.019997,1,0,0.698413,0.571429
35.000000,30.285715,DRAM_3,20.000000,75.540001,1,0,0.714286,0.571429
35.777779,30.285715,DRAM_3,20.000000,74.400002,1,0,0.730159,0.571429
36.555557,30.285715,DRAM_3,20.000000,73.320000,1,0,0.746032,0.571429
37.333332,30.285715,DRAM_3,20.000000,72.239998,1,0,0.761905,0.571429
38.111111,30.285715,DRAM_3,20.000000,71.129997,1,0,0.777778,0.571429
38.888889,30.285715,DRAM_3,20.000000,69.980003,1,0,0.793651,0.571429
39.666668,30.285715,DRAM_3,20.000000,68.769997,1,0,0.809524,0.571429
40.444443,30.285715,DRAM_3,20.000000,67.489998,1,0,0.825397,0.571429
41.222221,30.285715,DRAM_3,20.000000,66.080002,1,0,0.841270,0.571429
42.000000,30.285715,DRAM_3,20.000000,64.330002,1,1,0.857143,0.571429
42.777779,30.285715,background,0.000000,62.689999,0,0,0.873016,0.571429
43.555557,30.285715,background,0.000000,61.009998,0,0,0.888889,0.571429
44.333332,30.285715,background,0.000000,59.529999,0,0,0.904762,0.571429
45.111111,30.285715,background,0.000000,58.200001,0,0,0.920635,0.571429
45.888889,30.285715,background,0.000000,56.990002,0,0,0.936508,0.571429
46.666668,30.285715,background,0.000000,55.860001,0,0,0.952381,0.571429
47.444443,30.285715,background,0.000000,54.849998,0,0,0.968254,0.571429
48.222221,30.285715,background,0.000000,54.009998,0,0,0.984127,0.571429
49.000000,30.285715,background,0.000000,53.470001,0,0,1.000000,0.571429
0.000000,31.126984,HBM_2,25.000000,58.090000,1,1,0.000000,0.587302
0.777778,31.126984,HBM_2,25.000000,59.320000,1,0,0.015873,0.587302
1.555556,31.126984,HBM_2,25.000000,61.759998,1,0,0.031746,0.587302
2.333333,31.126984,HBM_2,25.000000,65.620003,1,0,0.047619,0.587302
3.111111,31.126984,HBM_2,25.000000,69.250000,1,0,0.063492,0.587302
3.888889,31.126984,HBM_2,25.000000,71.809998,1,0,0.079365,0.587302
4.666667,31.126984,HBM_2,25.000000,73.529999,1,0,0.095238,0.587302
5.444445,31.126984,HBM_2,25.000000,74.910004,1,0,0.111111,0.587302
6.222222,31.126984,HBM_2,25.000000,76.110001,1,0,0.126984,0.587302
7.000000,31.126984,HBM_2,25.000000,77.169998,1,0,0.142857,0.587302
7.777778,31.126984,HBM_2,25.000000,78.110001,1,1,0.158730,0.587302
8.555555,31.126984,GPU_2,100.000000,78.930000,1,0,0.174603,0.587302
9.333333,31.126984,GPU_2,100.000000,79.589996,1,0,0.190476,0.587302
10.111111,31.126984,GPU_2,100.000000,80.019997,1,0,0.206349,0.587302
10.888889,31.126984,GPU_2,100.000000,79.889999,1,0,0.222222,0.587302
11.666667,31.126984,GPU_2,100.000000,77.800003,1,0,0.238095,0.587302
12.444445,31.126984,GPU_2,100.000000,76.180000,1,0,0.253968,0.587302
13.222222,31.126984,GPU_2,100.000000,75.190002,1,0,0.269841,0.587302
14.000000,31.126984,GPU_2,100.000000,75.309998,1,0,0.285714,0.587302
14.777778,31.126984,GPU_2,100.000000,76.190002,1,0,0.301587,0.587302
15.555555,31.126984,GPU_2,100.000000,78.269997,1,0,0.317460,0.587302
16.333334,31.126984,GPU_2,100.000000,81.980003,1,0,0.333333,0.587302
17.111111,31.126984,CPU2_4,34.000000,83.389999,1,1,0.349206,0.587302
17.888889,31.126984,CPU2_4,34.000000,84.110001,1,0,0.365079,0.587302
18.666666,31.126984,CPU2_4,34.000000,84.580002,1,0,0.380952,0.587302
19.444445,31.126984,CPU2_4,34.000000,84.860001,1,0,0.396825,0.587302
20.222221,31.126984,CPU2_4,34.000000,84.660004,1,0,0.412698,0.587302
21.000000,31.126984,CPU2_4,34.000000,82.489998,1,0,0.428571,0.587302
21.777779,31.126984,CPU2_4,34.000000,82.430000,1,1,0.444444,0.587302
22.555555,31.126984,CPU2_5,34.000000,83.660004,1,1,0.460317,0.587302
23.333334,31.126984,CPU2_5,34.000000,85.040001,1,1,0.476190,0.587302
24.111111,31.126984,CPU2_5,34.000000,86.519997,1,1,0.492063,0.587302
24.888889,31.126984,CPU2_5,34.000000,88.209999,1,1,0.507937,0.587302
25.666666,31.126984,CPU2_5,34.000000,88.250000,1,1,0.523809,0.587302
26.444445,31.126984,CPU2_5,34.000000,88.099998,1,1,0.539683,0.587302
27.222221,31.126984,background,0.000000,87.959999,0,1,0.555556,0.587302
28.000000,31.126984,CPU2_6,34.000000,87.830002,1,1,0.571429,0.587302
28.777779,31.126984,CPU2_6,34.000000,87.680000,1,1,0.587302,0.587302
29.555555,31.126984,CPU2_6,34.000000,87.470001,1,1,0.603175,0.587302
30.333334,31.126984,CPU2_6,34.000000,87.129997,1,1,0.619048,0.587302
31.111111,31.126984,CPU2_6,34.000000,86.639999,1,1,0.634921,0.587302
31.888889,31.126984,CPU2_6,34.000000,85.930000,1,1,0.650794,0.587302
32.666668,31.126984,CPU2_6,34.000000,84.779999,1,1,0.666667,0.587302
33.444443,31.126984,DRAM_3,20.000000,82.180000,1,0,0.682540,0.587302
34.222221,31.126984,DRAM_3,20.000000,79.629997,1,0,0.698413,0.587302
35.000000,31.126984,DRAM_3,20.000000,78.180000,1,0,0.714286,0.587302
35.777779,31.126984,DRAM_3,20.000000,77.099998,1,0,0.730159,0.587302
36.555557,31.126984,DRAM_3,20.000000,76.089996,1,0,0.746032,0.587302
37.333332,31.126984,DRAM_3,20.000000,75.050003,1,0,0.761905,0.587302
38.111111,31.126984,DRAM_3,20.000000,73.980003,1,0,0.777778,0.587302
38.888889,31.126984,DRAM_3,20.000000,72.849998,1,0,0.793651,0.587302
39.666668,31.126984,DRAM_3,20.000000,71.620003,1,0,0.809524,0.587302
40.444443,31.126984,DRAM_3,20.000000,70.260002,1,0,0.825397,0.587302
41.222221,31.126984,DRAM_3,20.000000,68.559998,1,0,0.841270,0.587302
42.000000,31.126984,DRAM_3,20.000000,65.970001,1,1,0.857143,0.587302
42.777779,31.126984,background,0.000000,63.470001,0,0,0.873016,0.587302
43.555557,31.126984,background,0.000000,61.549999,0,0,0.888889,0.587302
44.333332,31.126984,background,0.000000,60.029999,0,0,0.904762,0.587302
45.111111,31.126984,background,0.000000,58.700001,0,0,0.920635,0.587302
45.888889,31.126984,background,0.000000,57.480000,0,0,0.936508,0.587302
46.666668,31.126984,background,0.000000,56.330002,0,0,0.952381,0.587302
47.444443,31.126984,background,0.000000,55.279999,0,0,0.968254,0.587302
48.222221,31.126984,background,0.000000,54.360001,0,0,0.984127,0.587302
49.000000,31.126984,background,0.000000,53.730000,0,0,1.000000,0.587302
0.000000,31.968254,HBM_2,25.000000,57.770000,1,1,0.000000,0.603175
0.777778,31.968254,HBM_2,25.000000,58.970001,1,0,0.015873,0.603175
1.555556,31.968254,HBM_2,25.000000,61.369999,1,0,0.031746,0.603175
2.333333,31.968254,HBM_2,25.000000,65.209999,1,0,0.047619,0.603175
3.111111,31.968254,HBM_2,25.000000,68.870003,1,0,0.063492,0.603175
3.888889,31.968254,HBM_2,25.000000,71.400002,1,0,0.079365,0.603175
4.666667,31.968254,HBM_2,25.000000,73.070000,1,0,0.095238,0.603175
5.444445,31.968254,HBM_2,25.000000,74.419998,1,0,0.111111,0.603175
6.222222,31.968254,HBM_2,25.000000,75.570000,1,0,0.126984,0.603175
7.000000,31.968254,HBM_2,25.000000,76.599998,1,0,0.142857,0.603175
7.777778,31.968254,HBM_2,25.000000,77.500000,1,1,0.158730,0.603175
8.555555,31.968254,GPU_2,100.000000,78.279999,1,0,0.174603,0.603175
9.333333,31.968254,GPU_2,100.000000,78.900002,1,0,0.190476,0.603175
10.111111,31.968254,GPU_2,100.000000,79.260002,1,0,0.206349,0.603175
10.888889,31.968254,GPU_2,100.000000,79.099998,1,0,0.222222,0.603175
11.666667,31.968254,GPU_2,100.000000,77.110001,1,0,0.238095,0.603175
12.444445,31.968254,GPU_2,100.000000,74.720001,1,0,0.253968,0.603175
13.222222,31.968254,GPU_2,100.000000,73.510002,1,0,0.269841,0.603175
14.000000,31.968254,GPU_2,100.000000,73.959999,1,0,0.285714,0.603175
14.777778,31.968254,GPU_2,100.000000,74.650002,1,0,0.301587,0.603175
15.555555,31.968254,GPU_2,100.000000,75.680000,1,0,0.317460,0.603175
16.333334,31.968254,GPU_2,100.000000,77.269997,1,0,0.333333,0.603175
17.111111,31.968254,CPU2_4,34.000000,78.209999,1,1,0.349206,0.603175
17.888889,31.968254,CPU2_4,34.000000,78.830002,1,0,0.365079,0.603175
18.666666,31.968254,CPU2_4,34.000000,79.269997,1,0,0.380952,0.603175
19.444445,31.968254,CPU2_4,34.000000,79.570000,1,0,0.396825,0.603175
20.222221,31.968254,CPU2_4,34.000000,79.599998,1,0,0.412698,0.603175
21.000000,31.968254,CPU2_4,34.000000,78.980003,1,0,0.428571,0.603175
21.777779,31.968254,CPU2_4,34.000000,78.970001,1,1,0.444444,0.603175
22.555555,31.968254,CPU2_5,34.000000,80.720001,1,0,0.460317,0.603175
23.333334,31.968254,CPU2_5,34.000000,82.970001,1,0,0.476190,0.603175
24.111111,31.968254,CPU2_5,34.000000,85.269997,1,0,0.492063,0.603175
24.888889,31.968254,CPU2_5,34.000000,87.529999,1,0,0.507937,0.603175
25.666666,31.968254,CPU2_5,34.000000,88.120003,1,0,0.523809,0.603175
26.444445,31.968254,CPU2_5,34.000000,88.260002,1,0,0.539683,0.603175
27.222221,31.968254,background,0.000000,88.239998,0,1,0.555556,0.603175
28.000000,31.968254,CPU2_6,34.000000,88.139999,1,1,0.571429,0.603175
28.777779,31.968254,CPU2_6,34.000000,87.980003,1,0,0.587302,0.603175
29.555555,31.968254,CPU2_6,34.000000,87.739998,1,0,0.603175,0.603175
30.333334,31.968254,CPU2_6,34.000000,87.410004,1,0,0.619048,0.603175
31.111111,31.968254,CPU2_6,34.000000,86.949997,1,0,0.634921,0.603175
31.888889,31.968254,CPU2_6,34.000000,86.349998,1,0,0.650794,0.603175
32.666668,31.968254,CPU2_6,34.000000,85.470001,1,1,0.666667,0.603175
33.444443,31.968254,DRAM_3,20.000000,84.040001,1,0,0.682540,0.603175
34.222221,31.968254,DRAM_3,20.000000,82.629997,1,0,0.698413,0.603175
35.000000,31.968254,DRAM_3,20.000000,81.559998,1,0,0.714286,0.603175
35.777779,31.968254,DRAM_3,20.000000,80.610001,1,0,0.730159,0.603175
36.555557,31.968254,DRAM_3,20.000000,79.660004,1,0,0.746032,0.603175
37.333332,31.968254,DRAM_3,20.000000,78.669998,1,0,0.761905,0.603175
38.111111,31.968254,DRAM_3,20.000000,77.629997,1,0,0.777778,0.603175
38.888889,31.968254,DRAM_3,20.000000,76.510002,1,0,0.793651,0.603175
39.666668,31.968254,DRAM_3,20.000000,75.279999,1,0,0.809524,0.603175
40.444443,31.968254,DRAM_3,20.000000,73.830002,1,0,0.825397,0.603175
41.222221,31.968254,DRAM_3,20.000000,71.750000,1,0,0.841270,0.603175
42.000000,31.968254,DRAM_3,20.000000,67.570000,1,1,0.857143,0.603175
42.777779,31.968254,background,0.000000,64.000000,0,0,0.873016,0.603175
43.555557,31.968254,background,0.000000,61.980000,0,0,0.888889,0.603175
44.333332,31.968254,background,0.000000,60.480000,0,0,0.904762,0.603175
45.111111,31.968254,background,0.000000,59.180000,0,0,0.920635,0.603175
45.888889,31.968254,background,0.000000,57.959999,0,0,0.936508,0.603175
46.666668,31.968254,background,0.000000,56.810001,0,0,0.952381,0.603175
47.444443,31.968254,background,0.000000,55.709999,0,0,0.968254,0.603175
48.222221,31.968254,background,0.000000,54.689999,0,0,0.984127,0.603175
49.000000,31.968254,background,0.000000,53.910000,0,0,1.000000,0.603175
0.000000,32.809525,HBM_2,25.000000,57.310001,1,1,0.000000,0.619048
0.777778,32.809525,HBM_2,25.000000,58.459999,1,0,0.015873,0.619048
1.555556,32.809525,HBM_2,25.000000,60.770000,1,0,0.031746,0.619048
2.333333,32.809525,HBM_2,25.000000,64.550003,1,0,0.047619,0.619048
3.111111,32.809525,HBM_2,25.000000,68.290001,1,0,0.063492,0.619048
3.888889,32.809525,HBM_2,25.000000,70.779999,1,0,0.079365,0.619048
4.666667,32.809525,HBM_2,25.000000,72.400002,1,0,0.095238,0.619048
5.444445,32.809525,HBM_2,25.000000,73.690002,1,0,0.111111,0.619048
6.222222,32.809525,HBM_2,25.000000,74.809998,1,0,0.126984,0.619048
7.000000,32.809525,HBM_2,25.000000,75.790001,1,0,0.142857,0.619048
7.777778,32.809525,HBM_2,25.000000,76.650002,1,1,0.158730,0.619048
8.555555,32.809525,GPU_2,100.000000,77.400002,1,0,0.174603,0.619048
9.333333,32.809525,GPU_2,100.000000,77.980003,1,0,0.190476,0.619048
10.111111,32.809525,GPU_2,100.000000,78.320000,1,0,0.206349,0.619048
10.888889,32.809525,GPU_2,100.000000,78.139999,1,0,0.222222,0.619048
11.666667,32.809525,GPU_2,100.000000,76.099998,1,0,0.238095,0.619048
12.444445,32.809525,GPU_2,100.000000,73.559998,1,0,0.253968,0.619048
13.222222,32.809525,GPU_2,100.000000,72.480003,1,0,0.269841,0.619048
14.000000,32.809525,GPU_2,100.000000,73.029999,1,0,0.285714,0.619048
14.777778,32.809525,GPU_2,100.000000,73.629997,1,0,0.301587,0.619048
15.555555,32.809525,GPU_2,100.000000,74.320000,1,0,0.317460,0.619048
16.333334,32.809525,GPU_2,100.000000,75.120003,1,0,0.333333,0.619048
17.111111,32.809525,CPU2_4,34.000000,75.779999,1,1,0.349206,0.619048
17.888889,32.809525,CPU2_4,34.000000,76.300003,1,0,0.365079,0.619048
18.666666,32.809525,CPU2_4,34.000000,76.720001,1,0,0.380952,0.619048
19.444445,32.809525,CPU2_4,34.000000,77.059998,1,0,0.396825,0.619048
20.222221,32.809525,CPU2_4,34.000000,77.260002,1,0,0.412698,0.619048
21.000000,32.809525,CPU2_4,34.000000,77.250000,1,0,0.428571,0.619048
21.777779,32.809525,CPU2_4,34.000000,77.260002,1,1,0.444444,0.619048
22.555555,32.809525,CPU2_5,34.000000,78.860001,1,0,0.460317,0.619048
23.333334,32.809525,CPU2_5,34.000000,81.440002,1,0,0.476190,0.619048
24.111111,32.809525,CPU2_5,34.000000,84.180000,1,0,0.492063,0.619048
24.888889,32.809525,CPU2_5,34.000000,86.669998,1,0,0.507937,0.619048
25.666666,32.809525,CPU2_5,34.000000,87.459999,1,0,0.523809,0.619048
26.444445,32.809525,CPU2_5,34.000000,87.720001,1,0,0.539683,0.619048
27.222221,32.809525,background,0.000000,87.769997,0,1,0.555556,0.619048
28.000000,32.809525,CPU2_6,34.000000,87.709999,1,1,0.571429,0.619048
28.777779,32.809525,CPU2_6,34.000000,87.559998,1,0,0.587302,0.619048
29.555555,32.809525,CPU2_6,34.000000,87.339996,1,0,0.603175,0.619048
30.333334,32.809525,CPU2_6,34.000000,87.040001,1,0,0.619048,0.619048
31.111111,32.809525,CPU2_6,34.000000,86.639999,1,0,0.634921,0.619048
31.888889,32.809525,CPU2_6,34.000000,86.120003,1,0,0.650794,0.619048
32.666668,32.809525,CPU2_6,34.000000,85.410004,1,1,0.666667,0.619048
33.444443,32.809525,background,0.000000,84.330002,0,1,0.682540,0.619048
34.222221,32.809525,background,0.000000,83.209999,0,1,0.698413,0.619048
35.000000,32.809525,background,0.000000,82.309998,0,1,0.714286,0.619048
35.777779,32.809525,background,0.000000,81.449997,0,1,0.730159,0.619048
36.555557,32.809525,background,0.000000,80.559998,0,1,0.746032,0.619048
37.333332,32.809525,background,0.000000,79.620003,0,1,0.761905,0.619048
38.111111,32.809525,background,0.000000,78.610001,0,1,0.777778,0.619048
38.888889,32.809525,background,0.000000,77.510002,0,1,0.793651,0.619048
39.666668,32.809525,background,0.000000,76.279999,0,1,0.809524,0.619048
40.444443,32.809525,background,0.000000,74.790001,0,1,0.825397,0.619048
41.222221,32.809525,background,0.000000,72.540001,0,1,0.841270,0.619048
42.000000,32.809525,background,0.000000,68.080002,0,1,0.857143,0.619048
42.777779,32.809525,background,0.000000,64.449997,0,0,0.873016,0.619048
43.555557,32.809525,background,0.000000,62.410000,0,0,0.888889,0.619048
44.333332,32.809525,background,0.000000,60.919998,0,0,0.904762,0.619048
45.111111,32.809525,background,0.000000,59.610001,0,0,0.920635,0.619048
45.888889,32.809525,background,0.000000,58.400002,0,0,0.936508,0.619048
46.666668,32.809525,background,0.000000,57.240002,0,0,0.952381,0.619048
47.444443,32.809525,background,0.000000,56.130001,0,0,0.968254,0.619048
48.222221,32.809525,background,0.000000,55.099998,0,0,0.984127,0.619048
49.000000,32.809525,background,0.000000,54.290001,0,0,1.000000,0.619048
0.000000,33.650795,HBM_2,25.000000,56.689999,1,1,0.000000,0.634921
0.777778,33.650795,HBM_2,25.000000,57.750000,1,0,0.015873,0.634921
1.555556,33.650795,HBM_2,25.000000,59.830002,1,0,0.031746,0.634921
2.333333,33.650795,HBM_2,25.000000,63.369999,1,0,0.047619,0.634921
3.111111,33.650795,HBM_2,25.000000,67.300003,1,0,0.063492,0.634921
3.888889,33.650795,HBM_2,25.000000,69.739998,1,0,0.079365,0.634921
4.666667,33.650795,HBM_2,25.000000,71.279999,1,0,0.095238,0.634921
5.444445,33.650795,HBM_2,25.000000,72.510002,1,0,0.111111,0.634921
6.222222,33.650795,HBM_2,25.000000,73.580002,1,0,0.126984,0.634921
7.000000,33.650795,HBM_2,25.000000,74.519997,1,0,0.142857,0.634921
7.777778,33.650795,HBM_2,25.000000,75.349998,1,1,0.158730,0.634921
8.555555,33.650795,GPU_2,100.000000,76.059998,1,0,0.174603,0.634921
9.333333,33.650795,GPU_2,100.000000,76.629997,1,0,0.190476,0.634921
10.111111,33.650795,GPU_2,100.000000,76.970001,1,0,0.206349,0.634921
10.888889,33.650795,GPU_2,100.000000,76.800003,1,0,0.222222,0.634921
11.666667,33.650795,GPU_2,100.000000,74.650002,1,0,0.238095,0.634921
12.444445,33.650795,GPU_2,100.000000,72.339996,1,0,0.253968,0.634921
13.222222,33.650795,GPU_2,100.000000,71.480003,1,0,0.269841,0.634921
14.000000,33.650795,GPU_2,100.000000,72.080002,1,0,0.285714,0.634921
14.777778,33.650795,GPU_2,100.000000,72.639999,1,0,0.301587,0.634921
15.555555,33.650795,GPU_2,100.000000,73.209999,1,0,0.317460,0.634921
16.333334,33.650795,GPU_2,100.000000,73.790001,1,0,0.333333,0.634921
17.111111,33.650795,CPU2_4,34.000000,74.320000,1,1,0.349206,0.634921
17.888889,33.650795,CPU2_4,34.000000,74.779999,1,1,0.365079,0.634921
18.666666,33.650795,CPU2_4,34.000000,75.190002,1,1,0.380952,0.634921
19.444445,33.650795,CPU2_4,34.000000,75.540001,1,1,0.396825,0.634921
20.222221,33.650795,CPU2_4,34.000000,75.809998,1,1,0.412698,0.634921
21.000000,33.650795,CPU2_4,34.000000,75.959999,1,1,0.428571,0.634921
21.777779,33.650795,CPU2_4,34.000000,75.980003,1,1,0.444444,0.634921
22.555555,33.650795,CPU2_5,34.000000,77.419998,1,0,0.460317,0.634921
23.333334,33.650795,CPU2_5,34.000000,80.059998,1,0,0.476190,0.634921
24.111111,33.650795,CPU2_5,34.000000,83.029999,1,0,0.492063,0.634921
24.888889,33.650795,CPU2_5,34.000000,85.620003,1,0,0.507937,0.634921
25.666666,33.650795,CPU2_5,34.000000,86.470001,1,0,0.523809,0.634921
26.444445,33.650795,CPU2_5,34.000000,86.790001,1,0,0.539683,0.634921
27.222221,33.650795,background,0.000000,86.879997,0,1,0.555556,0.634921
28.000000,33.650795,CPU2_6,34.000000,86.839996,1,1,0.571429,0.634921
28.777779,33.650795,CPU2_6,34.000000,86.720001,1,0,0.587302,0.634921
29.555555,33.650795,CPU2_6,34.000000,86.529999,1,0,0.603175,0.634921
30.333334,33.650795,CPU2_6,34.000000,86.279999,1,0,0.619048,0.634921
31.111111,33.650795,CPU2_6,34.000000,85.949997,1,0,0.634921,0.634921
31.888889,33.650795,CPU2_6,34.000000,85.510002,1,0,0.650794,0.634921
32.666668,33.650795,CPU2_6,34.000000,84.919998,1,1,0.666667,0.634921
33.444443,33.650795,background,0.000000,84.010002,0,0,0.682540,0.634921
34.222221,33.650795,background,0.000000,83.070000,0,0,0.698413,0.634921
35.000000,33.650795,background,0.000000,82.290001,0,0,0.714286,0.634921
35.777779,33.650795,background,0.000000,81.519997,0,0,0.730159,0.634921
36.555557,33.650795,background,0.000000,80.690002,0,0,0.746032,0.634921
37.333332,33.650795,background,0.000000,79.800003,0,0,0.761905,0.634921
38.111111,33.650795,background,0.000000,78.830002,0,0,0.777778,0.634921
38.888889,33.650795,background,0.000000,77.760002,0,0,0.793651,0.634921
39.666668,33.650795,background,0.000000,76.550003,0,0,0.809524,0.634921
40.444443,33.650795,background,0.000000,75.040001,0,0,0.825397,0.634921
41.222221,33.650795,background,0.000000,72.750000,0,0,0.841270,0.634921
42.000000,33.650795,background,0.000000,68.220001,0,0,0.857143,0.634921
42.777779,33.650795,background,0.000000,64.570000,0,0,0.873016,0.634921
43.555557,33.650795,background,0.000000,62.529999,0,0,0.888889,0.634921
44.333332,33.650795,background,0.000000,61.029999,0,0,0.904762,0.634921
45.111111,33.650795,background,0.000000,59.730000,0,0,0.920635,0.634921
45.888889,33.650795,background,0.000000,58.520000,0,0,0.936508,0.634921
46.666668,33.650795,background,0.000000,57.360001,0,0,0.952381,0.634921
47.444443,33.650795,background,0.000000,56.250000,0,0,0.968254,0.634921
48.222221,33.650795,background,0.000000,55.220001,0,0,0.984127,0.634921
49.000000,33.650795,background,0.000000,54.419998,0,0,1.000000,0.634921
0.000000,34.492062,HBM_2,25.000000,55.959999,1,1,0.000000,0.650794
0.777778,34.492062,HBM_2,25.000000,56.930000,1,0,0.015873,0.650794
1.555556,34.492062,HBM_2,25.000000,58.549999,1,0,0.031746,0.650794
2.333333,34.492062,HBM_2,25.000000,61.259998,1,0,0.047619,0.650794
3.111111,34.492062,HBM_2,25.000000,65.290001,1,0,0.063492,0.650794
3.888889,34.492062,HBM_2,25.000000,67.570000,1,0,0.079365,0.650794
4.666667,34.492062,HBM_2,25.000000,69.010002,1,0,0.095238,0.650794
5.444445,34.492062,HBM_2,25.000000,70.160004,1,0,0.111111,0.650794
6.222222,34.492062,HBM_2,25.000000,71.169998,1,0,0.126984,0.650794
7.000000,34.492062,HBM_2,25.000000,72.070000,1,0,0.142857,0.650794
7.777778,34.492062,HBM_2,25.000000,72.860001,1,1,0.158730,0.650794
8.555555,34.492062,GPU_2,100.000000,73.550003,1,0,0.174603,0.650794
9.333333,34.492062,GPU_2,100.000000,74.110001,1,0,0.190476,0.650794
10.111111,34.492062,GPU_2,100.000000,74.470001,1,0,0.206349,0.650794
10.888889,34.492062,GPU_2,100.000000,74.459999,1,0,0.222222,0.650794
11.666667,34.492062,GPU_2,100.000000,72.360001,1,0,0.238095,0.650794
12.444445,34.492062,GPU_2,100.000000,70.870003,1,0,0.253968,0.650794
13.222222,34.492062,GPU_2,100.000000,70.440002,1,0,0.269841,0.650794
14.000000,34.492062,GPU_2,100.000000,71.099998,1,0,0.285714,0.650794
14.777778,34.492062,GPU_2,100.000000,71.650002,1,0,0.301587,0.650794
15.555555,34.492062,GPU_2,100.000000,72.169998,1,0,0.317460,0.650794
16.333334,34.492062,GPU_2,100.000000,72.669998,1,0,0.333333,0.650794
17.111111,34.492062,background,0.000000,73.150002,0,1,0.349206,0.650794
17.888889,34.492062,background,0.000000,73.580002,0,0,0.365079,0.650794
18.666666,34.492062,background,0.000000,73.980003,0,0,0.380952,0.650794
19.444445,34.492062,background,0.000000,74.330002,0,0,0.396825,0.650794
20.222221,34.492062,background,0.000000,74.620003,0,0,0.412698,0.650794
21.000000,34.492062,background,0.000000,74.809998,0,0,0.428571,0.650794
21.777779,34.492062,background,0.000000,74.809998,0,1,0.444444,0.650794
22.555555,34.492062,CPU2_5,34.000000,76.029999,1,0,0.460317,0.650794
23.333334,34.492062,CPU2_5,34.000000,78.510002,1,0,0.476190,0.650794
24.111111,34.492062,CPU2_5,34.000000,81.620003,1,0,0.492063,0.650794
24.888889,34.492062,CPU2_5,34.000000,84.190002,1,0,0.507937,0.650794
25.666666,34.492062,CPU2_5,34.000000,85.050003,1,0,0.523809,0.650794
26.444445,34.492062,CPU2_5,34.000000,85.370003,1,0,0.539683,0.650794
27.222221,34.492062,background,0.000000,85.480003,0,1,0.555556,0.650794
28.000000,34.492062,CPU2_6,34.000000,85.459999,1,1,0.571429,0.650794
28.777779,34.492062,CPU2_6,34.000000,85.360001,1,0,0.587302,0.650794
29.555555,34.492062,CPU2_6,34.000000,85.220001,1,0,0.603175,0.650794
30.333334,34.492062,CPU2_6,34.000000,85.070000,1,0,0.619048,0.650794
31.111111,34.492062,CPU2_6,34.000000,84.849998,1,0,0.634921,0.650794
31.888889,34.492062,CPU2_6,34.000000,84.519997,1,0,0.650794,0.650794
32.666668,34.492062,CPU2_6,34.000000,84.059998,1,1,0.666667,0.650794
33.444443,34.492062,background,0.000000,83.309998,0,0,0.682540,0.650794
34.222221,34.492062,background,0.000000,82.550003,0,0,0.698413,0.650794
35.000000,34.492062,background,0.000000,81.919998,0,0,0.714286,0.650794
35.777779,34.492062,background,0.000000,81.239998,0,0,0.730159,0.650794
36.555557,34.492062,background,0.000000,80.489998,0,0,0.746032,0.650794
37.333332,34.492062,background,0.000000,79.650002,0,0,0.761905,0.650794
38.111111,34.492062,background,0.000000,78.730003,0,0,0.777778,0.650794
38.888889,34.492062,background,0.000000,77.690002,0,0,0.793651,0.650794
39.666668,34.492062,background,0.000000,76.489998,0,0,0.809524,0.650794
40.444443,34.492062,background,0.000000,75.000000,0,0,0.825397,0.650794
41.222221,34.492062,background,0.000000,72.709999,0,0,0.841270,0.650794
42.000000,34.492062,background,0.000000,68.169998,0,0,0.857143,0.650794
42.777779,34.492062,background,0.000000,64.519997,0,0,0.873016,0.650794
43.555557,34.492062,background,0.000000,62.480000,0,0,0.888889,0.650794
44.333332,34.492062,background,0.000000,60.990002,0,0,0.904762,0.650794
45.111111,34.492062,background,0.000000,59.700001,0,0,0.920635,0.650794
45.888889,34.492062,background,0.000000,58.490002,0,0,0.936508,0.650794
46.666668,34.492062,background,0.000000,57.349998,0,0,0.952381,0.650794
47.444443,34.492062,background,0.000000,56.240002,0,0,0.968254,0.650794
48.222221,34.492062,background,0.000000,55.220001,0,0,0.984127,0.650794
49.000000,34.492062,background,0.000000,54.419998,0,0,1.000000,0.650794
0.000000,35.333332,HBM_2,25.000000,55.950001,1,1,0.000000,0.666667
0.777778,35.333332,HBM_2,25.000000,56.849998,1,0,0.015873,0.666667
1.555556,35.333332,HBM_2,25.000000,58.110001,1,0,0.031746,0.666667
2.333333,35.333332,HBM_2,25.000000,59.720001,1,0,0.047619,0.666667
3.111111,35.333332,HBM_2,25.000000,61.750000,1,0,0.063492,0.666667
3.888889,35.333332,HBM_2,25.000000,63.340000,1,0,0.079365,0.666667
4.666667,35.333332,HBM_2,25.000000,64.580002,1,0,0.095238,0.666667
5.444445,35.333332,HBM_2,25.000000,65.650002,1,0,0.111111,0.666667
6.222222,35.333332,HBM_2,25.000000,66.599998,1,0,0.126984,0.666667
7.000000,35.333332,HBM_2,25.000000,67.449997,1,0,0.142857,0.666667
7.777778,35.333332,HBM_2,25.000000,68.209999,1,1,0.158730,0.666667
8.555555,35.333332,GPU_2,100.000000,68.870003,1,0,0.174603,0.666667
9.333333,35.333332,GPU_2,100.000000,69.419998,1,0,0.190476,0.666667
10.111111,35.333332,GPU_2,100.000000,69.779999,1,0,0.206349,0.666667
10.888889,35.333332,GPU_2,100.000000,69.839996,1,0,0.222222,0.666667
11.666667,35.333332,GPU_2,100.000000,69.620003,1,0,0.238095,0.666667
12.444445,35.333332,GPU_2,100.000000,69.290001,1,0,0.253968,0.666667
13.222222,35.333332,GPU_2,100.000000,69.349998,1,0,0.269841,0.666667
14.000000,35.333332,GPU_2,100.000000,70.110001,1,0,0.285714,0.666667
14.777778,35.333332,GPU_2,100.000000,70.660004,1,0,0.301587,0.666667
15.555555,35.333332,GPU_2,100.000000,71.150002,1,0,0.317460,0.666667
16.333334,35.333332,GPU_2,100.000000,71.620003,1,0,0.333333,0.666667
17.111111,35.333332,background,0.000000,72.070000,0,1,0.349206,0.666667
17.888889,35.333332,background,0.000000,72.480003,0,0,0.365079,0.666667
18.666666,35.333332,background,0.000000,72.860001,0,0,0.380952,0.666667
19.444445,35.333332,background,0.000000,73.209999,0,0,0.396825,0.666667
20.222221,35.333332,background,0.000000,73.519997,0,0,0.412698,0.666667
21.000000,35.333332,background,0.000000,73.730003,0,0,0.428571,0.666667
21.777779,35.333332,background,0.000000,73.690002,0,1,0.444444,0.666667
22.555555,35.333332,CPU2_5,34.000000,74.489998,1,0,0.460317,0.666667
23.333334,35.333332,CPU2_5,34.000000,76.379997,1,0,0.476190,0.666667
24.111111,35.333332,CPU2_5,34.000000,79.410004,1,0,0.492063,0.666667
24.888889,35.333332,CPU2_5,34.000000,81.779999,1,0,0.507937,0.666667
25.666666,35.333332,CPU2_5,34.000000,82.550003,1,0,0.523809,0.666667
26.444445,35.333332,CPU2_5,34.000000,82.849998,1,0,0.539683,0.666667
27.222221,35.333332,background,0.000000,82.959999,0,1,0.555556,0.666667
28.000000,35.333332,CPU2_6,34.000000,82.940002,1,1,0.571429,0.666667
28.777779,35.333332,CPU2_6,34.000000,82.849998,1,0,0.587302,0.666667
29.555555,35.333332,CPU2_6,34.000000,82.760002,1,0,0.603175,0.666667
30.333334,35.333332,CPU2_6,34.000000,82.919998,1,0,0.619048,0.666667
31.111111,35.333332,CPU2_6,34.000000,83.000000,1,0,0.634921,0.666667
31.888889,35.333332,CPU2_6,34.000000,82.839996,1,0,0.650794,0.666667
32.666668,35.333332,CPU2_6,34.000000,82.570000,1,1,0.666667,0.666667
33.444443,35.333332,background,0.000000,82.080002,0,0,0.682540,0.666667
34.222221,35.333332,background,0.000000,81.730003,0,0,0.698413,0.666667
35.000000,35.333332,background,0.000000,81.300003,0,0,0.714286,0.666667
35.777779,35.333332,background,0.000000,80.750000,0,0,0.730159,0.666667
36.555557,35.333332,background,0.000000,80.070000,0,0,0.746032,0.666667
37.333332,35.333332,background,0.000000,79.300003,0,0,0.761905,0.666667
38.111111,35.333332,background,0.000000,78.410004,0,0,0.777778,0.666667
38.888889,35.333332,background,0.000000,77.410004,0,0,0.793651,0.666667
39.666668,35.333332,background,0.000000,76.250000,0,0,0.809524,0.666667
40.444443,35.333332,background,0.000000,74.779999,0,0,0.825397,0.666667
41.222221,35.333332,background,0.000000,72.510002,0,0,0.841270,0.666667
42.000000,35.333332,background,0.000000,67.980003,0,0,0.857143,0.666667
42.777779,35.333332,background,0.000000,64.349998,0,0,0.873016,0.666667
43.555557,35.333332,background,0.000000,62.330002,0,0,0.888889,0.666667
44.333332,35.333332,background,0.000000,60.849998,0,0,0.904762,0.666667
45.111111,35.333332,background,0.000000,59.570000,0,0,0.920635,0.666667
45.888889,35.333332,background,0.000000,58.380001,0,0,0.936508,0.666667
46.666668,35.333332,background,0.000000,57.240002,0,0,0.952381,0.666667
47.444443,35.333332,background,0.000000,56.150002,0,0,0.968254,0.666667
48.222221,35.333332,background,0.000000,55.139999,0,0,0.984127,0.666667
49.000000,35.333332,background,0.000000,54.340000,0,0,1.000000,0.666667
0.000000,36.174603,HBM_2,25.000000,55.700001,1,1,0.000000,0.682540
0.777778,36.174603,HBM_2,25.000000,56.549999,1,0,0.015873,0.682540
1.555556,36.174603,HBM_2,25.000000,57.660000,1,0,0.031746,0.682540
2.333333,36.174603,HBM_2,25.000000,58.900002,1,0,0.047619,0.682540
3.111111,36.174603,HBM_2,25.000000,60.230000,1,0,0.063492,0.682540
3.888889,36.174603,HBM_2,25.000000,61.450001,1,0,0.079365,0.682540
4.666667,36.174603,HBM_2,25.000000,62.529999,1,0,0.095238,0.682540
5.444445,36.174603,HBM_2,25.000000,63.509998,1,0,0.111111,0.682540
6.222222,36.174603,HBM_2,25.000000,64.400002,1,0,0.126984,0.682540
7.000000,36.174603,HBM_2,25.000000,65.209999,1,0,0.142857,0.682540
7.777778,36.174603,HBM_2,25.000000,65.940002,1,1,0.158730,0.682540
8.555555,36.174603,GPU_2,100.000000,66.580002,1,0,0.174603,0.682540
9.333333,36.174603,GPU_2,100.000000,67.110001,1,0,0.190476,0.682540
10.111111,36.174603,GPU_2,100.000000,67.449997,1,0,0.206349,0.682540
10.888889,36.174603,GPU_2,100.000000,67.419998,1,0,0.222222,0.682540
11.666667,36.174603,GPU_2,100.000000,67.639999,1,0,0.238095,0.682540
12.444445,36.174603,GPU_2,100.000000,67.889999,1,0,0.253968,0.682540
13.222222,36.174603,GPU_2,100.000000,68.279999,1,0,0.269841,0.682540
14.000000,36.174603,GPU_2,100.000000,69.099998,1,0,0.285714,0.682540
14.777778,36.174603,GPU_2,100.000000,69.650002,1,0,0.301587,0.682540
15.555555,36.174603,GPU_2,100.000000,70.139999,1,0,0.317460,0.682540
16.333334,36.174603,GPU_2,100.000000,70.589996,1,0,0.333333,0.682540
17.111111,36.174603,background,0.000000,71.010002,0,1,0.349206,0.682540
17.888889,36.174603,background,0.000000,71.410004,0,0,0.365079,0.682540
18.666666,36.174603,background,0.000000,71.790001,0,1,0.380952,0.682540
19.444445,36.174603,DRAM_2,20.000000,72.129997,1,1,0.396825,0.682540
20.222221,36.174603,DRAM_2,20.000000,72.449997,1,1,0.412698,0.682540
21.000000,36.174603,DRAM_2,20.000000,72.709999,1,1,0.428571,0.682540
21.777779,36.174603,DRAM_2,20.000000,72.870003,1,1,0.444444,0.682540
22.555555,36.174603,DRAM_2,20.000000,73.260002,1,1,0.460317,0.682540
23.333334,36.174603,DRAM_2,20.000000,74.080002,1,1,0.476190,0.682540
24.111111,36.174603,DRAM_2,20.000000,75.570000,1,1,0.492063,0.682540
24.888889,36.174603,DRAM_2,20.000000,76.839996,1,1,0.507937,0.682540
25.666666,36.174603,DRAM_2,20.000000,77.370003,1,1,0.523809,0.682540
26.444445,36.174603,DRAM_2,20.000000,77.599998,1,1,0.539683,0.682540
27.222221,36.174603,DRAM_2,20.000000,77.690002,1,1,0.555556,0.682540
28.000000,36.174603,background,0.000000,77.660004,0,1,0.571429,0.682540
28.777779,36.174603,background,0.000000,77.480003,0,1,0.587302,0.682540
29.555555,36.174603,GPU_3,100.000000,77.309998,1,1,0.603175,0.682540
30.333334,36.174603,GPU_3,100.000000,77.510002,1,1,0.619048,0.682540
31.111111,36.174603,GPU_3,100.000000,78.370003,1,1,0.634921,0.682540
31.888889,36.174603,GPU_3,100.000000,78.620003,1,1,0.650794,0.682540
32.666668,36.174603,GPU_3,100.000000,78.849998,1,1,0.666667,0.682540
33.444443,36.174603,GPU_3,100.000000,79.440002,1,1,0.682540,0.682540
34.222221,36.174603,GPU_3,100.000000,80.529999,1,1,0.698413,0.682540
35.000000,36.174603,GPU_3,100.000000,80.500000,1,1,0.714286,0.682540
35.777779,36.174603,GPU_3,100.000000,80.089996,1,1,0.730159,0.682540
36.555557,36.174603,GPU_3,100.000000,79.489998,1,1,0.746032,0.682540
37.333332,36.174603,GPU_3,100.000000,78.769997,1,1,0.761905,0.682540
38.111111,36.174603,background,0.000000,77.940002,0,1,0.777778,0.682540
38.888889,36.174603,background,0.000000,76.980003,0,0,0.793651,0.682540
39.666668,36.174603,background,0.000000,75.860001,0,0,0.809524,0.682540
40.444443,36.174603,background,0.000000,74.419998,0,0,0.825397,0.682540
41.222221,36.174603,background,0.000000,72.180000,0,0,0.841270,0.682540
42.000000,36.174603,background,0.000000,67.680000,0,0,0.857143,0.682540
42.777779,36.174603,background,0.000000,64.070000,0,0,0.873016,0.682540
43.555557,36.174603,background,0.000000,62.070000,0,0,0.888889,0.682540
44.333332,36.174603,background,0.000000,60.619999,0,0,0.904762,0.682540
45.111111,36.174603,background,0.000000,59.360001,0,0,0.920635,0.682540
45.888889,36.174603,background,0.000000,58.189999,0,0,0.936508,0.682540
46.666668,36.174603,background,0.000000,57.070000,0,0,0.952381,0.682540
47.444443,36.174603,background,0.000000,56.000000,0,0,0.968254,0.682540
48.222221,36.174603,background,0.000000,55.000000,0,0,0.984127,0.682540
49.000000,36.174603,background,0.000000,54.209999,0,0,1.000000,0.682540
0.000000,37.015873,HBM_2,25.000000,55.320000,1,1,0.000000,0.698413
0.777778,37.015873,HBM_2,25.000000,56.119999,1,0,0.015873,0.698413
1.555556,37.015873,HBM_2,25.000000,57.139999,1,0,0.031746,0.698413
2.333333,37.015873,HBM_2,25.000000,58.230000,1,0,0.047619,0.698413
3.111111,37.015873,HBM_2,25.000000,59.320000,1,0,0.063492,0.698413
3.888889,37.015873,HBM_2,25.000000,60.369999,1,0,0.079365,0.698413
4.666667,37.015873,HBM_2,25.000000,61.340000,1,0,0.095238,0.698413
5.444445,37.015873,HBM_2,25.000000,62.250000,1,0,0.111111,0.698413
6.222222,37.015873,HBM_2,25.000000,63.090000,1,0,0.126984,0.698413
7.000000,37.015873,HBM_2,25.000000,63.860001,1,0,0.142857,0.698413
7.777778,37.015873,HBM_2,25.000000,64.559998,1,1,0.158730,0.698413
8.555555,37.015873,GPU_2,100.000000,65.180000,1,0,0.174603,0.698413
9.333333,37.015873,GPU_2,100.000000,65.690002,1,0,0.190476,0.698413
10.111111,37.015873,GPU_2,100.000000,66.029999,1,0,0.206349,0.698413
10.888889,37.015873,GPU_2,100.000000,65.980003,1,0,0.222222,0.698413
11.666667,37.015873,GPU_2,100.000000,66.220001,1,0,0.238095,0.698413
12.444445,37.015873,GPU_2,100.000000,66.680000,1,0,0.253968,0.698413
13.222222,37.015873,GPU_2,100.000000,67.239998,1,0,0.269841,0.698413
14.000000,37.015873,GPU_2,100.000000,68.089996,1,0,0.285714,0.698413
14.777778,37.015873,GPU_2,100.000000,68.639999,1,0,0.301587,0.698413
15.555555,37.015873,GPU_2,100.000000,69.120003,1,0,0.317460,0.698413
16.333334,37.015873,GPU_2,100.000000,69.550003,1,0,0.333333,0.698413
17.111111,37.015873,background,0.000000,69.959999,0,1,0.349206,0.698413
17.888889,37.015873,background,0.000000,70.349998,0,0,0.365079,0.698413
18.666666,37.015873,background,0.000000,70.720001,0,1,0.380952,0.698413
19.444445,37.015873,DRAM_2,20.000000,71.059998,1,0,0.396825,0.698413
20.222221,37.015873,DRAM_2,20.000000,71.379997,1,0,0.412698,0.698413
21.000000,37.015873,DRAM_2,20.000000,71.680000,1,0,0.428571,0.698413
21.777779,37.015873,DRAM_2,20.000000,71.940002,1,0,0.444444,0.698413
22.555555,37.015873,DRAM_2,20.000000,72.279999,1,0,0.460317,0.698413
23.333334,37.015873,DRAM_2,20.000000,72.730003,1,0,0.476190,0.698413
24.111111,37.015873,DRAM_2,20.000000,73.349998,1,0,0.492063,0.698413
24.888889,37.015873,DRAM_2,20.000000,73.900002,1,0,0.507937,0.698413
25.666666,37.015873,DRAM_2,20.000000,74.220001,1,0,0.523809,0.698413
26.444445,37.015873,DRAM_2,20.000000,74.389999,1,0,0.539683,0.698413
27.222221,37.015873,DRAM_2,20.000000,74.449997,1,0,0.555556,0.698413
28.000000,37.015873,background,0.000000,74.430000,0,1,0.571429,0.698413
28.777779,37.015873,background,0.000000,74.300003,0,1,0.587302,0.698413
29.555555,37.015873,GPU_3,100.000000,74.110001,1,0,0.603175,0.698413
30.333334,37.015873,GPU_3,100.000000,73.849998,1,0,0.619048,0.698413
31.111111,37.015873,GPU_3,100.000000,74.760002,1,0,0.634921,0.698413
31.888889,37.015873,GPU_3,100.000000,75.440002,1,0,0.650794,0.698413
32.666668,37.015873,GPU_3,100.000000,76.339996,1,0,0.666667,0.698413
33.444443,37.015873,GPU_3,100.000000,77.570000,1,0,0.682540,0.698413
34.222221,37.015873,GPU_3,100.000000,79.360001,1,0,0.698413,0.698413
35.000000,37.015873,GPU_3,100.000000,79.580002,1,0,0.714286,0.698413
35.777779,37.015873,GPU_3,100.000000,79.290001,1,0,0.730159,0.698413
36.555557,37.015873,GPU_3,100.000000,78.769997,1,0,0.746032,0.698413
37.333332,37.015873,GPU_3,100.000000,78.110001,1,0,0.761905,0.698413
38.111111,37.015873,background,0.000000,77.320000,0,1,0.777778,0.698413
38.888889,37.015873,background,0.000000,76.410004,0,0,0.793651,0.698413
39.666668,37.015873,background,0.000000,75.320000,0,0,0.809524,0.698413
40.444443,37.015873,background,0.000000,73.930000,0,0,0.825397,0.698413
41.222221,37.015873,background,0.000000,71.730003,0,0,0.841270,0.698413
42.000000,37.015873,background,0.000000,67.269997,0,0,0.857143,0.698413
42.777779,37.015873,background,0.000000,63.700001,0,0,0.873016,0.698413
43.555557,37.015873,background,0.000000,61.730000,0,0,0.888889,0.698413
44.333332,37.015873,background,0.000000,60.310001,0,0,0.904762,0.698413
45.111111,37.015873,background,0.000000,59.080002,0,0,0.920635,0.698413
45.888889,37.015873,background,0.000000,57.939999,0,0,0.936508,0.698413
46.666668,37.015873,background,0.000000,56.849998,0,0,0.952381,0.698413
47.444443,37.015873,background,0.000000,55.790001,0,0,0.968254,0.698413
48.222221,37.015873,background,0.000000,54.810001,0,0,0.984127,0.698413
49.000000,37.015873,background,0.000000,54.029999,0,0,1.000000,0.698413
0.000000,37.857143,HBM_2,25.000000,54.889999,1,1,0.000000,0.714286
0.777778,37.857143,HBM_2,25.000000,55.650002,1,0,0.015873,0.714286
1.555556,37.857143,HBM_2,25.000000,56.599998,1,0,0.031746,0.714286
2.333333,37.857143,HBM_2,25.000000,57.590000,1,0,0.047619,0.714286
3.111111,37.857143,HBM_2,25.000000,58.580002,1,0,0.063492,0.714286
3.888889,37.857143,HBM_2,25.000000,59.529999,1,0,0.079365,0.714286
4.666667,37.857143,HBM_2,25.000000,60.430000,1,0,0.095238,0.714286
5.444445,37.857143,HBM_2,25.000000,61.279999,1,0,0.111111,0.714286
6.222222,37.857143,HBM_2,25.000000,62.070000,1,0,0.126984,0.714286
7.000000,37.857143,HBM_2,25.000000,62.799999,1,0,0.142857,0.714286
7.777778,37.857143,HBM_2,25.000000,63.470001,1,1,0.158730,0.714286
8.555555,37.857143,GPU_2,100.000000,64.070000,1,0,0.174603,0.714286
9.333333,37.857143,GPU_2,100.000000,64.570000,1,0,0.190476,0.714286
10.111111,37.857143,GPU_2,100.000000,64.900002,1,0,0.206349,0.714286
10.888889,37.857143,GPU_2,100.000000,64.839996,1,0,0.222222,0.714286
11.666667,37.857143,GPU_2,100.000000,65.059998,1,0,0.238095,0.714286
12.444445,37.857143,GPU_2,100.000000,65.580002,1,0,0.253968,0.714286
13.222222,37.857143,GPU_2,100.000000,66.209999,1,0,0.269841,0.714286
14.000000,37.857143,GPU_2,100.000000,67.080002,1,0,0.285714,0.714286
14.777778,37.857143,GPU_2,100.000000,67.620003,1,0,0.301587,0.714286
15.555555,37.857143,GPU_2,100.000000,68.089996,1,0,0.317460,0.714286
16.333334,37.857143,GPU_2,100.000000,68.510002,1,0,0.333333,0.714286
17.111111,37.857143,background,0.000000,68.910004,0,1,0.349206,0.714286
17.888889,37.857143,background,0.000000,69.290001,0,0,0.365079,0.714286
18.666666,37.857143,background,0.000000,69.650002,0,1,0.380952,0.714286
19.444445,37.857143,DRAM_2,20.000000,69.980003,1,0,0.396825,0.714286
20.222221,37.857143,DRAM_2,20.000000,70.300003,1,0,0.412698,0.714286
21.000000,37.857143,DRAM_2,20.000000,70.610001,1,0,0.428571,0.714286
21.777779,37.857143,DRAM_2,20.000000,70.900002,1,0,0.444444,0.714286
22.555555,37.857143,DRAM_2,20.000000,71.199997,1,0,0.460317,0.714286
23.333334,37.857143,DRAM_2,20.000000,71.519997,1,0,0.476190,0.714286
24.111111,37.857143,DRAM_2,20.000000,71.860001,1,0,0.492063,0.714286
24.888889,37.857143,DRAM_2,20.000000,72.160004,1,0,0.507937,0.714286
25.666666,37.857143,DRAM_2,20.000000,72.379997,1,0,0.523809,0.714286
26.444445,37.857143,DRAM_2,20.000000,72.500000,1,0,0.539683,0.714286
27.222221,37.857143,DRAM_2,20.000000,72.550003,1,0,0.555556,0.714286
28.000000,37.857143,background,0.000000,72.519997,0,1,0.571429,0.714286
28.777779,37.857143,background,0.000000,72.419998,0,1,0.587302,0.714286
29.555555,37.857143,GPU_3,100.000000,72.199997,1,0,0.603175,0.714286
30.333334,37.857143,GPU_3,100.000000,71.730003,1,0,0.619048,0.714286
31.111111,37.857143,GPU_3,100.000000,72.320000,1,0,0.634921,0.714286
31.888889,37.857143,GPU_3,100.000000,73.129997,1,0,0.650794,0.714286
32.666668,37.857143,GPU_3,100.000000,74.440002,1,0,0.666667,0.714286
33.444443,37.857143,GPU_3,100.000000,76.169998,1,0,0.682540,0.714286
34.222221,37.857143,GPU_3,100.000000,78.230003,1,0,0.698413,0.714286
35.000000,37.857143,GPU_3,100.000000,78.580002,1,0,0.714286,0.714286
35.777779,37.857143,GPU_3,100.000000,78.360001,1,0,0.730159,0.714286
36.555557,37.857143,GPU_3,100.000000,77.900002,1,0,0.746032,0.714286
37.333332,37.857143,GPU_3,100.000000,77.290001,1,0,0.761905,0.714286
38.111111,37.857143,background,0.000000,76.550003,0,1,0.777778,0.714286
38.888889,37.857143,background,0.000000,75.680000,0,0,0.793651,0.714286
39.666668,37.857143,background,0.000000,74.650002,0,0,0.809524,0.714286
40.444443,37.857143,background,0.000000,73.300003,0,0,0.825397,0.714286
41.222221,37.857143,background,0.000000,71.150002,0,0,0.841270,0.714286
42.000000,37.857143,background,0.000000,66.739998,0,0,0.857143,0.714286
42.777779,37.857143,background,0.000000,63.220001,0,0,0.873016,0.714286
43.555557,37.857143,background,0.000000,61.310001,0,0,0.888889,0.714286
44.333332,37.857143,background,0.000000,59.930000,0,0,0.904762,0.714286
45.111111,37.857143,background,0.000000,58.740002,0,0,0.920635,0.714286
45.888889,37.857143,background,0.000000,57.630001,0,0,0.936508,0.714286
46.666668,37.857143,background,0.000000,56.560001,0,0,0.952381,0.714286
47.444443,37.857143,background,0.000000,55.529999,0,0,0.968254,0.714286
48.222221,37.857143,background,0.000000,54.570000,0,0,0.984127,0.714286
49.000000,37.857143,background,0.000000,53.810001,0,0,1.000000,0.714286
0.000000,38.698414,HBM_2,25.000000,54.410000,1,1,0.000000,0.730159
0.777778,38.698414,HBM_2,25.000000,55.139999,1,0,0.015873,0.730159
1.555556,38.698414,HBM_2,25.000000,56.040001,1,0,0.031746,0.730159
2.333333,38.698414,HBM_2,25.000000,56.970001,1,0,0.047619,0.730159
3.111111,38.698414,HBM_2,25.000000,57.880001,1,0,0.063492,0.730159
3.888889,38.698414,HBM_2,25.000000,58.759998,1,0,0.079365,0.730159
4.666667,38.698414,HBM_2,25.000000,59.610001,1,0,0.095238,0.730159
5.444445,38.698414,HBM_2,25.000000,60.410000,1,0,0.111111,0.730159
6.222222,38.698414,HBM_2,25.000000,61.160000,1,0,0.126984,0.730159
7.000000,38.698414,HBM_2,25.000000,61.849998,1,0,0.142857,0.730159
7.777778,38.698414,HBM_2,25.000000,62.490002,1,1,0.158730,0.730159
8.555555,38.698414,GPU_2,100.000000,63.070000,1,1,0.174603,0.730159
9.333333,38.698414,GPU_2,100.000000,63.549999,1,1,0.190476,0.730159
10.111111,38.698414,GPU_2,100.000000,63.869999,1,1,0.206349,0.730159
10.888889,38.698414,GPU_2,100.000000,63.810001,1,1,0.222222,0.730159
11.666667,38.698414,GPU_2,100.000000,63.990002,1,1,0.238095,0.730159
12.444445,38.698414,GPU_2,100.000000,64.529999,1,1,0.253968,0.730159
13.222222,38.698414,GPU_2,100.000000,65.190002,1,1,0.269841,0.730159
14.000000,38.698414,GPU_2,100.000000,66.059998,1,1,0.285714,0.730159
14.777778,38.698414,GPU_2,100.000000,66.589996,1,1,0.301587,0.730159
15.555555,38.698414,GPU_2,100.000000,67.040001,1,1,0.317460,0.730159
16.333334,38.698414,GPU_2,100.000000,67.459999,1,1,0.333333,0.730159
17.111111,38.698414,background,0.000000,67.839996,0,1,0.349206,0.730159
17.888889,38.698414,background,0.000000,68.209999,0,0,0.365079,0.730159
18.666666,38.698414,background,0.000000,68.559998,0,1,0.380952,0.730159
19.444445,38.698414,DRAM_2,20.000000,68.889999,1,0,0.396825,0.730159
20.222221,38.698414,DRAM_2,20.000000,69.209999,1,0,0.412698,0.730159
21.000000,38.698414,DRAM_2,20.000000,69.510002,1,0,0.428571,0.730159
21.777779,38.698414,DRAM_2,20.000000,69.790001,1,0,0.444444,0.730159
22.555555,38.698414,DRAM_2,20.000000,70.070000,1,0,0.460317,0.730159
23.333334,38.698414,DRAM_2,20.000000,70.339996,1,0,0.476190,0.730159
24.111111,38.698414,DRAM_2,20.000000,70.589996,1,0,0.492063,0.730159
24.888889,38.698414,DRAM_2,20.000000,70.800003,1,0,0.507937,0.730159
25.666666,38.698414,DRAM_2,20.000000,70.959999,1,0,0.523809,0.730159
26.444445,38.698414,DRAM_2,20.000000,71.059998,1,0,0.539683,0.730159
27.222221,38.698414,DRAM_2,20.000000,71.089996,1,0,0.555556,0.730159
28.000000,38.698414,background,0.000000,71.059998,0,1,0.571429,0.730159
28.777779,38.698414,background,0.000000,70.959999,0,1,0.587302,0.730159
29.555555,38.698414,GPU_3,100.000000,70.739998,1,0,0.603175,0.730159
30.333334,38.698414,GPU_3,100.000000,70.180000,1,0,0.619048,0.730159
31.111111,38.698414,GPU_3,100.000000,70.540001,1,0,0.634921,0.730159
31.888889,38.698414,GPU_3,100.000000,71.349998,1,0,0.650794,0.730159
32.666668,38.698414,GPU_3,100.000000,72.870003,1,0,0.666667,0.730159
33.444443,38.698414,GPU_3,100.000000,74.870003,1,0,0.682540,0.730159
34.222221,38.698414,GPU_3,100.000000,77.040001,1,0,0.698413,0.730159
35.000000,38.698414,GPU_3,100.000000,77.449997,1,0,0.714286,0.730159
35.777779,38.698414,GPU_3,100.000000,77.279999,1,0,0.730159,0.730159
36.555557,38.698414,GPU_3,100.000000,76.870003,1,0,0.746032,0.730159
37.333332,38.698414,GPU_3,100.000000,76.300003,1,0,0.761905,0.730159
38.111111,38.698414,background,0.000000,75.610001,0,1,0.777778,0.730159
38.888889,38.698414,background,0.000000,74.779999,0,0,0.793651,0.730159
39.666668,38.698414,background,0.000000,73.800003,0,0,0.809524,0.730159
40.444443,38.698414,background,0.000000,72.510002,0,0,0.825397,0.730159
41.222221,38.698414,background,0.000000,70.430000,0,0,0.841270,0.730159
42.000000,38.698414,background,0.000000,66.089996,0,0,0.857143,0.730159
42.777779,38.698414,background,0.000000,62.650002,0,0,0.873016,0.730159
43.555557,38.698414,background,0.000000,60.799999,0,0,0.888889,0.730159
44.333332,38.698414,background,0.000000,59.480000,0,0,0.904762,0.730159
45.111111,38.698414,background,0.000000,58.330002,0,0,0.920635,0.730159
45.888889,38.698414,background,0.000000,57.259998,0,0,0.936508,0.730159
46.666668,38.698414,background,0.000000,56.220001,0,0,0.952381,0.730159
47.444443,38.698414,background,0.000000,55.230000,0,0,0.968254,0.730159
48.222221,38.698414,background,0.000000,54.290001,0,0,0.984127,0.730159
49.000000,38.698414,background,0.000000,53.549999,0,0,1.000000,0.730159
0.000000,39.539684,HBM_2,25.000000,53.910000,1,1,0.000000,0.746032
0.777778,39.539684,HBM_2,25.000000,54.599998,1,0,0.015873,0.746032
1.555556,39.539684,HBM_2,25.000000,55.459999,1,0,0.031746,0.746032
2.333333,39.539684,HBM_2,25.000000,56.330002,1,0,0.047619,0.746032
3.111111,39.539684,HBM_2,25.000000,57.189999,1,0,0.063492,0.746032
3.888889,39.539684,HBM_2,25.000000,58.020000,1,0,0.079365,0.746032
4.666667,39.539684,HBM_2,25.000000,58.820000,1,0,0.095238,0.746032
5.444445,39.539684,HBM_2,25.000000,59.570000,1,0,0.111111,0.746032
6.222222,39.539684,HBM_2,25.000000,60.279999,1,0,0.126984,0.746032
7.000000,39.539684,HBM_2,25.000000,60.950001,1,0,0.142857,0.746032
7.777778,39.539684,HBM_2,25.000000,61.560001,1,1,0.158730,0.746032
8.555555,39.539684,background,0.000000,62.110001,0,0,0.174603,0.746032
9.333333,39.539684,background,0.000000,62.580002,0,0,0.190476,0.746032
10.111111,39.539684,background,0.000000,62.889999,0,0,0.206349,0.746032
10.888889,39.539684,background,0.000000,62.810001,0,0,0.222222,0.746032
11.666667,39.539684,background,0.000000,62.970001,0,0,0.238095,0.746032
12.444445,39.539684,background,0.000000,63.490002,0,0,0.253968,0.746032
13.222222,39.539684,background,0.000000,64.160004,0,0,0.269841,0.746032
14.000000,39.539684,background,0.000000,65.019997,0,0,0.285714,0.746032
14.777778,39.539684,background,0.000000,65.540001,0,0,0.301587,0.746032
15.555555,39.539684,background,0.000000,65.980003,0,0,0.317460,0.746032
16.333334,39.539684,background,0.000000,66.379997,0,0,0.333333,0.746032
17.111111,39.539684,background,0.000000,66.760002,0,0,0.349206,0.746032
17.888889,39.539684,background,0.000000,67.120003,0,0,0.365079,0.746032
18.666666,39.539684,background,0.000000,67.459999,0,1,0.380952,0.746032
19.444445,39.539684,DRAM_2,20.000000,67.779999,1,0,0.396825,0.746032
20.222221,39.539684,DRAM_2,20.000000,68.089996,1,0,0.412698,0.746032
21.000000,39.539684,DRAM_2,20.000000,68.389999,1,0,0.428571,0.746032
21.777779,39.539684,DRAM_2,20.000000,68.669998,1,0,0.444444,0.746032
22.555555,39.539684,DRAM_2,20.000000,68.930000,1,0,0.460317,0.746032
23.333334,39.539684,DRAM_2,20.000000,69.169998,1,0,0.476190,0.746032
24.111111,39.539684,DRAM_2,20.000000,69.389999,1,0,0.492063,0.746032
24.888889,39.539684,DRAM_2,20.000000,69.559998,1,0,0.507937,0.746032
25.666666,39.539684,DRAM_2,20.000000,69.690002,1,0,0.523809,0.746032
26.444445,39.539684,DRAM_2,20.000000,69.769997,1,0,0.539683,0.746032
27.222221,39.539684,DRAM_2,20.000000,69.800003,1,0,0.555556,0.746032
28.000000,39.539684,background,0.000000,69.760002,0,1,0.571429,0.746032
28.777779,39.539684,background,0.000000,69.660004,0,1,0.587302,0.746032
29.555555,39.539684,GPU_3,100.000000,69.430000,1,0,0.603175,0.746032
30.333334,39.539684,GPU_3,100.000000,68.830002,1,0,0.619048,0.746032
31.111111,39.539684,GPU_3,100.000000,69.040001,1,0,0.634921,0.746032
31.888889,39.539684,GPU_3,100.000000,69.790001,1,0,0.650794,0.746032
32.666668,39.539684,GPU_3,100.000000,71.360001,1,0,0.666667,0.746032
33.444443,39.539684,GPU_3,100.000000,73.489998,1,0,0.682540,0.746032
34.222221,39.539684,GPU_3,100.000000,75.690002,1,0,0.698413,0.746032
35.000000,39.539684,GPU_3,100.000000,76.110001,1,0,0.714286,0.746032
35.777779,39.539684,GPU_3,100.000000,75.970001,1,0,0.730159,0.746032
36.555557,39.539684,GPU_3,100.000000,75.589996,1,0,0.746032,0.746032
37.333332,39.539684,GPU_3,100.000000,75.059998,1,0,0.761905,0.746032
38.111111,39.539684,background,0.000000,74.400002,0,1,0.777778,0.746032
38.888889,39.539684,background,0.000000,73.629997,0,0,0.793651,0.746032
39.666668,39.539684,background,0.000000,72.699997,0,0,0.809524,0.746032
40.444443,39.539684,background,0.000000,71.489998,0,0,0.825397,0.746032
41.222221,39.539684,background,0.000000,69.489998,0,0,0.841270,0.746032
42.000000,39.539684,background,0.000000,65.269997,0,0,0.857143,0.746032
42.777779,39.539684,background,0.000000,61.959999,0,0,0.873016,0.746032
43.555557,39.539684,background,0.000000,60.209999,0,0,0.888889,0.746032
44.333332,39.539684,background,0.000000,58.950001,0,0,0.904762,0.746032
45.111111,39.539684,background,0.000000,57.860001,0,0,0.920635,0.746032
45.888889,39.539684,background,0.000000,56.830002,0,0,0.936508,0.746032
46.666668,39.539684,background,0.000000,55.840000,0,0,0.952381,0.746032
47.444443,39.539684,background,0.000000,54.869999,0,0,0.968254,0.746032
48.222221,39.539684,background,0.000000,53.959999,0,0,0.984127,0.746032
49.000000,39.539684,background,0.000000,53.240002,0,0,1.000000,0.746032
0.000000,40.380951,HBM_2,25.000000,53.389999,1,1,0.000000,0.761905
0.777778,40.380951,HBM_2,25.000000,54.049999,1,0,0.015873,0.761905
1.555556,40.380951,HBM_2,25.000000,54.860001,1,0,0.031746,0.761905
2.333333,40.380951,HBM_2,25.000000,55.689999,1,0,0.047619,0.761905
3.111111,40.380951,HBM_2,25.000000,56.500000,1,0,0.063492,0.761905
3.888889,40.380951,HBM_2,25.000000,57.290001,1,0,0.079365,0.761905
4.666667,40.380951,HBM_2,25.000000,58.040001,1,0,0.095238,0.761905
5.444445,40.380951,HBM_2,25.000000,58.750000,1,0,0.111111,0.761905
6.222222,40.380951,HBM_2,25.000000,59.430000,1,0,0.126984,0.761905
7.000000,40.380951,HBM_2,25.000000,60.060001,1,0,0.142857,0.761905
7.777778,40.380951,HBM_2,25.000000,60.650002,1,1,0.158730,0.761905
8.555555,40.380951,background,0.000000,61.180000,0,0,0.174603,0.761905
9.333333,40.380951,background,0.000000,61.630001,0,0,0.190476,0.761905
10.111111,40.380951,background,0.000000,61.919998,0,0,0.206349,0.761905
10.888889,40.380951,background,0.000000,61.830002,0,0,0.222222,0.761905
11.666667,40.380951,background,0.000000,61.950001,0,0,0.238095,0.761905
12.444445,40.380951,background,0.000000,62.439999,0,0,0.253968,0.761905
13.222222,40.380951,background,0.000000,63.110001,0,0,0.269841,0.761905
14.000000,40.380951,background,0.000000,63.950001,0,0,0.285714,0.761905
14.777778,40.380951,background,0.000000,64.459999,0,0,0.301587,0.761905
15.555555,40.380951,background,0.000000,64.879997,0,0,0.317460,0.761905
16.333334,40.380951,background,0.000000,65.269997,0,0,0.333333,0.761905
17.111111,40.380951,background,0.000000,65.639999,0,0,0.349206,0.761905
17.888889,40.380951,background,0.000000,65.980003,0,0,0.365079,0.761905
18.666666,40.380951,background,0.000000,66.309998,0,1,0.380952,0.761905
19.444445,40.380951,DRAM_2,20.000000,66.629997,1,0,0.396825,0.761905
20.222221,40.380951,DRAM_2,20.000000,66.940002,1,0,0.412698,0.761905
21.000000,40.380951,DRAM_2,20.000000,67.239998,1,0,0.428571,0.761905
21.777779,40.380951,DRAM_2,20.000000,67.519997,1,0,0.444444,0.761905
22.555555,40.380951,DRAM_2,20.000000,67.779999,1,0,0.460317,0.761905
23.333334,40.380951,DRAM_2,20.000000,68.019997,1,0,0.476190,0.761905
24.111111,40.380951,DRAM_2,20.000000,68.209999,1,0,0.492063,0.761905
24.888889,40.380951,DRAM_2,20.000000,68.370003,1,0,0.507937,0.761905
25.666666,40.380951,DRAM_2,20.000000,68.480003,1,0,0.523809,0.761905
26.444445,40.380951,DRAM_2,20.000000,68.550003,1,0,0.539683,0.761905
27.222221,40.380951,DRAM_2,20.000000,68.570000,1,0,0.555556,0.761905
28.000000,40.380951,background,0.000000,68.529999,0,1,0.571429,0.761905
28.777779,40.380951,background,0.000000,68.419998,0,1,0.587302,0.761905
29.555555,40.380951,GPU_3,100.000000,68.180000,1,0,0.603175,0.761905
30.333334,40.380951,GPU_3,100.000000,67.550003,1,0,0.619048,0.761905
31.111111,40.380951,GPU_3,100.000000,67.629997,1,0,0.634921,0.761905
31.888889,40.380951,GPU_3,100.000000,68.239998,1,0,0.650794,0.761905
32.666668,40.380951,GPU_3,100.000000,69.690002,1,0,0.666667,0.761905
33.444443,40.380951,GPU_3,100.000000,71.830002,1,0,0.682540,0.761905
34.222221,40.380951,GPU_3,100.000000,73.919998,1,0,0.698413,0.761905
35.000000,40.380951,GPU_3,100.000000,74.309998,1,0,0.714286,0.761905
35.777779,40.380951,GPU_3,100.000000,74.169998,1,0,0.730159,0.761905
36.555557,40.380951,GPU_3,100.000000,73.800003,1,0,0.746032,0.761905
37.333332,40.380951,GPU_3,100.000000,73.300003,1,0,0.761905,0.761905
38.111111,40.380951,background,0.000000,72.680000,0,1,0.777778,0.761905
38.888889,40.380951,background,0.000000,71.959999,0,0,0.793651,0.761905
39.666668,40.380951,background,0.000000,71.089996,0,0,0.809524,0.761905
40.444443,40.380951,background,0.000000,69.949997,0,0,0.825397,0.761905
41.222221,40.380951,background,0.000000,68.080002,0,0,0.841270,0.761905
42.000000,40.380951,background,0.000000,64.120003,0,0,0.857143,0.761905
42.777779,40.380951,background,0.000000,61.099998,0,0,0.873016,0.761905
43.555557,40.380951,background,0.000000,59.520000,0,0,0.888889,0.761905
44.333332,40.380951,background,0.000000,58.360001,0,0,0.904762,0.761905
45.111111,40.380951,background,0.000000,57.340000,0,0,0.920635,0.761905
45.888889,40.380951,background,0.000000,56.360001,0,0,0.936508,0.761905
46.666668,40.380951,background,0.000000,55.410000,0,0,0.952381,0.761905
47.444443,40.380951,background,0.000000,54.480000,0,0,0.968254,0.761905
48.222221,40.380951,background,0.000000,53.599998,0,0,0.984127,0.761905
49.000000,40.380951,background,0.000000,52.900002,0,0,1.000000,0.761905
0.000000,41.222221,HBM_2,25.000000,52.840000,1,1,0.000000,0.777778
0.777778,41.222221,HBM_2,25.000000,53.470001,1,0,0.015873,0.777778
1.555556,41.222221,HBM_2,25.000000,54.240002,1,0,0.031746,0.777778
2.333333,41.222221,HBM_2,25.000000,55.029999,1,0,0.047619,0.777778
3.111111,41.222221,HBM_2,25.000000,55.799999,1,0,0.063492,0.777778
3.888889,41.222221,HBM_2,25.000000,56.540001,1,0,0.079365,0.777778
4.666667,41.222221,HBM_2,25.000000,57.250000,1,0,0.095238,0.777778
5.444445,41.222221,HBM_2,25.000000,57.930000,1,0,0.111111,0.777778
6.222222,41.222221,HBM_2,25.000000,58.570000,1,0,0.126984,0.777778
7.000000,41.222221,HBM_2,25.000000,59.180000,1,0,0.142857,0.777778
7.777778,41.222221,HBM_2,25.000000,59.740002,1,1,0.158730,0.777778
8.555555,41.222221,background,0.000000,60.250000,0,0,0.174603,0.777778
9.333333,41.222221,background,0.000000,60.680000,0,0,0.190476,0.777778
10.111111,41.222221,background,0.000000,60.959999,0,0,0.206349,0.777778
10.888889,41.222221,background,0.000000,60.849998,0,0,0.222222,0.777778
11.666667,41.222221,background,0.000000,60.919998,0,0,0.238095,0.777778
12.444445,41.222221,background,0.000000,61.330002,0,0,0.253968,0.777778
13.222222,41.222221,background,0.000000,61.950001,0,0,0.269841,0.777778
14.000000,41.222221,background,0.000000,62.720001,0,0,0.285714,0.777778
14.777778,41.222221,background,0.000000,63.200001,0,0,0.301587,0.777778
15.555555,41.222221,background,0.000000,63.610001,0,0,0.317460,0.777778
16.333334,41.222221,background,0.000000,63.990002,0,0,0.333333,0.777778
17.111111,41.222221,background,0.000000,64.339996,0,0,0.349206,0.777778
17.888889,41.222221,background,0.000000,64.680000,0,0,0.365079,0.777778
18.666666,41.222221,background,0.000000,65.010002,0,1,0.380952,0.777778
19.444445,41.222221,DRAM_2,20.000000,65.330002,1,0,0.396825,0.777778
20.222221,41.222221,DRAM_2,20.000000,65.639999,1,0,0.412698,0.777778
21.000000,41.222221,DRAM_2,20.000000,65.959999,1,0,0.428571,0.777778
21.777779,41.222221,DRAM_2,20.000000,66.290001,1,0,0.444444,0.777778
22.555555,41.222221,DRAM_2,20.000000,66.620003,1,0,0.460317,0.777778
23.333334,41.222221,DRAM_2,20.000000,66.860001,1,0,0.476190,0.777778
24.111111,41.222221,DRAM_2,20.000000,67.050003,1,0,0.492063,0.777778
24.888889,41.222221,DRAM_2,20.000000,67.199997,1,0,0.507937,0.777778
25.666666,41.222221,DRAM_2,20.000000,67.300003,1,0,0.523809,0.777778
26.444445,41.222221,DRAM_2,20.000000,67.360001,1,0,0.539683,0.777778
27.222221,41.222221,DRAM_2,20.000000,67.370003,1,0,0.555556,0.777778
28.000000,41.222221,background,0.000000,67.320000,0,1,0.571429,0.777778
28.777779,41.222221,background,0.000000,67.209999,0,1,0.587302,0.777778
29.555555,41.222221,GPU_3,100.000000,66.959999,1,0,0.603175,0.777778
30.333334,41.222221,GPU_3,100.000000,66.300003,1,0,0.619048,0.777778
31.111111,41.222221,GPU_3,100.000000,66.239998,1,0,0.634921,0.777778
31.888889,41.222221,GPU_3,100.000000,66.610001,1,0,0.650794,0.777778
32.666668,41.222221,GPU_3,100.000000,67.610001,1,0,0.666667,0.777778
33.444443,41.222221,GPU_3,100.000000,69.190002,1,0,0.682540,0.777778
34.222221,41.222221,GPU_3,100.000000,70.690002,1,0,0.698413,0.777778
35.000000,41.222221,GPU_3,100.000000,70.959999,1,0,0.714286,0.777778
35.777779,41.222221,GPU_3,100.000000,70.809998,1,0,0.730159,0.777778
36.555557,41.222221,GPU_3,100.000000,70.449997,1,0,0.746032,0.777778
37.333332,41.222221,GPU_3,100.000000,69.970001,1,0,0.761905,0.777778
38.111111,41.222221,background,0.000000,69.389999,0,1,0.777778,0.777778
38.888889,41.222221,background,0.000000,68.709999,0,0,0.793651,0.777778
39.666668,41.222221,background,0.000000,67.889999,0,0,0.809524,0.777778
40.444443,41.222221,background,0.000000,66.830002,0,0,0.825397,0.777778
41.222221,41.222221,background,0.000000,65.160004,0,0,0.841270,0.777778
42.000000,41.222221,background,0.000000,62.090000,0,0,0.857143,0.777778
42.777779,41.222221,background,0.000000,59.990002,0,0,0.873016,0.777778
43.555557,41.222221,background,0.000000,58.730000,0,0,0.888889,0.777778
44.333332,41.222221,background,0.000000,57.709999,0,0,0.904762,0.777778
45.111111,41.222221,background,0.000000,56.759998,0,0,0.920635,0.777778
45.888889,41.222221,background,0.000000,55.840000,0,0,0.936508,0.777778
46.666668,41.222221,background,0.000000,54.930000,0,0,0.952381,0.777778
47.444443,41.222221,background,0.000000,54.040001,0,0,0.968254,0.777778
48.222221,41.222221,background,0.000000,53.189999,0,0,0.984127,0.777778
49.000000,41.222221,background,0.000000,52.520000,0,0,1.000000,0.777778
0.000000,42.063492,HBM_2,25.000000,52.259998,1,1,0.000000,0.793651
0.777778,42.063492,HBM_2,25.000000,52.849998,1,1,0.015873,0.793651
1.555556,42.063492,HBM_2,25.000000,53.580002,1,1,0.031746,0.793651
2.333333,42.063492,HBM_2,25.000000,54.330002,1,1,0.047619,0.793651
3.111111,42.063492,HBM_2,25.000000,55.060001,1,1,0.063492,0.793651
3.888889,42.063492,HBM_2,25.000000,55.759998,1,1,0.079365,0.793651
4.666667,42.063492,HBM_2,25.000000,56.439999,1,1,0.095238,0.793651
5.444445,42.063492,HBM_2,25.000000,57.090000,1,1,0.111111,0.793651
6.222222,42.063492,HBM_2,25.000000,57.700001,1,1,0.126984,0.793651
7.000000,42.063492,HBM_2,25.000000,58.279999,1,1,0.142857,0.793651
7.777778,42.063492,HBM_2,25.000000,58.820000,1,1,0.158730,0.793651
8.555555,42.063492,background,0.000000,59.299999,0,0,0.174603,0.793651
9.333333,42.063492,background,0.000000,59.720001,0,0,0.190476,0.793651
10.111111,42.063492,background,0.000000,59.990002,0,0,0.206349,0.793651
10.888889,42.063492,background,0.000000,59.860001,0,0,0.222222,0.793651
11.666667,42.063492,background,0.000000,59.869999,0,0,0.238095,0.793651
12.444445,42.063492,background,0.000000,60.169998,0,0,0.253968,0.793651
13.222222,42.063492,background,0.000000,60.730000,0,0,0.269841,0.793651
14.000000,42.063492,background,0.000000,61.380001,0,0,0.285714,0.793651
14.777778,42.063492,background,0.000000,61.860001,0,0,0.301587,0.793651
15.555555,42.063492,background,0.000000,62.259998,0,0,0.317460,0.793651
16.333334,42.063492,background,0.000000,62.630001,0,0,0.333333,0.793651
17.111111,42.063492,background,0.000000,62.980000,0,0,0.349206,0.793651
17.888889,42.063492,background,0.000000,63.320000,0,0,0.365079,0.793651
18.666666,42.063492,background,0.000000,63.650002,0,1,0.380952,0.793651
19.444445,42.063492,DRAM_2,20.000000,63.980000,1,0,0.396825,0.793651
20.222221,42.063492,DRAM_2,20.000000,64.320000,1,0,0.412698,0.793651
21.000000,42.063492,DRAM_2,20.000000,64.690002,1,0,0.428571,0.793651
21.777779,42.063492,DRAM_2,20.000000,64.980003,1,0,0.444444,0.793651
22.555555,42.063492,DRAM_2,20.000000,65.440002,1,0,0.460317,0.793651
23.333334,42.063492,DRAM_2,20.000000,65.709999,1,0,0.476190,0.793651
24.111111,42.063492,DRAM_2,20.000000,65.900002,1,0,0.492063,0.793651
24.888889,42.063492,DRAM_2,20.000000,66.029999,1,0,0.507937,0.793651
25.666666,42.063492,DRAM_2,20.000000,66.129997,1,0,0.523809,0.793651
26.444445,42.063492,DRAM_2,20.000000,66.180000,1,0,0.539683,0.793651
27.222221,42.063492,DRAM_2,20.000000,66.180000,1,0,0.555556,0.793651
28.000000,42.063492,background,0.000000,66.139999,0,1,0.571429,0.793651
28.777779,42.063492,background,0.000000,66.019997,0,1,0.587302,0.793651
29.555555,42.063492,GPU_3,100.000000,65.760002,1,0,0.603175,0.793651
30.333334,42.063492,GPU_3,100.000000,65.070000,1,0,0.619048,0.793651
31.111111,42.063492,GPU_3,100.000000,64.860001,1,0,0.634921,0.793651
31.888889,42.063492,GPU_3,100.000000,64.970001,1,0,0.650794,0.793651
32.666668,42.063492,GPU_3,100.000000,65.480003,1,0,0.666667,0.793651
33.444443,42.063492,GPU_3,100.000000,66.419998,1,0,0.682540,0.793651
34.222221,42.063492,GPU_3,100.000000,67.309998,1,0,0.698413,0.793651
35.000000,42.063492,GPU_3,100.000000,67.529999,1,0,0.714286,0.793651
35.777779,42.063492,GPU_3,100.000000,67.400002,1,0,0.730159,0.793651
36.555557,42.063492,GPU_3,100.000000,67.080002,1,0,0.746032,0.793651
37.333332,42.063492,GPU_3,100.000000,66.629997,1,0,0.761905,0.793651
38.111111,42.063492,background,0.000000,66.080002,0,1,0.777778,0.793651
38.888889,42.063492,background,0.000000,65.419998,0,0,0.793651,0.793651
39.666668,42.063492,background,0.000000,64.620003,0,0,0.809524,0.793651
40.444443,42.063492,background,0.000000,63.549999,0,0,0.825397,0.793651
41.222221,42.063492,background,0.000000,61.919998,0,0,0.841270,0.793651
42.000000,42.063492,background,0.000000,59.860001,0,0,0.857143,0.793651
42.777779,42.063492,background,0.000000,58.810001,0,0,0.873016,0.793651
43.555557,42.063492,background,0.000000,57.900002,0,0,0.888889,0.793651
44.333332,42.063492,background,0.000000,57.009998,0,0,0.904762,0.793651
45.111111,42.063492,background,0.000000,56.139999,0,0,0.920635,0.793651
45.888889,42.063492,background,0.000000,55.270000,0,0,0.936508,0.793651
46.666668,42.063492,background,0.000000,54.410000,0,0,0.952381,0.793651
47.444443,42.063492,background,0.000000,53.560001,0,0,0.968254,0.793651
48.222221,42.063492,background,0.000000,52.750000,0,0,0.984127,0.793651
49.000000,42.063492,background,0.000000,52.099998,0,0,1.000000,0.793651
0.000000,42.904762,background,0.000000,51.580002,0,0,0.000000,0.809524
0.777778,42.904762,background,0.000000,52.150002,0,0,0.015873,0.809524
1.555556,42.904762,background,0.000000,52.840000,0,0,0.031746,0.809524
2.333333,42.904762,background,0.000000,53.549999,0,0,0.047619,0.809524
3.111111,42.904762,background,0.000000,54.240002,0,0,0.063492,0.809524
3.888889,42.904762,background,0.000000,54.910000,0,0,0.079365,0.809524
4.666667,42.904762,background,0.000000,55.560001,0,0,0.095238,0.809524
5.444445,42.904762,background,0.000000,56.169998,0,0,0.111111,0.809524
6.222222,42.904762,background,0.000000,56.759998,0,0,0.126984,0.809524
7.000000,42.904762,background,0.000000,57.310001,0,0,0.142857,0.809524
7.777778,42.904762,background,0.000000,57.830002,0,0,0.158730,0.809524
8.555555,42.904762,background,0.000000,58.299999,0,0,0.174603,0.809524
9.333333,42.904762,background,0.000000,58.709999,0,0,0.190476,0.809524
10.111111,42.904762,background,0.000000,58.980000,0,0,0.206349,0.809524
10.888889,42.904762,background,0.000000,58.849998,0,0,0.222222,0.809524
11.666667,42.904762,background,0.000000,58.799999,0,0,0.238095,0.809524
12.444445,42.904762,background,0.000000,59.009998,0,0,0.253968,0.809524
13.222222,42.904762,background,0.000000,59.410000,0,0,0.269841,0.809524
14.000000,42.904762,background,0.000000,59.869999,0,0,0.285714,0.809524
14.777778,42.904762,background,0.000000,60.290001,0,0,0.301587,0.809524
15.555555,42.904762,background,0.000000,60.660000,0,0,0.317460,0.809524
16.333334,42.904762,background,0.000000,61.020000,0,0,0.333333,0.809524
17.111111,42.904762,background,0.000000,61.349998,0,0,0.349206,0.809524
17.888889,42.904762,background,0.000000,61.680000,0,0,0.365079,0.809524
18.666666,42.904762,background,0.000000,62.009998,0,1,0.380952,0.809524
19.444445,42.904762,DRAM_2,20.000000,62.360001,1,0,0.396825,0.809524
20.222221,42.904762,DRAM_2,20.000000,62.759998,1,0,0.412698,0.809524
21.000000,42.904762,DRAM_2,20.000000,63.250000,1,0,0.428571,0.809524
21.777779,42.904762,DRAM_2,20.000000,63.720001,1,0,0.444444,0.809524
22.555555,42.904762,DRAM_2,20.000000,64.269997,1,0,0.460317,0.809524
23.333334,42.904762,DRAM_2,20.000000,64.559998,1,0,0.476190,0.809524
24.111111,42.904762,DRAM_2,20.000000,64.750000,1,0,0.492063,0.809524
24.888889,42.904762,DRAM_2,20.000000,64.879997,1,0,0.507937,0.809524
25.666666,42.904762,DRAM_2,20.000000,64.970001,1,0,0.523809,0.809524
26.444445,42.904762,DRAM_2,20.000000,65.010002,1,0,0.539683,0.809524
27.222221,42.904762,DRAM_2,20.000000,65.010002,1,0,0.555556,0.809524
28.000000,42.904762,background,0.000000,64.959999,0,1,0.571429,0.809524
28.777779,42.904762,background,0.000000,64.839996,0,1,0.587302,0.809524
29.555555,42.904762,GPU_3,100.000000,64.580002,1,0,0.603175,0.809524
30.333334,42.904762,GPU_3,100.000000,63.849998,1,0,0.619048,0.809524
31.111111,42.904762,GPU_3,100.000000,63.509998,1,1,0.634921,0.809524
31.888889,42.904762,GPU_3,100.000000,63.410000,1,1,0.650794,0.809524
32.666668,42.904762,GPU_3,100.000000,63.549999,1,1,0.666667,0.809524
33.444443,42.904762,GPU_3,100.000000,63.889999,1,1,0.682540,0.809524
34.222221,42.904762,GPU_3,100.000000,64.190002,1,1,0.698413,0.809524
35.000000,42.904762,GPU_3,100.000000,64.230003,1,1,0.714286,0.809524
35.777779,42.904762,GPU_3,100.000000,64.059998,1,1,0.730159,0.809524
36.555557,42.904762,GPU_3,100.000000,63.750000,1,1,0.746032,0.809524
37.333332,42.904762,GPU_3,100.000000,63.320000,1,1,0.761905,0.809524
38.111111,42.904762,background,0.000000,62.810001,0,1,0.777778,0.809524
38.888889,42.904762,background,0.000000,62.200001,0,1,0.793651,0.809524
39.666668,42.904762,background,0.000000,61.470001,0,1,0.809524,0.809524
40.444443,42.904762,background,0.000000,60.570000,0,0,0.825397,0.809524
41.222221,42.904762,background,0.000000,59.410000,0,0,0.841270,0.809524
42.000000,42.904762,background,0.000000,58.349998,0,0,0.857143,0.809524
42.777779,42.904762,background,0.000000,57.790001,0,0,0.873016,0.809524
43.555557,42.904762,background,0.000000,57.070000,0,0,0.888889,0.809524
44.333332,42.904762,background,0.000000,56.279999,0,0,0.904762,0.809524
45.111111,42.904762,background,0.000000,55.480000,0,0,0.920635,0.809524
45.888889,42.904762,background,0.000000,54.660000,0,0,0.936508,0.809524
46.666668,42.904762,background,0.000000,53.849998,0,0,0.952381,0.809524
47.444443,42.904762,background,0.000000,53.040001,0,0,0.968254,0.809524
48.222221,42.904762,background,0.000000,52.259998,0,0,0.984127,0.809524
49.000000,42.904762,background,0.000000,51.650002,0,0,1.000000,0.809524
0.000000,43.746033,background,0.000000,50.540001,0,0,0.000000,0.825397
0.777778,43.746033,background,0.000000,51.049999,0,0,0.015873,0.825397
1.555556,43.746033,background,0.000000,51.700001,0,0,0.031746,0.825397
2.333333,43.746033,background,0.000000,52.369999,0,0,0.047619,0.825397
3.111111,43.746033,background,0.000000,53.020000,0,0,0.063492,0.825397
3.888889,43.746033,background,0.000000,53.660000,0,0,0.079365,0.825397
4.666667,43.746033,background,0.000000,54.270000,0,0,0.095238,0.825397
5.444445,43.746033,background,0.000000,54.860001,0,0,0.111111,0.825397
6.222222,43.746033,background,0.000000,55.419998,0,0,0.126984,0.825397
7.000000,43.746033,background,0.000000,55.950001,0,0,0.142857,0.825397
7.777778,43.746033,background,0.000000,56.450001,0,0,0.158730,0.825397
8.555555,43.746033,background,0.000000,56.910000,0,0,0.174603,0.825397
9.333333,43.746033,background,0.000000,57.310001,0,0,0.190476,0.825397
10.111111,43.746033,background,0.000000,57.599998,0,0,0.206349,0.825397
10.888889,43.746033,background,0.000000,57.619999,0,0,0.222222,0.825397
11.666667,43.746033,background,0.000000,57.669998,0,0,0.238095,0.825397
12.444445,43.746033,background,0.000000,57.880001,0,0,0.253968,0.825397
13.222222,43.746033,background,0.000000,58.209999,0,0,0.269841,0.825397
14.000000,43.746033,background,0.000000,58.580002,0,0,0.285714,0.825397
14.777778,43.746033,background,0.000000,58.950001,0,0,0.301587,0.825397
15.555555,43.746033,background,0.000000,59.299999,0,0,0.317460,0.825397
16.333334,43.746033,background,0.000000,59.630001,0,0,0.333333,0.825397
17.111111,43.746033,background,0.000000,59.950001,0,0,0.349206,0.825397
17.888889,43.746033,background,0.000000,60.279999,0,0,0.365079,0.825397
18.666666,43.746033,background,0.000000,60.610001,0,1,0.380952,0.825397
19.444445,43.746033,DRAM_2,20.000000,60.970001,1,0,0.396825,0.825397
20.222221,43.746033,DRAM_2,20.000000,61.400002,1,0,0.412698,0.825397
21.000000,43.746033,DRAM_2,20.000000,61.970001,1,0,0.428571,0.825397
21.777779,43.746033,DRAM_2,20.000000,62.549999,1,0,0.444444,0.825397
22.555555,43.746033,DRAM_2,20.000000,63.119999,1,0,0.460317,0.825397
23.333334,43.746033,DRAM_2,20.000000,63.410000,1,0,0.476190,0.825397
24.111111,43.746033,DRAM_2,20.000000,63.599998,1,0,0.492063,0.825397
24.888889,43.746033,DRAM_2,20.000000,63.720001,1,0,0.507937,0.825397
25.666666,43.746033,DRAM_2,20.000000,63.799999,1,0,0.523809,0.825397
26.444445,43.746033,DRAM_2,20.000000,63.840000,1,0,0.539683,0.825397
27.222221,43.746033,DRAM_2,20.000000,63.840000,1,0,0.555556,0.825397
28.000000,43.746033,background,0.000000,63.790001,0,1,0.571429,0.825397
28.777779,43.746033,background,0.000000,63.660000,0,1,0.587302,0.825397
29.555555,43.746033,GPU_3,100.000000,63.400002,1,0,0.603175,0.825397
30.333334,43.746033,GPU_3,100.000000,62.650002,1,0,0.619048,0.825397
31.111111,43.746033,GPU_3,100.000000,62.220001,1,1,0.634921,0.825397
31.888889,43.746033,GPU_3,100.000000,61.970001,1,0,0.650794,0.825397
32.666668,43.746033,GPU_3,100.000000,61.889999,1,0,0.666667,0.825397
33.444443,43.746033,GPU_3,100.000000,61.910000,1,0,0.682540,0.825397
34.222221,43.746033,GPU_3,100.000000,61.919998,1,0,0.698413,0.825397
35.000000,43.746033,GPU_3,100.000000,61.820000,1,0,0.714286,0.825397
35.777779,43.746033,GPU_3,100.000000,61.599998,1,0,0.730159,0.825397
36.555557,43.746033,GPU_3,100.000000,61.279999,1,0,0.746032,0.825397
37.333332,43.746033,GPU_3,100.000000,60.869999,1,0,0.761905,0.825397
38.111111,43.746033,HBM_3,25.000000,60.389999,1,1,0.777778,0.825397
38.888889,43.746033,HBM_3,25.000000,59.840000,1,0,0.793651,0.825397
39.666668,43.746033,background,0.000000,59.209999,0,1,0.809524,0.825397
40.444443,43.746033,background,0.000000,58.490002,0,0,0.825397,0.825397
41.222221,43.746033,background,0.000000,57.720001,0,0,0.841270,0.825397
42.000000,43.746033,background,0.000000,57.189999,0,0,0.857143,0.825397
42.777779,43.746033,background,0.000000,56.840000,0,0,0.873016,0.825397
43.555557,43.746033,background,0.000000,56.230000,0,0,0.888889,0.825397
44.333332,43.746033,background,0.000000,55.520000,0,0,0.904762,0.825397
45.111111,43.746033,background,0.000000,54.770000,0,0,0.920635,0.825397
45.888889,43.746033,background,0.000000,54.009998,0,0,0.936508,0.825397
46.666668,43.746033,background,0.000000,53.240002,0,0,0.952381,0.825397
47.444443,43.746033,background,0.000000,52.470001,0,0,0.968254,0.825397
48.222221,43.746033,background,0.000000,51.730000,0,0,0.984127,0.825397
49.000000,43.746033,background,0.000000,51.139999,0,0,1.000000,0.825397
0.000000,44.587303,background,0.000000,49.799999,0,0,0.000000,0.841270
0.777778,44.587303,background,0.000000,50.180000,0,0,0.015873,0.841270
1.555556,44.587303,background,0.000000,50.730000,0,0,0.031746,0.841270
2.333333,44.587303,background,0.000000,51.330002,0,0,0.047619,0.841270
3.111111,44.587303,background,0.000000,51.939999,0,0,0.063492,0.841270
3.888889,44.587303,background,0.000000,52.529999,0,0,0.079365,0.841270
4.666667,44.587303,background,0.000000,53.110001,0,0,0.095238,0.841270
5.444445,44.587303,background,0.000000,53.669998,0,0,0.111111,0.841270
6.222222,44.587303,background,0.000000,54.209999,0,0,0.126984,0.841270
7.000000,44.587303,background,0.000000,54.709999,0,0,0.142857,0.841270
7.777778,44.587303,background,0.000000,55.189999,0,0,0.158730,0.841270
8.555555,44.587303,background,0.000000,55.619999,0,0,0.174603,0.841270
9.333333,44.587303,background,0.000000,56.000000,0,0,0.190476,0.841270
10.111111,44.587303,background,0.000000,56.299999,0,0,0.206349,0.841270
10.888889,44.587303,background,0.000000,56.430000,0,0,0.222222,0.841270
11.666667,44.587303,background,0.000000,56.570000,0,0,0.238095,0.841270
12.444445,44.587303,background,0.000000,56.810001,0,0,0.253968,0.841270
13.222222,44.587303,background,0.000000,57.110001,0,0,0.269841,0.841270
14.000000,44.587303,background,0.000000,57.439999,0,0,0.285714,0.841270
14.777778,44.587303,background,0.000000,57.779999,0,0,0.301587,0.841270
15.555555,44.587303,background,0.000000,58.099998,0,0,0.317460,0.841270
16.333334,44.587303,background,0.000000,58.419998,0,0,0.333333,0.841270
17.111111,44.587303,background,0.000000,58.730000,0,0,0.349206,0.841270
17.888889,44.587303,background,0.000000,59.040001,0,0,0.365079,0.841270
18.666666,44.587303,background,0.000000,59.360001,0,1,0.380952,0.841270
19.444445,44.587303,DRAM_2,20.000000,59.720001,1,1,0.396825,0.841270
20.222221,44.587303,DRAM_2,20.000000,60.160000,1,1,0.412698,0.841270
21.000000,44.587303,DRAM_2,20.000000,60.770000,1,1,0.428571,0.841270
21.777779,44.587303,DRAM_2,20.000000,61.400002,1,1,0.444444,0.841270
22.555555,44.587303,DRAM_2,20.000000,61.990002,1,1,0.460317,0.841270
23.333334,44.587303,DRAM_2,20.000000,62.270000,1,1,0.476190,0.841270
24.111111,44.587303,DRAM_2,20.000000,62.450001,1,1,0.492063,0.841270
24.888889,44.587303,DRAM_2,20.000000,62.570000,1,1,0.507937,0.841270
25.666666,44.587303,DRAM_2,20.000000,62.639999,1,1,0.523809,0.841270
26.444445,44.587303,DRAM_2,20.000000,62.680000,1,1,0.539683,0.841270
27.222221,44.587303,DRAM_2,20.000000,62.669998,1,1,0.555556,0.841270
28.000000,44.587303,background,0.000000,62.619999,0,1,0.571429,0.841270
28.777779,44.587303,background,0.000000,62.490002,0,1,0.587302,0.841270
29.555555,44.587303,GPU_3,100.000000,62.230000,1,0,0.603175,0.841270
30.333334,44.587303,GPU_3,100.000000,61.470001,1,0,0.619048,0.841270
31.111111,44.587303,GPU_3,100.000000,60.970001,1,1,0.634921,0.841270
31.888889,44.587303,GPU_3,100.000000,60.630001,1,0,0.650794,0.841270
32.666668,44.587303,GPU_3,100.000000,60.430000,1,0,0.666667,0.841270
33.444443,44.587303,GPU_3,100.000000,60.290001,1,0,0.682540,0.841270
34.222221,44.587303,GPU_3,100.000000,60.160000,1,0,0.698413,0.841270
35.000000,44.587303,GPU_3,100.000000,59.970001,1,0,0.714286,0.841270
35.777779,44.587303,GPU_3,100.000000,59.720001,1,0,0.730159,0.841270
36.555557,44.587303,GPU_3,100.000000,59.389999,1,0,0.746032,0.841270
37.333332,44.587303,GPU_3,100.000000,59.000000,1,0,0.761905,0.841270
38.111111,44.587303,HBM_3,25.000000,58.549999,1,1,0.777778,0.841270
38.888889,44.587303,HBM_3,25.000000,58.049999,1,0,0.793651,0.841270
39.666668,44.587303,background,0.000000,57.500000,0,1,0.809524,0.841270
40.444443,44.587303,background,0.000000,56.930000,0,0,0.825397,0.841270
41.222221,44.587303,background,0.000000,56.410000,0,0,0.841270,0.841270
42.000000,44.587303,background,0.000000,56.160000,0,0,0.857143,0.841270
42.777779,44.587303,background,0.000000,55.910000,0,0,0.873016,0.841270
43.555557,44.587303,background,0.000000,55.360001,0,0,0.888889,0.841270
44.333332,44.587303,background,0.000000,54.700001,0,0,0.904762,0.841270
45.111111,44.587303,background,0.000000,54.000000,0,0,0.920635,0.841270
45.888889,44.587303,background,0.000000,53.270000,0,0,0.936508,0.841270
46.666668,44.587303,background,0.000000,52.540001,0,0,0.952381,0.841270
47.444443,44.587303,background,0.000000,51.820000,0,0,0.968254,0.841270
48.222221,44.587303,background,0.000000,51.119999,0,0,0.984127,0.841270
49.000000,44.587303,background,0.000000,50.570000,0,0,1.000000,0.841270
0.000000,45.428570,background,0.000000,48.990002,0,0,0.000000,0.857143
0.777778,45.428570,background,0.000000,49.299999,0,0,0.015873,0.857143
1.555556,45.428570,background,0.000000,49.770000,0,0,0.031746,0.857143
2.333333,45.428570,background,0.000000,50.299999,0,0,0.047619,0.857143
3.111111,45.428570,background,0.000000,50.860001,0,0,0.063492,0.857143
3.888889,45.428570,background,0.000000,51.410000,0,0,0.079365,0.857143
4.666667,45.428570,background,0.000000,51.950001,0,0,0.095238,0.857143
5.444445,45.428570,background,0.000000,52.480000,0,0,0.111111,0.857143
6.222222,45.428570,background,0.000000,52.980000,0,0,0.126984,0.857143
7.000000,45.428570,background,0.000000,53.459999,0,0,0.142857,0.857143
7.777778,45.428570,background,0.000000,53.910000,0,0,0.158730,0.857143
8.555555,45.428570,background,0.000000,54.330002,0,0,0.174603,0.857143
9.333333,45.428570,background,0.000000,54.709999,0,0,0.190476,0.857143
10.111111,45.428570,background,0.000000,55.029999,0,0,0.206349,0.857143
10.888889,45.428570,background,0.000000,55.279999,0,0,0.222222,0.857143
11.666667,45.428570,background,0.000000,55.520000,0,0,0.238095,0.857143
12.444445,45.428570,background,0.000000,55.790001,0,0,0.253968,0.857143
13.222222,45.428570,background,0.000000,56.090000,0,0,0.269841,0.857143
14.000000,45.428570,background,0.000000,56.400002,0,0,0.285714,0.857143
14.777778,45.428570,background,0.000000,56.709999,0,0,0.301587,0.857143
15.555555,45.428570,background,0.000000,57.020000,0,0,0.317460,0.857143
16.333334,45.428570,background,0.000000,57.320000,0,0,0.333333,0.857143
17.111111,45.428570,background,0.000000,57.610001,0,0,0.349206,0.857143
17.888889,45.428570,background,0.000000,57.910000,0,0,0.365079,0.857143
18.666666,45.428570,background,0.000000,58.209999,0,0,0.380952,0.857143
19.444445,45.428570,background,0.000000,58.549999,0,0,0.396825,0.857143
20.222221,45.428570,background,0.000000,58.980000,0,0,0.412698,0.857143
21.000000,45.428570,background,0.000000,59.560001,0,0,0.428571,0.857143
21.777779,45.428570,background,0.000000,60.240002,0,0,0.444444,0.857143
22.555555,45.428570,background,0.000000,60.820000,0,0,0.460317,0.857143
23.333334,45.428570,background,0.000000,61.090000,0,0,0.476190,0.857143
24.111111,45.428570,background,0.000000,61.259998,0,0,0.492063,0.857143
24.888889,45.428570,background,0.000000,61.380001,0,0,0.507937,0.857143
25.666666,45.428570,background,0.000000,61.450001,0,0,0.523809,0.857143
26.444445,45.428570,background,0.000000,61.480000,0,0,0.539683,0.857143
27.222221,45.428570,background,0.000000,61.470001,0,0,0.555556,0.857143
28.000000,45.428570,background,0.000000,61.419998,0,0,0.571429,0.857143
28.777779,45.428570,background,0.000000,61.290001,0,0,0.587302,0.857143
29.555555,45.428570,background,0.000000,61.029999,0,0,0.603175,0.857143
30.333334,45.428570,background,0.000000,60.270000,0,0,0.619048,0.857143
31.111111,45.428570,background,0.000000,59.740002,0,1,0.634921,0.857143
31.888889,45.428570,HBM_3,25.000000,59.360001,1,0,0.650794,0.857143
32.666668,45.428570,HBM_3,25.000000,59.110001,1,0,0.666667,0.857143
33.444443,45.428570,HBM_3,25.000000,58.900002,1,0,0.682540,0.857143
34.222221,45.428570,HBM_3,25.000000,58.700001,1,0,0.698413,0.857143
35.000000,45.428570,HBM_3,25.000000,58.470001,1,0,0.714286,0.857143
35.777779,45.428570,HBM_3,25.000000,58.189999,1,0,0.730159,0.857143
36.555557,45.428570,HBM_3,25.000000,57.869999,1,0,0.746032,0.857143
37.333332,45.428570,HBM_3,25.000000,57.490002,1,0,0.761905,0.857143
38.111111,45.428570,HBM_3,25.000000,57.070000,1,0,0.777778,0.857143
38.888889,45.428570,HBM_3,25.000000,56.610001,1,0,0.793651,0.857143
39.666668,45.428570,background,0.000000,56.119999,0,1,0.809524,0.857143
40.444443,45.428570,background,0.000000,55.630001,0,0,0.825397,0.857143
41.222221,45.428570,background,0.000000,55.189999,0,0,0.841270,0.857143
42.000000,45.428570,background,0.000000,54.919998,0,0,0.857143,0.857143
42.777779,45.428570,background,0.000000,54.590000,0,0,0.873016,0.857143
43.555557,45.428570,background,0.000000,54.060001,0,0,0.888889,0.857143
44.333332,45.428570,background,0.000000,53.439999,0,0,0.904762,0.857143
45.111111,45.428570,background,0.000000,52.779999,0,0,0.920635,0.857143
45.888889,45.428570,background,0.000000,52.099998,0,0,0.936508,0.857143
46.666668,45.428570,background,0.000000,51.419998,0,0,0.952381,0.857143
47.444443,45.428570,background,0.000000,50.740002,0,0,0.968254,0.857143
48.222221,45.428570,background,0.000000,50.110001,0,0,0.984127,0.857143
49.000000,45.428570,background,0.000000,49.650002,0,0,1.000000,0.857143
0.000000,46.269840,background,0.000000,48.270000,0,0,0.000000,0.873016
0.777778,46.269840,background,0.000000,48.540001,0,0,0.015873,0.873016
1.555556,46.269840,background,0.000000,48.959999,0,0,0.031746,0.873016
2.333333,46.269840,background,0.000000,49.450001,0,0,0.047619,0.873016
3.111111,46.269840,background,0.000000,49.959999,0,0,0.063492,0.873016
3.888889,46.269840,background,0.000000,50.480000,0,0,0.079365,0.873016
4.666667,46.269840,background,0.000000,50.990002,0,0,0.095238,0.873016
5.444445,46.269840,background,0.000000,51.480000,0,0,0.111111,0.873016
6.222222,46.269840,background,0.000000,51.959999,0,0,0.126984,0.873016
7.000000,46.269840,background,0.000000,52.410000,0,0,0.142857,0.873016
7.777778,46.269840,background,0.000000,52.840000,0,0,0.158730,0.873016
8.555555,46.269840,background,0.000000,53.240002,0,0,0.174603,0.873016
9.333333,46.269840,background,0.000000,53.610001,0,0,0.190476,0.873016
10.111111,46.269840,background,0.000000,53.950001,0,0,0.206349,0.873016
10.888889,46.269840,background,0.000000,54.250000,0,0,0.222222,0.873016
11.666667,46.269840,background,0.000000,54.540001,0,0,0.238095,0.873016
12.444445,46.269840,background,0.000000,54.830002,0,0,0.253968,0.873016
13.222222,46.269840,background,0.000000,55.130001,0,0,0.269841,0.873016
14.000000,46.269840,background,0.000000,55.430000,0,0,0.285714,0.873016
14.777778,46.269840,background,0.000000,55.720001,0,0,0.301587,0.873016
15.555555,46.269840,background,0.000000,56.009998,0,0,0.317460,0.873016
16.333334,46.269840,background,0.000000,56.299999,0,0,0.333333,0.873016
17.111111,46.269840,background,0.000000,56.570000,0,0,0.349206,0.873016
17.888889,46.269840,background,0.000000,56.849998,0,0,0.365079,0.873016
18.666666,46.269840,background,0.000000,57.139999,0,0,0.380952,0.873016
19.444445,46.269840,background,0.000000,57.450001,0,0,0.396825,0.873016
20.222221,46.269840,background,0.000000,57.810001,0,0,0.412698,0.873016
21.000000,46.269840,background,0.000000,58.279999,0,0,0.428571,0.873016
21.777779,46.269840,background,0.000000,58.910000,0,0,0.444444,0.873016
22.555555,46.269840,background,0.000000,59.439999,0,0,0.460317,0.873016
23.333334,46.269840,background,0.000000,59.720001,0,0,0.476190,0.873016
24.111111,46.269840,background,0.000000,59.900002,0,0,0.492063,0.873016
24.888889,46.269840,background,0.000000,60.009998,0,0,0.507937,0.873016
25.666666,46.269840,background,0.000000,60.080002,0,0,0.523809,0.873016
26.444445,46.269840,background,0.000000,60.110001,0,0,0.539683,0.873016
27.222221,46.269840,background,0.000000,60.090000,0,0,0.555556,0.873016
28.000000,46.269840,background,0.000000,60.029999,0,0,0.571429,0.873016
28.777779,46.269840,background,0.000000,59.889999,0,0,0.587302,0.873016
29.555555,46.269840,background,0.000000,59.599998,0,0,0.603175,0.873016
30.333334,46.269840,background,0.000000,58.980000,0,0,0.619048,0.873016
31.111111,46.269840,background,0.000000,58.490002,0,1,0.634921,0.873016
31.888889,46.269840,HBM_3,25.000000,58.150002,1,0,0.650794,0.873016
32.666668,46.269840,HBM_3,25.000000,57.889999,1,0,0.666667,0.873016
33.444443,46.269840,HBM_3,25.000000,57.660000,1,0,0.682540,0.873016
34.222221,46.269840,HBM_3,25.000000,57.430000,1,0,0.698413,0.873016
35.000000,46.269840,HBM_3,25.000000,57.180000,1,0,0.714286,0.873016
35.777779,46.269840,HBM_3,25.000000,56.900002,1,0,0.730159,0.873016
36.555557,46.269840,HBM_3,25.000000,56.580002,1,0,0.746032,0.873016
37.333332,46.269840,HBM_3,25.000000,56.209999,1,0,0.761905,0.873016
38.111111,46.269840,HBM_3,25.000000,55.820000,1,0,0.777778,0.873016
38.888889,46.269840,HBM_3,25.000000,55.389999,1,0,0.793651,0.873016
39.666668,46.269840,background,0.000000,54.939999,0,1,0.809524,0.873016
40.444443,46.269840,background,0.000000,54.480000,0,0,0.825397,0.873016
41.222221,46.269840,background,0.000000,54.040001,0,0,0.841270,0.873016
42.000000,46.269840,background,0.000000,53.660000,0,0,0.857143,0.873016
42.777779,46.269840,background,0.000000,53.230000,0,0,0.873016,0.873016
43.555557,46.269840,background,0.000000,52.720001,0,0,0.888889,0.873016
44.333332,46.269840,background,0.000000,52.139999,0,0,0.904762,0.873016
45.111111,46.269840,background,0.000000,51.529999,0,0,0.920635,0.873016
45.888889,46.269840,background,0.000000,50.910000,0,0,0.936508,0.873016
46.666668,46.269840,background,0.000000,50.279999,0,0,0.952381,0.873016
47.444443,46.269840,background,0.000000,49.680000,0,0,0.968254,0.873016
48.222221,46.269840,background,0.000000,49.150002,0,0,0.984127,0.873016
49.000000,46.269840,background,0.000000,48.799999,0,0,1.000000,0.873016
0.000000,47.111111,background,0.000000,47.639999,0,0,0.000000,0.888889
0.777778,47.111111,background,0.000000,47.889999,0,0,0.015873,0.888889
1.555556,47.111111,background,0.000000,48.270000,0,0,0.031746,0.888889
2.333333,47.111111,background,0.000000,48.720001,0,0,0.047619,0.888889
3.111111,47.111111,background,0.000000,49.189999,0,0,0.063492,0.888889
3.888889,47.111111,background,0.000000,49.680000,0,0,0.079365,0.888889
4.666667,47.111111,background,0.000000,50.150002,0,0,0.095238,0.888889
5.444445,47.111111,background,0.000000,50.619999,0,0,0.111111,0.888889
6.222222,47.111111,background,0.000000,51.070000,0,0,0.126984,0.888889
7.000000,47.111111,background,0.000000,51.500000,0,0,0.142857,0.888889
7.777778,47.111111,background,0.000000,51.910000,0,0,0.158730,0.888889
8.555555,47.111111,background,0.000000,52.299999,0,0,0.174603,0.888889
9.333333,47.111111,background,0.000000,52.669998,0,0,0.190476,0.888889
10.111111,47.111111,background,0.000000,53.000000,0,0,0.206349,0.888889
10.888889,47.111111,background,0.000000,53.320000,0,0,0.222222,0.888889
11.666667,47.111111,background,0.000000,53.619999,0,0,0.238095,0.888889
12.444445,47.111111,background,0.000000,53.919998,0,0,0.253968,0.888889
13.222222,47.111111,background,0.000000,54.209999,0,0,0.269841,0.888889
14.000000,47.111111,background,0.000000,54.500000,0,0,0.285714,0.888889
14.777778,47.111111,background,0.000000,54.790001,0,0,0.301587,0.888889
15.555555,47.111111,background,0.000000,55.060001,0,0,0.317460,0.888889
16.333334,47.111111,background,0.000000,55.330002,0,0,0.333333,0.888889
17.111111,47.111111,background,0.000000,55.590000,0,0,0.349206,0.888889
17.888889,47.111111,background,0.000000,55.849998,0,0,0.365079,0.888889
18.666666,47.111111,background,0.000000,56.110001,0,0,0.380952,0.888889
19.444445,47.111111,background,0.000000,56.389999,0,0,0.396825,0.888889
20.222221,47.111111,background,0.000000,56.689999,0,0,0.412698,0.888889
21.000000,47.111111,background,0.000000,57.040001,0,0,0.428571,0.888889
21.777779,47.111111,background,0.000000,57.430000,0,0,0.444444,0.888889
22.555555,47.111111,background,0.000000,57.770000,0,0,0.460317,0.888889
23.333334,47.111111,background,0.000000,58.009998,0,0,0.476190,0.888889
24.111111,47.111111,background,0.000000,58.169998,0,0,0.492063,0.888889
24.888889,47.111111,background,0.000000,58.270000,0,0,0.507937,0.888889
25.666666,47.111111,background,0.000000,58.330002,0,0,0.523809,0.888889
26.444445,47.111111,background,0.000000,58.360001,0,0,0.539683,0.888889
27.222221,47.111111,background,0.000000,58.340000,0,0,0.555556,0.888889
28.000000,47.111111,background,0.000000,58.279999,0,0,0.571429,0.888889
28.777779,47.111111,background,0.000000,58.150002,0,0,0.587302,0.888889
29.555555,47.111111,background,0.000000,57.930000,0,0,0.603175,0.888889
30.333334,47.111111,background,0.000000,57.590000,0,0,0.619048,0.888889
31.111111,47.111111,background,0.000000,57.259998,0,1,0.634921,0.888889
31.888889,47.111111,HBM_3,25.000000,56.990002,1,0,0.650794,0.888889
32.666668,47.111111,HBM_3,25.000000,56.750000,1,0,0.666667,0.888889
33.444443,47.111111,HBM_3,25.000000,56.520000,1,0,0.682540,0.888889
34.222221,47.111111,HBM_3,25.000000,56.279999,1,0,0.698413,0.888889
35.000000,47.111111,HBM_3,25.000000,56.029999,1,0,0.714286,0.888889
35.777779,47.111111,HBM_3,25.000000,55.750000,1,0,0.730159,0.888889
36.555557,47.111111,HBM_3,25.000000,55.439999,1,0,0.746032,0.888889
37.333332,47.111111,HBM_3,25.000000,55.090000,1,0,0.761905,0.888889
38.111111,47.111111,HBM_3,25.000000,54.709999,1,0,0.777778,0.888889
38.888889,47.111111,HBM_3,25.000000,54.310001,1,0,0.793651,0.888889
39.666668,47.111111,background,0.000000,53.880001,0,1,0.809524,0.888889
40.444443,47.111111,background,0.000000,53.450001,0,0,0.825397,0.888889
41.222221,47.111111,background,0.000000,53.009998,0,0,0.841270,0.888889
42.000000,47.111111,background,0.000000,52.570000,0,0,0.857143,0.888889
42.777779,47.111111,background,0.000000,52.110001,0,0,0.873016,0.888889
43.555557,47.111111,background,0.000000,51.610001,0,0,0.888889,0.888889
44.333332,47.111111,background,0.000000,51.060001,0,0,0.904762,0.888889
45.111111,47.111111,background,0.000000,50.500000,0,0,0.920635,0.888889
45.888889,47.111111,background,0.000000,49.919998,0,0,0.936508,0.888889
46.666668,47.111111,background,0.000000,49.349998,0,0,0.952381,0.888889
47.444443,47.111111,background,0.000000,48.799999,0,0,0.968254,0.888889
48.222221,47.111111,background,0.000000,48.340000,0,0,0.984127,0.888889
49.000000,47.111111,background,0.000000,48.040001,0,0,1.000000,0.888889
0.000000,47.952381,background,0.000000,47.070000,0,0,0.000000,0.904762
0.777778,47.952381,background,0.000000,47.299999,0,0,0.015873,0.904762
1.555556,47.952381,background,0.000000,47.650002,0,0,0.031746,0.904762
2.333333,47.952381,background,0.000000,48.070000,0,0,0.047619,0.904762
3.111111,47.952381,background,0.000000,48.520000,0,0,0.063492,0.904762
3.888889,47.952381,background,0.000000,48.970001,0,0,0.079365,0.904762
4.666667,47.952381,background,0.000000,49.419998,0,0,0.095238,0.904762
5.444445,47.952381,background,0.000000,49.860001,0,0,0.111111,0.904762
6.222222,47.952381,background,0.000000,50.279999,0,0,0.126984,0.904762
7.000000,47.952381,background,0.000000,50.689999,0,0,0.142857,0.904762
7.777778,47.952381,background,0.000000,51.080002,0,0,0.158730,0.904762
8.555555,47.952381,background,0.000000,51.459999,0,0,0.174603,0.904762
9.333333,47.952381,background,0.000000,51.810001,0,0,0.190476,0.904762
10.111111,47.952381,background,0.000000,52.150002,0,0,0.206349,0.904762
10.888889,47.952381,background,0.000000,52.459999,0,0,0.222222,0.904762
11.666667,47.952381,background,0.000000,52.770000,0,0,0.238095,0.904762
12.444445,47.952381,background,0.000000,53.060001,0,0,0.253968,0.904762
13.222222,47.952381,background,0.000000,53.349998,0,0,0.269841,0.904762
14.000000,47.952381,background,0.000000,53.619999,0,0,0.285714,0.904762
14.777778,47.952381,background,0.000000,53.900002,0,0,0.301587,0.904762
15.555555,47.952381,background,0.000000,54.160000,0,0,0.317460,0.904762
16.333334,47.952381,background,0.000000,54.410000,0,0,0.333333,0.904762
17.111111,47.952381,background,0.000000,54.660000,0,0,0.349206,0.904762
17.888889,47.952381,background,0.000000,54.900002,0,0,0.365079,0.904762
18.666666,47.952381,background,0.000000,55.139999,0,0,0.380952,0.904762
19.444445,47.952381,background,0.000000,55.380001,0,0,0.396825,0.904762
20.222221,47.952381,background,0.000000,55.630001,0,0,0.412698,0.904762
21.000000,47.952381,background,0.000000,55.900002,0,0,0.428571,0.904762
21.777779,47.952381,background,0.000000,56.169998,0,0,0.444444,0.904762
22.555555,47.952381,background,0.000000,56.400002,0,0,0.460317,0.904762
23.333334,47.952381,background,0.000000,56.590000,0,0,0.476190,0.904762
24.111111,47.952381,background,0.000000,56.720001,0,0,0.492063,0.904762
24.888889,47.952381,background,0.000000,56.810001,0,0,0.507937,0.904762
25.666666,47.952381,background,0.000000,56.869999,0,0,0.523809,0.904762
26.444445,47.952381,background,0.000000,56.889999,0,0,0.539683,0.904762
27.222221,47.952381,background,0.000000,56.880001,0,0,0.555556,0.904762
28.000000,47.952381,background,0.000000,56.820000,0,0,0.571429,0.904762
28.777779,47.952381,background,0.000000,56.720001,0,0,0.587302,0.904762
29.555555,47.952381,background,0.000000,56.560001,0,0,0.603175,0.904762
30.333334,47.952381,background,0.000000,56.340000,0,0,0.619048,0.904762
31.111111,47.952381,background,0.000000,56.110001,0,1,0.634921,0.904762
31.888889,47.952381,HBM_3,25.000000,55.889999,1,0,0.650794,0.904762
32.666668,47.952381,HBM_3,25.000000,55.680000,1,0,0.666667,0.904762
33.444443,47.952381,HBM_3,25.000000,55.459999,1,0,0.682540,0.904762
34.222221,47.952381,HBM_3,25.000000,55.230000,1,0,0.698413,0.904762
35.000000,47.952381,HBM_3,25.000000,54.980000,1,0,0.714286,0.904762
35.777779,47.952381,HBM_3,25.000000,54.700001,1,0,0.730159,0.904762
36.555557,47.952381,HBM_3,25.000000,54.400002,1,0,0.746032,0.904762
37.333332,47.952381,HBM_3,25.000000,54.070000,1,0,0.761905,0.904762
38.111111,47.952381,HBM_3,25.000000,53.720001,1,0,0.777778,0.904762
38.888889,47.952381,HBM_3,25.000000,53.340000,1,0,0.793651,0.904762
39.666668,47.952381,background,0.000000,52.930000,0,1,0.809524,0.904762
40.444443,47.952381,background,0.000000,52.509998,0,0,0.825397,0.904762
41.222221,47.952381,background,0.000000,52.080002,0,0,0.841270,0.904762
42.000000,47.952381,background,0.000000,51.639999,0,0,0.857143,0.904762
42.777779,47.952381,background,0.000000,51.169998,0,0,0.873016,0.904762
43.555557,47.952381,background,0.000000,50.680000,0,0,0.888889,0.904762
44.333332,47.952381,background,0.000000,50.169998,0,0,0.904762,0.904762
45.111111,47.952381,background,0.000000,49.639999,0,0,0.920635,0.904762
45.888889,47.952381,background,0.000000,49.099998,0,0,0.936508,0.904762
46.666668,47.952381,background,0.000000,48.570000,0,0,0.952381,0.904762
47.444443,47.952381,background,0.000000,48.070000,0,0,0.968254,0.904762
48.222221,47.952381,background,0.000000,47.650002,0,0,0.984127,0.904762
49.000000,47.952381,background,0.000000,47.380001,0,0,1.000000,0.904762
0.000000,48.793652,background,0.000000,46.560001,0,0,0.000000,0.920635
0.777778,48.793652,background,0.000000,46.770000,0,0,0.015873,0.920635
1.555556,48.793652,background,0.000000,47.099998,0,0,0.031746,0.920635
2.333333,48.793652,background,0.000000,47.490002,0,0,0.047619,0.920635
3.111111,48.793652,background,0.000000,47.900002,0,0,0.063492,0.920635
3.888889,48.793652,background,0.000000,48.330002,0,0,0.079365,0.920635
4.666667,48.793652,background,0.000000,48.750000,0,0,0.095238,0.920635
5.444445,48.793652,background,0.000000,49.169998,0,0,0.111111,0.920635
6.222222,48.793652,background,0.000000,49.570000,0,0,0.126984,0.920635
7.000000,48.793652,background,0.000000,49.959999,0,0,0.142857,0.920635
7.777778,48.793652,background,0.000000,50.330002,0,0,0.158730,0.920635
8.555555,48.793652,background,0.000000,50.689999,0,0,0.174603,0.920635
9.333333,48.793652,background,0.000000,51.029999,0,0,0.190476,0.920635
10.111111,48.793652,background,0.000000,51.349998,0,0,0.206349,0.920635
10.888889,48.793652,background,0.000000,51.660000,0,0,0.222222,0.920635
11.666667,48.793652,background,0.000000,51.959999,0,0,0.238095,0.920635
12.444445,48.793652,background,0.000000,52.250000,0,0,0.253968,0.920635
13.222222,48.793652,background,0.000000,52.520000,0,0,0.269841,0.920635
14.000000,48.793652,background,0.000000,52.790001,0,0,0.285714,0.920635
14.777778,48.793652,background,0.000000,53.049999,0,0,0.301587,0.920635
15.555555,48.793652,background,0.000000,53.299999,0,0,0.317460,0.920635
16.333334,48.793652,background,0.000000,53.540001,0,0,0.333333,0.920635
17.111111,48.793652,background,0.000000,53.770000,0,0,0.349206,0.920635
17.888889,48.793652,background,0.000000,54.000000,0,0,0.365079,0.920635
18.666666,48.793652,background,0.000000,54.209999,0,0,0.380952,0.920635
19.444445,48.793652,background,0.000000,54.430000,0,0,0.396825,0.920635
20.222221,48.793652,background,0.000000,54.639999,0,0,0.412698,0.920635
21.000000,48.793652,background,0.000000,54.860001,0,0,0.428571,0.920635
21.777779,48.793652,background,0.000000,55.060001,0,0,0.444444,0.920635
22.555555,48.793652,background,0.000000,55.240002,0,0,0.460317,0.920635
23.333334,48.793652,background,0.000000,55.389999,0,0,0.476190,0.920635
24.111111,48.793652,background,0.000000,55.500000,0,0,0.492063,0.920635
24.888889,48.793652,background,0.000000,55.580002,0,0,0.507937,0.920635
25.666666,48.793652,background,0.000000,55.630001,0,0,0.523809,0.920635
26.444445,48.793652,background,0.000000,55.650002,0,0,0.539683,0.920635
27.222221,48.793652,background,0.000000,55.639999,0,0,0.555556,0.920635
28.000000,48.793652,background,0.000000,55.590000,0,0,0.571429,0.920635
28.777779,48.793652,background,0.000000,55.509998,0,0,0.587302,0.920635
29.555555,48.793652,background,0.000000,55.389999,0,0,0.603175,0.920635
30.333334,48.793652,background,0.000000,55.230000,0,0,0.619048,0.920635
31.111111,48.793652,background,0.000000,55.049999,0,1,0.634921,0.920635
31.888889,48.793652,HBM_3,25.000000,54.869999,1,0,0.650794,0.920635
32.666668,48.793652,HBM_3,25.000000,54.669998,1,0,0.666667,0.920635
33.444443,48.793652,HBM_3,25.000000,54.470001,1,0,0.682540,0.920635
34.222221,48.793652,HBM_3,25.000000,54.250000,1,0,0.698413,0.920635
35.000000,48.793652,HBM_3,25.000000,54.009998,1,0,0.714286,0.920635
35.777779,48.793652,HBM_3,25.000000,53.740002,1,0,0.730159,0.920635
36.555557,48.793652,HBM_3,25.000000,53.450001,1,0,0.746032,0.920635
37.333332,48.793652,HBM_3,25.000000,53.139999,1,0,0.761905,0.920635
38.111111,48.793652,HBM_3,25.000000,52.799999,1,0,0.777778,0.920635
38.888889,48.793652,HBM_3,25.000000,52.439999,1,0,0.793651,0.920635
39.666668,48.793652,background,0.000000,52.060001,0,1,0.809524,0.920635
40.444443,48.793652,background,0.000000,51.660000,0,0,0.825397,0.920635
41.222221,48.793652,background,0.000000,51.240002,0,0,0.841270,0.920635
42.000000,48.793652,background,0.000000,50.810001,0,0,0.857143,0.920635
42.777779,48.793652,background,0.000000,50.360001,0,0,0.873016,0.920635
43.555557,48.793652,background,0.000000,49.880001,0,0,0.888889,0.920635
44.333332,48.793652,background,0.000000,49.400002,0,0,0.904762,0.920635
45.111111,48.793652,background,0.000000,48.900002,0,0,0.920635,0.920635
45.888889,48.793652,background,0.000000,48.389999,0,0,0.936508,0.920635
46.666668,48.793652,background,0.000000,47.900002,0,0,0.952381,0.920635
47.444443,48.793652,background,0.000000,47.439999,0,0,0.968254,0.920635
48.222221,48.793652,background,0.000000,47.060001,0,0,0.984127,0.920635
49.000000,48.793652,background,0.000000,46.810001,0,0,1.000000,0.920635
0.000000,49.634922,background,0.000000,46.090000,0,0,0.000000,0.936508
0.777778,49.634922,background,0.000000,46.279999,0,0,0.015873,0.936508
1.555556,49.634922,background,0.000000,46.590000,0,0,0.031746,0.936508
2.333333,49.634922,background,0.000000,46.959999,0,0,0.047619,0.936508
3.111111,49.634922,background,0.000000,47.349998,0,0,0.063492,0.936508
3.888889,49.634922,background,0.000000,47.740002,0,0,0.079365,0.936508
4.666667,49.634922,background,0.000000,48.139999,0,0,0.095238,0.936508
5.444445,49.634922,background,0.000000,48.529999,0,0,0.111111,0.936508
6.222222,49.634922,background,0.000000,48.919998,0,0,0.126984,0.936508
7.000000,49.634922,background,0.000000,49.290001,0,0,0.142857,0.936508
7.777778,49.634922,background,0.000000,49.639999,0,0,0.158730,0.936508
8.555555,49.634922,background,0.000000,49.980000,0,0,0.174603,0.936508
9.333333,49.634922,background,0.000000,50.310001,0,0,0.190476,0.936508
10.111111,49.634922,background,0.000000,50.619999,0,0,0.206349,0.936508
10.888889,49.634922,background,0.000000,50.919998,0,0,0.222222,0.936508
11.666667,49.634922,background,0.000000,51.209999,0,0,0.238095,0.936508
12.444445,49.634922,background,0.000000,51.480000,0,0,0.253968,0.936508
13.222222,49.634922,background,0.000000,51.750000,0,0,0.269841,0.936508
14.000000,49.634922,background,0.000000,52.009998,0,0,0.285714,0.936508
14.777778,49.634922,background,0.000000,52.250000,0,0,0.301587,0.936508
15.555555,49.634922,background,0.000000,52.490002,0,0,0.317460,0.936508
16.333334,49.634922,background,0.000000,52.720001,0,0,0.333333,0.936508
17.111111,49.634922,background,0.000000,52.930000,0,0,0.349206,0.936508
17.888889,49.634922,background,0.000000,53.139999,0,0,0.365079,0.936508
18.666666,49.634922,background,0.000000,53.349998,0,0,0.380952,0.936508
19.444445,49.634922,background,0.000000,53.540001,0,0,0.396825,0.936508
20.222221,49.634922,background,0.000000,53.730000,0,0,0.412698,0.936508
21.000000,49.634922,background,0.000000,53.910000,0,0,0.428571,0.936508
21.777779,49.634922,background,0.000000,54.070000,0,0,0.444444,0.936508
22.555555,49.634922,background,0.000000,54.220001,0,0,0.460317,0.936508
23.333334,49.634922,background,0.000000,54.340000,0,0,0.476190,0.936508
24.111111,49.634922,background,0.000000,54.439999,0,0,0.492063,0.936508
24.888889,49.634922,background,0.000000,54.509998,0,0,0.507937,0.936508
25.666666,49.634922,background,0.000000,54.549999,0,0,0.523809,0.936508
26.444445,49.634922,background,0.000000,54.570000,0,0,0.539683,0.936508
27.222221,49.634922,background,0.000000,54.560001,0,0,0.555556,0.936508
28.000000,49.634922,background,0.000000,54.520000,0,0,0.571429,0.936508
28.777779,49.634922,background,0.000000,54.450001,0,0,0.587302,0.936508
29.555555,49.634922,background,0.000000,54.349998,0,0,0.603175,0.936508
30.333334,49.634922,background,0.000000,54.230000,0,0,0.619048,0.936508
31.111111,49.634922,background,0.000000,54.080002,0,1,0.634921,0.936508
31.888889,49.634922,HBM_3,25.000000,53.919998,1,0,0.650794,0.936508
32.666668,49.634922,HBM_3,25.000000,53.740002,1,0,0.666667,0.936508
33.444443,49.634922,HBM_3,25.000000,53.549999,1,0,0.682540,0.936508
34.222221,49.634922,HBM_3,25.000000,53.340000,1,0,0.698413,0.936508
35.000000,49.634922,HBM_3,25.000000,53.110001,1,0,0.714286,0.936508
35.777779,49.634922,HBM_3,25.000000,52.860001,1,0,0.730159,0.936508
36.555557,49.634922,HBM_3,25.000000,52.580002,1,0,0.746032,0.936508
37.333332,49.634922,HBM_3,25.000000,52.279999,1,0,0.761905,0.936508
38.111111,49.634922,HBM_3,25.000000,51.959999,1,0,0.777778,0.936508
38.888889,49.634922,HBM_3,25.000000,51.619999,1,0,0.793651,0.936508
39.666668,49.634922,background,0.000000,51.259998,0,1,0.809524,0.936508
40.444443,49.634922,background,0.000000,50.880001,0,0,0.825397,0.936508
41.222221,49.634922,background,0.000000,50.480000,0,0,0.841270,0.936508
42.000000,49.634922,background,0.000000,50.060001,0,0,0.857143,0.936508
42.777779,49.634922,background,0.000000,49.630001,0,0,0.873016,0.936508
43.555557,49.634922,background,0.000000,49.180000,0,0,0.888889,0.936508
44.333332,49.634922,background,0.000000,48.720001,0,0,0.904762,0.936508
45.111111,49.634922,background,0.000000,48.250000,0,0,0.920635,0.936508
45.888889,49.634922,background,0.000000,47.779999,0,0,0.936508,0.936508
46.666668,49.634922,background,0.000000,47.320000,0,0,0.952381,0.936508
47.444443,49.634922,background,0.000000,46.889999,0,0,0.968254,0.936508
48.222221,49.634922,background,0.000000,46.529999,0,0,0.984127,0.936508
49.000000,49.634922,background,0.000000,46.299999,0,0,1.000000,0.936508
0.000000,50.476189,background,0.000000,45.660000,0,0,0.000000,0.952381
0.777778,50.476189,background,0.000000,45.849998,0,0,0.015873,0.952381
1.555556,50.476189,background,0.000000,46.130001,0,0,0.031746,0.952381
2.333333,50.476189,background,0.000000,46.480000,0,0,0.047619,0.952381
3.111111,50.476189,background,0.000000,46.840000,0,0,0.063492,0.952381
3.888889,50.476189,background,0.000000,47.220001,0,0,0.079365,0.952381
4.666667,50.476189,background,0.000000,47.599998,0,0,0.095238,0.952381
5.444445,50.476189,background,0.000000,47.970001,0,0,0.111111,0.952381
6.222222,50.476189,background,0.000000,48.330002,0,0,0.126984,0.952381
7.000000,50.476189,background,0.000000,48.680000,0,0,0.142857,0.952381
7.777778,50.476189,background,0.000000,49.020000,0,0,0.158730,0.952381
8.555555,50.476189,background,0.000000,49.340000,0,0,0.174603,0.952381
9.333333,50.476189,background,0.000000,49.650002,0,0,0.190476,0.952381
10.111111,50.476189,background,0.000000,49.950001,0,0,0.206349,0.952381
10.888889,50.476189,background,0.000000,50.240002,0,0,0.222222,0.952381
11.666667,50.476189,background,0.000000,50.520000,0,0,0.238095,0.952381
12.444445,50.476189,background,0.000000,50.779999,0,0,0.253968,0.952381
13.222222,50.476189,background,0.000000,51.040001,0,0,0.269841,0.952381
14.000000,50.476189,background,0.000000,51.279999,0,0,0.285714,0.952381
14.777778,50.476189,background,0.000000,51.509998,0,0,0.301587,0.952381
15.555555,50.476189,background,0.000000,51.740002,0,0,0.317460,0.952381
16.333334,50.476189,background,0.000000,51.950001,0,0,0.333333,0.952381
17.111111,50.476189,background,0.000000,52.160000,0,0,0.349206,0.952381
17.888889,50.476189,background,0.000000,52.360001,0,0,0.365079,0.952381
18.666666,50.476189,background,0.000000,52.540001,0,0,0.380952,0.952381
19.444445,50.476189,background,0.000000,52.720001,0,0,0.396825,0.952381
20.222221,50.476189,background,0.000000,52.889999,0,0,0.412698,0.952381
21.000000,50.476189,background,0.000000,53.049999,0,0,0.428571,0.952381
21.777779,50.476189,background,0.000000,53.189999,0,0,0.444444,0.952381
22.555555,50.476189,background,0.000000,53.320000,0,0,0.460317,0.952381
23.333334,50.476189,background,0.000000,53.430000,0,0,0.476190,0.952381
24.111111,50.476189,background,0.000000,53.509998,0,0,0.492063,0.952381
24.888889,50.476189,background,0.000000,53.570000,0,0,0.507937,0.952381
25.666666,50.476189,background,0.000000,53.610001,0,0,0.523809,0.952381
26.444445,50.476189,background,0.000000,53.619999,0,0,0.539683,0.952381
27.222221,50.476189,background,0.000000,53.610001,0,0,0.555556,0.952381
28.000000,50.476189,background,0.000000,53.580002,0,0,0.571429,0.952381
28.777779,50.476189,background,0.000000,53.520000,0,0,0.587302,0.952381
29.555555,50.476189,background,0.000000,53.439999,0,0,0.603175,0.952381
30.333334,50.476189,background,0.000000,53.330002,0,0,0.619048,0.952381
31.111111,50.476189,background,0.000000,53.200001,0,1,0.634921,0.952381
31.888889,50.476189,HBM_3,25.000000,53.060001,1,0,0.650794,0.952381
32.666668,50.476189,HBM_3,25.000000,52.889999,1,0,0.666667,0.952381
33.444443,50.476189,HBM_3,25.000000,52.709999,1,0,0.682540,0.952381
34.222221,50.476189,HBM_3,25.000000,52.509998,1,0,0.698413,0.952381
35.000000,50.476189,HBM_3,25.000000,52.290001,1,0,0.714286,0.952381
35.777779,50.476189,HBM_3,25.000000,52.049999,1,0,0.730159,0.952381
36.555557,50.476189,HBM_3,25.000000,51.790001,1,0,0.746032,0.952381
37.333332,50.476189,HBM_3,25.000000,51.509998,1,0,0.761905,0.952381
38.111111,50.476189,HBM_3,25.000000,51.200001,1,0,0.777778,0.952381
38.888889,50.476189,HBM_3,25.000000,50.880001,1,0,0.793651,0.952381
39.666668,50.476189,background,0.000000,50.529999,0,1,0.809524,0.952381
40.444443,50.476189,background,0.000000,50.169998,0,0,0.825397,0.952381
41.222221,50.476189,background,0.000000,49.790001,0,0,0.841270,0.952381
42.000000,50.476189,background,0.000000,49.389999,0,0,0.857143,0.952381
42.777779,50.476189,background,0.000000,48.980000,0,0,0.873016,0.952381
43.555557,50.476189,background,0.000000,48.560001,0,0,0.888889,0.952381
44.333332,50.476189,background,0.000000,48.119999,0,0,0.904762,0.952381
45.111111,50.476189,background,0.000000,47.669998,0,0,0.920635,0.952381
45.888889,50.476189,background,0.000000,47.230000,0,0,0.936508,0.952381
46.666668,50.476189,background,0.000000,46.799999,0,0,0.952381,0.952381
47.444443,50.476189,background,0.000000,46.400002,0,0,0.968254,0.952381
48.222221,50.476189,background,0.000000,46.060001,0,0,0.984127,0.952381
49.000000,50.476189,background,0.000000,45.840000,0,0,1.000000,0.952381
0.000000,51.317459,background,0.000000,45.290001,0,0,0.000000,0.968254
0.777778,51.317459,background,0.000000,45.470001,0,0,0.015873,0.968254
1.555556,51.317459,background,0.000000,45.740002,0,0,0.031746,0.968254
2.333333,51.317459,background,0.000000,46.060001,0,0,0.047619,0.968254
3.111111,51.317459,background,0.000000,46.400002,0,0,0.063492,0.968254
3.888889,51.317459,background,0.000000,46.759998,0,0,0.079365,0.968254
4.666667,51.317459,background,0.000000,47.119999,0,0,0.095238,0.968254
5.444445,51.317459,background,0.000000,47.470001,0,0,0.111111,0.968254
6.222222,51.317459,background,0.000000,47.810001,0,0,0.126984,0.968254
7.000000,51.317459,background,0.000000,48.150002,0,0,0.142857,0.968254
7.777778,51.317459,background,0.000000,48.470001,0,0,0.158730,0.968254
8.555555,51.317459,background,0.000000,48.779999,0,0,0.174603,0.968254
9.333333,51.317459,background,0.000000,49.080002,0,0,0.190476,0.968254
10.111111,51.317459,background,0.000000,49.369999,0,0,0.206349,0.968254
10.888889,51.317459,background,0.000000,49.639999,0,0,0.222222,0.968254
11.666667,51.317459,background,0.000000,49.910000,0,0,0.238095,0.968254
12.444445,51.317459,background,0.000000,50.160000,0,0,0.253968,0.968254
13.222222,51.317459,background,0.000000,50.400002,0,0,0.269841,0.968254
14.000000,51.317459,background,0.000000,50.639999,0,0,0.285714,0.968254
14.777778,51.317459,background,0.000000,50.860001,0,0,0.301587,0.968254
15.555555,51.317459,background,0.000000,51.080002,0,0,0.317460,0.968254
16.333334,51.317459,background,0.000000,51.279999,0,0,0.333333,0.968254
17.111111,51.317459,background,0.000000,51.480000,0,0,0.349206,0.968254
17.888889,51.317459,background,0.000000,51.660000,0,0,0.365079,0.968254
18.666666,51.317459,background,0.000000,51.840000,0,0,0.380952,0.968254
19.444445,51.317459,background,0.000000,52.000000,0,0,0.396825,0.968254
20.222221,51.317459,background,0.000000,52.160000,0,0,0.412698,0.968254
21.000000,51.317459,background,0.000000,52.299999,0,0,0.428571,0.968254
21.777779,51.317459,background,0.000000,52.430000,0,0,0.444444,0.968254
22.555555,51.317459,background,0.000000,52.540001,0,0,0.460317,0.968254
23.333334,51.317459,background,0.000000,52.639999,0,0,0.476190,0.968254
24.111111,51.317459,background,0.000000,52.709999,0,0,0.492063,0.968254
24.888889,51.317459,background,0.000000,52.770000,0,0,0.507937,0.968254
25.666666,51.317459,background,0.000000,52.799999,0,0,0.523809,0.968254
26.444445,51.317459,background,0.000000,52.820000,0,0,0.539683,0.968254
27.222221,51.317459,background,0.000000,52.810001,0,0,0.555556,0.968254
28.000000,51.317459,background,0.000000,52.779999,0,0,0.571429,0.968254
28.777779,51.317459,background,0.000000,52.720001,0,0,0.587302,0.968254
29.555555,51.317459,background,0.000000,52.650002,0,0,0.603175,0.968254
30.333334,51.317459,background,0.000000,52.549999,0,0,0.619048,0.968254
31.111111,51.317459,background,0.000000,52.439999,0,1,0.634921,0.968254
31.888889,51.317459,HBM_3,25.000000,52.299999,1,0,0.650794,0.968254
32.666668,51.317459,HBM_3,25.000000,52.150002,1,0,0.666667,0.968254
33.444443,51.317459,HBM_3,25.000000,51.980000,1,0,0.682540,0.968254
34.222221,51.317459,HBM_3,25.000000,51.790001,1,0,0.698413,0.968254
35.000000,51.317459,HBM_3,25.000000,51.580002,1,0,0.714286,0.968254
35.777779,51.317459,HBM_3,25.000000,51.349998,1,0,0.730159,0.968254
36.555557,51.317459,HBM_3,25.000000,51.099998,1,0,0.746032,0.968254
37.333332,51.317459,HBM_3,25.000000,50.830002,1,0,0.761905,0.968254
38.111111,51.317459,HBM_3,25.000000,50.540001,1,0,0.777778,0.968254
38.888889,51.317459,HBM_3,25.000000,50.230000,1,0,0.793651,0.968254
39.666668,51.317459,background,0.000000,49.900002,0,1,0.809524,0.968254
40.444443,51.317459,background,0.000000,49.549999,0,0,0.825397,0.968254
41.222221,51.317459,background,0.000000,49.189999,0,0,0.841270,0.968254
42.000000,51.317459,background,0.000000,48.810001,0,0,0.857143,0.968254
42.777779,51.317459,background,0.000000,48.419998,0,0,0.873016,0.968254
43.555557,51.317459,background,0.000000,48.020000,0,0,0.888889,0.968254
44.333332,51.317459,background,0.000000,47.599998,0,0,0.904762,0.968254
45.111111,51.317459,background,0.000000,47.180000,0,0,0.920635,0.968254
45.888889,51.317459,background,0.000000,46.759998,0,0,0.936508,0.968254
46.666668,51.317459,background,0.000000,46.349998,0,0,0.952381,0.968254
47.444443,51.317459,background,0.000000,45.970001,0,0,0.968254,0.968254
48.222221,51.317459,background,0.000000,45.660000,0,0,0.984127,0.968254
49.000000,51.317459,background,0.000000,45.450001,0,0,1.000000,0.968254
0.000000,52.158730,background,0.000000,45.000000,0,0,0.000000,0.984127
0.777778,52.158730,background,0.000000,45.160000,0,0,0.015873,0.984127
1.555556,52.158730,background,0.000000,45.419998,0,0,0.031746,0.984127
2.333333,52.158730,background,0.000000,45.730000,0,0,0.047619,0.984127
3.111111,52.158730,background,0.000000,46.060001,0,0,0.063492,0.984127
3.888889,52.158730,background,0.000000,46.400002,0,0,0.079365,0.984127
4.666667,52.158730,background,0.000000,46.740002,0,0,0.095238,0.984127
5.444445,52.158730,background,0.000000,47.070000,0,0,0.111111,0.984127
6.222222,52.158730,background,0.000000,47.400002,0,0,0.126984,0.984127
7.000000,52.158730,background,0.000000,47.720001,0,0,0.142857,0.984127
7.777778,52.158730,background,0.000000,48.029999,0,0,0.158730,0.984127
8.555555,52.158730,background,0.000000,48.330002,0,0,0.174603,0.984127
9.333333,52.158730,background,0.000000,48.619999,0,0,0.190476,0.984127
10.111111,52.158730,background,0.000000,48.900002,0,0,0.206349,0.984127
10.888889,52.158730,background,0.000000,49.160000,0,0,0.222222,0.984127
11.666667,52.158730,background,0.000000,49.419998,0,0,0.238095,0.984127
12.444445,52.158730,background,0.000000,49.660000,0,0,0.253968,0.984127
13.222222,52.158730,background,0.000000,49.900002,0,0,0.269841,0.984127
14.000000,52.158730,background,0.000000,50.119999,0,0,0.285714,0.984127
14.777778,52.158730,background,0.000000,50.340000,0,0,0.301587,0.984127
15.555555,52.158730,background,0.000000,50.540001,0,0,0.317460,0.984127
16.333334,52.158730,background,0.000000,50.740002,0,0,0.333333,0.984127
17.111111,52.158730,background,0.000000,50.919998,0,0,0.349206,0.984127
17.888889,52.158730,background,0.000000,51.099998,0,0,0.365079,0.984127
18.666666,52.158730,background,0.000000,51.270000,0,0,0.380952,0.984127
19.444445,52.158730,background,0.000000,51.419998,0,0,0.396825,0.984127
20.222221,52.158730,background,0.000000,51.570000,0,0,0.412698,0.984127
21.000000,52.158730,background,0.000000,51.700001,0,0,0.428571,0.984127
21.777779,52.158730,background,0.000000,51.820000,0,0,0.444444,0.984127
22.555555,52.158730,background,0.000000,51.930000,0,0,0.460317,0.984127
23.333334,52.158730,background,0.000000,52.009998,0,0,0.476190,0.984127
24.111111,52.158730,background,0.000000,52.080002,0,0,0.492063,0.984127
24.888889,52.158730,background,0.000000,52.139999,0,0,0.507937,0.984127
25.666666,52.158730,background,0.000000,52.169998,0,0,0.523809,0.984127
26.444445,52.158730,background,0.000000,52.180000,0,0,0.539683,0.984127
27.222221,52.158730,background,0.000000,52.169998,0,0,0.555556,0.984127
28.000000,52.158730,background,0.000000,52.139999,0,0,0.571429,0.984127
28.777779,52.158730,background,0.000000,52.090000,0,0,0.587302,0.984127
29.555555,52.158730,background,0.000000,52.020000,0,0,0.603175,0.984127
30.333334,52.158730,background,0.000000,51.930000,0,0,0.619048,0.984127
31.111111,52.158730,background,0.000000,51.830002,0,1,0.634921,0.984127
31.888889,52.158730,HBM_3,25.000000,51.700001,1,0,0.650794,0.984127
32.666668,52.158730,HBM_3,25.000000,51.549999,1,0,0.666667,0.984127
33.444443,52.158730,HBM_3,25.000000,51.389999,1,0,0.682540,0.984127
34.222221,52.158730,HBM_3,25.000000,51.209999,1,0,0.698413,0.984127
35.000000,52.158730,HBM_3,25.000000,51.009998,1,0,0.714286,0.984127
35.777779,52.158730,HBM_3,25.000000,50.779999,1,0,0.730159,0.984127
36.555557,52.158730,HBM_3,25.000000,50.549999,1,0,0.746032,0.984127
37.333332,52.158730,HBM_3,25.000000,50.290001,1,0,0.761905,0.984127
38.111111,52.158730,HBM_3,25.000000,50.009998,1,0,0.777778,0.984127
38.888889,52.158730,HBM_3,25.000000,49.709999,1,0,0.793651,0.984127
39.666668,52.158730,background,0.000000,49.400002,0,1,0.809524,0.984127
40.444443,52.158730,background,0.000000,49.070000,0,0,0.825397,0.984127
41.222221,52.158730,background,0.000000,48.720001,0,0,0.841270,0.984127
42.000000,52.158730,background,0.000000,48.360001,0,0,0.857143,0.984127
42.777779,52.158730,background,0.000000,47.980000,0,0,0.873016,0.984127
43.555557,52.158730,background,0.000000,47.590000,0,0,0.888889,0.984127
44.333332,52.158730,background,0.000000,47.189999,0,0,0.904762,0.984127
45.111111,52.158730,background,0.000000,46.790001,0,0,0.920635,0.984127
45.888889,52.158730,background,0.000000,46.389999,0,0,0.936508,0.984127
46.666668,52.158730,background,0.000000,46.000000,0,0,0.952381,0.984127
47.444443,52.158730,background,0.000000,45.639999,0,0,0.968254,0.984127
48.222221,52.158730,background,0.000000,45.340000,0,0,0.984127,0.984127
49.000000,52.158730,background,0.000000,45.150002,0,0,1.000000,0.984127
0.000000,53.000000,background,0.000000,44.820000,0,0,0.000000,1.000000
0.777778,53.000000,background,0.000000,44.980000,0,0,0.015873,1.000000
1.555556,53.000000,background,0.000000,45.230000,0,0,0.031746,1.000000
2.333333,53.000000,background,0.000000,45.520000,0,0,0.047619,1.000000
3.111111,53.000000,background,0.000000,45.840000,0,0,0.063492,1.000000
3.888889,53.000000,background,0.000000,46.169998,0,0,0.079365,1.000000
4.666667,53.000000,background,0.000000,46.509998,0,0,0.095238,1.000000
5.444445,53.000000,background,0.000000,46.830002,0,0,0.111111,1.000000
6.222222,53.000000,background,0.000000,47.150002,0,0,0.126984,1.000000
7.000000,53.000000,background,0.000000,47.470001,0,0,0.142857,1.000000
7.777778,53.000000,background,0.000000,47.770000,0,0,0.158730,1.000000
8.555555,53.000000,background,0.000000,48.060001,0,0,0.174603,1.000000
9.333333,53.000000,background,0.000000,48.340000,0,0,0.190476,1.000000
10.111111,53.000000,background,0.000000,48.610001,0,0,0.206349,1.000000
10.888889,53.000000,background,0.000000,48.869999,0,0,0.222222,1.000000
11.666667,53.000000,background,0.000000,49.119999,0,0,0.238095,1.000000
12.444445,53.000000,background,0.000000,49.360001,0,0,0.253968,1.000000
13.222222,53.000000,background,0.000000,49.580002,0,0,0.269841,1.000000
14.000000,53.000000,background,0.000000,49.799999,0,0,0.285714,1.000000
14.777778,53.000000,background,0.000000,50.009998,0,0,0.301587,1.000000
15.555555,53.000000,background,0.000000,50.209999,0,0,0.317460,1.000000
16.333334,53.000000,background,0.000000,50.410000,0,0,0.333333,1.000000
17.111111,53.000000,background,0.000000,50.590000,0,0,0.349206,1.000000
17.888889,53.000000,background,0.000000,50.759998,0,0,0.365079,1.000000
18.666666,53.000000,background,0.000000,50.919998,0,0,0.380952,1.000000
19.444445,53.000000,background,0.000000,51.070000,0,0,0.396825,1.000000
20.222221,53.000000,background,0.000000,51.209999,0,0,0.412698,1.000000
21.000000,53.000000,background,0.000000,51.340000,0,0,0.428571,1.000000
21.777779,53.000000,background,0.000000,51.450001,0,0,0.444444,1.000000
22.555555,53.000000,background,0.000000,51.549999,0,0,0.460317,1.000000
23.333334,53.000000,background,0.000000,51.639999,0,0,0.476190,1.000000
24.111111,53.000000,background,0.000000,51.700001,0,0,0.492063,1.000000
24.888889,53.000000,background,0.000000,51.750000,0,0,0.507937,1.000000
25.666666,53.000000,background,0.000000,51.779999,0,0,0.523809,1.000000
26.444445,53.000000,background,0.000000,51.790001,0,0,0.539683,1.000000
27.222221,53.000000,background,0.000000,51.790001,0,0,0.555556,1.000000
28.000000,53.000000,background,0.000000,51.759998,0,0,0.571429,1.000000
28.777779,53.000000,background,0.000000,51.709999,0,0,0.587302,1.000000
29.555555,53.000000,background,0.000000,51.650002,0,0,0.603175,1.000000
30.333334,53.000000,background,0.000000,51.560001,0,0,0.619048,1.000000
31.111111,53.000000,background,0.000000,51.459999,0,1,0.634921,1.000000
31.888889,53.000000,HBM_3,25.000000,51.330002,1,0,0.650794,1.000000
32.666668,53.000000,HBM_3,25.000000,51.189999,1,0,0.666667,1.000000
33.444443,53.000000,HBM_3,25.000000,51.029999,1,0,0.682540,1.000000
34.222221,53.000000,HBM_3,25.000000,50.849998,1,0,0.698413,1.000000
35.000000,53.000000,HBM_3,25.000000,50.660000,1,0,0.714286,1.000000
35.777779,53.000000,HBM_3,25.000000,50.439999,1,0,0.730159,1.000000
36.555557,53.000000,HBM_3,25.000000,50.209999,1,0,0.746032,1.000000
37.333332,53.000000,HBM_3,25.000000,49.959999,1,0,0.761905,1.000000
38.111111,53.000000,HBM_3,25.000000,49.689999,1,0,0.777778,1.000000
38.888889,53.000000,HBM_3,25.000000,49.400002,1,0,0.793651,1.000000
39.666668,53.000000,background,0.000000,49.090000,0,1,0.809524,1.000000
40.444443,53.000000,background,0.000000,48.770000,0,0,0.825397,1.000000
41.222221,53.000000,background,0.000000,48.430000,0,0,0.841270,1.000000
42.000000,53.000000,background,0.000000,48.080002,0,0,0.857143,1.000000
42.777779,53.000000,background,0.000000,47.709999,0,0,0.873016,1.000000
43.555557,53.000000,background,0.000000,47.330002,0,0,0.888889,1.000000
44.333332,53.000000,background,0.000000,46.950001,0,0,0.904762,1.000000
45.111111,53.000000,background,0.000000,46.560001,0,0,0.920635,1.000000
45.888889,53.000000,background,0.000000,46.169998,0,0,0.936508,1.000000
46.666668,53.000000,background,0.000000,45.790001,0,0,0.952381,1.000000
47.444443,53.000000,background,0.000000,45.439999,0,0,0.968254,1.000000
48.222221,53.000000,background,0.000000,45.150002,0,0,0.984127,1.000000
49.000000,53.000000,background,0.000000,44.959999,0,0,1.000000,1.000000
