{
  "paper_reference": "ATMPlace arXiv 2511.17319 Table VI, ATMPlace WL-driven TWL/m column",
  "outputs_used": [
    "outputs/20260618_134928_wl_benchmark",
    "outputs/20260618_135243_atmplace_wl_extended"
  ],
  "notes": [
    "Case1-3 compare atplace and atmplace; atmplace currently reuses MILP seed on small cases, so values match atplace.",
    "Case4-8 use atmplace fast spectral/clump seed to avoid full pairwise MILP; this is scalable but not yet competitive on all cases.",
    "Thermal and warpage objectives are intentionally disabled; this is WL-only.",
    "The local ATMPLACE.pdf is not the chiplet paper; ATMPlace reference values were extracted from arXiv 2511.17319."
  ],
  "methods": {
    "Case1": {
      "atplace": {
        "runtime_sec": 9.015540209016763,
        "wirelength": 11606.402766272717,
        "twl_m": 11.606402766272717,
        "paper_atmplace_twl_m": 11.973,
        "delta_twl_m": -0.36659723372728337,
        "delta_percent": -3.0618661465571146,
        "ratio_to_paper": 0.9693813385344289,
        "tmax": 55.78106758689961,
        "outline_penalty": 0.0,
        "overlap_penalty": 3.947459643111668e-17,
        "solver_success": true,
        "solver_message": "Optimization terminated successfully. (HiGHS Status 7: Optimal)",
        "selected_phase": "clump_milp",
        "phases": [
          {
            "phase": "initial",
            "wirelength": 63626.55909594024,
            "wirelength_m": 63.626559095940245,
            "total_cost": 29.45062359585791,
            "overlap_penalty": 0.35563279494822386,
            "outline_penalty": 0.0
          },
          {
            "phase": "clump_milp",
            "wirelength": 11606.402766272717,
            "wirelength_m": 11.606402766272717,
            "total_cost": 0.18241443402230872,
            "overlap_penalty": 3.947459643111668e-17,
            "outline_penalty": 0.0
          },
          {
            "phase": "analytical_refine",
            "wirelength": 11606.402766272717,
            "wirelength_m": 11.606402766272717,
            "total_cost": 0.18241443402230872,
            "overlap_penalty": 3.947459643111668e-17,
            "outline_penalty": 0.0
          },
          {
            "phase": "legal_perturb",
            "wirelength": 15866.609313199966,
            "wirelength_m": 15.866609313199966,
            "total_cost": 0.24937085296841632,
            "overlap_penalty": 0.0,
            "outline_penalty": 0.0
          }
        ]
      },
      "atmplace": {
        "runtime_sec": 7.247702874999959,
        "wirelength": 11606.402766272717,
        "twl_m": 11.606402766272717,
        "paper_atmplace_twl_m": 11.973,
        "delta_twl_m": -0.36659723372728337,
        "delta_percent": -3.0618661465571146,
        "ratio_to_paper": 0.9693813385344289,
        "tmax": 55.78106758689961,
        "outline_penalty": 0.0,
        "overlap_penalty": 3.947459643111668e-17,
        "solver_success": true,
        "solver_message": "Optimization terminated successfully. (HiGHS Status 7: Optimal)",
        "selected_phase": "milp_seed",
        "phases": [
          {
            "phase": "initial",
            "wirelength": 63626.55909594024,
            "wirelength_m": 63.626559095940245,
            "total_cost": 29.45062359585791,
            "overlap_penalty": 0.35563279494822386,
            "outline_penalty": 0.0
          },
          {
            "phase": "milp_seed",
            "wirelength": 11606.402766272717,
            "wirelength_m": 11.606402766272717,
            "total_cost": 0.18241443402230872,
            "overlap_penalty": 3.947459643111668e-17,
            "outline_penalty": 0.0
          },
          {
            "phase": "orientation_cgd",
            "wirelength": 54572.22495399966,
            "wirelength_m": 54.572224953999665,
            "total_cost": 0.857695681322514,
            "overlap_penalty": 0.0,
            "outline_penalty": 0.0
          },
          {
            "phase": "legalization",
            "wirelength": 15866.609313199966,
            "wirelength_m": 15.866609313199966,
            "total_cost": 0.24937085296841632,
            "overlap_penalty": 0.0,
            "outline_penalty": 0.0
          }
        ]
      }
    },
    "Case2": {
      "atplace": {
        "runtime_sec": 9.927916457992978,
        "wirelength": 16868.31991032026,
        "twl_m": 16.86831991032026,
        "paper_atmplace_twl_m": 15.408,
        "delta_twl_m": 1.4603199103202602,
        "delta_percent": 9.477673353584244,
        "ratio_to_paper": 1.0947767335358425,
        "tmax": 40.394054840262264,
        "outline_penalty": 0.0,
        "overlap_penalty": 3.4857718400012905e-15,
        "solver_success": true,
        "solver_message": "Optimization terminated successfully. (HiGHS Status 7: Optimal)",
        "selected_phase": "clump_milp",
        "phases": [
          {
            "phase": "initial",
            "wirelength": 106053.39467431733,
            "wirelength_m": 106.05339467431733,
            "total_cost": 18.266621778657733,
            "overlap_penalty": 0.21583277223322167,
            "outline_penalty": 0.0
          },
          {
            "phase": "clump_milp",
            "wirelength": 16868.31991032026,
            "wirelength_m": 16.86831991032026,
            "total_cost": 0.1590549737908087,
            "overlap_penalty": 3.4857718400012905e-15,
            "outline_penalty": 0.0
          },
          {
            "phase": "analytical_refine",
            "wirelength": 16868.31991032026,
            "wirelength_m": 16.86831991032026,
            "total_cost": 0.1590549737908087,
            "overlap_penalty": 3.4857718400012905e-15,
            "outline_penalty": 0.0
          },
          {
            "phase": "legal_perturb",
            "wirelength": 32842.7068118401,
            "wirelength_m": 32.8427068118401,
            "total_cost": 0.30968086323589916,
            "overlap_penalty": 0.0,
            "outline_penalty": 0.0
          }
        ]
      },
      "atmplace": {
        "runtime_sec": 9.837691374996211,
        "wirelength": 16868.31991032026,
        "twl_m": 16.86831991032026,
        "paper_atmplace_twl_m": 15.408,
        "delta_twl_m": 1.4603199103202602,
        "delta_percent": 9.477673353584244,
        "ratio_to_paper": 1.0947767335358425,
        "tmax": 40.394054840262264,
        "outline_penalty": 0.0,
        "overlap_penalty": 3.4857718400012905e-15,
        "solver_success": true,
        "solver_message": "Optimization terminated successfully. (HiGHS Status 7: Optimal)",
        "selected_phase": "milp_seed",
        "phases": [
          {
            "phase": "initial",
            "wirelength": 106053.39467431733,
            "wirelength_m": 106.05339467431733,
            "total_cost": 18.266621778657733,
            "overlap_penalty": 0.21583277223322167,
            "outline_penalty": 0.0
          },
          {
            "phase": "milp_seed",
            "wirelength": 16868.31991032026,
            "wirelength_m": 16.86831991032026,
            "total_cost": 0.1590549737908087,
            "overlap_penalty": 3.4857718400012905e-15,
            "outline_penalty": 0.0
          },
          {
            "phase": "orientation_cgd",
            "wirelength": 101744.09594191983,
            "wirelength_m": 101.74409594191984,
            "total_cost": 0.9593667063121265,
            "overlap_penalty": 0.0,
            "outline_penalty": 0.0
          },
          {
            "phase": "legalization",
            "wirelength": 34421.98369767985,
            "wirelength_m": 34.42198369767985,
            "total_cost": 0.32457220066729014,
            "overlap_penalty": 0.0,
            "outline_penalty": 0.0
          }
        ]
      }
    },
    "Case3": {
      "atplace": {
        "runtime_sec": 25.921790790976956,
        "wirelength": 31366.248807182637,
        "twl_m": 31.36624880718264,