grid_x,grid_y,chiplet_id,chiplet_power,temperature,occupancy_mask,edge_mask,coord_x_norm,coord_y_norm
0.000000,0.000000,background,0.000000,41.830002,0,0,0.000000,0.000000
0.476190,0.000000,background,0.000000,41.880001,0,0,0.015873,0.000000
0.952381,0.000000,background,0.000000,41.980000,0,0,0.031746,0.000000
1.428571,0.000000,background,0.000000,42.110001,0,0,0.047619,0.000000
1.904762,0.000000,background,0.000000,42.279999,0,0,0.063492,0.000000
2.380952,0.000000,background,0.000000,42.480000,0,0,0.079365,0.000000
2.857143,0.000000,background,0.000000,42.709999,0,0,0.095238,0.000000
3.333333,0.000000,background,0.000000,42.970001,0,0,0.111111,0.000000
3.809524,0.000000,background,0.000000,43.270000,0,0,0.126984,0.000000
4.285714,0.000000,background,0.000000,43.599998,0,0,0.142857,0.000000
4.761905,0.000000,background,0.000000,43.980000,0,0,0.158730,0.000000
5.238095,0.000000,background,0.000000,44.410000,0,0,0.174603,0.000000
5.714286,0.000000,background,0.000000,44.900002,0,0,0.190476,0.000000
6.190476,0.000000,background,0.000000,45.459999,0,0,0.206349,0.000000
6.666667,0.000000,background,0.000000,46.099998,0,0,0.222222,0.000000
7.142857,0.000000,background,0.000000,46.849998,0,0,0.238095,0.000000
7.619048,0.000000,background,0.000000,47.740002,0,0,0.253968,0.000000
8.095238,0.000000,background,0.000000,48.810001,0,0,0.269841,0.000000
8.571428,0.000000,background,0.000000,50.049999,0,0,0.285714,0.000000
9.047619,0.000000,background,0.000000,51.099998,0,0,0.301587,0.000000
9.523809,0.000000,background,0.000000,51.790001,0,0,0.317460,0.000000
10.000000,0.000000,background,0.000000,51.730000,0,0,0.333333,0.000000
10.476191,0.000000,background,0.000000,50.869999,0,0,0.349206,0.000000
10.952381,0.000000,background,0.000000,50.080002,0,0,0.365079,0.000000
11.428572,0.000000,background,0.000000,49.380001,0,0,0.380952,0.000000
11.904762,0.000000,background,0.000000,48.910000,0,0,0.396825,0.000000
12.380953,0.000000,background,0.000000,48.630001,0,0,0.412698,0.000000
12.857142,0.000000,background,0.000000,48.490002,0,0,0.428571,0.000000
13.333333,0.000000,background,0.000000,48.430000,0,0,0.444444,0.000000
13.809524,0.000000,background,0.000000,48.439999,0,0,0.460317,0.000000
14.285714,0.000000,background,0.000000,48.500000,0,0,0.476190,0.000000
14.761905,0.000000,background,0.000000,48.599998,0,0,0.492063,0.000000
15.238095,0.000000,background,0.000000,48.709999,0,0,0.507937,0.000000
15.714286,0.000000,background,0.000000,48.779999,0,0,0.523810,0.000000
16.190475,0.000000,background,0.000000,48.740002,0,0,0.539683,0.000000
16.666666,0.000000,background,0.000000,48.560001,0,0,0.555556,0.000000
17.142857,0.000000,background,0.000000,48.220001,0,0,0.571429,0.000000
17.619047,0.000000,background,0.000000,47.720001,0,0,0.587302,0.000000
18.095238,0.000000,background,0.000000,47.130001,0,0,0.603175,0.000000
18.571428,0.000000,background,0.000000,46.500000,0,0,0.619048,0.000000
19.047619,0.000000,background,0.000000,45.889999,0,0,0.634921,0.000000
19.523809,0.000000,background,0.000000,45.320000,0,0,0.650794,0.000000
20.000000,0.000000,background,0.000000,44.799999,0,0,0.666667,0.000000
20.476191,0.000000,background,0.000000,44.320000,0,0,0.682540,0.000000
20.952381,0.000000,background,0.000000,43.900002,0,0,0.698413,0.000000
21.428572,0.000000,background,0.000000,43.500000,0,0,0.714286,0.000000
21.904762,0.000000,background,0.000000,43.139999,0,0,0.730159,0.000000
22.380953,0.000000,background,0.000000,42.810001,0,0,0.746032,0.000000
22.857143,0.000000,background,0.000000,42.500000,0,0,0.761905,0.000000
23.333334,0.000000,background,0.000000,42.209999,0,0,0.777778,0.000000
23.809525,0.000000,background,0.000000,41.939999,0,0,0.793651,0.000000
24.285715,0.000000,background,0.000000,41.689999,0,0,0.809524,0.000000
24.761906,0.000000,background,0.000000,41.450001,0,0,0.825397,0.000000
25.238094,0.000000,background,0.000000,41.220001,0,0,0.841270,0.000000
25.714285,0.000000,background,0.000000,41.009998,0,0,0.857143,0.000000
26.190475,0.000000,background,0.000000,40.799999,0,0,0.873016,0.000000
26.666666,0.000000,background,0.000000,40.610001,0,0,0.888889,0.000000
27.142857,0.000000,background,0.000000,40.430000,0,0,0.904762,0.000000
27.619047,0.000000,background,0.000000,40.259998,0,0,0.920635,0.000000
28.095238,0.000000,background,0.000000,40.099998,0,0,0.936508,0.000000
28.571428,0.000000,background,0.000000,39.970001,0,0,0.952381,0.000000
29.047619,0.000000,background,0.000000,39.849998,0,0,0.968254,0.000000
29.523809,0.000000,background,0.000000,39.770000,0,0,0.984127,0.000000
30.000000,0.000000,background,0.000000,39.720001,0,0,1.000000,0.000000
0.000000,0.396825,background,0.000000,41.910000,0,0,0.000000,0.015873
0.476190,0.396825,background,0.000000,41.959999,0,0,0.015873,0.015873
0.952381,0.396825,background,0.000000,42.060001,0,0,0.031746,0.015873
1.428571,0.396825,background,0.000000,42.200001,0,0,0.047619,0.015873
1.904762,0.396825,background,0.000000,42.369999,0,0,0.063492,0.015873
2.380952,0.396825,background,0.000000,42.580002,0,0,0.079365,0.015873
2.857143,0.396825,background,0.000000,42.810001,0,0,0.095238,0.015873
3.333333,0.396825,background,0.000000,43.080002,0,0,0.111111,0.015873
3.809524,0.396825,background,0.000000,43.380001,0,0,0.126984,0.015873
4.285714,0.396825,background,0.000000,43.730000,0,0,0.142857,0.015873
4.761905,0.396825,background,0.000000,44.119999,0,0,0.158730,0.015873
5.238095,0.396825,background,0.000000,44.560001,0,0,0.174603,0.015873
5.714286,0.396825,background,0.000000,45.070000,0,0,0.190476,0.015873
6.190476,0.396825,background,0.000000,45.650002,0,0,0.206349,0.015873
6.666667,0.396825,background,0.000000,46.320000,0,0,0.222222,0.015873
7.142857,0.396825,background,0.000000,47.070000,0,0,0.238095,0.015873
7.619048,0.396825,background,0.000000,47.959999,0,0,0.253968,0.015873
8.095238,0.396825,background,0.000000,49.009998,0,0,0.269841,0.015873
8.571428,0.396825,background,0.000000,50.240002,0,0,0.285714,0.015873
9.047619,0.396825,background,0.000000,51.320000,0,0,0.301587,0.015873
9.523809,0.396825,background,0.000000,52.009998,0,0,0.317460,0.015873
10.000000,0.396825,background,0.000000,51.950001,0,0,0.333333,0.015873
10.476191,0.396825,background,0.000000,51.090000,0,1,0.349206,0.015873
10.952381,0.396825,background,0.000000,50.270000,0,1,0.365079,0.015873
11.428572,0.396825,background,0.000000,49.560001,0,1,0.380952,0.015873
11.904762,0.396825,background,0.000000,49.139999,0,1,0.396825,0.015873
12.380953,0.396825,background,0.000000,48.919998,0,1,0.412698,0.015873
12.857142,0.396825,background,0.000000,48.830002,0,0,0.428571,0.015873
13.333333,0.396825,background,0.000000,48.810001,0,0,0.444444,0.015873
13.809524,0.396825,background,0.000000,48.840000,0,0,0.460317,0.015873
14.285714,0.396825,background,0.000000,48.930000,0,0,0.476190,0.015873
14.761905,0.396825,background,0.000000,49.080002,0,0,0.492063,0.015873
15.238095,0.396825,background,0.000000,49.279999,0,0,0.507937,0.015873
15.714286,0.396825,background,0.000000,49.459999,0,0,0.523810,0.015873
16.190475,0.396825,background,0.000000,49.490002,0,0,0.539683,0.015873
16.666666,0.396825,background,0.000000,49.320000,0,0,0.555556,0.015873
17.142857,0.396825,background,0.000000,48.939999,0,0,0.571429,0.015873
17.619047,0.396825,background,0.000000,48.349998,0,0,0.587302,0.015873
18.095238,0.396825,background,0.000000,47.630001,0,0,0.603175,0.015873
18.571428,0.396825,background,0.000000,46.880001,0,0,0.619048,0.015873
19.047619,0.396825,background,0.000000,46.180000,0,0,0.634921,0.015873
19.523809,0.396825,background,0.000000,45.560001,0,0,0.650794,0.015873
20.000000,0.396825,background,0.000000,45.009998,0,0,0.666667,0.015873
20.476191,0.396825,background,0.000000,44.509998,0,0,0.682540,0.015873
20.952381,0.396825,background,0.000000,44.060001,0,0,0.698413,0.015873
21.428572,0.396825,background,0.000000,43.650002,0,0,0.714286,0.015873
21.904762,0.396825,background,0.000000,43.279999,0,0,0.730159,0.015873
22.380953,0.396825,background,0.000000,42.930000,0,0,0.746032,0.015873
22.857143,0.396825,background,0.000000,42.610001,0,0,0.761905,0.015873
23.333334,0.396825,background,0.000000,42.310001,0,0,0.777778,0.015873
23.809525,0.396825,background,0.000000,42.029999,0,0,0.793651,0.015873
24.285715,0.396825,background,0.000000,41.770000,0,0,0.809524,0.015873
24.761906,0.396825,background,0.000000,41.529999,0,0,0.825397,0.015873
25.238094,0.396825,background,0.000000,41.290001,0,0,0.841270,0.015873
25.714285,0.396825,background,0.000000,41.070000,0,0,0.857143,0.015873
26.190475,0.396825,background,0.000000,40.860001,0,0,0.873016,0.015873
26.666666,0.396825,background,0.000000,40.669998,0,0,0.888889,0.015873
27.142857,0.396825,background,0.000000,40.480000,0,0,0.904762,0.015873
27.619047,0.396825,background,0.000000,40.310001,0,0,0.920635,0.015873
28.095238,0.396825,background,0.000000,40.150002,0,0,0.936508,0.015873
28.571428,0.396825,background,0.000000,40.009998,0,0,0.952381,0.015873
29.047619,0.396825,background,0.000000,39.900002,0,0,0.968254,0.015873
29.523809,0.396825,background,0.000000,39.810001,0,0,0.984127,0.015873
30.000000,0.396825,background,0.000000,39.770000,0,0,1.000000,0.015873
0.000000,0.793651,background,0.000000,42.049999,0,0,0.000000,0.031746
0.476190,0.793651,background,0.000000,42.099998,0,0,0.015873,0.031746
0.952381,0.793651,background,0.000000,42.209999,0,0,0.031746,0.031746
1.428571,0.793651,background,0.000000,42.349998,0,0,0.047619,0.031746
1.904762,0.793651,background,0.000000,42.529999,0,0,0.063492,0.031746
2.380952,0.793651,background,0.000000,42.750000,0,0,0.079365,0.031746
2.857143,0.793651,background,0.000000,42.990002,0,0,0.095238,0.031746
3.333333,0.793651,background,0.000000,43.270000,0,0,0.111111,0.031746
3.809524,0.793651,background,0.000000,43.590000,0,0,0.126984,0.031746
4.285714,0.793651,background,0.000000,43.959999,0,0,0.142857,0.031746
4.761905,0.793651,background,0.000000,44.369999,0,0,0.158730,0.031746
5.238095,0.793651,background,0.000000,44.849998,0,0,0.174603,0.031746
5.714286,0.793651,background,0.000000,45.400002,0,0,0.190476,0.031746
6.190476,0.793651,background,0.000000,46.029999,0,0,0.206349,0.031746
6.666667,0.793651,background,0.000000,46.730000,0,0,0.222222,0.031746
7.142857,0.793651,background,0.000000,47.509998,0,0,0.238095,0.031746
7.619048,0.793651,background,0.000000,48.360001,0,0,0.253968,0.031746
8.095238,0.793651,background,0.000000,49.349998,0,0,0.269841,0.031746
8.571428,0.793651,background,0.000000,50.520000,0,0,0.285714,0.031746
9.047619,0.793651,background,0.000000,51.580002,0,0,0.301587,0.031746
9.523809,0.793651,background,0.000000,52.259998,0,0,0.317460,0.031746
10.000000,0.793651,background,0.000000,52.200001,0,0,0.333333,0.031746
10.476191,0.793651,background,0.000000,51.349998,0,1,0.349206,0.031746
10.952381,0.793651,MEMS_6,3.000000,50.520000,1,0,0.365079,0.031746
11.428572,0.793651,MEMS_6,3.000000,49.830002,1,0,0.380952,0.031746
11.904762,0.793651,MEMS_6,3.000000,49.529999,1,0,0.396825,0.031746
12.380953,0.793651,MEMS_6,3.000000,49.430000,1,1,0.412698,0.031746
12.857142,0.793651,background,0.000000,49.419998,0,0,0.428571,0.031746
13.333333,0.793651,background,0.000000,49.450001,0,0,0.444444,0.031746
13.809524,0.793651,background,0.000000,49.520000,0,0,0.460317,0.031746
14.285714,0.793651,background,0.000000,49.639999,0,0,0.476190,0.031746
14.761905,0.793651,background,0.000000,49.880001,0,0,0.492063,0.031746
15.238095,0.793651,background,0.000000,50.279999,0,0,0.507937,0.031746
15.714286,0.793651,background,0.000000,50.750000,0,0,0.523810,0.031746
16.190475,0.793651,background,0.000000,50.919998,0,0,0.539683,0.031746
16.666666,0.793651,background,0.000000,50.770000,0,0,0.555556,0.031746
17.142857,0.793651,background,0.000000,50.330002,0,0,0.571429,0.031746
17.619047,0.793651,background,0.000000,49.560001,0,0,0.587302,0.031746
18.095238,0.793651,background,0.000000,48.560001,0,0,0.603175,0.031746
18.571428,0.793651,background,0.000000,47.570000,0,0,0.619048,0.031746
19.047619,0.793651,background,0.000000,46.720001,0,0,0.634921,0.031746
19.523809,0.793651,background,0.000000,46.009998,0,0,0.650794,0.031746
20.000000,0.793651,background,0.000000,45.389999,0,0,0.666667,0.031746
20.476191,0.793651,background,0.000000,44.849998,0,0,0.682540,0.031746
20.952381,0.793651,background,0.000000,44.369999,0,0,0.698413,0.031746
21.428572,0.793651,background,0.000000,43.930000,0,0,0.714286,0.031746
21.904762,0.793651,background,0.000000,43.520000,0,0,0.730159,0.031746
22.380953,0.793651,background,0.000000,43.150002,0,0,0.746032,0.031746
22.857143,0.793651,background,0.000000,42.810001,0,0,0.761905,0.031746
23.333334,0.793651,background,0.000000,42.490002,0,0,0.777778,0.031746
23.809525,0.793651,background,0.000000,42.200001,0,0,0.793651,0.031746
24.285715,0.793651,background,0.000000,41.919998,0,0,0.809524,0.031746
24.761906,0.793651,background,0.000000,41.669998,0,0,0.825397,0.031746
25.238094,0.793651,background,0.000000,41.419998,0,0,0.841270,0.031746
25.714285,0.793651,background,0.000000,41.200001,0,0,0.857143,0.031746
26.190475,0.793651,background,0.000000,40.980000,0,0,0.873016,0.031746
26.666666,0.793651,background,0.000000,40.779999,0,0,0.888889,0.031746
27.142857,0.793651,background,0.000000,40.580002,0,0,0.904762,0.031746
27.619047,0.793651,background,0.000000,40.410000,0,0,0.920635,0.031746
28.095238,0.793651,background,0.000000,40.240002,0,0,0.936508,0.031746
28.571428,0.793651,background,0.000000,40.099998,0,0,0.952381,0.031746
29.047619,0.793651,background,0.000000,39.980000,0,0,0.968254,0.031746
29.523809,0.793651,background,0.000000,39.889999,0,0,0.984127,0.031746
30.000000,0.793651,background,0.000000,39.840000,0,0,1.000000,0.031746
0.000000,1.190476,background,0.000000,42.240002,0,0,0.000000,0.047619
0.476190,1.190476,background,0.000000,42.299999,0,0,0.015873,0.047619
0.952381,1.190476,background,0.000000,42.410000,0,0,0.031746,0.047619
1.428571,1.190476,background,0.000000,42.560001,0,0,0.047619,0.047619
1.904762,1.190476,background,0.000000,42.750000,0,0,0.063492,0.047619
2.380952,1.190476,background,0.000000,42.980000,0,0,0.079365,0.047619
2.857143,1.190476,background,0.000000,43.240002,0,0,0.095238,0.047619
3.333333,1.190476,background,0.000000,43.529999,0,0,0.111111,0.047619
3.809524,1.190476,background,0.000000,43.869999,0,0,0.126984,0.047619
4.285714,1.190476,background,0.000000,44.259998,0,0,0.142857,0.047619
4.761905,1.190476,background,0.000000,44.709999,0,0,0.158730,0.047619
5.238095,1.190476,background,0.000000,45.230000,0,0,0.174603,0.047619
5.714286,1.190476,background,0.000000,45.840000,0,0,0.190476,0.047619
6.190476,1.190476,background,0.000000,46.560001,0,0,0.206349,0.047619
6.666667,1.190476,background,0.000000,47.349998,0,0,0.222222,0.047619
7.142857,1.190476,background,0.000000,48.180000,0,0,0.238095,0.047619
7.619048,1.190476,background,0.000000,48.959999,0,0,0.253968,0.047619
8.095238,1.190476,background,0.000000,49.790001,0,0,0.269841,0.047619
8.571428,1.190476,background,0.000000,50.750000,0,0,0.285714,0.047619
9.047619,1.190476,background,0.000000,51.689999,0,0,0.301587,0.047619
9.523809,1.190476,background,0.000000,52.299999,0,0,0.317460,0.047619
10.000000,1.190476,background,0.000000,52.250000,0,0,0.333333,0.047619
10.476191,1.190476,background,0.000000,51.490002,0,1,0.349206,0.047619
10.952381,1.190476,MEMS_6,3.000000,50.790001,1,0,0.365079,0.047619
11.428572,1.190476,MEMS_6,3.000000,50.330002,1,0,0.380952,0.047619
11.904762,1.190476,MEMS_6,3.000000,50.369999,1,0,0.396825,0.047619
12.380953,1.190476,MEMS_6,3.000000,50.450001,1,1,0.412698,0.047619
12.857142,1.190476,background,0.000000,50.520000,0,0,0.428571,0.047619
13.333333,1.190476,background,0.000000,50.599998,0,0,0.444444,0.047619
13.809524,1.190476,background,0.000000,50.700001,0,0,0.460317,0.047619
14.285714,1.190476,background,0.000000,50.880001,0,0,0.476190,0.047619
14.761905,1.190476,background,0.000000,51.209999,0,0,0.492063,0.047619
15.238095,1.190476,background,0.000000,51.810001,0,0,0.507937,0.047619
15.714286,1.190476,background,0.000000,52.450001,0,0,0.523810,0.047619
16.190475,1.190476,background,0.000000,52.669998,0,0,0.539683,0.047619
16.666666,1.190476,background,0.000000,52.520000,0,0,0.555556,0.047619
17.142857,1.190476,background,0.000000,52.020000,0,0,0.571429,0.047619
17.619047,1.190476,DRAM_1,20.000000,51.049999,1,1,0.587302,0.047619
18.095238,1.190476,DRAM_1,20.000000,49.730000,1,1,0.603175,0.047619
18.571428,1.190476,DRAM_1,20.000000,48.419998,1,1,0.619048,0.047619
19.047619,1.190476,DRAM_1,20.000000,47.400002,1,1,0.634921,0.047619
19.523809,1.190476,DRAM_1,20.000000,46.599998,1,1,0.650794,0.047619
20.000000,1.190476,DRAM_1,20.000000,45.930000,1,1,0.666667,0.047619
20.476191,1.190476,DRAM_1,20.000000,45.340000,1,1,0.682540,0.047619
20.952381,1.190476,DRAM_1,20.000000,44.799999,1,1,0.698413,0.047619
21.428572,1.190476,DRAM_1,20.000000,44.310001,1,1,0.714286,0.047619
21.904762,1.190476,DRAM_1,20.000000,43.860001,1,1,0.730159,0.047619
22.380953,1.190476,DRAM_1,20.000000,43.450001,1,1,0.746032,0.047619
22.857143,1.190476,DRAM_1,20.000000,43.080002,1,1,0.761905,0.047619
23.333334,1.190476,DRAM_1,20.000000,42.740002,1,1,0.777778,0.047619
23.809525,1.190476,DRAM_1,20.000000,42.419998,1,1,0.793651,0.047619
24.285715,1.190476,DRAM_1,20.000000,42.130001,1,1,0.809524,0.047619
24.761906,1.190476,DRAM_1,20.000000,41.860001,1,1,0.825397,0.047619
25.238094,1.190476,DRAM_1,20.000000,41.599998,1,1,0.841270,0.047619
25.714285,1.190476,DRAM_1,20.000000,41.360001,1,1,0.857143,0.047619
26.190475,1.190476,DRAM_1,20.000000,41.139999,1,1,0.873016,0.047619
26.666666,1.190476,background,0.000000,40.919998,0,1,0.888889,0.047619
27.142857,1.190476,background,0.000000,40.720001,0,0,0.904762,0.047619
27.619047,1.190476,background,0.000000,40.540001,0,0,0.920635,0.047619
28.095238,1.190476,background,0.000000,40.369999,0,0,0.936508,0.047619
28.571428,1.190476,background,0.000000,40.220001,0,0,0.952381,0.047619
29.047619,1.190476,background,0.000000,40.090000,0,0,0.968254,0.047619
29.523809,1.190476,background,0.000000,40.000000,0,0,0.984127,0.047619
30.000000,1.190476,background,0.000000,39.950001,0,0,1.000000,0.047619
0.000000,1.587302,background,0.000000,42.470001,0,0,0.000000,0.063492
0.476190,1.587302,background,0.000000,42.529999,0,0,0.015873,0.063492
0.952381,1.587302,background,0.000000,42.650002,0,0,0.031746,0.063492
1.428571,1.587302,background,0.000000,42.810001,0,0,0.047619,0.063492
1.904762,1.587302,background,0.000000,43.009998,0,0,0.063492,0.063492
2.380952,1.587302,background,0.000000,43.250000,0,0,0.079365,0.063492
2.857143,1.587302,background,0.000000,43.529999,0,0,0.095238,0.063492
3.333333,1.587302,background,0.000000,43.840000,0,0,0.111111,0.063492
3.809524,1.587302,background,0.000000,44.200001,0,0,0.126984,0.063492
4.285714,1.587302,background,0.000000,44.619999,0,0,0.142857,0.063492
4.761905,1.587302,background,0.000000,45.110001,0,0,0.158730,0.063492
5.238095,1.587302,background,0.000000,45.680000,0,0,0.174603,0.063492
5.714286,1.587302,background,0.000000,46.380001,0,0,0.190476,0.063492
6.190476,1.587302,background,0.000000,47.200001,0,0,0.206349,0.063492
6.666667,1.587302,background,0.000000,48.049999,0,0,0.222222,0.063492
7.142857,1.587302,background,0.000000,48.910000,0,0,0.238095,0.063492
7.619048,1.587302,background,0.000000,49.580002,0,1,0.253968,0.063492
8.095238,1.587302,Analog_5,4.000000,50.189999,1,1,0.269841,0.063492
8.571428,1.587302,Analog_5,4.000000,50.840000,1,1,0.285714,0.063492
9.047619,1.587302,Analog_5,4.000000,51.520000,1,1,0.301587,0.063492
9.523809,1.587302,Analog_5,4.000000,51.930000,1,1,0.317460,0.063492
10.000000,1.587302,Analog_5,4.000000,51.889999,1,1,0.333333,0.063492
10.476191,1.587302,Analog_5,4.000000,51.349998,1,1,0.349206,0.063492
10.952381,1.587302,MEMS_6,3.000000,50.980000,1,1,0.365079,0.063492
11.428572,1.587302,MEMS_6,3.000000,50.799999,1,1,0.380952,0.063492
11.904762,1.587302,MEMS_6,3.000000,51.020000,1,1,0.396825,0.063492
12.380953,1.587302,MEMS_6,3.000000,51.189999,1,1,0.412698,0.063492
12.857142,1.587302,background,0.000000,51.320000,0,0,0.428571,0.063492
13.333333,1.587302,background,0.000000,51.450001,0,0,0.444444,0.063492
13.809524,1.587302,background,0.000000,51.610001,0,0,0.460317,0.063492
14.285714,1.587302,background,0.000000,51.799999,0,0,0.476190,0.063492
14.761905,1.587302,background,0.000000,52.099998,0,0,0.492063,0.063492
15.238095,1.587302,background,0.000000,52.619999,0,0,0.507937,0.063492
15.714286,1.587302,background,0.000000,53.169998,0,0,0.523810,0.063492
16.190475,1.587302,background,0.000000,53.320000,0,0,0.539683,0.063492
16.666666,1.587302,background,0.000000,53.130001,0,0,0.555556,0.063492
17.142857,1.587302,background,0.000000,52.610001,0,0,0.571429,0.063492
17.619047,1.587302,DRAM_1,20.000000,51.660000,1,1,0.587302,0.063492
18.095238,1.587302,DRAM_1,20.000000,50.369999,1,0,0.603175,0.063492
18.571428,1.587302,DRAM_1,20.000000,49.119999,1,0,0.619048,0.063492
19.047619,1.587302,DRAM_1,20.000000,48.119999,1,0,0.634921,0.063492
19.523809,1.587302,DRAM_1,20.000000,47.310001,1,0,0.650794,0.063492
20.000000,1.587302,DRAM_1,20.000000,46.619999,1,0,0.666667,0.063492
20.476191,1.587302,DRAM_1,20.000000,45.970001,1,0,0.682540,0.063492
20.952381,1.587302,DRAM_1,20.000000,45.369999,1,0,0.698413,0.063492
21.428572,1.587302,DRAM_1,20.000000,44.810001,1,0,0.714286,0.063492
21.904762,1.587302,DRAM_1,20.000000,44.290001,1,0,0.730159,0.063492
22.380953,1.587302,DRAM_1,20.000000,43.830002,1,0,0.746032,0.063492
22.857143,1.587302,DRAM_1,20.000000,43.410000,1,0,0.761905,0.063492
23.333334,1.587302,DRAM_1,20.000000,43.029999,1,0,0.777778,0.063492
23.809525,1.587302,DRAM_1,20.000000,42.689999,1,0,0.793651,0.063492
24.285715,1.587302,DRAM_1,20.000000,42.380001,1,0,0.809524,0.063492
24.761906,1.587302,DRAM_1,20.000000,42.090000,1,0,0.825397,0.063492
25.238094,1.587302,DRAM_1,20.000000,41.820000,1,0,0.841270,0.063492
25.714285,1.587302,DRAM_1,20.000000,41.560001,1,0,0.857143,0.063492
26.190475,1.587302,DRAM_1,20.000000,41.330002,1,0,0.873016,0.063492
26.666666,1.587302,background,0.000000,41.099998,0,1,0.888889,0.063492
27.142857,1.587302,background,0.000000,40.889999,0,0,0.904762,0.063492
27.619047,1.587302,background,0.000000,40.700001,0,0,0.920635,0.063492
28.095238,1.587302,background,0.000000,40.520000,0,0,0.936508,0.063492
28.571428,1.587302,background,0.000000,40.360001,0,0,0.952381,0.063492
29.047619,1.587302,background,0.000000,40.230000,0,0,0.968254,0.063492
29.523809,1.587302,background,0.000000,40.139999,0,0,0.984127,0.063492
30.000000,1.587302,background,0.000000,40.080002,0,0,1.000000,0.063492
0.000000,1.984127,background,0.000000,42.740002,0,0,0.000000,0.079365
0.476190,1.984127,background,0.000000,42.799999,0,0,0.015873,0.079365
0.952381,1.984127,background,0.000000,42.930000,0,0,0.031746,0.079365
1.428571,1.984127,background,0.000000,43.099998,0,0,0.047619,0.079365
1.904762,1.984127,background,0.000000,43.320000,0,0,0.063492,0.079365
2.380952,1.984127,background,0.000000,43.570000,0,0,0.079365,0.079365
2.857143,1.984127,background,0.000000,43.860001,0,0,0.095238,0.079365
3.333333,1.984127,background,0.000000,44.200001,0,0,0.111111,0.079365
3.809524,1.984127,background,0.000000,44.580002,0,0,0.126984,0.079365
4.285714,1.984127,background,0.000000,45.020000,0,0,0.142857,0.079365
4.761905,1.984127,background,0.000000,45.540001,0,0,0.158730,0.079365
5.238095,1.984127,background,0.000000,46.160000,0,0,0.174603,0.079365
5.714286,1.984127,background,0.000000,46.919998,0,0,0.190476,0.079365
6.190476,1.984127,background,0.000000,47.820000,0,0,0.206349,0.079365
6.666667,1.984127,background,0.000000,48.740002,0,0,0.222222,0.079365
7.142857,1.984127,background,0.000000,49.650002,0,0,0.238095,0.079365
7.619048,1.984127,background,0.000000,50.279999,0,1,0.253968,0.079365
8.095238,1.984127,Analog_5,4.000000,50.810001,1,0,0.269841,0.079365
8.571428,1.984127,Analog_5,4.000000,51.290001,1,0,0.285714,0.079365
9.047619,1.984127,Analog_5,4.000000,51.700001,1,0,0.301587,0.079365
9.523809,1.984127,Analog_5,4.000000,51.930000,1,0,0.317460,0.079365
10.000000,1.984127,Analog_5,4.000000,51.880001,1,0,0.333333,0.079365
10.476191,1.984127,Analog_5,4.000000,51.490002,1,0,0.349206,0.079365
10.952381,1.984127,background,0.000000,51.360001,0,1,0.365079,0.079365
11.428572,1.984127,background,0.000000,51.340000,0,1,0.380952,0.079365
11.904762,1.984127,background,0.000000,51.619999,0,1,0.396825,0.079365
12.380953,1.984127,background,0.000000,51.820000,0,1,0.412698,0.079365
12.857142,1.984127,background,0.000000,52.020000,0,1,0.428571,0.079365
13.333333,1.984127,background,0.000000,52.259998,0,1,0.444444,0.079365
13.809524,1.984127,background,0.000000,52.520000,0,1,0.460317,0.079365
14.285714,1.984127,background,0.000000,52.740002,0,0,0.476190,0.079365
14.761905,1.984127,background,0.000000,52.919998,0,0,0.492063,0.079365
15.238095,1.984127,background,0.000000,53.139999,0,0,0.507937,0.079365
15.714286,1.984127,background,0.000000,53.360001,0,0,0.523810,0.079365
16.190475,1.984127,background,0.000000,53.290001,0,0,0.539683,0.079365
16.666666,1.984127,background,0.000000,52.950001,0,0,0.555556,0.079365
17.142857,1.984127,background,0.000000,52.430000,0,0,0.571429,0.079365
17.619047,1.984127,DRAM_1,20.000000,51.630001,1,1,0.587302,0.079365
18.095238,1.984127,DRAM_1,20.000000,50.610001,1,0,0.603175,0.079365
18.571428,1.984127,DRAM_1,20.000000,49.700001,1,0,0.619048,0.079365
19.047619,1.984127,DRAM_1,20.000000,48.889999,1,0,0.634921,0.079365
19.523809,1.984127,DRAM_1,20.000000,48.200001,1,0,0.650794,0.079365
20.000000,1.984127,DRAM_1,20.000000,47.509998,1,0,0.666667,0.079365
20.476191,1.984127,DRAM_1,20.000000,46.790001,1,0,0.682540,0.079365
20.952381,1.984127,DRAM_1,20.000000,46.080002,1,0,0.698413,0.079365
21.428572,1.984127,DRAM_1,20.000000,45.410000,1,0,0.714286,0.079365
21.904762,1.984127,DRAM_1,20.000000,44.810001,1,0,0.730159,0.079365
22.380953,1.984127,DRAM_1,20.000000,44.270000,1,0,0.746032,0.079365
22.857143,1.984127,DRAM_1,20.000000,43.799999,1,0,0.761905,0.079365
23.333334,1.984127,DRAM_1,20.000000,43.369999,1,0,0.777778,0.079365
23.809525,1.984127,DRAM_1,20.000000,43.000000,1,0,0.793651,0.079365
24.285715,1.984127,DRAM_1,20.000000,42.660000,1,0,0.809524,0.079365
24.761906,1.984127,DRAM_1,20.000000,42.349998,1,0,0.825397,0.079365
25.238094,1.984127,DRAM_1,20.000000,42.060001,1,0,0.841270,0.079365
25.714285,1.984127,DRAM_1,20.000000,41.799999,1,0,0.857143,0.079365
26.190475,1.984127,DRAM_1,20.000000,41.549999,1,0,0.873016,0.079365
26.666666,1.984127,background,0.000000,41.310001,0,1,0.888889,0.079365
27.142857,1.984127,background,0.000000,41.090000,0,0,0.904762,0.079365
27.619047,1.984127,background,0.000000,40.889999,0,0,0.920635,0.079365
28.095238,1.984127,background,0.000000,40.700001,0,0,0.936508,0.079365
28.571428,1.984127,background,0.000000,40.540001,0,0,0.952381,0.079365
29.047619,1.984127,background,0.000000,40.400002,0,0,0.968254,0.079365
29.523809,1.984127,background,0.000000,40.299999,0,0,0.984127,0.079365
30.000000,1.984127,background,0.000000,40.240002,0,0,1.000000,0.079365
0.000000,2.380952,background,0.000000,43.040001,0,0,0.000000,0.095238
0.476190,2.380952,background,0.000000,43.110001,0,0,0.015873,0.095238
0.952381,2.380952,background,0.000000,43.240002,0,0,0.031746,0.095238
1.428571,2.380952,background,0.000000,43.430000,0,0,0.047619,0.095238
1.904762,2.380952,background,0.000000,43.660000,0,0,0.063492,0.095238
2.380952,2.380952,background,0.000000,43.930000,0,0,0.079365,0.095238
2.857143,2.380952,background,0.000000,44.240002,0,0,0.095238,0.095238
3.333333,2.380952,background,0.000000,44.590000,0,0,0.111111,0.095238
3.809524,2.380952,background,0.000000,44.990002,0,0,0.126984,0.095238
4.285714,2.380952,background,0.000000,45.459999,0,0,0.142857,0.095238
4.761905,2.380952,background,0.000000,46.000000,0,0,0.158730,0.095238
5.238095,2.380952,background,0.000000,46.650002,0,0,0.174603,0.095238
5.714286,2.380952,background,0.000000,47.430000,0,0,0.190476,0.095238
6.190476,2.380952,background,0.000000,48.360001,0,0,0.206349,0.095238
6.666667,2.380952,background,0.000000,49.290001,0,1,0.222222,0.095238
7.142857,2.380952,background,0.000000,50.200001,0,1,0.238095,0.095238
7.619048,2.380952,background,0.000000,50.849998,0,1,0.253968,0.095238
8.095238,2.380952,Analog_5,4.000000,51.389999,1,1,0.269841,0.095238
8.571428,2.380952,Analog_5,4.000000,51.880001,1,1,0.285714,0.095238
9.047619,2.380952,Analog_5,4.000000,52.259998,1,0,0.301587,0.095238
9.523809,2.380952,Analog_5,4.000000,52.470001,1,0,0.317460,0.095238
10.000000,2.380952,Analog_5,4.000000,52.450001,1,0,0.333333,0.095238
10.476191,2.380952,Analog_5,4.000000,52.169998,1,0,0.349206,0.095238
10.952381,2.380952,background,0.000000,52.150002,0,1,0.365079,0.095238
11.428572,2.380952,Analog_6,4.000000,52.110001,1,0,0.380952,0.095238
11.904762,2.380952,Analog_6,4.000000,52.270000,1,0,0.396825,0.095238
12.380953,2.380952,Analog_6,4.000000,52.459999,1,0,0.412698,0.095238
12.857142,2.380952,Analog_6,4.000000,52.740002,1,0,0.428571,0.095238
13.333333,2.380952,Analog_6,4.000000,53.189999,1,0,0.444444,0.095238
13.809524,2.380952,Analog_6,4.000000,53.770000,1,1,0.460317,0.095238
14.285714,2.380952,background,0.000000,54.119999,0,0,0.476190,0.095238
14.761905,2.380952,background,0.000000,54.279999,0,0,0.492063,0.095238
15.238095,2.380952,background,0.000000,54.360001,0,0,0.507937,0.095238
15.714286,2.380952,background,0.000000,54.500000,0,0,0.523810,0.095238
16.190475,2.380952,background,0.000000,54.090000,0,0,0.539683,0.095238
16.666666,2.380952,background,0.000000,53.240002,0,0,0.555556,0.095238
17.142857,2.380952,background,0.000000,52.580002,0,0,0.571429,0.095238
17.619047,2.380952,DRAM_1,20.000000,51.950001,1,1,0.587302,0.095238
18.095238,2.380952,DRAM_1,20.000000,51.320000,1,0,0.603175,0.095238
18.571428,2.380952,DRAM_1,20.000000,50.709999,1,0,0.619048,0.095238
19.047619,2.380952,DRAM_1,20.000000,50.000000,1,0,0.634921,0.095238
19.523809,2.380952,DRAM_1,20.000000,49.439999,1,0,0.650794,0.095238
20.000000,2.380952,DRAM_1,20.000000,48.750000,1,0,0.666667,0.095238
20.476191,2.380952,DRAM_1,20.000000,47.889999,1,0,0.682540,0.095238
20.952381,2.380952,DRAM_1,20.000000,46.980000,1,0,0.698413,0.095238
21.428572,2.380952,DRAM_1,20.000000,46.139999,1,0,0.714286,0.095238
21.904762,2.380952,DRAM_1,20.000000,45.400002,1,0,0.730159,0.095238
22.380953,2.380952,DRAM_1,20.000000,44.759998,1,0,0.746032,0.095238
22.857143,2.380952,DRAM_1,20.000000,44.220001,1,0,0.761905,0.095238
23.333334,2.380952,DRAM_1,20.000000,43.750000,1,0,0.777778,0.095238
23.809525,2.380952,DRAM_1,20.000000,43.340000,1,0,0.793651,0.095238
24.285715,2.380952,DRAM_1,20.000000,42.970001,1,0,0.809524,0.095238
24.761906,2.380952,DRAM_1,20.000000,42.639999,1,0,0.825397,0.095238
25.238094,2.380952,DRAM_1,20.000000,42.340000,1,0,0.841270,0.095238
25.714285,2.380952,DRAM_1,20.000000,42.060001,1,0,0.857143,0.095238
26.190475,2.380952,DRAM_1,20.000000,41.799999,1,0,0.873016,0.095238
26.666666,2.380952,background,0.000000,41.549999,0,1,0.888889,0.095238
27.142857,2.380952,background,0.000000,41.320000,0,0,0.904762,0.095238
27.619047,2.380952,background,0.000000,41.110001,0,0,0.920635,0.095238
28.095238,2.380952,background,0.000000,40.910000,0,0,0.936508,0.095238
28.571428,2.380952,background,0.000000,40.740002,0,0,0.952381,0.095238
29.047619,2.380952,background,0.000000,40.599998,0,0,0.968254,0.095238
29.523809,2.380952,background,0.000000,40.490002,0,0,0.984127,0.095238
30.000000,2.380952,background,0.000000,40.430000,0,0,1.000000,0.095238
0.000000,2.777778,background,0.000000,43.369999,0,0,0.000000,0.111111
0.476190,2.777778,background,0.000000,43.439999,0,0,0.015873,0.111111
0.952381,2.777778,background,0.000000,43.590000,0,0,0.031746,0.111111
1.428571,2.777778,background,0.000000,43.790001,0,0,0.047619,0.111111
1.904762,2.777778,background,0.000000,44.040001,0,0,0.063492,0.111111
2.380952,2.777778,background,0.000000,44.320000,0,0,0.079365,0.111111
2.857143,2.777778,background,0.000000,44.660000,0,0,0.095238,0.111111
3.333333,2.777778,background,0.000000,45.029999,0,0,0.111111,0.111111
3.809524,2.777778,background,0.000000,45.450001,0,0,0.126984,0.111111
4.285714,2.777778,background,0.000000,45.930000,0,0,0.142857,0.111111
4.761905,2.777778,background,0.000000,46.490002,0,0,0.158730,0.111111
5.238095,2.777778,background,0.000000,47.150002,0,0,0.174603,0.111111
5.714286,2.777778,background,0.000000,47.919998,0,0,0.190476,0.111111
6.190476,2.777778,background,0.000000,48.820000,0,0,0.206349,0.111111
6.666667,2.777778,background,0.000000,49.709999,0,1,0.222222,0.111111
7.142857,2.777778,MEMS_5,3.000000,50.619999,1,0,0.238095,0.111111
7.619048,2.777778,MEMS_5,3.000000,51.320000,1,1,0.253968,0.111111
8.095238,2.777778,Analog_5,4.000000,51.990002,1,0,0.269841,0.111111
8.571428,2.777778,Analog_5,4.000000,52.669998,1,1,0.285714,0.111111
9.047619,2.777778,Analog_5,4.000000,53.230000,1,0,0.301587,0.111111
9.523809,2.777778,Analog_5,4.000000,53.549999,1,0,0.317460,0.111111
10.000000,2.777778,Analog_5,4.000000,53.639999,1,0,0.333333,0.111111
10.476191,2.777778,Analog_5,4.000000,53.509998,1,0,0.349206,0.111111
10.952381,2.777778,background,0.000000,53.580002,0,1,0.365079,0.111111
11.428572,2.777778,Analog_6,4.000000,53.470001,1,0,0.380952,0.111111
11.904762,2.777778,Analog_6,4.000000,53.330002,1,0,0.396825,0.111111
12.380953,2.777778,Analog_6,4.000000,53.410000,1,0,0.412698,0.111111
12.857142,2.777778,Analog_6,4.000000,53.799999,1,0,0.428571,0.111111
13.333333,2.777778,Analog_6,4.000000,54.560001,1,0,0.444444,0.111111
13.809524,2.777778,Analog_6,4.000000,55.669998,1,1,0.460317,0.111111
14.285714,2.777778,background,0.000000,56.200001,0,0,0.476190,0.111111
14.761905,2.777778,background,0.000000,56.410000,0,0,0.492063,0.111111
15.238095,2.777778,background,0.000000,56.450001,0,0,0.507937,0.111111
15.714286,2.777778,background,0.000000,56.270000,0,0,0.523810,0.111111
16.190475,2.777778,background,0.000000,55.529999,0,0,0.539683,0.111111
16.666666,2.777778,background,0.000000,54.209999,0,0,0.555556,0.111111
17.142857,2.777778,background,0.000000,53.189999,0,0,0.571429,0.111111
17.619047,2.777778,DRAM_1,20.000000,52.500000,1,1,0.587302,0.111111
18.095238,2.777778,DRAM_1,20.000000,52.009998,1,0,0.603175,0.111111
18.571428,2.777778,DRAM_1,20.000000,51.639999,1,0,0.619048,0.111111
19.047619,2.777778,DRAM_1,20.000000,51.320000,1,0,0.634921,0.111111
19.523809,2.777778,DRAM_1,20.000000,51.040001,1,0,0.650794,0.111111
20.000000,2.777778,DRAM_1,20.000000,50.400002,1,0,0.666667,0.111111
20.476191,2.777778,DRAM_1,20.000000,49.279999,1,0,0.682540,0.111111
20.952381,2.777778,DRAM_1,20.000000,48.060001,1,0,0.698413,0.111111
21.428572,2.777778,DRAM_1,20.000000,46.950001,1,0,0.714286,0.111111
21.904762,2.777778,DRAM_1,20.000000,46.029999,1,0,0.730159,0.111111
22.380953,2.777778,DRAM_1,20.000000,45.279999,1,0,0.746032,0.111111
22.857143,2.777778,DRAM_1,20.000000,44.660000,1,0,0.761905,0.111111
23.333334,2.777778,DRAM_1,20.000000,44.150002,1,0,0.777778,0.111111
23.809525,2.777778,DRAM_1,20.000000,43.700001,1,0,0.793651,0.111111
24.285715,2.777778,DRAM_1,20.000000,43.320000,1,0,0.809524,0.111111
24.761906,2.777778,DRAM_1,20.000000,42.970001,1,0,0.825397,0.111111
25.238094,2.777778,DRAM_1,20.000000,42.650002,1,0,0.841270,0.111111
25.714285,2.777778,DRAM_1,20.000000,42.360001,1,0,0.857143,0.111111
26.190475,2.777778,DRAM_1,20.000000,42.090000,1,0,0.873016,0.111111
26.666666,2.777778,background,0.000000,41.830002,0,1,0.888889,0.111111
27.142857,2.777778,background,0.000000,41.590000,0,0,0.904762,0.111111
27.619047,2.777778,background,0.000000,41.360001,0,0,0.920635,0.111111
28.095238,2.777778,background,0.000000,41.160000,0,0,0.936508,0.111111
28.571428,2.777778,background,0.000000,40.970001,0,0,0.952381,0.111111
29.047619,2.777778,background,0.000000,40.820000,0,0,0.968254,0.111111
29.523809,2.777778,background,0.000000,40.709999,0,0,0.984127,0.111111
30.000000,2.777778,background,0.000000,40.650002,0,0,1.000000,0.111111
0.000000,3.174603,background,0.000000,43.730000,0,0,0.000000,0.126984
0.476190,3.174603,background,0.000000,43.820000,0,0,0.015873,0.126984
0.952381,3.174603,background,0.000000,43.970001,0,0,0.031746,0.126984
1.428571,3.174603,background,0.000000,44.189999,0,0,0.047619,0.126984
1.904762,3.174603,background,0.000000,44.459999,0,0,0.063492,0.126984
2.380952,3.174603,background,0.000000,44.779999,0,0,0.079365,0.126984
2.857143,3.174603,background,0.000000,45.130001,0,0,0.095238,0.126984
3.333333,3.174603,background,0.000000,45.529999,0,0,0.111111,0.126984
3.809524,3.174603,background,0.000000,45.970001,0,0,0.126984,0.126984
4.285714,3.174603,background,0.000000,46.470001,0,0,0.142857,0.126984
4.761905,3.174603,background,0.000000,47.040001,0,0,0.158730,0.126984
5.238095,3.174603,background,0.000000,47.700001,0,0,0.174603,0.126984
5.714286,3.174603,background,0.000000,48.450001,0,0,0.190476,0.126984
6.190476,3.174603,background,0.000000,49.290001,0,0,0.206349,0.126984
6.666667,3.174603,background,0.000000,50.090000,0,1,0.222222,0.126984
7.142857,3.174603,MEMS_5,3.000000,50.959999,1,0,0.238095,0.126984
7.619048,3.174603,MEMS_5,3.000000,51.790001,1,1,0.253968,0.126984
8.095238,3.174603,Analog_5,4.000000,52.740002,1,0,0.269841,0.126984
8.571428,3.174603,Analog_5,4.000000,53.889999,1,1,0.285714,0.126984
9.047619,3.174603,Analog_5,4.000000,54.820000,1,0,0.301587,0.126984
9.523809,3.174603,Analog_5,4.000000,55.330002,1,0,0.317460,0.126984
10.000000,3.174603,Analog_5,4.000000,55.540001,1,0,0.333333,0.126984
10.476191,3.174603,Analog_5,4.000000,55.560001,1,0,0.349206,0.126984
10.952381,3.174603,background,0.000000,55.470001,0,1,0.365079,0.126984
11.428572,3.174603,Analog_6,4.000000,55.160000,1,0,0.380952,0.126984
11.904762,3.174603,Analog_6,4.000000,54.810001,1,0,0.396825,0.126984
12.380953,3.174603,Analog_6,4.000000,54.689999,1,0,0.412698,0.126984
12.857142,3.174603,Analog_6,4.000000,55.020000,1,0,0.428571,0.126984
13.333333,3.174603,Analog_6,4.000000,55.790001,1,0,0.444444,0.126984
13.809524,3.174603,Analog_6,4.000000,56.990002,1,1,0.460317,0.126984
14.285714,3.174603,background,0.000000,57.570000,0,0,0.476190,0.126984
14.761905,3.174603,background,0.000000,57.770000,0,0,0.492063,0.126984
15.238095,3.174603,background,0.000000,57.689999,0,0,0.507937,0.126984
15.714286,3.174603,background,0.000000,57.299999,0,0,0.523810,0.126984
16.190475,3.174603,background,0.000000,56.410000,0,0,0.539683,0.126984
16.666666,3.174603,background,0.000000,54.959999,0,0,0.555556,0.126984
17.142857,3.174603,background,0.000000,53.810001,0,0,0.571429,0.126984
17.619047,3.174603,DRAM_1,20.000000,53.090000,1,1,0.587302,0.126984
18.095238,3.174603,DRAM_1,20.000000,52.689999,1,0,0.603175,0.126984
18.571428,3.174603,DRAM_1,20.000000,52.590000,1,0,0.619048,0.126984
19.047619,3.174603,DRAM_1,20.000000,52.820000,1,0,0.634921,0.126984
19.523809,3.174603,DRAM_1,20.000000,52.830002,1,0,0.650794,0.126984
20.000000,3.174603,DRAM_1,20.000000,52.209999,1,0,0.666667,0.126984
20.476191,3.174603,DRAM_1,20.000000,50.759998,1,0,0.682540,0.126984
20.952381,3.174603,DRAM_1,20.000000,49.169998,1,0,0.698413,0.126984
21.428572,3.174603,DRAM_1,20.000000,47.740002,1,0,0.714286,0.126984
21.904762,3.174603,DRAM_1,20.000000,46.630001,1,0,0.730159,0.126984
22.380953,3.174603,DRAM_1,20.000000,45.779999,1,0,0.746032,0.126984
22.857143,3.174603,DRAM_1,20.000000,45.110001,1,0,0.761905,0.126984
23.333334,3.174603,DRAM_1,20.000000,44.560001,1,0,0.777778,0.126984
23.809525,3.174603,DRAM_1,20.000000,44.090000,1,0,0.793651,0.126984
24.285715,3.174603,DRAM_1,20.000000,43.689999,1,0,0.809524,0.126984
24.761906,3.174603,DRAM_1,20.000000,43.330002,1,0,0.825397,0.126984
25.238094,3.174603,DRAM_1,20.000000,43.000000,1,0,0.841270,0.126984
25.714285,3.174603,DRAM_1,20.000000,42.700001,1,0,0.857143,0.126984
26.190475,3.174603,DRAM_1,20.000000,42.419998,1,0,0.873016,0.126984
26.666666,3.174603,background,0.000000,42.150002,0,1,0.888889,0.126984
27.142857,3.174603,background,0.000000,41.889999,0,0,0.904762,0.126984
27.619047,3.174603,background,0.000000,41.660000,0,0,0.920635,0.126984
28.095238,3.174603,background,0.000000,41.439999,0,0,0.936508,0.126984
28.571428,3.174603,background,0.000000,41.250000,0,0,0.952381,0.126984
29.047619,3.174603,background,0.000000,41.080002,0,0,0.968254,0.126984
29.523809,3.174603,background,0.000000,40.959999,0,0,0.984127,0.126984
30.000000,3.174603,background,0.000000,40.889999,0,0,1.000000,0.126984
0.000000,3.571429,background,0.000000,44.130001,0,0,0.000000,0.142857
0.476190,3.571429,background,0.000000,44.230000,0,0,0.015873,0.142857
0.952381,3.571429,background,0.000000,44.410000,0,0,0.031746,0.142857
1.428571,3.571429,background,0.000000,44.650002,0,0,0.047619,0.142857
1.904762,3.571429,background,0.000000,44.950001,0,0,0.063492,0.142857
2.380952,3.571429,background,0.000000,45.299999,0,0,0.079365,0.142857
2.857143,3.571429,background,0.000000,45.680000,0,0,0.095238,0.142857
3.333333,3.571429,background,0.000000,46.099998,0,0,0.111111,0.142857
3.809524,3.571429,background,0.000000,46.560001,0,0,0.126984,0.142857
4.285714,3.571429,background,0.000000,47.080002,0,0,0.142857,0.142857
4.761905,3.571429,background,0.000000,47.669998,0,0,0.158730,0.142857
5.238095,3.571429,background,0.000000,48.349998,0,0,0.174603,0.142857
5.714286,3.571429,background,0.000000,49.139999,0,0,0.190476,0.142857
6.190476,3.571429,background,0.000000,50.040001,0,0,0.206349,0.142857
6.666667,3.571429,background,0.000000,51.000000,0,1,0.222222,0.142857
7.142857,3.571429,MEMS_5,3.000000,52.029999,1,1,0.238095,0.142857
7.619048,3.571429,MEMS_5,3.000000,53.070000,1,1,0.253968,0.142857
8.095238,3.571429,Analog_5,4.000000,54.250000,1,1,0.269841,0.142857
8.571428,3.571429,Analog_5,4.000000,55.520000,1,1,0.285714,0.142857
9.047619,3.571429,Analog_5,4.000000,56.619999,1,1,0.301587,0.142857
9.523809,3.571429,Analog_5,4.000000,57.220001,1,1,0.317460,0.142857
10.000000,3.571429,Analog_5,4.000000,57.500000,1,1,0.333333,0.142857
10.476191,3.571429,Analog_5,4.000000,57.580002,1,1,0.349206,0.142857
10.952381,3.571429,background,0.000000,57.419998,0,1,0.365079,0.142857
11.428572,3.571429,Analog_6,4.000000,56.930000,1,0,0.380952,0.142857
11.904762,3.571429,Analog_6,4.000000,56.299999,1,0,0.396825,0.142857
12.380953,3.571429,Analog_6,4.000000,55.910000,1,0,0.412698,0.142857
12.857142,3.571429,Analog_6,4.000000,56.070000,1,0,0.428571,0.142857
13.333333,3.571429,Analog_6,4.000000,56.740002,1,0,0.444444,0.142857
13.809524,3.571429,Analog_6,4.000000,57.900002,1,1,0.460317,0.142857
14.285714,3.571429,background,0.000000,58.470001,0,0,0.476190,0.142857
14.761905,3.571429,background,0.000000,58.639999,0,0,0.492063,0.142857
15.238095,3.571429,background,0.000000,58.509998,0,0,0.507937,0.142857
15.714286,3.571429,background,0.000000,58.029999,0,0,0.523810,0.142857
16.190475,3.571429,background,0.000000,57.060001,0,0,0.539683,0.142857
16.666666,3.571429,background,0.000000,55.540001,0,0,0.555556,0.142857
17.142857,3.571429,background,0.000000,54.330002,0,0,0.571429,0.142857
17.619047,3.571429,DRAM_1,20.000000,53.580002,1,1,0.587302,0.142857
18.095238,3.571429,DRAM_1,20.000000,53.200001,1,0,0.603175,0.142857
18.571428,3.571429,DRAM_1,20.000000,53.180000,1,0,0.619048,0.142857
19.047619,3.571429,DRAM_1,20.000000,53.529999,1,0,0.634921,0.142857
19.523809,3.571429,DRAM_1,20.000000,53.590000,1,0,0.650794,0.142857
20.000000,3.571429,DRAM_1,20.000000,52.970001,1,0,0.666667,0.142857
20.476191,3.571429,DRAM_1,20.000000,51.470001,1,0,0.682540,0.142857
20.952381,3.571429,DRAM_1,20.000000,49.799999,1,0,0.698413,0.142857
21.428572,3.571429,DRAM_1,20.000000,48.279999,1,0,0.714286,0.142857
21.904762,3.571429,DRAM_1,20.000000,47.110001,1,0,0.730159,0.142857
22.380953,3.571429,DRAM_1,20.000000,46.220001,1,0,0.746032,0.142857
22.857143,3.571429,DRAM_1,20.000000,45.529999,1,0,0.761905,0.142857
23.333334,3.571429,DRAM_1,20.000000,44.980000,1,0,0.777778,0.142857
23.809525,3.571429,DRAM_1,20.000000,44.509998,1,0,0.793651,0.142857
24.285715,3.571429,DRAM_1,20.000000,44.099998,1,0,0.809524,0.142857
24.761906,3.571429,DRAM_1,20.000000,43.740002,1,0,0.825397,0.142857
25.238094,3.571429,DRAM_1,20.000000,43.410000,1,0,0.841270,0.142857
25.714285,3.571429,DRAM_1,20.000000,43.090000,1,0,0.857143,0.142857
26.190475,3.571429,DRAM_1,20.000000,42.799999,1,0,0.873016,0.142857
26.666666,3.571429,background,0.000000,42.520000,0,1,0.888889,0.142857
27.142857,3.571429,background,0.000000,42.259998,0,0,0.904762,0.142857
27.619047,3.571429,background,0.000000,42.009998,0,0,0.920635,0.142857
28.095238,3.571429,background,0.000000,41.779999,0,0,0.936508,0.142857
28.571428,3.571429,background,0.000000,41.570000,0,0,0.952381,0.142857
29.047619,3.571429,background,0.000000,41.389999,0,0,0.968254,0.142857
29.523809,3.571429,background,0.000000,41.250000,0,0,0.984127,0.142857
30.000000,3.571429,background,0.000000,41.180000,0,0,1.000000,0.142857
0.000000,3.968254,background,0.000000,44.580002,0,0,0.000000,0.158730
0.476190,3.968254,background,0.000000,44.689999,0,0,0.015873,0.158730
0.952381,3.968254,background,0.000000,44.889999,0,0,0.031746,0.158730
1.428571,3.968254,background,0.000000,45.169998,0,0,0.047619,0.158730
1.904762,3.968254,background,0.000000,45.520000,0,0,0.063492,0.158730
2.380952,3.968254,background,0.000000,45.910000,0,0,0.079365,0.158730
2.857143,3.968254,background,0.000000,46.330002,0,0,0.095238,0.158730
3.333333,3.968254,background,0.000000,46.790001,0,0,0.111111,0.158730
3.809524,3.968254,background,0.000000,47.270000,0,0,0.126984,0.158730
4.285714,3.968254,background,0.000000,47.799999,0,0,0.142857,0.158730
4.761905,3.968254,background,0.000000,48.410000,0,0,0.158730,0.158730
5.238095,3.968254,background,0.000000,49.119999,0,0,0.174603,0.158730
5.714286,3.968254,background,0.000000,49.990002,0,0,0.190476,0.158730
6.190476,3.968254,background,0.000000,51.049999,0,0,0.206349,0.158730
6.666667,3.968254,background,0.000000,52.299999,0,0,0.222222,0.158730
7.142857,3.968254,background,0.000000,53.540001,0,0,0.238095,0.158730
7.619048,3.968254,background,0.000000,54.650002,0,0,0.253968,0.158730
8.095238,3.968254,background,0.000000,55.730000,0,0,0.269841,0.158730
8.571428,3.968254,background,0.000000,56.889999,0,0,0.285714,0.158730
9.047619,3.968254,background,0.000000,57.910000,0,0,0.301587,0.158730
9.523809,3.968254,background,0.000000,58.480000,0,1,0.317460,0.158730
10.000000,3.968254,background,0.000000,58.750000,0,1,0.333333,0.158730
10.476191,3.968254,background,0.000000,58.799999,0,1,0.349206,0.158730
10.952381,3.968254,background,0.000000,58.580002,0,1,0.365079,0.158730
11.428572,3.968254,Analog_6,4.000000,58.040001,1,1,0.380952,0.158730
11.904762,3.968254,Analog_6,4.000000,57.369999,1,1,0.396825,0.158730
12.380953,3.968254,Analog_6,4.000000,56.889999,1,1,0.412698,0.158730
12.857142,3.968254,Analog_6,4.000000,56.939999,1,1,0.428571,0.158730
13.333333,3.968254,Analog_6,4.000000,57.490002,1,1,0.444444,0.158730
13.809524,3.968254,Analog_6,4.000000,58.599998,1,1,0.460317,0.158730
14.285714,3.968254,background,0.000000,59.150002,0,1,0.476190,0.158730
14.761905,3.968254,background,0.000000,59.290001,0,1,0.492063,0.158730
15.238095,3.968254,background,0.000000,59.130001,0,1,0.507937,0.158730
15.714286,3.968254,background,0.000000,58.619999,0,1,0.523810,0.158730
16.190475,3.968254,background,0.000000,57.610001,0,1,0.539683,0.158730
16.666666,3.968254,background,0.000000,56.020000,0,1,0.555556,0.158730
17.142857,3.968254,background,0.000000,54.740002,0,1,0.571429,0.158730
17.619047,3.968254,DRAM_1,20.000000,53.939999,1,1,0.587302,0.158730
18.095238,3.968254,DRAM_1,20.000000,53.509998,1,0,0.603175,0.158730
18.571428,3.968254,DRAM_1,20.000000,53.450001,1,0,0.619048,0.158730
19.047619,3.968254,DRAM_1,20.000000,53.750000,1,0,0.634921,0.158730
19.523809,3.968254,DRAM_1,20.000000,53.759998,1,0,0.650794,0.158730
20.000000,3.968254,DRAM_1,20.000000,53.130001,1,0,0.666667,0.158730
20.476191,3.968254,DRAM_1,20.000000,51.630001,1,0,0.682540,0.158730
20.952381,3.968254,DRAM_1,20.000000,49.990002,1,0,0.698413,0.158730
21.428572,3.968254,DRAM_1,20.000000,48.529999,1,0,0.714286,0.158730
21.904762,3.968254,DRAM_1,20.000000,47.419998,1,0,0.730159,0.158730
22.380953,3.968254,DRAM_1,20.000000,46.590000,1,0,0.746032,0.158730
22.857143,3.968254,DRAM_1,20.000000,45.939999,1,0,0.761905,0.158730
23.333334,3.968254,DRAM_1,20.000000,45.410000,1,0,0.777778,0.158730
23.809525,3.968254,DRAM_1,20.000000,44.959999,1,0,0.793651,0.158730
24.285715,3.968254,DRAM_1,20.000000,44.570000,1,0,0.809524,0.158730
24.761906,3.968254,DRAM_1,20.000000,44.209999,1,0,0.825397,0.158730
25.238094,3.968254,DRAM_1,20.000000,43.869999,1,0,0.841270,0.158730
25.714285,3.968254,DRAM_1,20.000000,43.560001,1,0,0.857143,0.158730
26.190475,3.968254,DRAM_1,20.000000,43.259998,1,0,0.873016,0.158730
26.666666,3.968254,background,0.000000,42.970001,0,1,0.888889,0.158730
27.142857,3.968254,background,0.000000,42.689999,0,0,0.904762,0.158730
27.619047,3.968254,background,0.000000,42.430000,0,0,0.920635,0.158730
28.095238,3.968254,background,0.000000,42.180000,0,0,0.936508,0.158730
28.571428,3.968254,background,0.000000,41.950001,0,0,0.952381,0.158730
29.047619,3.968254,background,0.000000,41.750000,0,0,0.968254,0.158730
29.523809,3.968254,background,0.000000,41.599998,0,0,0.984127,0.158730
30.000000,3.968254,background,0.000000,41.500000,0,0,1.000000,0.158730
0.000000,4.365079,background,0.000000,45.070000,0,0,0.000000,0.174603
0.476190,4.365079,background,0.000000,45.200001,0,0,0.015873,0.174603
0.952381,4.365079,background,0.000000,45.439999,0,0,0.031746,0.174603
1.428571,4.365079,background,0.000000,45.779999,0,0,0.047619,0.174603
1.904762,4.365079,background,0.000000,46.200001,0,0,0.063492,0.174603
2.380952,4.365079,background,0.000000,46.660000,0,0,0.079365,0.174603
2.857143,4.365079,background,0.000000,47.139999,0,0,0.095238,0.174603
3.333333,4.365079,background,0.000000,47.630001,0,0,0.111111,0.174603
3.809524,4.365079,background,0.000000,48.139999,0,0,0.126984,0.174603
4.285714,4.365079,background,0.000000,48.660000,0,0,0.142857,0.174603
4.761905,4.365079,background,0.000000,49.259998,0,0,0.158730,0.174603
5.238095,4.365079,background,0.000000,49.990002,0,0,0.174603,0.174603
5.714286,4.365079,background,0.000000,50.919998,0,0,0.190476,0.174603
6.190476,4.365079,background,0.000000,52.139999,0,0,0.206349,0.174603
6.666667,4.365079,background,0.000000,53.709999,0,0,0.222222,0.174603
7.142857,4.365079,background,0.000000,55.220001,0,0,0.238095,0.174603
7.619048,4.365079,background,0.000000,56.380001,0,0,0.253968,0.174603
8.095238,4.365079,background,0.000000,57.270000,0,0,0.269841,0.174603
8.571428,4.365079,background,0.000000,58.070000,0,0,0.285714,0.174603
9.047619,4.365079,background,0.000000,58.860001,0,0,0.301587,0.174603
9.523809,4.365079,CPU1_5,12.000000,59.360001,1,1,0.317460,0.174603
10.000000,4.365079,CPU1_5,12.000000,59.599998,1,0,0.333333,0.174603
10.476191,4.365079,CPU1_5,12.000000,59.619999,1,0,0.349206,0.174603
10.952381,4.365079,CPU1_5,12.000000,59.389999,1,0,0.365079,0.174603
11.428572,4.365079,CPU1_5,12.000000,58.849998,1,0,0.380952,0.174603
11.904762,4.365079,CPU1_5,12.000000,58.200001,1,1,0.396825,0.174603
12.380953,4.365079,background,0.000000,57.709999,0,1,0.412698,0.174603
12.857142,4.365079,CPU2_1,34.000000,57.689999,1,0,0.428571,0.174603
13.333333,4.365079,CPU2_1,34.000000,58.160000,1,0,0.444444,0.174603
13.809524,4.365079,CPU2_1,34.000000,59.220001,1,0,0.460317,0.174603
14.285714,4.365079,CPU2_1,34.000000,59.730000,1,0,0.476190,0.174603
14.761905,4.365079,CPU2_1,34.000000,59.860001,1,0,0.492063,0.174603
15.238095,4.365079,CPU2_1,34.000000,59.680000,1,0,0.507937,0.174603
15.714286,4.365079,CPU2_1,34.000000,59.160000,1,0,0.523810,0.174603
16.190475,4.365079,CPU2_1,34.000000,58.130001,1,0,0.539683,0.174603
16.666666,4.365079,CPU2_1,34.000000,56.450001,1,0,0.555556,0.174603
17.142857,4.365079,CPU2_1,34.000000,55.060001,1,0,0.571429,0.174603
17.619047,4.365079,DRAM_1,20.000000,54.139999,1,1,0.587302,0.174603
18.095238,4.365079,DRAM_1,20.000000,53.580002,1,0,0.603175,0.174603
18.571428,4.365079,DRAM_1,20.000000,53.320000,1,0,0.619048,0.174603
19.047619,4.365079,DRAM_1,20.000000,53.389999,1,0,0.634921,0.174603
19.523809,4.365079,DRAM_1,20.000000,53.250000,1,0,0.650794,0.174603
20.000000,4.365079,DRAM_1,20.000000,52.590000,1,0,0.666667,0.174603
20.476191,4.365079,DRAM_1,20.000000,51.180000,1,0,0.682540,0.174603
20.952381,4.365079,DRAM_1,20.000000,49.700001,1,0,0.698413,0.174603
21.428572,4.365079,DRAM_1,20.000000,48.480000,1,0,0.714286,0.174603
21.904762,4.365079,DRAM_1,20.000000,47.580002,1,0,0.730159,0.174603
22.380953,4.365079,DRAM_1,20.000000,46.889999,1,0,0.746032,0.174603
22.857143,4.365079,DRAM_1,20.000000,46.340000,1,0,0.761905,0.174603
23.333334,4.365079,DRAM_1,20.000000,45.869999,1,0,0.777778,0.174603
23.809525,4.365079,DRAM_1,20.000000,45.459999,1,0,0.793651,0.174603
24.285715,4.365079,DRAM_1,20.000000,45.080002,1,0,0.809524,0.174603
24.761906,4.365079,DRAM_1,20.000000,44.740002,1,0,0.825397,0.174603
25.238094,4.365079,DRAM_1,20.000000,44.400002,1,0,0.841270,0.174603
25.714285,4.365079,DRAM_1,20.000000,44.090000,1,0,0.857143,0.174603
26.190475,4.365079,DRAM_1,20.000000,43.779999,1,0,0.873016,0.174603
26.666666,4.365079,background,0.000000,43.480000,0,1,0.888889,0.174603
27.142857,4.365079,background,0.000000,43.200001,0,0,0.904762,0.174603
27.619047,4.365079,background,0.000000,42.919998,0,0,0.920635,0.174603
28.095238,4.365079,background,0.000000,42.650002,0,0,0.936508,0.174603
28.571428,4.365079,background,0.000000,42.389999,0,0,0.952381,0.174603
29.047619,4.365079,background,0.000000,42.169998,0,0,0.968254,0.174603
29.523809,4.365079,background,0.000000,41.980000,0,0,0.984127,0.174603
30.000000,4.365079,background,0.000000,41.860001,0,0,1.000000,0.174603
0.000000,4.761905,background,0.000000,45.599998,0,0,0.000000,0.190476
0.476190,4.761905,background,0.000000,45.759998,0,0,0.015873,0.190476
0.952381,4.761905,background,0.000000,46.070000,0,0,0.031746,0.190476
1.428571,4.761905,background,0.000000,46.500000,0,0,0.047619,0.190476
1.904762,4.761905,background,0.000000,47.029999,0,0,0.063492,0.190476
2.380952,4.761905,background,0.000000,47.610001,0,0,0.079365,0.190476
2.857143,4.761905,background,0.000000,48.189999,0,0,0.095238,0.190476
3.333333,4.761905,background,0.000000,48.730000,0,0,0.111111,0.190476
3.809524,4.761905,background,0.000000,49.240002,0,0,0.126984,0.190476
4.285714,4.761905,background,0.000000,49.730000,0,0,0.142857,0.190476
4.761905,4.761905,background,0.000000,50.259998,0,0,0.158730,0.190476
5.238095,4.761905,background,0.000000,50.910000,0,0,0.174603,0.190476
5.714286,4.761905,background,0.000000,51.799999,0,0,0.190476,0.190476
6.190476,4.761905,background,0.000000,53.020000,0,0,0.206349,0.190476
6.666667,4.761905,Analog_4,4.000000,54.630001,1,1,0.222222,0.190476
7.142857,4.761905,Analog_4,4.000000,56.130001,1,1,0.238095,0.190476
7.619048,4.761905,Analog_4,4.000000,57.270000,1,1,0.253968,0.190476
8.095238,4.761905,Analog_4,4.000000,58.090000,1,1,0.269841,0.190476
8.571428,4.761905,Analog_4,4.000000,58.810001,1,1,0.285714,0.190476
9.047619,4.761905,Analog_4,4.000000,59.540001,1,1,0.301587,0.190476
9.523809,4.761905,CPU1_5,12.000000,60.009998,1,1,0.317460,0.190476
10.000000,4.761905,CPU1_5,12.000000,60.250000,1,0,0.333333,0.190476
10.476191,4.761905,CPU1_5,12.000000,60.270000,1,0,0.349206,0.190476
10.952381,4.761905,CPU1_5,12.000000,60.049999,1,0,0.365079,0.190476
11.428572,4.761905,CPU1_5,12.000000,59.529999,1,0,0.380952,0.190476
11.904762,4.761905,CPU1_5,12.000000,58.930000,1,1,0.396825,0.190476
12.380953,4.761905,background,0.000000,58.470001,0,1,0.412698,0.190476
12.857142,4.761905,CPU2_1,34.000000,58.439999,1,0,0.428571,0.190476
13.333333,4.761905,CPU2_1,34.000000,58.830002,1,0,0.444444,0.190476
13.809524,4.761905,CPU2_1,34.000000,59.810001,1,0,0.460317,0.190476
14.285714,4.761905,CPU2_1,34.000000,60.270000,1,0,0.476190,0.190476
14.761905,4.761905,CPU2_1,34.000000,60.380001,1,0,0.492063,0.190476
15.238095,4.761905,CPU2_1,34.000000,60.209999,1,0,0.507937,0.190476
15.714286,4.761905,CPU2_1,34.000000,59.720001,1,0,0.523810,0.190476
16.190475,4.761905,CPU2_1,34.000000,58.759998,1,0,0.539683,0.190476
16.666666,4.761905,CPU2_1,34.000000,56.990002,1,0,0.555556,0.190476
17.142857,4.761905,CPU2_1,34.000000,55.410000,1,0,0.571429,0.190476
17.619047,4.761905,DRAM_1,20.000000,54.279999,1,1,0.587302,0.190476
18.095238,4.761905,DRAM_1,20.000000,53.419998,1,0,0.603175,0.190476
18.571428,4.761905,DRAM_1,20.000000,52.709999,1,0,0.619048,0.190476
19.047619,4.761905,DRAM_1,20.000000,52.259998,1,0,0.634921,0.190476
19.523809,4.761905,DRAM_1,20.000000,51.820000,1,0,0.650794,0.190476
20.000000,4.761905,DRAM_1,20.000000,51.139999,1,0,0.666667,0.190476
20.476191,4.761905,DRAM_1,20.000000,50.119999,1,0,0.682540,0.190476
20.952381,4.761905,DRAM_1,20.000000,49.099998,1,0,0.698413,0.190476
21.428572,4.761905,DRAM_1,20.000000,48.279999,1,0,0.714286,0.190476
21.904762,4.761905,DRAM_1,20.000000,47.630001,1,0,0.730159,0.190476
22.380953,4.761905,DRAM_1,20.000000,47.099998,1,0,0.746032,0.190476
22.857143,4.761905,DRAM_1,20.000000,46.639999,1,0,0.761905,0.190476
23.333334,4.761905,DRAM_1,20.000000,46.230000,1,0,0.777778,0.190476
23.809525,4.761905,DRAM_1,20.000000,45.849998,1,0,0.793651,0.190476
24.285715,4.761905,DRAM_1,20.000000,45.500000,1,0,0.809524,0.190476
24.761906,4.761905,DRAM_1,20.000000,45.160000,1,0,0.825397,0.190476
25.238094,4.761905,DRAM_1,20.000000,44.840000,1,0,0.841270,0.190476
25.714285,4.761905,DRAM_1,20.000000,44.520000,1,0,0.857143,0.190476
26.190475,4.761905,DRAM_1,20.000000,44.209999,1,0,0.873016,0.190476
26.666666,4.761905,background,0.000000,43.910000,0,1,0.888889,0.190476
27.142857,4.761905,background,0.000000,43.610001,0,0,0.904762,0.190476
27.619047,4.761905,background,0.000000,43.320000,0,0,0.920635,0.190476
28.095238,4.761905,background,0.000000,43.029999,0,0,0.936508,0.190476
28.571428,4.761905,background,0.000000,42.759998,0,0,0.952381,0.190476
29.047619,4.761905,background,0.000000,42.509998,0,0,0.968254,0.190476
29.523809,4.761905,background,0.000000,42.299999,0,0,0.984127,0.190476
30.000000,4.761905,background,0.000000,42.189999,0,0,1.000000,0.190476
0.000000,5.158730,background,0.000000,46.160000,0,0,0.000000,0.206349
0.476190,5.158730,background,0.000000,46.360001,0,0,0.015873,0.206349
0.952381,5.158730,background,0.000000,46.759998,0,0,0.031746,0.206349
1.428571,5.158730,background,0.000000,47.330002,0,0,0.047619,0.206349
1.904762,5.158730,background,0.000000,48.049999,0,0,0.063492,0.206349
2.380952,5.158730,background,0.000000,48.840000,0,0,0.079365,0.206349
2.857143,5.158730,background,0.000000,49.580002,0,0,0.095238,0.206349
3.333333,5.158730,background,0.000000,50.200001,0,0,0.111111,0.206349
3.809524,5.158730,background,0.000000,50.689999,0,0,0.126984,0.206349
4.285714,5.158730,background,0.000000,51.090000,0,0,0.142857,0.206349
4.761905,5.158730,background,0.000000,51.450001,0,0,0.158730,0.206349
5.238095,5.158730,background,0.000000,51.910000,0,0,0.174603,0.206349
5.714286,5.158730,background,0.000000,52.619999,0,0,0.190476,0.206349
6.190476,5.158730,background,0.000000,53.680000,0,0,0.206349,0.206349
6.666667,5.158730,Analog_4,4.000000,55.139999,1,1,0.222222,0.206349
7.142857,5.158730,Analog_4,4.000000,56.580002,1,0,0.238095,0.206349
7.619048,5.158730,Analog_4,4.000000,57.680000,1,0,0.253968,0.206349
8.095238,5.158730,Analog_4,4.000000,58.520000,1,0,0.269841,0.206349
8.571428,5.158730,Analog_4,4.000000,59.270000,1,0,0.285714,0.206349
9.047619,5.158730,Analog_4,4.000000,60.029999,1,0,0.301587,0.206349
9.523809,5.158730,CPU1_5,12.000000,60.529999,1,1,0.317460,0.206349
10.000000,5.158730,CPU1_5,12.000000,60.790001,1,0,0.333333,0.206349
10.476191,5.158730,CPU1_5,12.000000,60.830002,1,0,0.349206,0.206349
10.952381,5.158730,CPU1_5,12.000000,60.630001,1,0,0.365079,0.206349
11.428572,5.158730,CPU1_5,12.000000,60.160000,1,0,0.380952,0.206349
11.904762,5.158730,CPU1_5,12.000000,59.660000,1,1,0.396825,0.206349
12.380953,5.158730,background,0.000000,59.290001,0,1,0.412698,0.206349
12.857142,5.158730,CPU2_1,34.000000,59.290001,1,0,0.428571,0.206349
13.333333,5.158730,CPU2_1,34.000000,59.610001,1,0,0.444444,0.206349
13.809524,5.158730,CPU2_1,34.000000,60.430000,1,0,0.460317,0.206349
14.285714,5.158730,CPU2_1,34.000000,60.810001,1,0,0.476190,0.206349
14.761905,5.158730,CPU2_1,34.000000,60.880001,1,0,0.492063,0.206349
15.238095,5.158730,CPU2_1,34.000000,60.720001,1,0,0.507937,0.206349
15.714286,5.158730,CPU2_1,34.000000,60.299999,1,0,0.523810,0.206349
16.190475,5.158730,CPU2_1,34.000000,59.509998,1,0,0.539683,0.206349
16.666666,5.158730,CPU2_1,34.000000,58.060001,1,0,0.555556,0.206349
17.142857,5.158730,CPU2_1,34.000000,56.740002,1,0,0.571429,0.206349
17.619047,5.158730,DRAM_1,20.000000,55.560001,1,1,0.587302,0.206349
18.095238,5.158730,DRAM_1,20.000000,54.340000,1,0,0.603175,0.206349
18.571428,5.158730,DRAM_1,20.000000,52.950001,1,0,0.619048,0.206349
19.047619,5.158730,DRAM_1,20.000000,51.869999,1,0,0.634921,0.206349
19.523809,5.158730,DRAM_1,20.000000,51.099998,1,0,0.650794,0.206349
20.000000,5.158730,DRAM_1,20.000000,50.389999,1,0,0.666667,0.206349
20.476191,5.158730,DRAM_1,20.000000,49.650002,1,0,0.682540,0.206349
20.952381,5.158730,DRAM_1,20.000000,48.939999,1,0,0.698413,0.206349
21.428572,5.158730,DRAM_1,20.000000,48.330002,1,0,0.714286,0.206349
21.904762,5.158730,DRAM_1,20.000000,47.810001,1,0,0.730159,0.206349
22.380953,5.158730,DRAM_1,20.000000,47.349998,1,0,0.746032,0.206349
22.857143,5.158730,DRAM_1,20.000000,46.930000,1,0,0.761905,0.206349
23.333334,5.158730,DRAM_1,20.000000,46.540001,1,0,0.777778,0.206349
23.809525,5.158730,DRAM_1,20.000000,46.180000,1,0,0.793651,0.206349
24.285715,5.158730,DRAM_1,20.000000,45.830002,1,0,0.809524,0.206349
24.761906,5.158730,DRAM_1,20.000000,45.490002,1,0,0.825397,0.206349
25.238094,5.158730,DRAM_1,20.000000,45.169998,1,0,0.841270,0.206349
25.714285,5.158730,DRAM_1,20.000000,44.849998,1,0,0.857143,0.206349
26.190475,5.158730,DRAM_1,20.000000,44.529999,1,0,0.873016,0.206349
26.666666,5.158730,background,0.000000,44.220001,0,1,0.888889,0.206349
27.142857,5.158730,background,0.000000,43.919998,0,0,0.904762,0.206349
27.619047,5.158730,background,0.000000,43.619999,0,0,0.920635,0.206349
28.095238,5.158730,background,0.000000,43.320000,0,0,0.936508,0.206349
28.571428,5.158730,background,0.000000,43.040001,0,0,0.952381,0.206349
29.047619,5.158730,background,0.000000,42.779999,0,0,0.968254,0.206349
29.523809,5.158730,background,0.000000,42.560001,0,0,0.984127,0.206349
30.000000,5.158730,background,0.000000,42.459999,0,0,1.000000,0.206349
0.000000,5.555555,background,0.000000,46.730000,0,0,0.000000,0.222222
0.476190,5.555555,background,0.000000,46.980000,0,0,0.015873,0.222222
0.952381,5.555555,background,0.000000,47.480000,0,0,0.031746,0.222222
1.428571,5.555555,background,0.000000,48.240002,0,0,0.047619,0.222222
1.904762,5.555555,background,0.000000,49.259998,0,0,0.063492,0.222222
2.380952,5.555555,background,0.000000,50.419998,0,0,0.079365,0.222222
2.857143,5.555555,background,0.000000,51.419998,0,0,0.095238,0.222222
3.333333,5.555555,background,0.000000,52.130001,0,0,0.111111,0.222222
3.809524,5.555555,background,0.000000,52.580002,0,0,0.126984,0.222222
4.285714,5.555555,background,0.000000,52.810001,0,0,0.142857,0.222222
4.761905,5.555555,background,0.000000,52.840000,0,0,0.158730,0.222222
5.238095,5.555555,background,0.000000,52.970001,0,0,0.174603,0.222222
5.714286,5.555555,background,0.000000,53.380001,0,0,0.190476,0.222222
6.190476,5.555555,background,0.000000,54.130001,0,0,0.206349,0.222222
6.666667,5.555555,Analog_4,4.000000,55.279999,1,1,0.222222,0.222222
7.142857,5.555555,Analog_4,4.000000,56.580002,1,0,0.238095,0.222222
7.619048,5.555555,Analog_4,4.000000,57.639999,1,0,0.253968,0.222222
8.095238,5.555555,Analog_4,4.000000,58.529999,1,0,0.269841,0.222222
8.571428,5.555555,Analog_4,4.000000,59.459999,1,0,0.285714,0.222222
9.047619,5.555555,Analog_4,4.000000,60.380001,1,0,0.301587,0.222222
9.523809,5.555555,CPU1_5,12.000000,60.950001,1,1,0.317460,0.222222
10.000000,5.555555,CPU1_5,12.000000,61.259998,1,0,0.333333,0.222222
10.476191,5.555555,CPU1_5,12.000000,61.340000,1,0,0.349206,0.222222
10.952381,5.555555,CPU1_5,12.000000,61.200001,1,0,0.365079,0.222222
11.428572,5.555555,CPU1_5,12.000000,60.830002,1,0,0.380952,0.222222
11.904762,5.555555,CPU1_5,12.000000,60.480000,1,1,0.396825,0.222222
12.380953,5.555555,background,0.000000,60.240002,0,1,0.412698,0.222222
12.857142,5.555555,CPU2_1,34.000000,60.250000,1,0,0.428571,0.222222
13.333333,5.555555,CPU2_1,34.000000,60.590000,1,0,0.444444,0.222222
13.809524,5.555555,CPU2_1,34.000000,61.110001,1,0,0.460317,0.222222
14.285714,5.555555,CPU2_1,34.000000,61.349998,1,0,0.476190,0.222222
14.761905,5.555555,CPU2_1,34.000000,61.360001,1,0,0.492063,0.222222
15.238095,5.555555,CPU2_1,34.000000,61.189999,1,0,0.507937,0.222222
15.714286,5.555555,CPU2_1,34.000000,60.830002,1,0,0.523810,0.222222
16.190475,5.555555,CPU2_1,34.000000,60.200001,1,0,0.539683,0.222222
16.666666,5.555555,CPU2_1,34.000000,59.180000,1,0,0.555556,0.222222
17.142857,5.555555,CPU2_1,34.000000,58.150002,1,0,0.571429,0.222222
17.619047,5.555555,DRAM_1,20.000000,57.119999,1,1,0.587302,0.222222
18.095238,5.555555,DRAM_1,20.000000,55.869999,1,0,0.603175,0.222222
18.571428,5.555555,DRAM_1,20.000000,54.189999,1,0,0.619048,0.222222
19.047619,5.555555,DRAM_1,20.000000,52.369999,1,0,0.634921,0.222222
19.523809,5.555555,DRAM_1,20.000000,51.160000,1,0,0.650794,0.222222
20.000000,5.555555,DRAM_1,20.000000,50.310001,1,0,0.666667,0.222222
20.476191,5.555555,DRAM_1,20.000000,49.610001,1,0,0.682540,0.222222
20.952381,5.555555,DRAM_1,20.000000,49.000000,1,0,0.698413,0.222222
21.428572,5.555555,DRAM_1,20.000000,48.470001,1,0,0.714286,0.222222
21.904762,5.555555,DRAM_1,20.000000,48.000000,1,0,0.730159,0.222222
22.380953,5.555555,DRAM_1,20.000000,47.570000,1,0,0.746032,0.222222
22.857143,5.555555,DRAM_1,20.000000,47.169998,1,0,0.761905,0.222222
23.333334,5.555555,DRAM_1,20.000000,46.790001,1,0,0.777778,0.222222
23.809525,5.555555,DRAM_1,20.000000,46.430000,1,0,0.793651,0.222222
24.285715,5.555555,DRAM_1,20.000000,46.080002,1,0,0.809524,0.222222
24.761906,5.555555,DRAM_1,20.000000,45.740002,1,0,0.825397,0.222222
25.238094,5.555555,DRAM_1,20.000000,45.410000,1,0,0.841270,0.222222
25.714285,5.555555,DRAM_1,20.000000,45.090000,1,0,0.857143,0.222222
26.190475,5.555555,DRAM_1,20.000000,44.770000,1,0,0.873016,0.222222
26.666666,5.555555,background,0.000000,44.450001,0,1,0.888889,0.222222
27.142857,5.555555,background,0.000000,44.139999,0,0,0.904762,0.222222
27.619047,5.555555,background,0.000000,43.830002,0,0,0.920635,0.222222
28.095238,5.555555,background,0.000000,43.529999,0,0,0.936508,0.222222
28.571428,5.555555,background,0.000000,43.240002,0,0,0.952381,0.222222
29.047619,5.555555,background,0.000000,42.970001,0,0,0.968254,0.222222
29.523809,5.555555,background,0.000000,42.759998,0,0,0.984127,0.222222
30.000000,5.555555,background,0.000000,42.660000,0,0,1.000000,0.222222
0.000000,5.952381,background,0.000000,47.279999,0,0,0.000000,0.238095
0.476190,5.952381,background,0.000000,47.570000,0,0,0.015873,0.238095
0.952381,5.952381,background,0.000000,48.169998,0,0,0.031746,0.238095
1.428571,5.952381,background,0.000000,49.119999,0,0,0.047619,0.238095
1.904762,5.952381,background,0.000000,50.459999,0,0,0.063492,0.238095
2.380952,5.952381,background,0.000000,51.910000,0,0,0.079365,0.238095
2.857143,5.952381,background,0.000000,53.070000,0,0,0.095238,0.238095
3.333333,5.952381,background,0.000000,53.799999,0,0,0.111111,0.238095
3.809524,5.952381,background,0.000000,54.220001,0,0,0.126984,0.238095
4.285714,5.952381,background,0.000000,54.349998,0,0,0.142857,0.238095
4.761905,5.952381,background,0.000000,54.150002,0,0,0.158730,0.238095
5.238095,5.952381,MEMS_4,3.000000,54.029999,1,1,0.174603,0.238095
5.714286,5.952381,MEMS_4,3.000000,54.230000,1,1,0.190476,0.238095
6.190476,5.952381,MEMS_4,3.000000,54.709999,1,1,0.206349,0.238095
6.666667,5.952381,Analog_4,4.000000,55.410000,1,1,0.222222,0.238095
7.142857,5.952381,Analog_4,4.000000,56.250000,1,1,0.238095,0.238095
7.619048,5.952381,Analog_4,4.000000,57.130001,1,0,0.253968,0.238095
8.095238,5.952381,Analog_4,4.000000,58.130001,1,0,0.269841,0.238095
8.571428,5.952381,Analog_4,4.000000,59.439999,1,0,0.285714,0.238095
9.047619,5.952381,Analog_4,4.000000,60.639999,1,0,0.301587,0.238095
9.523809,5.952381,CPU1_5,12.000000,61.330002,1,1,0.317460,0.238095
10.000000,5.952381,CPU1_5,12.000000,61.689999,1,0,0.333333,0.238095
10.476191,5.952381,CPU1_5,12.000000,61.830002,1,0,0.349206,0.238095
10.952381,5.952381,CPU1_5,12.000000,61.790001,1,0,0.365079,0.238095
11.428572,5.952381,CPU1_5,12.000000,61.570000,1,0,0.380952,0.238095
11.904762,5.952381,CPU1_5,12.000000,61.459999,1,1,0.396825,0.238095
12.380953,5.952381,background,0.000000,61.400002,0,1,0.412698,0.238095
12.857142,5.952381,CPU2_1,34.000000,61.459999,1,0,0.428571,0.238095
13.333333,5.952381,CPU2_1,34.000000,61.630001,1,0,0.444444,0.238095
13.809524,5.952381,CPU2_1,34.000000,61.810001,1,0,0.460317,0.238095
14.285714,5.952381,CPU2_1,34.000000,61.869999,1,0,0.476190,0.238095
14.761905,5.952381,CPU2_1,34.000000,61.810001,1,0,0.492063,0.238095
15.238095,5.952381,CPU2_1,34.000000,61.630001,1,0,0.507937,0.238095
15.714286,5.952381,CPU2_1,34.000000,61.320000,1,0,0.523810,0.238095
16.190475,5.952381,CPU2_1,34.000000,60.869999,1,0,0.539683,0.238095
16.666666,5.952381,CPU2_1,34.000000,60.230000,1,0,0.555556,0.238095
17.142857,5.952381,CPU2_1,34.000000,59.490002,1,0,0.571429,0.238095
17.619047,5.952381,DRAM_1,20.000000,58.580002,1,1,0.587302,0.238095
18.095238,5.952381,DRAM_1,20.000000,57.310001,1,0,0.603175,0.238095
18.571428,5.952381,DRAM_1,20.000000,55.439999,1,0,0.619048,0.238095
19.047619,5.952381,DRAM_1,20.000000,53.099998,1,0,0.634921,0.238095
19.523809,5.952381,DRAM_1,20.000000,51.520000,1,0,0.650794,0.238095
20.000000,5.952381,DRAM_1,20.000000,50.490002,1,0,0.666667,0.238095
20.476191,5.952381,DRAM_1,20.000000,49.750000,1,0,0.682540,0.238095
20.952381,5.952381,DRAM_1,20.000000,49.160000,1,0,0.698413,0.238095
21.428572,5.952381,DRAM_1,20.000000,48.650002,1,0,0.714286,0.238095
21.904762,5.952381,DRAM_1,20.000000,48.189999,1,0,0.730159,0.238095
22.380953,5.952381,DRAM_1,20.000000,47.770000,1,0,0.746032,0.238095
22.857143,5.952381,DRAM_1,20.000000,47.369999,1,0,0.761905,0.238095
23.333334,5.952381,DRAM_1,20.000000,47.000000,1,0,0.777778,0.238095
23.809525,5.952381,DRAM_1,20.000000,46.630001,1,0,0.793651,0.238095
24.285715,5.952381,DRAM_1,20.000000,46.279999,1,0,0.809524,0.238095
24.761906,5.952381,DRAM_1,20.000000,45.939999,1,0,0.825397,0.238095
25.238094,5.952381,DRAM_1,20.000000,45.610001,1,0,0.841270,0.238095
25.714285,5.952381,DRAM_1,20.000000,45.279999,1,0,0.857143,0.238095
26.190475,5.952381,DRAM_1,20.000000,44.950001,1,0,0.873016,0.238095
26.666666,5.952381,background,0.000000,44.630001,0,1,0.888889,0.238095
27.142857,5.952381,background,0.000000,44.310001,0,0,0.904762,0.238095
27.619047,5.952381,background,0.000000,44.000000,0,0,0.920635,0.238095
28.095238,5.952381,background,0.000000,43.689999,0,0,0.936508,0.238095
28.571428,5.952381,background,0.000000,43.389999,0,0,0.952381,0.238095
29.047619,5.952381,background,0.000000,43.119999,0,0,0.968254,0.238095
29.523809,5.952381,background,0.000000,42.900002,0,0,0.984127,0.238095
30.000000,5.952381,background,0.000000,42.810001,0,0,1.000000,0.238095
0.000000,6.349206,background,0.000000,47.779999,0,0,0.000000,0.253968
0.476190,6.349206,background,0.000000,48.080002,0,0,0.015873,0.253968
0.952381,6.349206,background,0.000000,48.689999,0,0,0.031746,0.253968
1.428571,6.349206,background,0.000000,49.680000,0,1,0.047619,0.253968
1.904762,6.349206,Analog_3,4.000000,51.070000,1,1,0.063492,0.253968
2.380952,6.349206,Analog_3,4.000000,52.549999,1,1,0.079365,0.253968
2.857143,6.349206,Analog_3,4.000000,53.730000,1,1,0.095238,0.253968
3.333333,6.349206,Analog_3,4.000000,54.459999,1,1,0.111111,0.253968
3.809524,6.349206,Analog_3,4.000000,54.880001,1,1,0.126984,0.253968
4.285714,6.349206,Analog_3,4.000000,55.000000,1,1,0.142857,0.253968
4.761905,6.349206,background,0.000000,54.779999,0,0,0.158730,0.253968
5.238095,6.349206,MEMS_4,3.000000,54.619999,1,0,0.174603,0.253968
5.714286,6.349206,MEMS_4,3.000000,54.799999,1,0,0.190476,0.253968
6.190476,6.349206,MEMS_4,3.000000,55.200001,1,0,0.206349,0.253968
6.666667,6.349206,Analog_4,4.000000,55.740002,1,1,0.222222,0.253968
7.142857,6.349206,Analog_4,4.000000,56.400002,1,1,0.238095,0.253968
7.619048,6.349206,Analog_4,4.000000,57.220001,1,0,0.253968,0.253968
8.095238,6.349206,Analog_4,4.000000,58.320000,1,0,0.269841,0.253968
8.571428,6.349206,Analog_4,4.000000,59.849998,1,0,0.285714,0.253968
9.047619,6.349206,Analog_4,4.000000,61.020000,1,0,0.301587,0.253968
9.523809,6.349206,CPU1_5,12.000000,61.720001,1,1,0.317460,0.253968
10.000000,6.349206,CPU1_5,12.000000,62.110001,1,0,0.333333,0.253968
10.476191,6.349206,CPU1_5,12.000000,62.310001,1,0,0.349206,0.253968
10.952381,6.349206,CPU1_5,12.000000,62.380001,1,0,0.365079,0.253968
11.428572,6.349206,CPU1_5,12.000000,62.369999,1,0,0.380952,0.253968
11.904762,6.349206,CPU1_5,12.000000,62.369999,1,1,0.396825,0.253968
12.380953,6.349206,background,0.000000,62.360001,0,1,0.412698,0.253968
12.857142,6.349206,CPU2_1,34.000000,62.330002,1,0,0.428571,0.253968
13.333333,6.349206,CPU2_1,34.000000,62.349998,1,0,0.444444,0.253968
13.809524,6.349206,CPU2_1,34.000000,62.369999,1,0,0.460317,0.253968
14.285714,6.349206,CPU2_1,34.000000,62.330002,1,0,0.476190,0.253968
14.761905,6.349206,CPU2_1,34.000000,62.220001,1,0,0.492063,0.253968
15.238095,6.349206,CPU2_1,34.000000,62.020000,1,0,0.507937,0.253968
15.714286,6.349206,CPU2_1,34.000000,61.740002,1,0,0.523810,0.253968
16.190475,6.349206,CPU2_1,34.000000,61.360001,1,0,0.539683,0.253968
16.666666,6.349206,CPU2_1,34.000000,60.860001,1,0,0.555556,0.253968
17.142857,6.349206,CPU2_1,34.000000,60.220001,1,0,0.571429,0.253968
17.619047,6.349206,DRAM_1,20.000000,59.349998,1,1,0.587302,0.253968
18.095238,6.349206,DRAM_1,20.000000,58.070000,1,0,0.603175,0.253968
18.571428,6.349206,DRAM_1,20.000000,56.110001,1,0,0.619048,0.253968
19.047619,6.349206,DRAM_1,20.000000,53.590000,1,0,0.634921,0.253968
19.523809,6.349206,DRAM_1,20.000000,51.840000,1,0,0.650794,0.253968
20.000000,6.349206,DRAM_1,20.000000,50.720001,1,0,0.666667,0.253968
20.476191,6.349206,DRAM_1,20.000000,49.939999,1,0,0.682540,0.253968
20.952381,6.349206,DRAM_1,20.000000,49.330002,1,0,0.698413,0.253968
21.428572,6.349206,DRAM_1,20.000000,48.820000,1,0,0.714286,0.253968
21.904762,6.349206,DRAM_1,20.000000,48.369999,1,0,0.730159,0.253968
22.380953,6.349206,DRAM_1,20.000000,47.939999,1,0,0.746032,0.253968
22.857143,6.349206,DRAM_1,20.000000,47.549999,1,0,0.761905,0.253968
23.333334,6.349206,DRAM_1,20.000000,47.169998,1,0,0.777778,0.253968
23.809525,6.349206,DRAM_1,20.000000,46.799999,1,0,0.793651,0.253968
24.285715,6.349206,DRAM_1,20.000000,46.450001,1,0,0.809524,0.253968
24.761906,6.349206,DRAM_1,20.000000,46.099998,1,0,0.825397,0.253968
25.238094,6.349206,DRAM_1,20.000000,45.759998,1,0,0.841270,0.253968
25.714285,6.349206,DRAM_1,20.000000,45.430000,1,0,0.857143,0.253968
26.190475,6.349206,DRAM_1,20.000000,45.099998,1,0,0.873016,0.253968
26.666666,6.349206,background,0.000000,44.779999,0,1,0.888889,0.253968
27.142857,6.349206,background,0.000000,44.450001,0,0,0.904762,0.253968
27.619047,6.349206,background,0.000000,44.130001,0,0,0.920635,0.253968
28.095238,6.349206,background,0.000000,43.820000,0,0,0.936508,0.253968
28.571428,6.349206,background,0.000000,43.520000,0,0,0.952381,0.253968
29.047619,6.349206,background,0.000000,43.240002,0,0,0.968254,0.253968
29.523809,6.349206,background,0.000000,43.020000,0,0,0.984127,0.253968
30.000000,6.349206,background,0.000000,42.930000,0,0,1.000000,0.253968
0.000000,6.746032,background,0.000000,48.240002,0,0,0.000000,0.269841
0.476190,6.746032,background,0.000000,48.520000,0,0,0.015873,0.269841
0.952381,6.746032,background,0.000000,49.070000,0,0,0.031746,0.269841
1.428571,6.746032,background,0.000000,49.959999,0,1,0.047619,0.269841
1.904762,6.746032,Analog_3,4.000000,51.099998,1,0,0.063492,0.269841
2.380952,6.746032,Analog_3,4.000000,52.450001,1,0,0.079365,0.269841
2.857143,6.746032,Analog_3,4.000000,53.509998,1,0,0.095238,0.269841
3.333333,6.746032,Analog_3,4.000000,54.200001,1,0,0.111111,0.269841
3.809524,6.746032,Analog_3,4.000000,54.650002,1,0,0.126984,0.269841
4.285714,6.746032,Analog_3,4.000000,54.889999,1,0,0.142857,0.269841
4.761905,6.746032,CPU1_3,12.000000,54.889999,1,1,0.158730,0.269841
5.238095,6.746032,CPU1_3,12.000000,54.990002,1,1,0.174603,0.269841
5.714286,6.746032,CPU1_3,12.000000,55.330002,1,1,0.190476,0.269841
6.190476,6.746032,CPU1_3,12.000000,55.799999,1,1,0.206349,0.269841
6.666667,6.746032,CPU1_3,12.000000,56.330002,1,1,0.222222,0.269841
7.142857,6.746032,background,0.000000,56.950001,0,1,0.238095,0.269841
7.619048,6.746032,background,0.000000,57.720001,0,1,0.253968,0.269841
8.095238,6.746032,background,0.000000,58.810001,0,1,0.269841,0.269841
8.571428,6.746032,background,0.000000,60.320000,0,1,0.285714,0.269841
9.047619,6.746032,background,0.000000,61.439999,0,1,0.301587,0.269841
9.523809,6.746032,CPU1_5,12.000000,62.110001,1,1,0.317460,0.269841
10.000000,6.746032,CPU1_5,12.000000,62.500000,1,0,0.333333,0.269841
10.476191,6.746032,CPU1_5,12.000000,62.720001,1,0,0.349206,0.269841
10.952381,6.746032,CPU1_5,12.000000,62.840000,1,0,0.365079,0.269841
11.428572,6.746032,CPU1_5,12.000000,62.889999,1,0,0.380952,0.269841
11.904762,6.746032,CPU1_5,12.000000,62.919998,1,1,0.396825,0.269841
12.380953,6.746032,background,0.000000,62.910000,0,1,0.412698,0.269841
12.857142,6.746032,CPU2_1,34.000000,62.869999,1,0,0.428571,0.269841
13.333333,6.746032,CPU2_1,34.000000,62.840000,1,0,0.444444,0.269841
13.809524,6.746032,CPU2_1,34.000000,62.790001,1,0,0.460317,0.269841
14.285714,6.746032,CPU2_1,34.000000,62.700001,1,0,0.476190,0.269841
14.761905,6.746032,CPU2_1,34.000000,62.560001,1,0,0.492063,0.269841
15.238095,6.746032,CPU2_1,34.000000,62.349998,1,0,0.507937,0.269841
15.714286,6.746032,CPU2_1,34.000000,62.080002,1,0,0.523810,0.269841
16.190475,6.746032,CPU2_1,34.000000,61.730000,1,0,0.539683,0.269841
16.666666,6.746032,CPU2_1,34.000000,61.270000,1,0,0.555556,0.269841
17.142857,6.746032,CPU2_1,34.000000,60.660000,1,0,0.571429,0.269841
17.619047,6.746032,DRAM_1,20.000000,59.799999,1,1,0.587302,0.269841
18.095238,6.746032,DRAM_1,20.000000,58.509998,1,0,0.603175,0.269841
18.571428,6.746032,DRAM_1,20.000000,56.509998,1,0,0.619048,0.269841
19.047619,6.746032,DRAM_1,20.000000,53.910000,1,0,0.634921,0.269841
19.523809,6.746032,DRAM_1,20.000000,52.099998,1,0,0.650794,0.269841
20.000000,6.746032,DRAM_1,20.000000,50.930000,1,0,0.666667,0.269841
20.476191,6.746032,DRAM_1,20.000000,50.119999,1,0,0.682540,0.269841
20.952381,6.746032,DRAM_1,20.000000,49.500000,1,0,0.698413,0.269841
21.428572,6.746032,DRAM_1,20.000000,48.980000,1,0,0.714286,0.269841
21.904762,6.746032,DRAM_1,20.000000,48.520000,1,0,0.730159,0.269841
22.380953,6.746032,DRAM_1,20.000000,48.090000,1,0,0.746032,0.269841
22.857143,6.746032,DRAM_1,20.000000,47.700001,1,0,0.761905,0.269841
23.333334,6.746032,DRAM_1,20.000000,47.310001,1,0,0.777778,0.269841
23.809525,6.746032,DRAM_1,20.000000,46.939999,1,0,0.793651,0.269841
24.285715,6.746032,DRAM_1,20.000000,46.590000,1,0,0.809524,0.269841
24.761906,6.746032,DRAM_1,20.000000,46.240002,1,0,0.825397,0.269841
25.238094,6.746032,DRAM_1,20.000000,45.889999,1,0,0.841270,0.269841
25.714285,6.746032,DRAM_1,20.000000,45.560001,1,0,0.857143,0.269841
26.190475,6.746032,DRAM_1,20.000000,45.220001,1,0,0.873016,0.269841
26.666666,6.746032,background,0.000000,44.889999,0,1,0.888889,0.269841
27.142857,6.746032,background,0.000000,44.560001,0,0,0.904762,0.269841
27.619047,6.746032,background,0.000000,44.240002,0,0,0.920635,0.269841
28.095238,6.746032,background,0.000000,43.919998,0,0,0.936508,0.269841
28.571428,6.746032,background,0.000000,43.619999,0,0,0.952381,0.269841
29.047619,6.746032,background,0.000000,43.340000,0,0,0.968254,0.269841
29.523809,6.746032,background,0.000000,43.110001,0,0,0.984127,0.269841
30.000000,6.746032,background,0.000000,43.020000,0,0,1.000000,0.269841
0.000000,7.142857,background,0.000000,48.709999,0,0,0.000000,0.285714
0.476190,7.142857,background,0.000000,49.009998,0,0,0.015873,0.285714
0.952381,7.142857,background,0.000000,49.570000,0,0,0.031746,0.285714
1.428571,7.142857,background,0.000000,50.480000,0,1,0.047619,0.285714
1.904762,7.142857,Analog_3,4.000000,51.320000,1,0,0.063492,0.285714
2.380952,7.142857,Analog_3,4.000000,52.180000,1,0,0.079365,0.285714
2.857143,7.142857,Analog_3,4.000000,52.930000,1,0,0.095238,0.285714
3.333333,7.142857,Analog_3,4.000000,53.520000,1,0,0.111111,0.285714
3.809524,7.142857,Analog_3,4.000000,54.000000,1,0,0.126984,0.285714
4.285714,7.142857,Analog_3,4.000000,54.380001,1,0,0.142857,0.285714
4.761905,7.142857,CPU1_3,12.000000,54.750000,1,0,0.158730,0.285714
5.238095,7.142857,CPU1_3,12.000000,55.340000,1,1,0.174603,0.285714
5.714286,7.142857,CPU1_3,12.000000,56.099998,1,1,0.190476,0.285714
6.190476,7.142857,CPU1_3,12.000000,56.770000,1,1,0.206349,0.285714
6.666667,7.142857,CPU1_3,12.000000,57.369999,1,1,0.222222,0.285714
7.142857,7.142857,background,0.000000,57.970001,0,1,0.238095,0.285714
7.619048,7.142857,CPU1_4,12.000000,58.680000,1,1,0.253968,0.285714
8.095238,7.142857,CPU1_4,12.000000,59.639999,1,1,0.269841,0.285714
8.571428,7.142857,CPU1_4,12.000000,60.950001,1,1,0.285714,0.285714
9.047619,7.142857,CPU1_4,12.000000,61.910000,1,1,0.301587,0.285714
9.523809,7.142857,CPU1_4,12.000000,62.500000,1,1,0.317460,0.285714
10.000000,7.142857,CPU1_4,12.000000,62.849998,1,1,0.333333,0.285714
10.476191,7.142857,CPU1_5,12.000000,63.070000,1,1,0.349206,0.285714
10.952381,7.142857,CPU1_5,12.000000,63.200001,1,1,0.365079,0.285714
11.428572,7.142857,CPU1_5,12.000000,63.270000,1,1,0.380952,0.285714
11.904762,7.142857,CPU1_5,12.000000,63.299999,1,1,0.396825,0.285714
12.380953,7.142857,CPU1_6,12.000000,63.290001,1,1,0.412698,0.285714
12.857142,7.142857,CPU2_1,34.000000,63.250000,1,0,0.428571,0.285714
13.333333,7.142857,CPU2_1,34.000000,63.189999,1,0,0.444444,0.285714
13.809524,7.142857,CPU2_1,34.000000,63.110001,1,0,0.460317,0.285714
14.285714,7.142857,CPU2_1,34.000000,62.990002,1,0,0.476190,0.285714
14.761905,7.142857,CPU2_1,34.000000,62.830002,1,0,0.492063,0.285714
15.238095,7.142857,CPU2_1,34.000000,62.619999,1,0,0.507937,0.285714
15.714286,7.142857,CPU2_1,34.000000,62.349998,1,0,0.523810,0.285714
16.190475,7.142857,CPU2_1,34.000000,62.000000,1,0,0.539683,0.285714
16.666666,7.142857,CPU2_1,34.000000,61.549999,1,0,0.555556,0.285714
17.142857,7.142857,CPU2_1,34.000000,60.950001,1,0,0.571429,0.285714
17.619047,7.142857,DRAM_1,20.000000,60.090000,1,1,0.587302,0.285714
18.095238,7.142857,DRAM_1,20.000000,58.779999,1,0,0.603175,0.285714
18.571428,7.142857,DRAM_1,20.000000,56.759998,1,0,0.619048,0.285714
19.047619,7.142857,DRAM_1,20.000000,54.139999,1,0,0.634921,0.285714
19.523809,7.142857,DRAM_1,20.000000,52.299999,1,0,0.650794,0.285714
20.000000,7.142857,DRAM_1,20.000000,51.099998,1,0,0.666667,0.285714
20.476191,7.142857,DRAM_1,20.000000,50.270000,1,0,0.682540,0.285714
20.952381,7.142857,DRAM_1,20.000000,49.639999,1,0,0.698413,0.285714
21.428572,7.142857,DRAM_1,20.000000,49.110001,1,0,0.714286,0.285714
21.904762,7.142857,DRAM_1,20.000000,48.650002,1,0,0.730159,0.285714
22.380953,7.142857,DRAM_1,20.000000,48.220001,1,0,0.746032,0.285714
22.857143,7.142857,DRAM_1,20.000000,47.820000,1,0,0.761905,0.285714
23.333334,7.142857,DRAM_1,20.000000,47.430000,1,0,0.777778,0.285714
23.809525,7.142857,DRAM_1,20.000000,47.060001,1,0,0.793651,0.285714
24.285715,7.142857,DRAM_1,20.000000,46.700001,1,0,0.809524,0.285714
24.761906,7.142857,DRAM_1,20.000000,46.340000,1,0,0.825397,0.285714
25.238094,7.142857,DRAM_1,20.000000,46.000000,1,0,0.841270,0.285714
25.714285,7.142857,DRAM_1,20.000000,45.660000,1,0,0.857143,0.285714
26.190475,7.142857,DRAM_1,20.000000,45.320000,1,0,0.873016,0.285714
26.666666,7.142857,background,0.000000,44.980000,0,1,0.888889,0.285714
27.142857,7.142857,background,0.000000,44.650002,0,0,0.904762,0.285714
27.619047,7.142857,background,0.000000,44.330002,0,0,0.920635,0.285714
28.095238,7.142857,background,0.000000,44.000000,0,0,0.936508,0.285714
28.571428,7.142857,background,0.000000,43.689999,0,0,0.952381,0.285714
29.047619,7.142857,background,0.000000,43.410000,0,0,0.968254,0.285714
29.523809,7.142857,background,0.000000,43.189999,0,0,0.984127,0.285714
30.000000,7.142857,background,0.000000,43.090000,0,0,1.000000,0.285714
0.000000,7.539682,background,0.000000,49.169998,0,1,0.000000,0.301587
0.476190,7.539682,background,0.000000,49.439999,0,1,0.015873,0.301587
0.952381,7.539682,background,0.000000,49.930000,0,1,0.031746,0.301587
1.428571,7.539682,background,0.000000,50.779999,0,1,0.047619,0.301587
1.904762,7.539682,Analog_3,4.000000,51.480000,1,1,0.063492,0.301587
2.380952,7.539682,Analog_3,4.000000,52.119999,1,0,0.079365,0.301587
2.857143,7.539682,Analog_3,4.000000,52.709999,1,0,0.095238,0.301587
3.333333,7.539682,Analog_3,4.000000,53.230000,1,0,0.111111,0.301587
3.809524,7.539682,Analog_3,4.000000,53.700001,1,0,0.126984,0.301587
4.285714,7.539682,Analog_3,4.000000,54.150002,1,0,0.142857,0.301587
4.761905,7.539682,CPU1_3,12.000000,54.720001,1,0,0.158730,0.301587
5.238095,7.539682,CPU1_3,12.000000,55.939999,1,0,0.174603,0.301587
5.714286,7.539682,CPU1_3,12.000000,57.439999,1,0,0.190476,0.301587
6.190476,7.539682,CPU1_3,12.000000,58.389999,1,0,0.206349,0.301587
6.666667,7.539682,CPU1_3,12.000000,59.080002,1,0,0.222222,0.301587
7.142857,7.539682,background,0.000000,59.680000,0,1,0.238095,0.301587
7.619048,7.539682,CPU1_4,12.000000,60.279999,1,1,0.253968,0.301587
8.095238,7.539682,CPU1_4,12.000000,60.980000,1,0,0.269841,0.301587
8.571428,7.539682,CPU1_4,12.000000,61.790001,1,0,0.285714,0.301587
9.047619,7.539682,CPU1_4,12.000000,62.439999,1,0,0.301587,0.301587
9.523809,7.539682,CPU1_4,12.000000,62.869999,1,1,0.317460,0.301587
10.000000,7.539682,CPU1_4,12.000000,63.169998,1,1,0.333333,0.301587
10.476191,7.539682,CPU1_5,12.000000,63.360001,1,1,0.349206,0.301587
10.952381,7.539682,CPU1_5,12.000000,63.480000,1,1,0.365079,0.301587
11.428572,7.539682,CPU1_5,12.000000,63.560001,1,1,0.380952,0.301587
11.904762,7.539682,CPU1_5,12.000000,63.580002,1,1,0.396825,0.301587
12.380953,7.539682,CPU1_6,12.000000,63.570000,1,1,0.412698,0.301587
12.857142,7.539682,CPU2_1,34.000000,63.520000,1,0,0.428571,0.301587
13.333333,7.539682,CPU2_1,34.000000,63.450001,1,0,0.444444,0.301587
13.809524,7.539682,CPU2_1,34.000000,63.349998,1,0,0.460317,0.301587
14.285714,7.539682,CPU2_1,34.000000,63.220001,1,0,0.476190,0.301587
14.761905,7.539682,CPU2_1,34.000000,63.049999,1,0,0.492063,0.301587
15.238095,7.539682,CPU2_1,34.000000,62.830002,1,0,0.507937,0.301587
15.714286,7.539682,CPU2_1,34.000000,62.549999,1,0,0.523810,0.301587
16.190475,7.539682,CPU2_1,34.000000,62.200001,1,0,0.539683,0.301587
16.666666,7.539682,CPU2_1,34.000000,61.750000,1,0,0.555556,0.301587
17.142857,7.539682,CPU2_1,34.000000,61.150002,1,0,0.571429,0.301587
17.619047,7.539682,DRAM_1,20.000000,60.290001,1,1,0.587302,0.301587
18.095238,7.539682,DRAM_1,20.000000,58.970001,1,0,0.603175,0.301587
18.571428,7.539682,DRAM_1,20.000000,56.939999,1,0,0.619048,0.301587
19.047619,7.539682,DRAM_1,20.000000,54.299999,1,0,0.634921,0.301587
19.523809,7.539682,DRAM_1,20.000000,52.439999,1,0,0.650794,0.301587
20.000000,7.539682,DRAM_1,20.000000,51.230000,1,0,0.666667,0.301587
20.476191,7.539682,DRAM_1,20.000000,50.389999,1,0,0.682540,0.301587
20.952381,7.539682,DRAM_1,20.000000,49.750000,1,0,0.698413,0.301587
21.428572,7.539682,DRAM_1,20.000000,49.220001,1,0,0.714286,0.301587
21.904762,7.539682,DRAM_1,20.000000,48.750000,1,0,0.730159,0.301587
22.380953,7.539682,DRAM_1,20.000000,48.320000,1,0,0.746032,0.301587
22.857143,7.539682,DRAM_1,20.000000,47.910000,1,0,0.761905,0.301587
23.333334,7.539682,DRAM_1,20.000000,47.520000,1,0,0.777778,0.301587
23.809525,7.539682,DRAM_1,20.000000,47.150002,1,0,0.793651,0.301587
24.285715,7.539682,DRAM_1,20.000000,46.779999,1,0,0.809524,0.301587
24.761906,7.539682,DRAM_1,20.000000,46.430000,1,0,0.825397,0.301587
25.238094,7.539682,DRAM_1,20.000000,46.080002,1,0,0.841270,0.301587
25.714285,7.539682,DRAM_1,20.000000,45.730000,1,0,0.857143,0.301587
26.190475,7.539682,DRAM_1,20.000000,45.389999,1,0,0.873016,0.301587
26.666666,7.539682,background,0.000000,45.060001,0,1,0.888889,0.301587
27.142857,7.539682,background,0.000000,44.720001,0,0,0.904762,0.301587
27.619047,7.539682,background,0.000000,44.389999,0,0,0.920635,0.301587
28.095238,7.539682,background,0.000000,44.070000,0,0,0.936508,0.301587
28.571428,7.539682,background,0.000000,43.750000,0,0,0.952381,0.301587
29.047619,7.539682,background,0.000000,43.470001,0,0,0.968254,0.301587
29.523809,7.539682,background,0.000000,43.250000,0,0,0.984127,0.301587
30.000000,7.539682,background,0.000000,43.150002,0,0,1.000000,0.301587
0.000000,7.936508,MEMS_3,3.000000,49.720001,1,1,0.000000,0.317460
0.476190,7.936508,MEMS_3,3.000000,49.919998,1,0,0.015873,0.317460
0.952381,7.936508,MEMS_3,3.000000,50.290001,1,0,0.031746,0.317460
1.428571,7.936508,MEMS_3,3.000000,51.029999,1,1,0.047619,0.317460
1.904762,7.936508,Analog_3,4.000000,51.619999,1,1,0.063492,0.317460
2.380952,7.936508,Analog_3,4.000000,52.150002,1,0,0.079365,0.317460
2.857143,7.936508,Analog_3,4.000000,52.650002,1,0,0.095238,0.317460
3.333333,7.936508,Analog_3,4.000000,53.139999,1,0,0.111111,0.317460
3.809524,7.936508,Analog_3,4.000000,53.619999,1,0,0.126984,0.317460
4.285714,7.936508,Analog_3,4.000000,54.119999,1,0,0.142857,0.317460
4.761905,7.936508,CPU1_3,12.000000,54.880001,1,0,0.158730,0.317460
5.238095,7.936508,CPU1_3,12.000000,56.560001,1,0,0.174603,0.317460
5.714286,7.936508,CPU1_3,12.000000,58.459999,1,0,0.190476,0.317460
6.190476,7.936508,CPU1_3,12.000000,59.580002,1,0,0.206349,0.317460
6.666667,7.936508,CPU1_3,12.000000,60.330002,1,0,0.222222,0.317460
7.142857,7.936508,background,0.000000,60.910000,0,1,0.238095,0.317460
7.619048,7.936508,CPU1_4,12.000000,61.430000,1,1,0.253968,0.317460
8.095238,7.936508,CPU1_4,12.000000,61.939999,1,0,0.269841,0.317460
8.571428,7.936508,CPU1_4,12.000000,62.450001,1,0,0.285714,0.317460
9.047619,7.936508,CPU1_4,12.000000,62.869999,1,0,0.301587,0.317460
9.523809,7.936508,CPU1_4,12.000000,63.189999,1,0,0.317460,0.317460
10.000000,7.936508,CPU1_4,12.000000,63.419998,1,1,0.333333,0.317460
10.476191,7.936508,CPU1_6,12.000000,63.590000,1,0,0.349206,0.317460
10.952381,7.936508,CPU1_6,12.000000,63.700001,1,0,0.365079,0.317460
11.428572,7.936508,CPU1_6,12.000000,63.770000,1,0,0.380952,0.317460
11.904762,7.936508,CPU1_6,12.000000,63.790001,1,0,0.396825,0.317460
12.380953,7.936508,CPU1_6,12.000000,63.770000,1,1,0.412698,0.317460
12.857142,7.936508,CPU2_1,34.000000,63.720001,1,0,0.428571,0.317460
13.333333,7.936508,CPU2_1,34.000000,63.630001,1,0,0.444444,0.317460
13.809524,7.936508,CPU2_1,34.000000,63.529999,1,0,0.460317,0.317460
14.285714,7.936508,CPU2_1,34.000000,63.389999,1,0,0.476190,0.317460
14.761905,7.936508,CPU2_1,34.000000,63.209999,1,0,0.492063,0.317460
15.238095,7.936508,CPU2_1,34.000000,62.980000,1,0,0.507937,0.317460
15.714286,7.936508,CPU2_1,34.000000,62.700001,1,0,0.523810,0.317460
16.190475,7.936508,CPU2_1,34.000000,62.349998,1,0,0.539683,0.317460
16.666666,7.936508,CPU2_1,34.000000,61.889999,1,0,0.555556,0.317460
17.142857,7.936508,CPU2_1,34.000000,61.290001,1,0,0.571429,0.317460
17.619047,7.936508,DRAM_1,20.000000,60.419998,1,1,0.587302,0.317460
18.095238,7.936508,DRAM_1,20.000000,59.090000,1,0,0.603175,0.317460
18.571428,7.936508,DRAM_1,20.000000,57.049999,1,0,0.619048,0.317460
19.047619,7.936508,DRAM_1,20.000000,54.400002,1,0,0.634921,0.317460
19.523809,7.936508,DRAM_1,20.000000,52.529999,1,0,0.650794,0.317460
20.000000,7.936508,DRAM_1,20.000000,51.320000,1,0,0.666667,0.317460
20.476191,7.936508,DRAM_1,20.000000,50.470001,1,0,0.682540,0.317460
20.952381,7.936508,DRAM_1,20.000000,49.830002,1,0,0.698413,0.317460
21.428572,7.936508,DRAM_1,20.000000,49.299999,1,0,0.714286,0.317460
21.904762,7.936508,DRAM_1,20.000000,48.820000,1,0,0.730159,0.317460
22.380953,7.936508,DRAM_1,20.000000,48.389999,1,0,0.746032,0.317460
22.857143,7.936508,DRAM_1,20.000000,47.980000,1,0,0.761905,0.317460
23.333334,7.936508,DRAM_1,20.000000,47.590000,1,0,0.777778,0.317460
23.809525,7.936508,DRAM_1,20.000000,47.209999,1,0,0.793651,0.317460
24.285715,7.936508,DRAM_1,20.000000,46.849998,1,0,0.809524,0.317460
24.761906,7.936508,DRAM_1,20.000000,46.490002,1,0,0.825397,0.317460
25.238094,7.936508,DRAM_1,20.000000,46.139999,1,0,0.841270,0.317460
25.714285,7.936508,DRAM_1,20.000000,45.790001,1,0,0.857143,0.317460
26.190475,7.936508,DRAM_1,20.000000,45.450001,1,0,0.873016,0.317460
26.666666,7.936508,background,0.000000,45.110001,0,1,0.888889,0.317460
27.142857,7.936508,background,0.000000,44.770000,0,0,0.904762,0.317460
27.619047,7.936508,background,0.000000,44.439999,0,0,0.920635,0.317460
28.095238,7.936508,background,0.000000,44.110001,0,0,0.936508,0.317460
28.571428,7.936508,background,0.000000,43.799999,0,0,0.952381,0.317460
29.047619,7.936508,background,0.000000,43.509998,0,0,0.968254,0.317460
29.523809,7.936508,background,0.000000,43.290001,0,0,0.984127,0.317460
30.000000,7.936508,background,0.000000,43.189999,0,0,1.000000,0.317460
0.000000,8.333333,MEMS_3,3.000000,50.480000,1,1,0.000000,0.333333
0.476190,8.333333,MEMS_3,3.000000,50.599998,1,0,0.015873,0.333333
0.952381,8.333333,MEMS_3,3.000000,50.810001,1,0,0.031746,0.333333
1.428571,8.333333,MEMS_3,3.000000,51.360001,1,1,0.047619,0.333333
1.904762,8.333333,MEMS_3,3.000000,51.810001,1,1,0.063492,0.333333
2.380952,8.333333,background,0.000000,52.220001,0,1,0.079365,0.333333
2.857143,8.333333,background,0.000000,52.630001,0,1,0.095238,0.333333
3.333333,8.333333,background,0.000000,53.070000,0,1,0.111111,0.333333
3.809524,8.333333,background,0.000000,53.570000,0,1,0.126984,0.333333
4.285714,8.333333,background,0.000000,54.169998,0,1,0.142857,0.333333
4.761905,8.333333,CPU1_3,12.000000,55.110001,1,0,0.158730,0.333333
5.238095,8.333333,CPU1_3,12.000000,57.000000,1,0,0.174603,0.333333
5.714286,8.333333,CPU1_3,12.000000,59.040001,1,0,0.190476,0.333333
6.190476,8.333333,CPU1_3,12.000000,60.230000,1,0,0.206349,0.333333
6.666667,8.333333,CPU1_3,12.000000,61.000000,1,0,0.222222,0.333333
7.142857,8.333333,background,0.000000,61.580002,0,1,0.238095,0.333333
7.619048,8.333333,CPU1_4,12.000000,62.049999,1,1,0.253968,0.333333
8.095238,8.333333,CPU1_4,12.000000,62.470001,1,0,0.269841,0.333333
8.571428,8.333333,CPU1_4,12.000000,62.849998,1,0,0.285714,0.333333
9.047619,8.333333,CPU1_4,12.000000,63.169998,1,0,0.301587,0.333333
9.523809,8.333333,CPU1_4,12.000000,63.419998,1,0,0.317460,0.333333
10.000000,8.333333,CPU1_4,12.000000,63.619999,1,1,0.333333,0.333333
10.476191,8.333333,CPU1_6,12.000000,63.770000,1,0,0.349206,0.333333
10.952381,8.333333,CPU1_6,12.000000,63.869999,1,0,0.365079,0.333333
11.428572,8.333333,CPU1_6,12.000000,63.919998,1,0,0.380952,0.333333
11.904762,8.333333,CPU1_6,12.000000,63.930000,1,0,0.396825,0.333333
12.380953,8.333333,CPU1_6,12.000000,63.910000,1,1,0.412698,0.333333
12.857142,8.333333,CPU2_1,34.000000,63.840000,1,0,0.428571,0.333333
13.333333,8.333333,CPU2_1,34.000000,63.750000,1,1,0.444444,0.333333
13.809524,8.333333,CPU2_1,34.000000,63.639999,1,1,0.460317,0.333333
14.285714,8.333333,CPU2_1,34.000000,63.490002,1,1,0.476190,0.333333
14.761905,8.333333,CPU2_1,34.000000,63.310001,1,1,0.492063,0.333333
15.238095,8.333333,CPU2_1,34.000000,63.090000,1,1,0.507937,0.333333
15.714286,8.333333,CPU2_1,34.000000,62.799999,1,0,0.523810,0.333333
16.190475,8.333333,CPU2_1,34.000000,62.439999,1,0,0.539683,0.333333
16.666666,8.333333,CPU2_1,34.000000,61.980000,1,0,0.555556,0.333333
17.142857,8.333333,CPU2_1,34.000000,61.360001,1,0,0.571429,0.333333
17.619047,8.333333,DRAM_1,20.000000,60.490002,1,1,0.587302,0.333333
18.095238,8.333333,DRAM_1,20.000000,59.150002,1,0,0.603175,0.333333
18.571428,8.333333,DRAM_1,20.000000,57.099998,1,0,0.619048,0.333333
19.047619,8.333333,DRAM_1,20.000000,54.450001,1,0,0.634921,0.333333
19.523809,8.333333,DRAM_1,20.000000,52.580002,1,0,0.650794,0.333333
20.000000,8.333333,DRAM_1,20.000000,51.360001,1,0,0.666667,0.333333
20.476191,8.333333,DRAM_1,20.000000,50.520000,1,0,0.682540,0.333333
20.952381,8.333333,DRAM_1,20.000000,49.880001,1,0,0.698413,0.333333
21.428572,8.333333,DRAM_1,20.000000,49.340000,1,0,0.714286,0.333333
21.904762,8.333333,DRAM_1,20.000000,48.869999,1,0,0.730159,0.333333
22.380953,8.333333,DRAM_1,20.000000,48.439999,1,0,0.746032,0.333333
22.857143,8.333333,DRAM_1,20.000000,48.029999,1,0,0.761905,0.333333
23.333334,8.333333,DRAM_1,20.000000,47.630001,1,0,0.777778,0.333333
23.809525,8.333333,DRAM_1,20.000000,47.259998,1,0,0.793651,0.333333
24.285715,8.333333,DRAM_1,20.000000,46.889999,1,0,0.809524,0.333333
24.761906,8.333333,DRAM_1,20.000000,46.529999,1,0,0.825397,0.333333
25.238094,8.333333,DRAM_1,20.000000,46.169998,1,0,0.841270,0.333333
25.714285,8.333333,DRAM_1,20.000000,45.820000,1,0,0.857143,0.333333
26.190475,8.333333,DRAM_1,20.000000,45.480000,1,0,0.873016,0.333333
26.666666,8.333333,background,0.000000,45.139999,0,1,0.888889,0.333333
27.142857,8.333333,background,0.000000,44.799999,0,0,0.904762,0.333333
27.619047,8.333333,background,0.000000,44.470001,0,0,0.920635,0.333333
28.095238,8.333333,background,0.000000,44.139999,0,0,0.936508,0.333333
28.571428,8.333333,background,0.000000,43.820000,0,0,0.952381,0.333333
29.047619,8.333333,background,0.000000,43.540001,0,0,0.968254,0.333333
29.523809,8.333333,background,0.000000,43.310001,0,0,0.984127,0.333333
30.000000,8.333333,background,0.000000,43.209999,0,0,1.000000,0.333333
0.000000,8.730159,MEMS_3,3.000000,51.570000,1,1,0.000000,0.349206
0.476190,8.730159,MEMS_3,3.000000,51.689999,1,1,0.015873,0.349206
0.952381,8.730159,MEMS_3,3.000000,51.869999,1,1,0.031746,0.349206
1.428571,8.730159,MEMS_3,3.000000,52.130001,1,1,0.047619,0.349206
1.904762,8.730159,MEMS_3,3.000000,52.330002,1,1,0.063492,0.349206
2.380952,8.730159,background,0.000000,52.439999,0,0,0.079365,0.349206
2.857143,8.730159,background,0.000000,52.639999,0,0,0.095238,0.349206
3.333333,8.730159,background,0.000000,53.000000,0,0,0.111111,0.349206
3.809524,8.730159,background,0.000000,53.509998,0,0,0.126984,0.349206
4.285714,8.730159,background,0.000000,54.259998,0,0,0.142857,0.349206
4.761905,8.730159,CPU1_3,12.000000,55.509998,1,0,0.158730,0.349206
5.238095,8.730159,CPU1_3,12.000000,57.400002,1,0,0.174603,0.349206
5.714286,8.730159,CPU1_3,12.000000,59.400002,1,0,0.190476,0.349206
6.190476,8.730159,CPU1_3,12.000000,60.590000,1,0,0.206349,0.349206
6.666667,8.730159,CPU1_3,12.000000,61.360001,1,0,0.222222,0.349206
7.142857,8.730159,background,0.000000,61.930000,0,1,0.238095,0.349206
7.619048,8.730159,CPU1_4,12.000000,62.380001,1,1,0.253968,0.349206
8.095238,8.730159,CPU1_4,12.000000,62.759998,1,0,0.269841,0.349206
8.571428,8.730159,CPU1_4,12.000000,63.090000,1,0,0.285714,0.349206
9.047619,8.730159,CPU1_4,12.000000,63.360001,1,0,0.301587,0.349206
9.523809,8.730159,CPU1_4,12.000000,63.580002,1,0,0.317460,0.349206
10.000000,8.730159,CPU1_4,12.000000,63.750000,1,1,0.333333,0.349206
10.476191,8.730159,CPU1_6,12.000000,63.880001,1,0,0.349206,0.349206
10.952381,8.730159,CPU1_6,12.000000,63.970001,1,0,0.365079,0.349206
11.428572,8.730159,CPU1_6,12.000000,64.010002,1,0,0.380952,0.349206
11.904762,8.730159,CPU1_6,12.000000,64.010002,1,0,0.396825,0.349206
12.380953,8.730159,CPU1_6,12.000000,63.970001,1,1,0.412698,0.349206
12.857142,8.730159,CPU2_1,34.000000,63.880001,1,1,0.428571,0.349206
13.333333,8.730159,CPU1_7,12.000000,63.779999,1,0,0.444444,0.349206
13.809524,8.730159,CPU1_7,12.000000,63.669998,1,0,0.460317,0.349206
14.285714,8.730159,CPU1_7,12.000000,63.529999,1,0,0.476190,0.349206
14.761905,8.730159,CPU1_7,12.000000,63.360001,1,0,0.492063,0.349206
15.238095,8.730159,CPU1_7,12.000000,63.139999,1,0,0.507937,0.349206
15.714286,8.730159,CPU2_1,34.000000,62.849998,1,0,0.523810,0.349206
16.190475,8.730159,CPU2_1,34.000000,62.490002,1,0,0.539683,0.349206
16.666666,8.730159,CPU2_1,34.000000,62.020000,1,0,0.555556,0.349206
17.142857,8.730159,CPU2_1,34.000000,61.389999,1,0,0.571429,0.349206
17.619047,8.730159,DRAM_1,20.000000,60.490002,1,1,0.587302,0.349206
18.095238,8.730159,DRAM_1,20.000000,59.139999,1,0,0.603175,0.349206
18.571428,8.730159,DRAM_1,20.000000,57.070000,1,0,0.619048,0.349206
19.047619,8.730159,DRAM_1,20.000000,54.419998,1,0,0.634921,0.349206
19.523809,8.730159,DRAM_1,20.000000,52.570000,1,0,0.650794,0.349206
20.000000,8.730159,DRAM_1,20.000000,51.360001,1,0,0.666667,0.349206
20.476191,8.730159,DRAM_1,20.000000,50.529999,1,0,0.682540,0.349206
20.952381,8.730159,DRAM_1,20.000000,49.889999,1,0,0.698413,0.349206
21.428572,8.730159,DRAM_1,20.000000,49.360001,1,0,0.714286,0.349206
21.904762,8.730159,DRAM_1,20.000000,48.889999,1,0,0.730159,0.349206
22.380953,8.730159,DRAM_1,20.000000,48.450001,1,0,0.746032,0.349206
22.857143,8.730159,DRAM_1,20.000000,48.049999,1,0,0.761905,0.349206
23.333334,8.730159,DRAM_1,20.000000,47.650002,1,0,0.777778,0.349206
23.809525,8.730159,DRAM_1,20.000000,47.270000,1,0,0.793651,0.349206
24.285715,8.730159,DRAM_1,20.000000,46.900002,1,0,0.809524,0.349206
24.761906,8.730159,DRAM_1,20.000000,46.540001,1,0,0.825397,0.349206
25.238094,8.730159,DRAM_1,20.000000,46.189999,1,0,0.841270,0.349206
25.714285,8.730159,DRAM_1,20.000000,45.840000,1,0,0.857143,0.349206
26.190475,8.730159,DRAM_1,20.000000,45.490002,1,0,0.873016,0.349206
26.666666,8.730159,background,0.000000,45.150002,0,1,0.888889,0.349206
27.142857,8.730159,background,0.000000,44.810001,0,0,0.904762,0.349206
27.619047,8.730159,background,0.000000,44.480000,0,0,0.920635,0.349206
28.095238,8.730159,background,0.000000,44.150002,0,0,0.936508,0.349206
28.571428,8.730159,background,0.000000,43.830002,0,0,0.952381,0.349206
29.047619,8.730159,background,0.000000,43.540001,0,0,0.968254,0.349206
29.523809,8.730159,background,0.000000,43.320000,0,0,0.984127,0.349206
30.000000,8.730159,background,0.000000,43.220001,0,0,1.000000,0.349206
0.000000,9.126985,background,0.000000,52.599998,0,0,0.000000,0.365079
0.476190,9.126985,background,0.000000,52.759998,0,0,0.015873,0.365079
0.952381,9.126985,background,0.000000,52.980000,0,0,0.031746,0.365079
1.428571,9.126985,background,0.000000,53.150002,0,0,0.047619,0.365079
1.904762,9.126985,background,0.000000,53.130001,0,0,0.063492,0.365079
2.380952,9.126985,background,0.000000,52.820000,0,0,0.079365,0.365079
2.857143,9.126985,background,0.000000,52.770000,0,0,0.095238,0.365079
3.333333,9.126985,background,0.000000,53.020000,0,0,0.111111,0.365079
3.809524,9.126985,background,0.000000,53.480000,0,0,0.126984,0.365079
4.285714,9.126985,background,0.000000,54.180000,0,0,0.142857,0.365079
4.761905,9.126985,CPU1_3,12.000000,55.410000,1,0,0.158730,0.365079
5.238095,9.126985,CPU1_3,12.000000,57.490002,1,0,0.174603,0.365079
5.714286,9.126985,CPU1_3,12.000000,59.570000,1,0,0.190476,0.365079
6.190476,9.126985,CPU1_3,12.000000,60.779999,1,0,0.206349,0.365079
6.666667,9.126985,CPU1_3,12.000000,61.549999,1,0,0.222222,0.365079
7.142857,9.126985,background,0.000000,62.119999,0,1,0.238095,0.365079
7.619048,9.126985,CPU1_4,12.000000,62.560001,1,1,0.253968,0.365079
8.095238,9.126985,CPU1_4,12.000000,62.919998,1,0,0.269841,0.365079
8.571428,9.126985,CPU1_4,12.000000,63.220001,1,0,0.285714,0.365079
9.047619,9.126985,CPU1_4,12.000000,63.470001,1,0,0.301587,0.365079
9.523809,9.126985,CPU1_4,12.000000,63.669998,1,0,0.317460,0.365079
10.000000,9.126985,CPU1_4,12.000000,63.830002,1,1,0.333333,0.365079
10.476191,9.126985,CPU1_6,12.000000,63.950001,1,0,0.349206,0.365079
10.952381,9.126985,CPU1_6,12.000000,64.019997,1,0,0.365079,0.365079
11.428572,9.126985,CPU1_6,12.000000,64.050003,1,0,0.380952,0.365079
11.904762,9.126985,CPU1_6,12.000000,64.019997,1,0,0.396825,0.365079
12.380953,9.126985,CPU1_6,12.000000,63.939999,1,1,0.412698,0.365079
12.857142,9.126985,background,0.000000,63.820000,0,1,0.428571,0.365079
13.333333,9.126985,CPU1_7,12.000000,63.709999,1,1,0.444444,0.365079
13.809524,9.126985,CPU1_7,12.000000,63.599998,1,1,0.460317,0.365079
14.285714,9.126985,CPU1_7,12.000000,63.500000,1,1,0.476190,0.365079
14.761905,9.126985,CPU1_7,12.000000,63.349998,1,1,0.492063,0.365079
15.238095,9.126985,CPU1_7,12.000000,63.139999,1,1,0.507937,0.365079
15.714286,9.126985,background,0.000000,62.860001,0,1,0.523810,0.365079
16.190475,9.126985,background,0.000000,62.490002,0,1,0.539683,0.365079
16.666666,9.126985,background,0.000000,62.009998,0,1,0.555556,0.365079
17.142857,9.126985,background,0.000000,61.349998,0,1,0.571429,0.365079
17.619047,9.126985,DRAM_1,20.000000,60.419998,1,1,0.587302,0.365079
18.095238,9.126985,DRAM_1,20.000000,59.009998,1,0,0.603175,0.365079
18.571428,9.126985,DRAM_1,20.000000,56.919998,1,0,0.619048,0.365079
19.047619,9.126985,DRAM_1,20.000000,54.279999,1,0,0.634921,0.365079
19.523809,9.126985,DRAM_1,20.000000,52.470001,1,0,0.650794,0.365079
20.000000,9.126985,DRAM_1,20.000000,51.299999,1,0,0.666667,0.365079
20.476191,9.126985,DRAM_1,20.000000,50.490002,1,0,0.682540,0.365079
20.952381,9.126985,DRAM_1,20.000000,49.869999,1,0,0.698413,0.365079
21.428572,9.126985,DRAM_1,20.000000,49.349998,1,0,0.714286,0.365079
21.904762,9.126985,DRAM_1,20.000000,48.880001,1,0,0.730159,0.365079
22.380953,9.126985,DRAM_1,20.000000,48.450001,1,0,0.746032,0.365079
22.857143,9.126985,DRAM_1,20.000000,48.040001,1,0,0.761905,0.365079
23.333334,9.126985,DRAM_1,20.000000,47.650002,1,0,0.777778,0.365079
23.809525,9.126985,DRAM_1,20.000000,47.270000,1,0,0.793651,0.365079
24.285715,9.126985,DRAM_1,20.000000,46.900002,1,0,0.809524,0.365079
24.761906,9.126985,DRAM_1,20.000000,46.540001,1,0,0.825397,0.365079
25.238094,9.126985,DRAM_1,20.000000,46.180000,1,0,0.841270,0.365079
25.714285,9.126985,DRAM_1,20.000000,45.830002,1,0,0.857143,0.365079
26.190475,9.126985,DRAM_1,20.000000,45.490002,1,0,0.873016,0.365079
26.666666,9.126985,background,0.000000,45.150002,0,1,0.888889,0.365079
27.142857,9.126985,background,0.000000,44.810001,0,0,0.904762,0.365079
27.619047,9.126985,background,0.000000,44.470001,0,0,0.920635,0.365079
28.095238,9.126985,background,0.000000,44.139999,0,0,0.936508,0.365079
28.571428,9.126985,background,0.000000,43.830002,0,0,0.952381,0.365079
29.047619,9.126985,background,0.000000,43.540001,0,0,0.968254,0.365079
29.523809,9.126985,background,0.000000,43.310001,0,0,0.984127,0.365079
30.000000,9.126985,background,0.000000,43.220001,0,0,1.000000,0.365079
0.000000,9.523809,background,0.000000,53.349998,0,0,0.000000,0.380952
0.476190,9.523809,background,0.000000,53.520000,0,0,0.015873,0.380952
0.952381,9.523809,background,0.000000,53.740002,0,0,0.031746,0.380952
1.428571,9.523809,background,0.000000,53.880001,0,0,0.047619,0.380952
1.904762,9.523809,background,0.000000,53.779999,0,0,0.063492,0.380952
2.380952,9.523809,background,0.000000,53.349998,0,0,0.079365,0.380952
2.857143,9.523809,background,0.000000,53.240002,0,0,0.095238,0.380952
3.333333,9.523809,background,0.000000,53.450001,0,0,0.111111,0.380952
3.809524,9.523809,background,0.000000,53.880001,0,0,0.126984,0.380952
4.285714,9.523809,background,0.000000,54.490002,0,0,0.142857,0.380952
4.761905,9.523809,CPU1_3,12.000000,55.529999,1,0,0.158730,0.380952
5.238095,9.523809,CPU1_3,12.000000,57.590000,1,0,0.174603,0.380952
5.714286,9.523809,CPU1_3,12.000000,59.680000,1,0,0.190476,0.380952
6.190476,9.523809,CPU1_3,12.000000,60.889999,1,0,0.206349,0.380952
6.666667,9.523809,CPU1_3,12.000000,61.660000,1,0,0.222222,0.380952
7.142857,9.523809,background,0.000000,62.209999,0,1,0.238095,0.380952
7.619048,9.523809,CPU1_4,12.000000,62.639999,1,1,0.253968,0.380952
8.095238,9.523809,CPU1_4,12.000000,62.990002,1,0,0.269841,0.380952
8.571428,9.523809,CPU1_4,12.000000,63.279999,1,0,0.285714,0.380952
9.047619,9.523809,CPU1_4,12.000000,63.509998,1,0,0.301587,0.380952
9.523809,9.523809,CPU1_4,12.000000,63.700001,1,0,0.317460,0.380952
10.000000,9.523809,CPU1_4,12.000000,63.849998,1,1,0.333333,0.380952
10.476191,9.523809,CPU1_6,12.000000,63.959999,1,0,0.349206,0.380952
10.952381,9.523809,CPU1_6,12.000000,64.019997,1,0,0.365079,0.380952
11.428572,9.523809,CPU1_6,12.000000,64.019997,1,0,0.380952,0.380952
11.904762,9.523809,CPU1_6,12.000000,63.959999,1,0,0.396825,0.380952
12.380953,9.523809,CPU1_6,12.000000,63.810001,1,1,0.412698,0.380952
12.857142,9.523809,background,0.000000,63.570000,0,1,0.428571,0.380952
13.333333,9.523809,CPU1_7,12.000000,63.410000,1,0,0.444444,0.380952
13.809524,9.523809,CPU1_7,12.000000,63.360001,1,0,0.460317,0.380952
14.285714,9.523809,CPU1_7,12.000000,63.360001,1,0,0.476190,0.380952
14.761905,9.523809,CPU1_7,12.000000,63.270000,1,0,0.492063,0.380952
15.238095,9.523809,CPU1_7,12.000000,63.099998,1,0,0.507937,0.380952
15.714286,9.523809,background,0.000000,62.820000,0,0,0.523810,0.380952
16.190475,9.523809,background,0.000000,62.450001,0,0,0.539683,0.380952
16.666666,9.523809,background,0.000000,61.950001,0,0,0.555556,0.380952
17.142857,9.523809,background,0.000000,61.250000,0,0,0.571429,0.380952
17.619047,9.523809,DRAM_1,20.000000,60.240002,1,1,0.587302,0.380952
18.095238,9.523809,DRAM_1,20.000000,58.669998,1,0,0.603175,0.380952
18.571428,9.523809,DRAM_1,20.000000,56.459999,1,0,0.619048,0.380952
19.047619,9.523809,DRAM_1,20.000000,53.910000,1,0,0.634921,0.380952
19.523809,9.523809,DRAM_1,20.000000,52.230000,1,0,0.650794,0.380952
20.000000,9.523809,DRAM_1,20.000000,51.160000,1,0,0.666667,0.380952
20.476191,9.523809,DRAM_1,20.000000,50.400002,1,0,0.682540,0.380952
20.952381,9.523809,DRAM_1,20.000000,49.810001,1,0,0.698413,0.380952
21.428572,9.523809,DRAM_1,20.000000,49.299999,1,0,0.714286,0.380952
21.904762,9.523809,DRAM_1,20.000000,48.840000,1,0,0.730159,0.380952
22.380953,9.523809,DRAM_1,20.000000,48.410000,1,0,0.746032,0.380952
22.857143,9.523809,DRAM_1,20.000000,48.009998,1,0,0.761905,0.380952
23.333334,9.523809,DRAM_1,20.000000,47.619999,1,0,0.777778,0.380952
23.809525,9.523809,DRAM_1,20.000000,47.240002,1,0,0.793651,0.380952
24.285715,9.523809,DRAM_1,20.000000,46.869999,1,0,0.809524,0.380952
24.761906,9.523809,DRAM_1,20.000000,46.509998,1,0,0.825397,0.380952
25.238094,9.523809,DRAM_1,20.000000,46.150002,1,0,0.841270,0.380952
25.714285,9.523809,DRAM_1,20.000000,45.810001,1,0,0.857143,0.380952
26.190475,9.523809,DRAM_1,20.000000,45.459999,1,0,0.873016,0.380952
26.666666,9.523809,background,0.000000,45.119999,0,1,0.888889,0.380952
27.142857,9.523809,background,0.000000,44.779999,0,0,0.904762,0.380952
27.619047,9.523809,background,0.000000,44.450001,0,0,0.920635,0.380952
28.095238,9.523809,background,0.000000,44.119999,0,0,0.936508,0.380952
28.571428,9.523809,background,0.000000,43.799999,0,0,0.952381,0.380952
29.047619,9.523809,background,0.000000,43.509998,0,0,0.968254,0.380952
29.523809,9.523809,background,0.000000,43.290001,0,0,0.984127,0.380952
30.000000,9.523809,background,0.000000,43.189999,0,0,1.000000,0.380952
0.000000,9.920635,background,0.000000,53.150002,0,0,0.000000,0.396825
0.476190,9.920635,background,0.000000,53.320000,0,0,0.015873,0.396825
0.952381,9.920635,background,0.000000,53.540001,0,0,0.031746,0.396825
1.428571,9.920635,background,0.000000,53.700001,0,0,0.047619,0.396825
1.904762,9.920635,background,0.000000,53.650002,0,0,0.063492,0.396825
2.380952,9.920635,background,0.000000,53.340000,0,0,0.079365,0.396825
2.857143,9.920635,background,0.000000,53.340000,0,0,0.095238,0.396825
3.333333,9.920635,background,0.000000,53.639999,0,0,0.111111,0.396825
3.809524,9.920635,background,0.000000,54.119999,0,0,0.126984,0.396825
4.285714,9.920635,background,0.000000,54.790001,0,0,0.142857,0.396825
4.761905,9.920635,CPU1_3,12.000000,55.849998,1,0,0.158730,0.396825
5.238095,9.920635,CPU1_3,12.000000,57.830002,1,0,0.174603,0.396825
5.714286,9.920635,CPU1_3,12.000000,59.810001,1,0,0.190476,0.396825
6.190476,9.920635,CPU1_3,12.000000,60.959999,1,0,0.206349,0.396825
6.666667,9.920635,CPU1_3,12.000000,61.709999,1,0,0.222222,0.396825
7.142857,9.920635,background,0.000000,62.240002,0,1,0.238095,0.396825
7.619048,9.920635,CPU1_4,12.000000,62.660000,1,1,0.253968,0.396825
8.095238,9.920635,CPU1_4,12.000000,63.000000,1,0,0.269841,0.396825
8.571428,9.920635,CPU1_4,12.000000,63.270000,1,0,0.285714,0.396825
9.047619,9.920635,CPU1_4,12.000000,63.500000,1,0,0.301587,0.396825
9.523809,9.920635,CPU1_4,12.000000,63.680000,1,0,0.317460,0.396825
10.000000,9.920635,CPU1_4,12.000000,63.820000,1,1,0.333333,0.396825
10.476191,9.920635,CPU1_6,12.000000,63.919998,1,0,0.349206,0.396825
10.952381,9.920635,CPU1_6,12.000000,63.970001,1,0,0.365079,0.396825
11.428572,9.920635,CPU1_6,12.000000,63.950001,1,0,0.380952,0.396825
11.904762,9.920635,CPU1_6,12.000000,63.840000,1,0,0.396825,0.396825
12.380953,9.920635,CPU1_6,12.000000,63.540001,1,1,0.412698,0.396825
12.857142,9.920635,background,0.000000,62.919998,0,1,0.428571,0.396825
13.333333,9.920635,CPU1_7,12.000000,62.660000,1,0,0.444444,0.396825
13.809524,9.920635,CPU1_7,12.000000,62.799999,1,0,0.460317,0.396825
14.285714,9.920635,CPU1_7,12.000000,63.110001,1,0,0.476190,0.396825
14.761905,9.920635,CPU1_7,12.000000,63.160000,1,0,0.492063,0.396825
15.238095,9.920635,CPU1_7,12.000000,63.029999,1,0,0.507937,0.396825
15.714286,9.920635,background,0.000000,62.759998,0,0,0.523810,0.396825
16.190475,9.920635,background,0.000000,62.380001,0,0,0.539683,0.396825
16.666666,9.920635,background,0.000000,61.860001,0,0,0.555556,0.396825
17.142857,9.920635,background,0.000000,61.110001,0,0,0.571429,0.396825
17.619047,9.920635,DRAM_1,20.000000,59.930000,1,1,0.587302,0.396825
18.095238,9.920635,DRAM_1,20.000000,57.889999,1,1,0.603175,0.396825
18.571428,9.920635,DRAM_1,20.000000,55.290001,1,1,0.619048,0.396825
19.047619,9.920635,DRAM_1,20.000000,53.139999,1,1,0.634921,0.396825
19.523809,9.920635,DRAM_1,20.000000,51.830002,1,1,0.650794,0.396825
20.000000,9.920635,DRAM_1,20.000000,50.950001,1,1,0.666667,0.396825
20.476191,9.920635,DRAM_1,20.000000,50.270000,1,1,0.682540,0.396825
20.952381,9.920635,DRAM_1,20.000000,49.720001,1,1,0.698413,0.396825
21.428572,9.920635,DRAM_1,20.000000,49.230000,1,1,0.714286,0.396825
21.904762,9.920635,DRAM_1,20.000000,48.779999,1,1,0.730159,0.396825
22.380953,9.920635,DRAM_1,20.000000,48.349998,1,1,0.746032,0.396825
22.857143,9.920635,DRAM_1,20.000000,47.950001,1,1,0.761905,0.396825
23.333334,9.920635,DRAM_1,20.000000,47.560001,1,1,0.777778,0.396825
23.809525,9.920635,DRAM_1,20.000000,47.189999,1,1,0.793651,0.396825
24.285715,9.920635,DRAM_1,20.000000,46.820000,1,1,0.809524,0.396825
24.761906,9.920635,DRAM_1,20.000000,46.459999,1,1,0.825397,0.396825
25.238094,9.920635,DRAM_1,20.000000,46.099998,1,1,0.841270,0.396825
25.714285,9.920635,DRAM_1,20.000000,45.759998,1,1,0.857143,0.396825
26.190475,9.920635,DRAM_1,20.000000,45.410000,1,1,0.873016,0.396825
26.666666,9.920635,background,0.000000,45.070000,0,1,0.888889,0.396825
27.142857,9.920635,background,0.000000,44.730000,0,0,0.904762,0.396825
27.619047,9.920635,background,0.000000,44.400002,0,0,0.920635,0.396825
28.095238,9.920635,background,0.000000,44.070000,0,0,0.936508,0.396825
28.571428,9.920635,background,0.000000,43.759998,0,0,0.952381,0.396825
29.047619,9.920635,background,0.000000,43.470001,0,0,0.968254,0.396825
29.523809,9.920635,background,0.000000,43.250000,0,0,0.984127,0.396825
30.000000,9.920635,background,0.000000,43.150002,0,0,1.000000,0.396825
0.000000,10.317460,background,0.000000,52.090000,0,0,0.000000,0.412698
0.476190,10.317460,background,0.000000,52.230000,0,0,0.015873,0.412698
0.952381,10.317460,Analog_2,4.000000,52.450001,1,1,0.031746,0.412698
1.428571,10.317460,Analog_2,4.000000,52.680000,1,1,0.047619,0.412698
1.904762,10.317460,Analog_2,4.000000,52.820000,1,1,0.063492,0.412698
2.380952,10.317460,Analog_2,4.000000,52.869999,1,1,0.079365,0.412698
2.857143,10.317460,Analog_2,4.000000,53.169998,1,1,0.095238,0.412698
3.333333,10.317460,Analog_2,4.000000,53.650002,1,1,0.111111,0.412698
3.809524,10.317460,background,0.000000,54.299999,0,1,0.126984,0.412698
4.285714,10.317460,background,0.000000,55.169998,0,0,0.142857,0.412698
4.761905,10.317460,background,0.000000,56.500000,0,1,0.158730,0.412698
5.238095,10.317460,background,0.000000,58.299999,0,1,0.174603,0.412698
5.714286,10.317460,background,0.000000,59.970001,0,1,0.190476,0.412698
6.190476,10.317460,background,0.000000,61.009998,0,1,0.206349,0.412698
6.666667,10.317460,background,0.000000,61.700001,0,1,0.222222,0.412698
7.142857,10.317460,background,0.000000,62.209999,0,1,0.238095,0.412698
7.619048,10.317460,CPU1_4,12.000000,62.610001,1,1,0.253968,0.412698
8.095238,10.317460,CPU1_4,12.000000,62.939999,1,0,0.269841,0.412698
8.571428,10.317460,CPU1_4,12.000000,63.209999,1,0,0.285714,0.412698
9.047619,10.317460,CPU1_4,12.000000,63.430000,1,0,0.301587,0.412698
9.523809,10.317460,CPU1_4,12.000000,63.599998,1,0,0.317460,0.412698
10.000000,10.317460,CPU1_4,12.000000,63.740002,1,1,0.333333,0.412698
10.476191,10.317460,CPU1_6,12.000000,63.830002,1,0,0.349206,0.412698
10.952381,10.317460,CPU1_6,12.000000,63.880001,1,0,0.365079,0.412698
11.428572,10.317460,CPU1_6,12.000000,63.860001,1,0,0.380952,0.412698
11.904762,10.317460,CPU1_6,12.000000,63.740002,1,0,0.396825,0.412698
12.380953,10.317460,CPU1_6,12.000000,63.419998,1,1,0.412698,0.412698
12.857142,10.317460,background,0.000000,62.790001,0,1,0.428571,0.412698
13.333333,10.317460,CPU1_7,12.000000,62.520000,1,0,0.444444,0.412698
13.809524,10.317460,CPU1_7,12.000000,62.730000,1,0,0.460317,0.412698
14.285714,10.317460,CPU1_7,12.000000,63.029999,1,0,0.476190,0.412698
14.761905,10.317460,CPU1_7,12.000000,63.070000,1,0,0.492063,0.412698
15.238095,10.317460,CPU1_7,12.000000,62.939999,1,0,0.507937,0.412698
15.714286,10.317460,background,0.000000,62.669998,0,0,0.523810,0.412698
16.190475,10.317460,background,0.000000,62.279999,0,0,0.539683,0.412698
16.666666,10.317460,background,0.000000,61.730000,0,0,0.555556,0.412698
17.142857,10.317460,background,0.000000,60.930000,0,0,0.571429,0.412698
17.619047,10.317460,background,0.000000,59.639999,0,0,0.587302,0.412698
18.095238,10.317460,background,0.000000,57.340000,0,0,0.603175,0.412698
18.571428,10.317460,background,0.000000,54.540001,0,1,0.619048,0.412698
19.047619,10.317460,background,0.000000,52.599998,0,1,0.634921,0.412698
19.523809,10.317460,background,0.000000,51.509998,0,1,0.650794,0.412698
20.000000,10.317460,background,0.000000,50.740002,0,1,0.666667,0.412698
20.476191,10.317460,background,0.000000,50.130001,0,1,0.682540,0.412698
20.952381,10.317460,background,0.000000,49.599998,0,0,0.698413,0.412698
21.428572,10.317460,background,0.000000,49.130001,0,0,0.714286,0.412698
21.904762,10.317460,background,0.000000,48.680000,0,0,0.730159,0.412698
22.380953,10.317460,background,0.000000,48.270000,0,0,0.746032,0.412698
22.857143,10.317460,background,0.000000,47.869999,0,0,0.761905,0.412698
23.333334,10.317460,background,0.000000,47.480000,0,0,0.777778,0.412698
23.809525,10.317460,background,0.000000,47.110001,0,0,0.793651,0.412698
24.285715,10.317460,background,0.000000,46.740002,0,0,0.809524,0.412698
24.761906,10.317460,background,0.000000,46.380001,0,0,0.825397,0.412698
25.238094,10.317460,background,0.000000,46.029999,0,0,0.841270,0.412698
25.714285,10.317460,background,0.000000,45.680000,0,0,0.857143,0.412698
26.190475,10.317460,background,0.000000,45.340000,0,0,0.873016,0.412698
26.666666,10.317460,background,0.000000,45.000000,0,0,0.888889,0.412698
27.142857,10.317460,background,0.000000,44.669998,0,0,0.904762,0.412698
27.619047,10.317460,background,0.000000,44.330002,0,0,0.920635,0.412698
28.095238,10.317460,background,0.000000,44.009998,0,0,0.936508,0.412698
28.571428,10.317460,background,0.000000,43.700001,0,0,0.952381,0.412698
29.047619,10.317460,background,0.000000,43.410000,0,0,0.968254,0.412698
29.523809,10.317460,background,0.000000,43.189999,0,0,0.984127,0.412698
30.000000,10.317460,background,0.000000,43.090000,0,0,1.000000,0.412698
0.000000,10.714286,background,0.000000,50.689999,0,0,0.000000,0.428571
0.476190,10.714286,background,0.000000,50.849998,0,0,0.015873,0.428571
0.952381,10.714286,Analog_2,4.000000,51.130001,1,1,0.031746,0.428571
1.428571,10.714286,Analog_2,4.000000,51.520000,1,0,0.047619,0.428571
1.904762,10.714286,Analog_2,4.000000,51.980000,1,0,0.063492,0.428571
2.380952,10.714286,Analog_2,4.000000,52.400002,1,0,0.079365,0.428571
2.857143,10.714286,Analog_2,4.000000,52.930000,1,0,0.095238,0.428571
3.333333,10.714286,Analog_2,4.000000,53.570000,1,0,0.111111,0.428571
3.809524,10.714286,background,0.000000,54.410000,0,1,0.126984,0.428571
4.285714,10.714286,background,0.000000,55.590000,0,1,0.142857,0.428571
4.761905,10.714286,background,0.000000,57.270000,0,1,0.158730,0.428571
5.238095,10.714286,background,0.000000,58.889999,0,1,0.174603,0.428571
5.714286,10.714286,background,0.000000,60.150002,0,1,0.190476,0.428571
6.190476,10.714286,background,0.000000,61.020000,0,1,0.206349,0.428571
6.666667,10.714286,background,0.000000,61.650002,0,1,0.222222,0.428571
7.142857,10.714286,CPU2_0,34.000000,62.130001,1,1,0.238095,0.428571
7.619048,10.714286,CPU2_0,34.000000,62.520000,1,1,0.253968,0.428571
8.095238,10.714286,CPU2_0,34.000000,62.830002,1,1,0.269841,0.428571
8.571428,10.714286,CPU2_0,34.000000,63.090000,1,1,0.285714,0.428571
9.047619,10.714286,CPU2_0,34.000000,63.299999,1,1,0.301587,0.428571
9.523809,10.714286,CPU2_0,34.000000,63.470001,1,1,0.317460,0.428571
10.000000,10.714286,CPU2_0,34.000000,63.599998,1,1,0.333333,0.428571
10.476191,10.714286,CPU2_0,34.000000,63.700001,1,1,0.349206,0.428571
10.952381,10.714286,CPU2_0,34.000000,63.750000,1,1,0.365079,0.428571
11.428572,10.714286,CPU2_0,34.000000,63.750000,1,1,0.380952,0.428571
11.904762,10.714286,background,0.000000,63.680000,0,1,0.396825,0.428571
12.380953,10.714286,background,0.000000,63.520000,0,1,0.412698,0.428571
12.857142,10.714286,background,0.000000,63.270000,0,1,0.428571,0.428571
13.333333,10.714286,CPU1_7,12.000000,63.110001,1,0,0.444444,0.428571
13.809524,10.714286,CPU1_7,12.000000,63.090000,1,0,0.460317,0.428571
14.285714,10.714286,CPU1_7,12.000000,63.099998,1,0,0.476190,0.428571
14.761905,10.714286,CPU1_7,12.000000,63.009998,1,0,0.492063,0.428571
15.238095,10.714286,CPU1_7,12.000000,62.830002,1,0,0.507937,0.428571
15.714286,10.714286,background,0.000000,62.540001,0,0,0.523810,0.428571
16.190475,10.714286,background,0.000000,62.130001,0,1,0.539683,0.428571
16.666666,10.714286,Analog_7,4.000000,61.570000,1,1,0.555556,0.428571
17.142857,10.714286,Analog_7,4.000000,60.740002,1,1,0.571429,0.428571
17.619047,10.714286,Analog_7,4.000000,59.400002,1,1,0.587302,0.428571
18.095238,10.714286,Analog_7,4.000000,57.020000,1,1,0.603175,0.428571
18.571428,10.714286,Analog_7,4.000000,54.160000,1,1,0.619048,0.428571
19.047619,10.714286,Analog_7,4.000000,52.290001,1,1,0.634921,0.428571
19.523809,10.714286,MEMS_7,3.000000,51.270000,1,0,0.650794,0.428571
20.000000,10.714286,MEMS_7,3.000000,50.560001,1,0,0.666667,0.428571
20.476191,10.714286,background,0.000000,49.980000,0,1,0.682540,0.428571
20.952381,10.714286,background,0.000000,49.470001,0,0,0.698413,0.428571
21.428572,10.714286,background,0.000000,49.000000,0,0,0.714286,0.428571
21.904762,10.714286,background,0.000000,48.570000,0,0,0.730159,0.428571
22.380953,10.714286,background,0.000000,48.160000,0,0,0.746032,0.428571
22.857143,10.714286,background,0.000000,47.759998,0,0,0.761905,0.428571
23.333334,10.714286,background,0.000000,47.369999,0,0,0.777778,0.428571
23.809525,10.714286,background,0.000000,47.000000,0,0,0.793651,0.428571
24.285715,10.714286,background,0.000000,46.630001,0,0,0.809524,0.428571
24.761906,10.714286,background,0.000000,46.270000,0,0,0.825397,0.428571
25.238094,10.714286,background,0.000000,45.919998,0,0,0.841270,0.428571
25.714285,10.714286,background,0.000000,45.580002,0,0,0.857143,0.428571
26.190475,10.714286,background,0.000000,45.240002,0,0,0.873016,0.428571
26.666666,10.714286,background,0.000000,44.900002,0,0,0.888889,0.428571
27.142857,10.714286,background,0.000000,44.570000,0,0,0.904762,0.428571
27.619047,10.714286,background,0.000000,44.240002,0,0,0.920635,0.428571
28.095238,10.714286,background,0.000000,43.919998,0,0,0.936508,0.428571
28.571428,10.714286,background,0.000000,43.610001,0,0,0.952381,0.428571
29.047619,10.714286,background,0.000000,43.330002,0,0,0.968254,0.428571
29.523809,10.714286,background,0.000000,43.110001,0,0,0.984127,0.428571
30.000000,10.714286,background,0.000000,43.009998,0,0,1.000000,0.428571
0.000000,11.111111,background,0.000000,49.580002,0,0,0.000000,0.444444
0.476190,11.111111,background,0.000000,49.750000,0,0,0.015873,0.444444
0.952381,11.111111,Analog_2,4.000000,50.099998,1,1,0.031746,0.444444
1.428571,11.111111,Analog_2,4.000000,50.610001,1,0,0.047619,0.444444
1.904762,11.111111,Analog_2,4.000000,51.290001,1,0,0.063492,0.444444
2.380952,11.111111,Analog_2,4.000000,51.939999,1,0,0.079365,0.444444
2.857143,11.111111,Analog_2,4.000000,52.619999,1,0,0.095238,0.444444
3.333333,11.111111,Analog_2,4.000000,53.380001,1,0,0.111111,0.444444
3.809524,11.111111,CPU1_2,12.000000,54.349998,1,1,0.126984,0.444444
4.285714,11.111111,CPU1_2,12.000000,55.689999,1,0,0.142857,0.444444
4.761905,11.111111,CPU1_2,12.000000,57.509998,1,0,0.158730,0.444444
5.238095,11.111111,CPU1_2,12.000000,59.070000,1,0,0.174603,0.444444
5.714286,11.111111,CPU1_2,12.000000,60.180000,1,0,0.190476,0.444444
6.190476,11.111111,CPU1_2,12.000000,60.970001,1,1,0.206349,0.444444
6.666667,11.111111,background,0.000000,61.560001,0,1,0.222222,0.444444
7.142857,11.111111,CPU2_0,34.000000,62.009998,1,0,0.238095,0.444444
7.619048,11.111111,CPU2_0,34.000000,62.380001,1,0,0.253968,0.444444
8.095238,11.111111,CPU2_0,34.000000,62.680000,1,0,0.269841,0.444444
8.571428,11.111111,CPU2_0,34.000000,62.930000,1,0,0.285714,0.444444
9.047619,11.111111,CPU2_0,34.000000,63.130001,1,0,0.301587,0.444444
9.523809,11.111111,CPU2_0,34.000000,63.290001,1,0,0.317460,0.444444
10.000000,11.111111,CPU2_0,34.000000,63.419998,1,0,0.333333,0.444444
10.476191,11.111111,CPU2_0,34.000000,63.520000,1,0,0.349206,0.444444
10.952381,11.111111,CPU2_0,34.000000,63.580002,1,0,0.365079,0.444444
11.428572,11.111111,CPU2_0,34.000000,63.599998,1,0,0.380952,0.444444
11.904762,11.111111,background,0.000000,63.560001,0,1,0.396825,0.444444
12.380953,11.111111,background,0.000000,63.480000,0,0,0.412698,0.444444
12.857142,11.111111,background,0.000000,63.360001,0,1,0.428571,0.444444
13.333333,11.111111,CPU1_7,12.000000,63.240002,1,0,0.444444,0.444444
13.809524,11.111111,CPU1_7,12.000000,63.150002,1,0,0.460317,0.444444
14.285714,11.111111,CPU1_7,12.000000,63.049999,1,0,0.476190,0.444444
14.761905,11.111111,CPU1_7,12.000000,62.889999,1,0,0.492063,0.444444
15.238095,11.111111,CPU1_7,12.000000,62.669998,1,0,0.507937,0.444444
15.714286,11.111111,background,0.000000,62.360001,0,0,0.523810,0.444444
16.190475,11.111111,background,0.000000,61.950001,0,1,0.539683,0.444444
16.666666,11.111111,Analog_7,4.000000,61.380001,1,0,0.555556,0.444444
17.142857,11.111111,Analog_7,4.000000,60.549999,1,0,0.571429,0.444444
17.619047,11.111111,Analog_7,4.000000,59.189999,1,0,0.587302,0.444444
18.095238,11.111111,Analog_7,4.000000,56.790001,1,0,0.603175,0.444444
18.571428,11.111111,Analog_7,4.000000,53.919998,1,0,0.619048,0.444444
19.047619,11.111111,Analog_7,4.000000,52.070000,1,0,0.634921,0.444444
19.523809,11.111111,MEMS_7,3.000000,51.070000,1,0,0.650794,0.444444
20.000000,11.111111,MEMS_7,3.000000,50.380001,1,0,0.666667,0.444444
20.476191,11.111111,background,0.000000,49.820000,0,1,0.682540,0.444444
20.952381,11.111111,background,0.000000,49.320000,0,0,0.698413,0.444444
21.428572,11.111111,background,0.000000,48.860001,0,0,0.714286,0.444444
21.904762,11.111111,background,0.000000,48.430000,0,0,0.730159,0.444444
22.380953,11.111111,background,0.000000,48.009998,0,0,0.746032,0.444444
22.857143,11.111111,background,0.000000,47.619999,0,0,0.761905,0.444444
23.333334,11.111111,background,0.000000,47.230000,0,0,0.777778,0.444444
23.809525,11.111111,background,0.000000,46.860001,0,0,0.793651,0.444444
24.285715,11.111111,background,0.000000,46.490002,0,0,0.809524,0.444444
24.761906,11.111111,background,0.000000,46.139999,0,0,0.825397,0.444444
25.238094,11.111111,background,0.000000,45.790001,0,0,0.841270,0.444444
25.714285,11.111111,background,0.000000,45.439999,0,0,0.857143,0.444444
26.190475,11.111111,background,0.000000,45.110001,0,0,0.873016,0.444444
26.666666,11.111111,background,0.000000,44.770000,0,0,0.888889,0.444444
27.142857,11.111111,background,0.000000,44.439999,0,0,0.904762,0.444444
27.619047,11.111111,background,0.000000,44.119999,0,0,0.920635,0.444444
28.095238,11.111111,background,0.000000,43.799999,0,0,0.936508,0.444444
28.571428,11.111111,background,0.000000,43.490002,0,0,0.952381,0.444444
29.047619,11.111111,background,0.000000,43.220001,0,0,0.968254,0.444444
29.523809,11.111111,background,0.000000,42.990002,0,0,0.984127,0.444444
30.000000,11.111111,background,0.000000,42.889999,0,0,1.000000,0.444444
0.000000,11.507936,background,0.000000,48.709999,0,0,0.000000,0.460317
0.476190,11.507936,background,0.000000,48.900002,0,0,0.015873,0.460317
0.952381,11.507936,Analog_2,4.000000,49.279999,1,1,0.031746,0.460317
1.428571,11.507936,Analog_2,4.000000,49.849998,1,0,0.047619,0.460317
1.904762,11.507936,Analog_2,4.000000,50.619999,1,0,0.063492,0.460317
2.380952,11.507936,Analog_2,4.000000,51.410000,1,0,0.079365,0.460317
2.857143,11.507936,Analog_2,4.000000,52.189999,1,0,0.095238,0.460317
3.333333,11.507936,Analog_2,4.000000,53.070000,1,0,0.111111,0.460317
3.809524,11.507936,CPU1_2,12.000000,54.180000,1,1,0.126984,0.460317
4.285714,11.507936,CPU1_2,12.000000,55.669998,1,0,0.142857,0.460317
4.761905,11.507936,CPU1_2,12.000000,57.540001,1,0,0.158730,0.460317
5.238095,11.507936,CPU1_2,12.000000,59.070000,1,0,0.174603,0.460317
5.714286,11.507936,CPU1_2,12.000000,60.119999,1,0,0.190476,0.460317
6.190476,11.507936,CPU1_2,12.000000,60.849998,1,1,0.206349,0.460317
6.666667,11.507936,background,0.000000,61.410000,0,1,0.222222,0.460317
7.142857,11.507936,CPU2_0,34.000000,61.840000,1,0,0.238095,0.460317
7.619048,11.507936,CPU2_0,34.000000,62.200001,1,0,0.253968,0.460317
8.095238,11.507936,CPU2_0,34.000000,62.490002,1,0,0.269841,0.460317
8.571428,11.507936,CPU2_0,34.000000,62.720001,1,0,0.285714,0.460317
9.047619,11.507936,CPU2_0,34.000000,62.919998,1,0,0.301587,0.460317
9.523809,11.507936,CPU2_0,34.000000,63.070000,1,0,0.317460,0.460317
10.000000,11.507936,CPU2_0,34.000000,63.189999,1,0,0.333333,0.460317
10.476191,11.507936,CPU2_0,34.000000,63.279999,1,0,0.349206,0.460317
10.952381,11.507936,CPU2_0,34.000000,63.340000,1,0,0.365079,0.460317
11.428572,11.507936,CPU2_0,34.000000,63.369999,1,0,0.380952,0.460317
11.904762,11.507936,CPU1_1,12.000000,63.349998,1,1,0.396825,0.460317
12.380953,11.507936,CPU1_1,12.000000,63.290001,1,1,0.412698,0.460317
12.857142,11.507936,CPU1_1,12.000000,63.209999,1,1,0.428571,0.460317
13.333333,11.507936,CPU1_1,12.000000,63.119999,1,1,0.444444,0.460317
13.809524,11.507936,CPU1_1,12.000000,63.000000,1,1,0.460317,0.460317
14.285714,11.507936,CPU1_0,12.000000,62.869999,1,1,0.476190,0.460317
14.761905,11.507936,CPU1_0,12.000000,62.689999,1,1,0.492063,0.460317
15.238095,11.507936,CPU1_0,12.000000,62.450001,1,1,0.507937,0.460317
15.714286,11.507936,CPU1_0,12.000000,62.139999,1,1,0.523810,0.460317
16.190475,11.507936,CPU1_0,12.000000,61.720001,1,1,0.539683,0.460317
16.666666,11.507936,CPU1_0,12.000000,61.160000,1,1,0.555556,0.460317
17.142857,11.507936,Analog_7,4.000000,60.330002,1,0,0.571429,0.460317
17.619047,11.507936,Analog_7,4.000000,58.990002,1,0,0.587302,0.460317
18.095238,11.507936,Analog_7,4.000000,56.599998,1,0,0.603175,0.460317
18.571428,11.507936,Analog_7,4.000000,53.750000,1,1,0.619048,0.460317
19.047619,11.507936,Analog_7,4.000000,51.910000,1,1,0.634921,0.460317
19.523809,11.507936,MEMS_7,3.000000,50.910000,1,1,0.650794,0.460317
20.000000,11.507936,MEMS_7,3.000000,50.220001,1,1,0.666667,0.460317
20.476191,11.507936,background,0.000000,49.660000,0,1,0.682540,0.460317
20.952381,11.507936,background,0.000000,49.160000,0,0,0.698413,0.460317
21.428572,11.507936,background,0.000000,48.700001,0,0,0.714286,0.460317
21.904762,11.507936,background,0.000000,48.259998,0,0,0.730159,0.460317
22.380953,11.507936,background,0.000000,47.840000,0,0,0.746032,0.460317
22.857143,11.507936,background,0.000000,47.439999,0,0,0.761905,0.460317
23.333334,11.507936,background,0.000000,47.049999,0,0,0.777778,0.460317
23.809525,11.507936,background,0.000000,46.669998,0,0,0.793651,0.460317
24.285715,11.507936,background,0.000000,46.299999,0,0,0.809524,0.460317
24.761906,11.507936,background,0.000000,45.950001,0,0,0.825397,0.460317
25.238094,11.507936,background,0.000000,45.599998,0,0,0.841270,0.460317
25.714285,11.507936,background,0.000000,45.259998,0,0,0.857143,0.460317
26.190475,11.507936,background,0.000000,44.919998,0,0,0.873016,0.460317
26.666666,11.507936,background,0.000000,44.590000,0,0,0.888889,0.460317
27.142857,11.507936,background,0.000000,44.270000,0,0,0.904762,0.460317
27.619047,11.507936,background,0.000000,43.950001,0,0,0.920635,0.460317
28.095238,11.507936,background,0.000000,43.630001,0,0,0.936508,0.460317
28.571428,11.507936,background,0.000000,43.330002,0,0,0.952381,0.460317
29.047619,11.507936,background,0.000000,43.060001,0,0,0.968254,0.460317
29.523809,11.507936,background,0.000000,42.840000,0,0,0.984127,0.460317
30.000000,11.507936,background,0.000000,42.730000,0,0,1.000000,0.460317
0.000000,11.904762,background,0.000000,48.029999,0,0,0.000000,0.476190
0.476190,11.904762,background,0.000000,48.220001,0,0,0.015873,0.476190
0.952381,11.904762,Analog_2,4.000000,48.590000,1,1,0.031746,0.476190
1.428571,11.904762,Analog_2,4.000000,49.139999,1,0,0.047619,0.476190
1.904762,11.904762,Analog_2,4.000000,49.869999,1,0,0.063492,0.476190
2.380952,11.904762,Analog_2,4.000000,50.740002,1,0,0.079365,0.476190
2.857143,11.904762,Analog_2,4.000000,51.669998,1,0,0.095238,0.476190
3.333333,11.904762,Analog_2,4.000000,52.750000,1,0,0.111111,0.476190
3.809524,11.904762,CPU1_2,12.000000,54.110001,1,1,0.126984,0.476190
4.285714,11.904762,CPU1_2,12.000000,55.849998,1,0,0.142857,0.476190
4.761905,11.904762,CPU1_2,12.000000,57.630001,1,0,0.158730,0.476190
5.238095,11.904762,CPU1_2,12.000000,59.020000,1,0,0.174603,0.476190
5.714286,11.904762,CPU1_2,12.000000,59.980000,1,0,0.190476,0.476190
6.190476,11.904762,CPU1_2,12.000000,60.669998,1,1,0.206349,0.476190
6.666667,11.904762,background,0.000000,61.200001,0,1,0.222222,0.476190
7.142857,11.904762,CPU2_0,34.000000,61.619999,1,0,0.238095,0.476190
7.619048,11.904762,CPU2_0,34.000000,61.959999,1,0,0.253968,0.476190
8.095238,11.904762,CPU2_0,34.000000,62.240002,1,0,0.269841,0.476190
8.571428,11.904762,CPU2_0,34.000000,62.459999,1,0,0.285714,0.476190
9.047619,11.904762,CPU2_0,34.000000,62.650002,1,0,0.301587,0.476190
9.523809,11.904762,CPU2_0,34.000000,62.790001,1,0,0.317460,0.476190
10.000000,11.904762,CPU2_0,34.000000,62.900002,1,0,0.333333,0.476190
10.476191,11.904762,CPU2_0,34.000000,62.970001,1,0,0.349206,0.476190
10.952381,11.904762,CPU2_0,34.000000,63.029999,1,0,0.365079,0.476190
11.428572,11.904762,CPU2_0,34.000000,63.040001,1,0,0.380952,0.476190
11.904762,11.904762,CPU1_1,12.000000,63.029999,1,1,0.396825,0.476190
12.380953,11.904762,CPU1_1,12.000000,62.980000,1,0,0.412698,0.476190
12.857142,11.904762,CPU1_1,12.000000,62.919998,1,1,0.428571,0.476190
13.333333,11.904762,CPU1_1,12.000000,62.830002,1,1,0.444444,0.476190
13.809524,11.904762,CPU1_1,12.000000,62.720001,1,1,0.460317,0.476190
14.285714,11.904762,CPU1_0,12.000000,62.580002,1,1,0.476190,0.476190
14.761905,11.904762,CPU1_0,12.000000,62.389999,1,1,0.492063,0.476190
15.238095,11.904762,CPU1_0,12.000000,62.160000,1,1,0.507937,0.476190
15.714286,11.904762,CPU1_0,12.000000,61.849998,1,0,0.523810,0.476190
16.190475,11.904762,CPU1_0,12.000000,61.439999,1,1,0.539683,0.476190
16.666666,11.904762,CPU1_0,12.000000,60.889999,1,1,0.555556,0.476190
17.142857,11.904762,Analog_7,4.000000,60.080002,1,0,0.571429,0.476190
17.619047,11.904762,Analog_7,4.000000,58.779999,1,0,0.587302,0.476190
18.095238,11.904762,Analog_7,4.000000,56.459999,1,0,0.603175,0.476190
18.571428,11.904762,Analog_7,4.000000,53.689999,1,0,0.619048,0.476190
19.047619,11.904762,Analog_7,4.000000,51.820000,1,0,0.634921,0.476190
19.523809,11.904762,background,0.000000,50.799999,0,0,0.650794,0.476190
20.000000,11.904762,background,0.000000,50.090000,0,0,0.666667,0.476190
20.476191,11.904762,background,0.000000,49.520000,0,0,0.682540,0.476190
20.952381,11.904762,background,0.000000,49.009998,0,0,0.698413,0.476190
21.428572,11.904762,background,0.000000,48.529999,0,0,0.714286,0.476190
21.904762,11.904762,background,0.000000,48.070000,0,0,0.730159,0.476190
22.380953,11.904762,background,0.000000,47.630001,0,0,0.746032,0.476190
22.857143,11.904762,background,0.000000,47.200001,0,0,0.761905,0.476190
23.333334,11.904762,background,0.000000,46.799999,0,0,0.777778,0.476190
23.809525,11.904762,background,0.000000,46.410000,0,0,0.793651,0.476190
24.285715,11.904762,background,0.000000,46.040001,0,0,0.809524,0.476190
24.761906,11.904762,background,0.000000,45.680000,0,0,0.825397,0.476190
25.238094,11.904762,background,0.000000,45.330002,0,0,0.841270,0.476190
25.714285,11.904762,background,0.000000,44.990002,0,0,0.857143,0.476190
26.190475,11.904762,background,0.000000,44.660000,0,0,0.873016,0.476190
26.666666,11.904762,background,0.000000,44.330002,0,0,0.888889,0.476190
27.142857,11.904762,background,0.000000,44.009998,0,0,0.904762,0.476190
27.619047,11.904762,background,0.000000,43.689999,0,0,0.920635,0.476190
28.095238,11.904762,background,0.000000,43.389999,0,0,0.936508,0.476190
28.571428,11.904762,background,0.000000,43.090000,0,0,0.952381,0.476190
29.047619,11.904762,background,0.000000,42.820000,0,0,0.968254,0.476190
29.523809,11.904762,background,0.000000,42.610001,0,0,0.984127,0.476190
30.000000,11.904762,background,0.000000,42.490002,0,0,1.000000,0.476190
0.000000,12.301587,background,0.000000,47.459999,0,0,0.000000,0.492063
0.476190,12.301587,background,0.000000,47.639999,0,0,0.015873,0.492063
0.952381,12.301587,background,0.000000,48.000000,0,1,0.031746,0.492063
1.428571,12.301587,background,0.000000,48.520000,0,1,0.047619,0.492063
1.904762,12.301587,background,0.000000,49.200001,0,1,0.063492,0.492063
2.380952,12.301587,background,0.000000,50.049999,0,1,0.079365,0.492063
2.857143,12.301587,background,0.000000,51.060001,0,1,0.095238,0.492063
3.333333,12.301587,background,0.000000,52.290001,0,1,0.111111,0.492063
3.809524,12.301587,CPU1_2,12.000000,53.849998,1,1,0.126984,0.492063
4.285714,12.301587,CPU1_2,12.000000,55.759998,1,0,0.142857,0.492063
4.761905,12.301587,CPU1_2,12.000000,57.500000,1,0,0.158730,0.492063
5.238095,12.301587,CPU1_2,12.000000,58.840000,1,0,0.174603,0.492063
5.714286,12.301587,CPU1_2,12.000000,59.750000,1,0,0.190476,0.492063
6.190476,12.301587,CPU1_2,12.000000,60.419998,1,1,0.206349,0.492063
6.666667,12.301587,background,0.000000,60.930000,0,1,0.222222,0.492063
7.142857,12.301587,CPU2_0,34.000000,61.330002,1,0,0.238095,0.492063
7.619048,12.301587,CPU2_0,34.000000,61.660000,1,0,0.253968,0.492063
8.095238,12.301587,CPU2_0,34.000000,61.919998,1,0,0.269841,0.492063
8.571428,12.301587,CPU2_0,34.000000,62.139999,1,0,0.285714,0.492063
9.047619,12.301587,CPU2_0,34.000000,62.310001,1,0,0.301587,0.492063
9.523809,12.301587,CPU2_0,34.000000,62.430000,1,0,0.317460,0.492063
10.000000,12.301587,CPU2_0,34.000000,62.520000,1,0,0.333333,0.492063
10.476191,12.301587,CPU2_0,34.000000,62.570000,1,0,0.349206,0.492063
10.952381,12.301587,CPU2_0,34.000000,62.599998,1,0,0.365079,0.492063
11.428572,12.301587,CPU2_0,34.000000,62.599998,1,0,0.380952,0.492063
11.904762,12.301587,CPU1_1,12.000000,62.570000,1,1,0.396825,0.492063
12.380953,12.301587,CPU1_1,12.000000,62.520000,1,0,0.412698,0.492063
12.857142,12.301587,CPU1_1,12.000000,62.459999,1,0,0.428571,0.492063
13.333333,12.301587,CPU1_1,12.000000,62.389999,1,0,0.444444,0.492063
13.809524,12.301587,CPU1_1,12.000000,62.290001,1,0,0.460317,0.492063
14.285714,12.301587,CPU1_0,12.000000,62.169998,1,1,0.476190,0.492063
14.761905,12.301587,CPU1_0,12.000000,62.000000,1,0,0.492063,0.492063
15.238095,12.301587,CPU1_0,12.000000,61.770000,1,0,0.507937,0.492063
15.714286,12.301587,CPU1_0,12.000000,61.480000,1,0,0.523810,0.492063
16.190475,12.301587,CPU1_0,12.000000,61.090000,1,1,0.539683,0.492063
16.666666,12.301587,CPU1_0,12.000000,60.560001,1,1,0.555556,0.492063
17.142857,12.301587,Analog_7,4.000000,59.790001,1,0,0.571429,0.492063
17.619047,12.301587,Analog_7,4.000000,58.549999,1,0,0.587302,0.492063
18.095238,12.301587,Analog_7,4.000000,56.410000,1,0,0.603175,0.492063
18.571428,12.301587,Analog_7,4.000000,53.919998,1,0,0.619048,0.492063
19.047619,12.301587,Analog_7,4.000000,51.959999,1,0,0.634921,0.492063
19.523809,12.301587,background,0.000000,50.840000,0,0,0.650794,0.492063
20.000000,12.301587,background,0.000000,50.080002,0,0,0.666667,0.492063
20.476191,12.301587,background,0.000000,49.480000,0,0,0.682540,0.492063
20.952381,12.301587,background,0.000000,48.939999,0,0,0.698413,0.492063
21.428572,12.301587,background,0.000000,48.410000,0,0,0.714286,0.492063
21.904762,12.301587,background,0.000000,47.869999,0,0,0.730159,0.492063
22.380953,12.301587,background,0.000000,47.360001,0,0,0.746032,0.492063
22.857143,12.301587,background,0.000000,46.869999,0,0,0.761905,0.492063
23.333334,12.301587,background,0.000000,46.419998,0,0,0.777778,0.492063
23.809525,12.301587,background,0.000000,46.009998,0,0,0.793651,0.492063
24.285715,12.301587,background,0.000000,45.610001,0,0,0.809524,0.492063
24.761906,12.301587,background,0.000000,45.240002,0,0,0.825397,0.492063
25.238094,12.301587,background,0.000000,44.889999,0,0,0.841270,0.492063
25.714285,12.301587,background,0.000000,44.540001,0,0,0.857143,0.492063
26.190475,12.301587,background,0.000000,44.209999,0,0,0.873016,0.492063
26.666666,12.301587,background,0.000000,43.889999,0,0,0.888889,0.492063
27.142857,12.301587,background,0.000000,43.570000,0,0,0.904762,0.492063
27.619047,12.301587,background,0.000000,43.259998,0,0,0.920635,0.492063
28.095238,12.301587,background,0.000000,42.970001,0,0,0.936508,0.492063
28.571428,12.301587,background,0.000000,42.680000,0,0,0.952381,0.492063
29.047619,12.301587,background,0.000000,42.430000,0,0,0.968254,0.492063
29.523809,12.301587,background,0.000000,42.230000,0,0,0.984127,0.492063
30.000000,12.301587,background,0.000000,42.150002,0,0,1.000000,0.492063
0.000000,12.698413,background,0.000000,46.980000,0,0,0.000000,0.507937
0.476190,12.698413,background,0.000000,47.150002,0,0,0.015873,0.507937
0.952381,12.698413,background,0.000000,47.490002,0,0,0.031746,0.507937
1.428571,12.698413,background,0.000000,47.980000,0,0,0.047619,0.507937
1.904762,12.698413,background,0.000000,48.639999,0,0,0.063492,0.507937
2.380952,12.698413,background,0.000000,49.470001,0,0,0.079365,0.507937
2.857143,12.698413,background,0.000000,50.500000,0,0,0.095238,0.507937
3.333333,12.698413,background,0.000000,51.810001,0,0,0.111111,0.507937
3.809524,12.698413,CPU1_2,12.000000,53.459999,1,1,0.126984,0.507937
4.285714,12.698413,CPU1_2,12.000000,55.450001,1,0,0.142857,0.507937
4.761905,12.698413,CPU1_2,12.000000,57.209999,1,0,0.158730,0.507937
5.238095,12.698413,CPU1_2,12.000000,58.529999,1,0,0.174603,0.507937
5.714286,12.698413,CPU1_2,12.000000,59.430000,1,0,0.190476,0.507937
6.190476,12.698413,CPU1_2,12.000000,60.080002,1,1,0.206349,0.507937
6.666667,12.698413,background,0.000000,60.570000,0,1,0.222222,0.507937
7.142857,12.698413,CPU2_0,34.000000,60.959999,1,0,0.238095,0.507937
7.619048,12.698413,CPU2_0,34.000000,61.279999,1,0,0.253968,0.507937
8.095238,12.698413,CPU2_0,34.000000,61.529999,1,0,0.269841,0.507937
8.571428,12.698413,CPU2_0,34.000000,61.730000,1,0,0.285714,0.507937
9.047619,12.698413,CPU2_0,34.000000,61.880001,1,0,0.301587,0.507937
9.523809,12.698413,CPU2_0,34.000000,61.980000,1,0,0.317460,0.507937
10.000000,12.698413,CPU2_0,34.000000,62.029999,1,0,0.333333,0.507937
10.476191,12.698413,CPU2_0,34.000000,62.040001,1,0,0.349206,0.507937
10.952381,12.698413,CPU2_0,34.000000,62.009998,1,0,0.365079,0.507937
11.428572,12.698413,CPU2_0,34.000000,61.950001,1,0,0.380952,0.507937
11.904762,12.698413,CPU1_1,12.000000,61.889999,1,1,0.396825,0.507937
12.380953,12.698413,CPU1_1,12.000000,61.830002,1,0,0.412698,0.507937
12.857142,12.698413,CPU1_1,12.000000,61.770000,1,0,0.428571,0.507937
13.333333,12.698413,CPU1_1,12.000000,61.730000,1,0,0.444444,0.507937
13.809524,12.698413,CPU1_1,12.000000,61.669998,1,0,0.460317,0.507937
14.285714,12.698413,CPU1_0,12.000000,61.590000,1,1,0.476190,0.507937
14.761905,12.698413,CPU1_0,12.000000,61.459999,1,0,0.492063,0.507937
15.238095,12.698413,CPU1_0,12.000000,61.270000,1,0,0.507937,0.507937
15.714286,12.698413,CPU1_0,12.000000,61.000000,1,0,0.523810,0.507937
16.190475,12.698413,CPU1_0,12.000000,60.639999,1,1,0.539683,0.507937
16.666666,12.698413,CPU1_0,12.000000,60.130001,1,1,0.555556,0.507937
17.142857,12.698413,background,0.000000,59.389999,0,1,0.571429,0.507937
17.619047,12.698413,background,0.000000,58.230000,0,1,0.587302,0.507937
18.095238,12.698413,background,0.000000,56.310001,0,1,0.603175,0.507937
18.571428,12.698413,background,0.000000,54.270000,0,1,0.619048,0.507937
19.047619,12.698413,background,0.000000,52.599998,0,1,0.634921,0.507937
19.523809,12.698413,background,0.000000,51.490002,0,0,0.650794,0.507937
20.000000,12.698413,background,0.000000,50.709999,0,0,0.666667,0.507937
20.476191,12.698413,background,0.000000,50.080002,0,0,0.682540,0.507937
20.952381,12.698413,background,0.000000,49.490002,0,0,0.698413,0.507937
21.428572,12.698413,background,0.000000,48.860001,0,0,0.714286,0.507937
21.904762,12.698413,background,0.000000,48.110001,0,0,0.730159,0.507937
22.380953,12.698413,background,0.000000,47.380001,0,0,0.746032,0.507937
22.857143,12.698413,background,0.000000,46.740002,0,0,0.761905,0.507937
23.333334,12.698413,background,0.000000,46.180000,0,0,0.777778,0.507937
23.809525,12.698413,background,0.000000,45.689999,0,0,0.793651,0.507937
24.285715,12.698413,background,0.000000,45.259998,0,0,0.809524,0.507937
24.761906,12.698413,background,0.000000,44.849998,0,0,0.825397,0.507937
25.238094,12.698413,background,0.000000,44.480000,0,0,0.841270,0.507937
25.714285,12.698413,background,0.000000,44.130001,0,0,0.857143,0.507937
26.190475,12.698413,background,0.000000,43.790001,0,0,0.873016,0.507937
26.666666,12.698413,background,0.000000,43.470001,0,0,0.888889,0.507937
27.142857,12.698413,background,0.000000,43.160000,0,0,0.904762,0.507937
27.619047,12.698413,background,0.000000,42.860001,0,0,0.920635,0.507937
28.095238,12.698413,background,0.000000,42.580002,0,0,0.936508,0.507937
28.571428,12.698413,background,0.000000,42.320000,0,0,0.952381,0.507937
29.047619,12.698413,background,0.000000,42.099998,0,0,0.968254,0.507937
29.523809,12.698413,background,0.000000,41.919998,0,0,0.984127,0.507937
30.000000,12.698413,background,0.000000,41.820000,0,0,1.000000,0.507937
0.000000,13.095238,background,0.000000,46.560001,0,0,0.000000,0.523809
0.476190,13.095238,background,0.000000,46.730000,0,0,0.015873,0.523809
0.952381,13.095238,background,0.000000,47.040001,0,1,0.031746,0.523809
1.428571,13.095238,background,0.000000,47.509998,0,1,0.047619,0.523809
1.904762,13.095238,background,0.000000,48.130001,0,1,0.063492,0.523809
2.380952,13.095238,background,0.000000,48.939999,0,1,0.079365,0.523809
2.857143,13.095238,background,0.000000,49.959999,0,1,0.095238,0.523809
3.333333,13.095238,background,0.000000,51.279999,0,0,0.111111,0.523809
3.809524,13.095238,CPU1_2,12.000000,52.959999,1,1,0.126984,0.523809
4.285714,13.095238,CPU1_2,12.000000,54.990002,1,0,0.142857,0.523809
4.761905,13.095238,CPU1_2,12.000000,56.779999,1,0,0.158730,0.523809
5.238095,13.095238,CPU1_2,12.000000,58.110001,1,0,0.174603,0.523809
5.714286,13.095238,CPU1_2,12.000000,58.990002,1,0,0.190476,0.523809
6.190476,13.095238,CPU1_2,12.000000,59.630001,1,1,0.206349,0.523809
6.666667,13.095238,background,0.000000,60.110001,0,1,0.222222,0.523809
7.142857,13.095238,CPU2_0,34.000000,60.480000,1,0,0.238095,0.523809
7.619048,13.095238,CPU2_0,34.000000,60.779999,1,0,0.253968,0.523809
8.095238,13.095238,CPU2_0,34.000000,61.020000,1,0,0.269841,0.523809
8.571428,13.095238,CPU2_0,34.000000,61.200001,1,0,0.285714,0.523809
9.047619,13.095238,CPU2_0,34.000000,61.330002,1,0,0.301587,0.523809
9.523809,13.095238,CPU2_0,34.000000,61.389999,1,0,0.317460,0.523809
10.000000,13.095238,CPU2_0,34.000000,61.380001,1,0,0.333333,0.523809
10.476191,13.095238,CPU2_0,34.000000,61.290001,1,0,0.349206,0.523809
10.952381,13.095238,CPU2_0,34.000000,61.099998,1,0,0.365079,0.523809
11.428572,13.095238,CPU2_0,34.000000,60.889999,1,0,0.380952,0.523809
11.904762,13.095238,CPU1_1,12.000000,60.730000,1,1,0.396825,0.523809
12.380953,13.095238,CPU1_1,12.000000,60.630001,1,0,0.412698,0.523809
12.857142,13.095238,CPU1_1,12.000000,60.590000,1,0,0.428571,0.523809
13.333333,13.095238,CPU1_1,12.000000,60.619999,1,0,0.444444,0.523809
13.809524,13.095238,CPU1_1,12.000000,60.669998,1,0,0.460317,0.523809
14.285714,13.095238,CPU1_0,12.000000,60.720001,1,1,0.476190,0.523809
14.761905,13.095238,CPU1_0,12.000000,60.680000,1,0,0.492063,0.523809
15.238095,13.095238,CPU1_0,12.000000,60.549999,1,0,0.507937,0.523809
15.714286,13.095238,CPU1_0,12.000000,60.330002,1,0,0.523810,0.523809
16.190475,13.095238,CPU1_0,12.000000,60.000000,1,0,0.539683,0.523809
16.666666,13.095238,CPU1_0,12.000000,59.529999,1,1,0.555556,0.523809
17.142857,13.095238,background,0.000000,58.820000,0,0,0.571429,0.523809
17.619047,13.095238,background,0.000000,57.689999,0,0,0.587302,0.523809
18.095238,13.095238,background,0.000000,55.930000,0,0,0.603175,0.523809
18.571428,13.095238,background,0.000000,54.180000,0,0,0.619048,0.523809
19.047619,13.095238,background,0.000000,52.889999,0,0,0.634921,0.523809
19.523809,13.095238,background,0.000000,51.990002,0,0,0.650794,0.523809
20.000000,13.095238,background,0.000000,51.299999,0,0,0.666667,0.523809
20.476191,13.095238,background,0.000000,50.709999,0,0,0.682540,0.523809
20.952381,13.095238,background,0.000000,50.119999,0,0,0.698413,0.523809
21.428572,13.095238,background,0.000000,49.450001,0,0,0.714286,0.523809
21.904762,13.095238,background,0.000000,48.490002,0,0,0.730159,0.523809
22.380953,13.095238,background,0.000000,47.500000,0,0,0.746032,0.523809
22.857143,13.095238,background,0.000000,46.650002,0,0,0.761905,0.523809
23.333334,13.095238,background,0.000000,45.959999,0,0,0.777778,0.523809
23.809525,13.095238,background,0.000000,45.389999,0,0,0.793651,0.523809
24.285715,13.095238,background,0.000000,44.900002,0,0,0.809524,0.523809
24.761906,13.095238,background,0.000000,44.459999,0,0,0.825397,0.523809
25.238094,13.095238,background,0.000000,44.070000,0,0,0.841270,0.523809
25.714285,13.095238,background,0.000000,43.700001,0,0,0.857143,0.523809
26.190475,13.095238,background,0.000000,43.360001,0,0,0.873016,0.523809
26.666666,13.095238,background,0.000000,43.040001,0,0,0.888889,0.523809
27.142857,13.095238,background,0.000000,42.740002,0,0,0.904762,0.523809
27.619047,13.095238,background,0.000000,42.459999,0,0,0.920635,0.523809
28.095238,13.095238,background,0.000000,42.189999,0,0,0.936508,0.523809
28.571428,13.095238,background,0.000000,41.950001,0,0,0.952381,0.523809
29.047619,13.095238,background,0.000000,41.750000,0,0,0.968254,0.523809
29.523809,13.095238,background,0.000000,41.599998,0,0,0.984127,0.523809
30.000000,13.095238,background,0.000000,41.509998,0,0,1.000000,0.523809
0.000000,13.492064,background,0.000000,46.200001,0,0,0.000000,0.539683
0.476190,13.492064,background,0.000000,46.349998,0,0,0.015873,0.539683
0.952381,13.492064,background,0.000000,46.639999,0,1,0.031746,0.539683
1.428571,13.492064,MEMS_2,3.000000,47.080002,1,0,0.047619,0.539683
1.904762,13.492064,MEMS_2,3.000000,47.660000,1,0,0.063492,0.539683
2.380952,13.492064,MEMS_2,3.000000,48.410000,1,0,0.079365,0.539683
2.857143,13.492064,MEMS_2,3.000000,49.380001,1,1,0.095238,0.539683
3.333333,13.492064,background,0.000000,50.650002,0,0,0.111111,0.539683
3.809524,13.492064,CPU1_2,12.000000,52.299999,1,1,0.126984,0.539683
4.285714,13.492064,CPU1_2,12.000000,54.340000,1,0,0.142857,0.539683
4.761905,13.492064,CPU1_2,12.000000,56.169998,1,0,0.158730,0.539683
5.238095,13.492064,CPU1_2,12.000000,57.500000,1,0,0.174603,0.539683
5.714286,13.492064,CPU1_2,12.000000,58.380001,1,0,0.190476,0.539683
6.190476,13.492064,CPU1_2,12.000000,58.990002,1,1,0.206349,0.539683
6.666667,13.492064,background,0.000000,59.450001,0,1,0.222222,0.539683
7.142857,13.492064,CPU2_0,34.000000,59.810001,1,0,0.238095,0.539683
7.619048,13.492064,CPU2_0,34.000000,60.090000,1,0,0.253968,0.539683
8.095238,13.492064,CPU2_0,34.000000,60.320000,1,0,0.269841,0.539683
8.571428,13.492064,CPU2_0,34.000000,60.480000,1,0,0.285714,0.539683
9.047619,13.492064,CPU2_0,34.000000,60.580002,1,0,0.301587,0.539683
9.523809,13.492064,CPU2_0,34.000000,60.599998,1,0,0.317460,0.539683
10.000000,13.492064,CPU2_0,34.000000,60.500000,1,0,0.333333,0.539683
10.476191,13.492064,CPU2_0,34.000000,60.169998,1,0,0.349206,0.539683
10.952381,13.492064,CPU2_0,34.000000,59.430000,1,0,0.365079,0.539683
11.428572,13.492064,CPU2_0,34.000000,58.779999,1,0,0.380952,0.539683
11.904762,13.492064,CPU1_1,12.000000,58.340000,1,1,0.396825,0.539683
12.380953,13.492064,CPU1_1,12.000000,58.130001,1,0,0.412698,0.539683
12.857142,13.492064,CPU1_1,12.000000,58.150002,1,0,0.428571,0.539683
13.333333,13.492064,CPU1_1,12.000000,58.410000,1,0,0.444444,0.539683
13.809524,13.492064,CPU1_1,12.000000,58.900002,1,0,0.460317,0.539683
14.285714,13.492064,CPU1_0,12.000000,59.369999,1,1,0.476190,0.539683
14.761905,13.492064,CPU1_0,12.000000,59.520000,1,0,0.492063,0.539683
15.238095,13.492064,CPU1_0,12.000000,59.459999,1,0,0.507937,0.539683
15.714286,13.492064,CPU1_0,12.000000,59.310001,1,0,0.523810,0.539683
16.190475,13.492064,CPU1_0,12.000000,59.060001,1,0,0.539683,0.539683
16.666666,13.492064,CPU1_0,12.000000,58.650002,1,1,0.555556,0.539683
17.142857,13.492064,background,0.000000,58.000000,0,0,0.571429,0.539683
17.619047,13.492064,background,0.000000,56.970001,0,0,0.587302,0.539683
18.095238,13.492064,background,0.000000,55.430000,0,0,0.603175,0.539683
18.571428,13.492064,background,0.000000,53.990002,0,0,0.619048,0.539683
19.047619,13.492064,background,0.000000,52.950001,0,0,0.634921,0.539683
19.523809,13.492064,background,0.000000,52.189999,0,0,0.650794,0.539683
20.000000,13.492064,background,0.000000,51.560001,0,0,0.666667,0.539683
20.476191,13.492064,background,0.000000,50.980000,0,0,0.682540,0.539683
20.952381,13.492064,background,0.000000,50.400002,0,0,0.698413,0.539683
21.428572,13.492064,background,0.000000,49.700001,0,0,0.714286,0.539683
21.904762,13.492064,background,0.000000,48.630001,0,0,0.730159,0.539683
22.380953,13.492064,background,0.000000,47.490002,0,0,0.746032,0.539683
22.857143,13.492064,background,0.000000,46.509998,0,0,0.761905,0.539683
23.333334,13.492064,background,0.000000,45.730000,0,0,0.777778,0.539683
23.809525,13.492064,background,0.000000,45.099998,0,0,0.793651,0.539683
24.285715,13.492064,background,0.000000,44.570000,0,0,0.809524,0.539683
24.761906,13.492064,background,0.000000,44.110001,0,0,0.825397,0.539683
25.238094,13.492064,background,0.000000,43.700001,0,0,0.841270,0.539683
25.714285,13.492064,background,0.000000,43.330002,0,0,0.857143,0.539683
26.190475,13.492064,background,0.000000,42.990002,0,0,0.873016,0.539683
26.666666,13.492064,background,0.000000,42.680000,0,0,0.888889,0.539683
27.142857,13.492064,background,0.000000,42.380001,0,0,0.904762,0.539683
27.619047,13.492064,background,0.000000,42.110001,0,0,0.920635,0.539683
28.095238,13.492064,background,0.000000,41.860001,0,0,0.936508,0.539683
28.571428,13.492064,background,0.000000,41.630001,0,0,0.952381,0.539683
29.047619,13.492064,background,0.000000,41.450001,0,0,0.968254,0.539683
29.523809,13.492064,background,0.000000,41.310001,0,0,0.984127,0.539683
30.000000,13.492064,background,0.000000,41.230000,0,0,1.000000,0.539683
0.000000,13.888889,background,0.000000,45.869999,0,0,0.000000,0.555556
0.476190,13.888889,background,0.000000,46.009998,0,0,0.015873,0.555556
0.952381,13.888889,background,0.000000,46.270000,0,1,0.031746,0.555556
1.428571,13.888889,MEMS_2,3.000000,46.669998,1,0,0.047619,0.555556
1.904762,13.888889,MEMS_2,3.000000,47.180000,1,0,0.063492,0.555556
2.380952,13.888889,MEMS_2,3.000000,47.849998,1,0,0.079365,0.555556
2.857143,13.888889,Analog_1,4.000000,48.720001,1,1,0.095238,0.555556
3.333333,13.888889,Analog_1,4.000000,49.860001,1,1,0.111111,0.555556
3.809524,13.888889,CPU1_2,12.000000,51.389999,1,1,0.126984,0.555556
4.285714,13.888889,CPU1_2,12.000000,53.369999,1,1,0.142857,0.555556
4.761905,13.888889,CPU1_2,12.000000,55.230000,1,1,0.158730,0.555556
5.238095,13.888889,CPU1_2,12.000000,56.560001,1,1,0.174603,0.555556
5.714286,13.888889,CPU1_2,12.000000,57.410000,1,1,0.190476,0.555556
6.190476,13.888889,CPU1_2,12.000000,58.000000,1,1,0.206349,0.555556
6.666667,13.888889,background,0.000000,58.439999,0,1,0.222222,0.555556
7.142857,13.888889,CPU2_0,34.000000,58.779999,1,0,0.238095,0.555556
7.619048,13.888889,CPU2_0,34.000000,59.040001,1,0,0.253968,0.555556
8.095238,13.888889,CPU2_0,34.000000,59.250000,1,0,0.269841,0.555556
8.571428,13.888889,CPU2_0,34.000000,59.389999,1,0,0.285714,0.555556
9.047619,13.888889,CPU2_0,34.000000,59.470001,1,0,0.301587,0.555556
9.523809,13.888889,CPU2_0,34.000000,59.459999,1,0,0.317460,0.555556
10.000000,13.888889,CPU2_0,34.000000,59.299999,1,0,0.333333,0.555556
10.476191,13.888889,CPU2_0,34.000000,58.840000,1,0,0.349206,0.555556
10.952381,13.888889,CPU2_0,34.000000,57.770000,1,0,0.365079,0.555556
11.428572,13.888889,CPU2_0,34.000000,56.740002,1,0,0.380952,0.555556
11.904762,13.888889,CPU1_1,12.000000,56.009998,1,1,0.396825,0.555556
12.380953,13.888889,CPU1_1,12.000000,55.740002,1,0,0.412698,0.555556
12.857142,13.888889,CPU1_1,12.000000,55.830002,1,0,0.428571,0.555556
13.333333,13.888889,CPU1_1,12.000000,56.230000,1,0,0.444444,0.555556
13.809524,13.888889,CPU1_1,12.000000,56.980000,1,0,0.460317,0.555556
14.285714,13.888889,CPU1_0,12.000000,57.599998,1,1,0.476190,0.555556
14.761905,13.888889,CPU1_0,12.000000,57.790001,1,0,0.492063,0.555556
15.238095,13.888889,CPU1_0,12.000000,57.759998,1,0,0.507937,0.555556
15.714286,13.888889,CPU1_0,12.000000,57.650002,1,0,0.523810,0.555556
16.190475,13.888889,CPU1_0,12.000000,57.520000,1,0,0.539683,0.555556
16.666666,13.888889,CPU1_0,12.000000,57.220001,1,1,0.555556,0.555556
17.142857,13.888889,background,0.000000,56.689999,0,0,0.571429,0.555556
17.619047,13.888889,background,0.000000,55.810001,0,0,0.587302,0.555556
18.095238,13.888889,background,0.000000,54.590000,0,0,0.603175,0.555556
18.571428,13.888889,background,0.000000,53.540001,0,0,0.619048,0.555556
19.047619,13.888889,background,0.000000,52.750000,0,0,0.634921,0.555556
19.523809,13.888889,background,0.000000,52.080002,0,0,0.650794,0.555556
20.000000,13.888889,background,0.000000,51.459999,0,0,0.666667,0.555556
20.476191,13.888889,background,0.000000,50.880001,0,0,0.682540,0.555556
20.952381,13.888889,background,0.000000,50.290001,0,0,0.698413,0.555556
21.428572,13.888889,background,0.000000,49.580002,0,0,0.714286,0.555556
21.904762,13.888889,background,0.000000,48.470001,0,0,0.730159,0.555556
22.380953,13.888889,background,0.000000,47.290001,0,0,0.746032,0.555556
22.857143,13.888889,background,0.000000,46.270000,0,0,0.761905,0.555556
23.333334,13.888889,background,0.000000,45.459999,0,0,0.777778,0.555556
23.809525,13.888889,background,0.000000,44.799999,0,0,0.793651,0.555556
24.285715,13.888889,background,0.000000,44.259998,0,0,0.809524,0.555556
24.761906,13.888889,background,0.000000,43.790001,0,0,0.825397,0.555556
25.238094,13.888889,background,0.000000,43.380001,0,0,0.841270,0.555556
25.714285,13.888889,background,0.000000,43.009998,0,0,0.857143,0.555556
26.190475,13.888889,background,0.000000,42.669998,0,0,0.873016,0.555556
26.666666,13.888889,background,0.000000,42.360001,0,0,0.888889,0.555556
27.142857,13.888889,background,0.000000,42.070000,0,0,0.904762,0.555556
27.619047,13.888889,background,0.000000,41.810001,0,0,0.920635,0.555556
28.095238,13.888889,background,0.000000,41.570000,0,0,0.936508,0.555556
28.571428,13.888889,background,0.000000,41.360001,0,0,0.952381,0.555556
29.047619,13.888889,background,0.000000,41.180000,0,0,0.968254,0.555556
29.523809,13.888889,background,0.000000,41.049999,0,0,0.984127,0.555556
30.000000,13.888889,background,0.000000,40.980000,0,0,1.000000,0.555556
0.000000,14.285714,background,0.000000,45.580002,0,0,0.000000,0.571429
0.476190,14.285714,background,0.000000,45.709999,0,0,0.015873,0.571429
0.952381,14.285714,background,0.000000,45.939999,0,1,0.031746,0.571429
1.428571,14.285714,MEMS_2,3.000000,46.290001,1,1,0.047619,0.571429
1.904762,14.285714,MEMS_2,3.000000,46.740002,1,1,0.063492,0.571429
2.380952,14.285714,MEMS_2,3.000000,47.290001,1,1,0.079365,0.571429
2.857143,14.285714,Analog_1,4.000000,47.980000,1,1,0.095238,0.571429
3.333333,14.285714,Analog_1,4.000000,48.889999,1,0,0.111111,0.571429
3.809524,14.285714,Analog_1,4.000000,50.130001,1,1,0.126984,0.571429
4.285714,14.285714,Analog_1,4.000000,51.840000,1,1,0.142857,0.571429
4.761905,14.285714,Analog_1,4.000000,53.669998,1,1,0.158730,0.571429
5.238095,14.285714,Analog_1,4.000000,54.959999,1,1,0.174603,0.571429
5.714286,14.285714,background,0.000000,55.759998,0,1,0.190476,0.571429
6.190476,14.285714,background,0.000000,56.310001,0,1,0.206349,0.571429
6.666667,14.285714,background,0.000000,56.709999,0,1,0.222222,0.571429
7.142857,14.285714,CPU2_0,34.000000,57.029999,1,0,0.238095,0.571429
7.619048,14.285714,CPU2_0,34.000000,57.270000,1,0,0.253968,0.571429
8.095238,14.285714,CPU2_0,34.000000,57.459999,1,0,0.269841,0.571429
8.571428,14.285714,CPU2_0,34.000000,57.599998,1,0,0.285714,0.571429
9.047619,14.285714,CPU2_0,34.000000,57.669998,1,0,0.301587,0.571429
9.523809,14.285714,CPU2_0,34.000000,57.650002,1,0,0.317460,0.571429
10.000000,14.285714,CPU2_0,34.000000,57.470001,1,0,0.333333,0.571429
10.476191,14.285714,CPU2_0,34.000000,56.970001,1,0,0.349206,0.571429
10.952381,14.285714,CPU2_0,34.000000,55.799999,1,0,0.365079,0.571429
11.428572,14.285714,CPU2_0,34.000000,54.820000,1,0,0.380952,0.571429
11.904762,14.285714,CPU1_1,12.000000,54.439999,1,1,0.396825,0.571429
12.380953,14.285714,CPU1_1,12.000000,54.650002,1,0,0.412698,0.571429
12.857142,14.285714,CPU1_1,12.000000,54.880001,1,0,0.428571,0.571429
13.333333,14.285714,CPU1_1,12.000000,55.150002,1,0,0.444444,0.571429
13.809524,14.285714,CPU1_1,12.000000,55.470001,1,0,0.460317,0.571429
14.285714,14.285714,CPU1_0,12.000000,55.720001,1,1,0.476190,0.571429
14.761905,14.285714,CPU1_0,12.000000,55.740002,1,0,0.492063,0.571429
15.238095,14.285714,CPU1_0,12.000000,55.599998,1,0,0.507937,0.571429
15.714286,14.285714,CPU1_0,12.000000,55.389999,1,0,0.523810,0.571429
16.190475,14.285714,CPU1_0,12.000000,55.490002,1,0,0.539683,0.571429
16.666666,14.285714,CPU1_0,12.000000,55.389999,1,1,0.555556,0.571429
17.142857,14.285714,background,0.000000,55.040001,0,0,0.571429,0.571429
17.619047,14.285714,background,0.000000,54.410000,0,0,0.587302,0.571429
18.095238,14.285714,background,0.000000,53.610001,0,0,0.603175,0.571429
18.571428,14.285714,background,0.000000,53.110001,0,0,0.619048,0.571429
19.047619,14.285714,background,0.000000,52.549999,0,0,0.634921,0.571429
19.523809,14.285714,background,0.000000,51.860001,0,0,0.650794,0.571429
20.000000,14.285714,background,0.000000,51.150002,0,0,0.666667,0.571429
20.476191,14.285714,background,0.000000,50.500000,0,0,0.682540,0.571429
20.952381,14.285714,background,0.000000,49.860001,0,0,0.698413,0.571429
21.428572,14.285714,background,0.000000,49.139999,0,0,0.714286,0.571429
21.904762,14.285714,background,0.000000,48.049999,0,0,0.730159,0.571429
22.380953,14.285714,background,0.000000,46.889999,0,0,0.746032,0.571429
22.857143,14.285714,background,0.000000,45.910000,0,0,0.761905,0.571429
23.333334,14.285714,background,0.000000,45.119999,0,0,0.777778,0.571429
23.809525,14.285714,background,0.000000,44.480000,0,0,0.793651,0.571429
24.285715,14.285714,background,0.000000,43.939999,0,0,0.809524,0.571429
24.761906,14.285714,background,0.000000,43.480000,0,0,0.825397,0.571429
25.238094,14.285714,background,0.000000,43.070000,0,0,0.841270,0.571429
25.714285,14.285714,background,0.000000,42.709999,0,0,0.857143,0.571429
26.190475,14.285714,background,0.000000,42.380001,0,0,0.873016,0.571429
26.666666,14.285714,background,0.000000,42.070000,0,0,0.888889,0.571429
27.142857,14.285714,background,0.000000,41.790001,0,0,0.904762,0.571429
27.619047,14.285714,background,0.000000,41.540001,0,0,0.920635,0.571429
28.095238,14.285714,background,0.000000,41.310001,0,0,0.936508,0.571429
28.571428,14.285714,background,0.000000,41.110001,0,0,0.952381,0.571429
29.047619,14.285714,background,0.000000,40.939999,0,0,0.968254,0.571429
29.523809,14.285714,background,0.000000,40.820000,0,0,0.984127,0.571429
30.000000,14.285714,background,0.000000,40.750000,0,0,1.000000,0.571429
0.000000,14.682540,background,0.000000,45.349998,0,0,0.000000,0.587302
0.476190,14.682540,background,0.000000,45.470001,0,0,0.015873,0.587302
0.952381,14.682540,background,0.000000,45.669998,0,0,0.031746,0.587302
1.428571,14.682540,background,0.000000,46.029999,0,0,0.047619,0.587302
1.904762,14.682540,background,0.000000,46.419998,0,0,0.063492,0.587302
2.380952,14.682540,background,0.000000,46.869999,0,0,0.079365,0.587302
2.857143,14.682540,Analog_1,4.000000,47.389999,1,1,0.095238,0.587302
3.333333,14.682540,Analog_1,4.000000,48.020000,1,0,0.111111,0.587302
3.809524,14.682540,Analog_1,4.000000,48.849998,1,0,0.126984,0.587302
4.285714,14.682540,Analog_1,4.000000,49.970001,1,0,0.142857,0.587302
4.761905,14.682540,Analog_1,4.000000,51.330002,1,0,0.158730,0.587302
5.238095,14.682540,Analog_1,4.000000,52.360001,1,0,0.174603,0.587302
5.714286,14.682540,background,0.000000,53.049999,0,1,0.190476,0.587302
6.190476,14.682540,background,0.000000,53.529999,0,0,0.206349,0.587302
6.666667,14.682540,background,0.000000,53.889999,0,1,0.222222,0.587302
7.142857,14.682540,CPU2_0,34.000000,54.169998,1,0,0.238095,0.587302
7.619048,14.682540,CPU2_0,34.000000,54.400002,1,0,0.253968,0.587302
8.095238,14.682540,CPU2_0,34.000000,54.580002,1,0,0.269841,0.587302
8.571428,14.682540,CPU2_0,34.000000,54.709999,1,0,0.285714,0.587302
9.047619,14.682540,CPU2_0,34.000000,54.779999,1,0,0.301587,0.587302
9.523809,14.682540,CPU2_0,34.000000,54.779999,1,0,0.317460,0.587302
10.000000,14.682540,CPU2_0,34.000000,54.630001,1,0,0.333333,0.587302
10.476191,14.682540,CPU2_0,34.000000,54.240002,1,0,0.349206,0.587302
10.952381,14.682540,CPU2_0,34.000000,53.439999,1,0,0.365079,0.587302
11.428572,14.682540,CPU2_0,34.000000,53.070000,1,0,0.380952,0.587302
11.904762,14.682540,CPU1_1,12.000000,53.299999,1,1,0.396825,0.587302
12.380953,14.682540,CPU1_1,12.000000,53.889999,1,0,0.412698,0.587302
12.857142,14.682540,CPU1_1,12.000000,54.259998,1,0,0.428571,0.587302
13.333333,14.682540,CPU1_1,12.000000,54.459999,1,0,0.444444,0.587302
13.809524,14.682540,CPU1_1,12.000000,54.560001,1,0,0.460317,0.587302
14.285714,14.682540,CPU1_0,12.000000,54.560001,1,1,0.476190,0.587302
14.761905,14.682540,CPU1_0,12.000000,54.419998,1,0,0.492063,0.587302
15.238095,14.682540,CPU1_0,12.000000,54.139999,1,0,0.507937,0.587302
15.714286,14.682540,CPU1_0,12.000000,53.730000,1,0,0.523810,0.587302
16.190475,14.682540,CPU1_0,12.000000,53.700001,1,0,0.539683,0.587302
16.666666,14.682540,CPU1_0,12.000000,53.650002,1,1,0.555556,0.587302
17.142857,14.682540,background,0.000000,53.560001,0,0,0.571429,0.587302
17.619047,14.682540,background,0.000000,53.459999,0,0,0.587302,0.587302
18.095238,14.682540,background,0.000000,53.340000,0,0,0.603175,0.587302
18.571428,14.682540,background,0.000000,53.220001,0,0,0.619048,0.587302
19.047619,14.682540,background,0.000000,52.720001,0,0,0.634921,0.587302
19.523809,14.682540,background,0.000000,51.700001,0,0,0.650794,0.587302
20.000000,14.682540,background,0.000000,50.639999,0,0,0.666667,0.587302
20.476191,14.682540,background,0.000000,49.770000,0,0,0.682540,0.587302
20.952381,14.682540,background,0.000000,49.020000,0,0,0.698413,0.587302
21.428572,14.682540,background,0.000000,48.270000,0,0,0.714286,0.587302
21.904762,14.682540,background,0.000000,47.299999,0,0,0.730159,0.587302
22.380953,14.682540,background,0.000000,46.310001,0,0,0.746032,0.587302
22.857143,14.682540,background,0.000000,45.439999,0,0,0.761905,0.587302
23.333334,14.682540,background,0.000000,44.720001,0,0,0.777778,0.587302
23.809525,14.682540,background,0.000000,44.119999,0,0,0.793651,0.587302
24.285715,14.682540,background,0.000000,43.610001,0,0,0.809524,0.587302
24.761906,14.682540,background,0.000000,43.169998,0,0,0.825397,0.587302
25.238094,14.682540,background,0.000000,42.779999,0,0,0.841270,0.587302
25.714285,14.682540,background,0.000000,42.430000,0,0,0.857143,0.587302
26.190475,14.682540,background,0.000000,42.110001,0,0,0.873016,0.587302
26.666666,14.682540,background,0.000000,41.810001,0,0,0.888889,0.587302
27.142857,14.682540,background,0.000000,41.540001,0,0,0.904762,0.587302
27.619047,14.682540,background,0.000000,41.299999,0,0,0.920635,0.587302
28.095238,14.682540,background,0.000000,41.070000,0,0,0.936508,0.587302
28.571428,14.682540,background,0.000000,40.880001,0,0,0.952381,0.587302
29.047619,14.682540,background,0.000000,40.720001,0,0,0.968254,0.587302
29.523809,14.682540,background,0.000000,40.610001,0,0,0.984127,0.587302
30.000000,14.682540,background,0.000000,40.540001,0,0,1.000000,0.587302
0.000000,15.079365,background,0.000000,45.150002,0,0,0.000000,0.603175
0.476190,15.079365,background,0.000000,45.290001,0,0,0.015873,0.603175
0.952381,15.079365,background,0.000000,45.529999,0,0,0.031746,0.603175
1.428571,15.079365,background,0.000000,45.919998,0,0,0.047619,0.603175
1.904762,15.079365,background,0.000000,46.299999,0,0,0.063492,0.603175
2.380952,15.079365,background,0.000000,46.689999,0,0,0.079365,0.603175
2.857143,15.079365,Analog_1,4.000000,47.119999,1,1,0.095238,0.603175
3.333333,15.079365,Analog_1,4.000000,47.599998,1,0,0.111111,0.603175
3.809524,15.079365,Analog_1,4.000000,48.169998,1,0,0.126984,0.603175
4.285714,15.079365,Analog_1,4.000000,48.840000,1,0,0.142857,0.603175
4.761905,15.079365,Analog_1,4.000000,49.610001,1,0,0.158730,0.603175
5.238095,15.079365,Analog_1,4.000000,50.259998,1,0,0.174603,0.603175
5.714286,15.079365,background,0.000000,50.770000,0,1,0.190476,0.603175
6.190476,15.079365,background,0.000000,51.160000,0,0,0.206349,0.603175
6.666667,15.079365,background,0.000000,51.470001,0,1,0.222222,0.603175
7.142857,15.079365,CPU2_0,34.000000,51.720001,1,0,0.238095,0.603175
7.619048,15.079365,CPU2_0,34.000000,51.930000,1,0,0.253968,0.603175
8.095238,15.079365,CPU2_0,34.000000,52.090000,1,0,0.269841,0.603175
8.571428,15.079365,CPU2_0,34.000000,52.220001,1,0,0.285714,0.603175
9.047619,15.079365,CPU2_0,34.000000,52.310001,1,0,0.301587,0.603175
9.523809,15.079365,CPU2_0,34.000000,52.340000,1,0,0.317460,0.603175
10.000000,15.079365,CPU2_0,34.000000,52.299999,1,0,0.333333,0.603175
10.476191,15.079365,CPU2_0,34.000000,52.180000,1,0,0.349206,0.603175
10.952381,15.079365,CPU2_0,34.000000,52.000000,1,0,0.365079,0.603175
11.428572,15.079365,CPU2_0,34.000000,52.099998,1,0,0.380952,0.603175
11.904762,15.079365,background,0.000000,52.630001,0,1,0.396825,0.603175
12.380953,15.079365,background,0.000000,53.389999,0,1,0.412698,0.603175
12.857142,15.079365,background,0.000000,53.840000,0,1,0.428571,0.603175
13.333333,15.079365,background,0.000000,54.029999,0,1,0.444444,0.603175
13.809524,15.079365,background,0.000000,54.029999,0,1,0.460317,0.603175
14.285714,15.079365,background,0.000000,53.880001,0,1,0.476190,0.603175
14.761905,15.079365,background,0.000000,53.599998,0,1,0.492063,0.603175
15.238095,15.079365,background,0.000000,53.189999,0,1,0.507937,0.603175
15.714286,15.079365,background,0.000000,52.650002,0,1,0.523810,0.603175
16.190475,15.079365,background,0.000000,52.470001,0,1,0.539683,0.603175
16.666666,15.079365,background,0.000000,52.439999,0,1,0.555556,0.603175
17.142857,15.079365,background,0.000000,52.570000,0,0,0.571429,0.603175
17.619047,15.079365,MEMS_0,3.000000,52.910000,1,1,0.587302,0.603175
18.095238,15.079365,MEMS_0,3.000000,53.299999,1,1,0.603175,0.603175
18.571428,15.079365,MEMS_0,3.000000,53.419998,1,1,0.619048,0.603175
19.047619,15.079365,MEMS_0,3.000000,52.930000,1,1,0.634921,0.603175
19.523809,15.079365,MEMS_0,3.000000,51.660000,1,1,0.650794,0.603175
20.000000,15.079365,background,0.000000,50.360001,0,0,0.666667,0.603175
20.476191,15.079365,background,0.000000,49.209999,0,0,0.682540,0.603175
20.952381,15.079365,background,0.000000,48.270000,0,0,0.698413,0.603175
21.428572,15.079365,background,0.000000,47.400002,0,0,0.714286,0.603175
21.904762,15.079365,background,0.000000,46.509998,0,0,0.730159,0.603175
22.380953,15.079365,background,0.000000,45.669998,0,0,0.746032,0.603175
22.857143,15.079365,background,0.000000,44.930000,0,0,0.761905,0.603175
23.333334,15.079365,background,0.000000,44.299999,0,0,0.777778,0.603175
23.809525,15.079365,background,0.000000,43.750000,0,0,0.793651,0.603175
24.285715,15.079365,background,0.000000,43.279999,0,0,0.809524,0.603175
24.761906,15.079365,background,0.000000,42.860001,0,0,0.825397,0.603175
25.238094,15.079365,background,0.000000,42.490002,0,0,0.841270,0.603175
25.714285,15.079365,background,0.000000,42.150002,0,0,0.857143,0.603175
26.190475,15.079365,background,0.000000,41.849998,0,0,0.873016,0.603175
26.666666,15.079365,background,0.000000,41.560001,0,0,0.888889,0.603175
27.142857,15.079365,background,0.000000,41.310001,0,0,0.904762,0.603175
27.619047,15.079365,background,0.000000,41.070000,0,0,0.920635,0.603175
28.095238,15.079365,background,0.000000,40.860001,0,0,0.936508,0.603175
28.571428,15.079365,background,0.000000,40.669998,0,0,0.952381,0.603175
29.047619,15.079365,background,0.000000,40.520000,0,0,0.968254,0.603175
29.523809,15.079365,background,0.000000,40.410000,0,0,0.984127,0.603175
30.000000,15.079365,background,0.000000,40.340000,0,0,1.000000,0.603175
0.000000,15.476191,background,0.000000,44.970001,0,0,0.000000,0.619048
0.476190,15.476191,background,0.000000,45.110001,0,0,0.015873,0.619048
0.952381,15.476191,background,0.000000,45.360001,0,0,0.031746,0.619048
1.428571,15.476191,background,0.000000,45.759998,0,0,0.047619,0.619048
1.904762,15.476191,background,0.000000,46.130001,0,0,0.063492,0.619048
2.380952,15.476191,background,0.000000,46.490002,0,0,0.079365,0.619048
2.857143,15.476191,Analog_1,4.000000,46.869999,1,1,0.095238,0.619048
3.333333,15.476191,Analog_1,4.000000,47.259998,1,0,0.111111,0.619048
3.809524,15.476191,Analog_1,4.000000,47.689999,1,0,0.126984,0.619048
4.285714,15.476191,Analog_1,4.000000,48.139999,1,0,0.142857,0.619048
4.761905,15.476191,Analog_1,4.000000,48.619999,1,0,0.158730,0.619048
5.238095,15.476191,Analog_1,4.000000,49.049999,1,0,0.174603,0.619048
5.714286,15.476191,background,0.000000,49.419998,0,1,0.190476,0.619048
6.190476,15.476191,background,0.000000,49.740002,0,1,0.206349,0.619048
6.666667,15.476191,background,0.000000,50.000000,0,1,0.222222,0.619048
7.142857,15.476191,CPU2_0,34.000000,50.220001,1,1,0.238095,0.619048
7.619048,15.476191,CPU2_0,34.000000,50.410000,1,1,0.253968,0.619048
8.095238,15.476191,CPU2_0,34.000000,50.570000,1,1,0.269841,0.619048
8.571428,15.476191,CPU2_0,34.000000,50.689999,1,1,0.285714,0.619048
9.047619,15.476191,CPU2_0,34.000000,50.790001,1,1,0.301587,0.619048
9.523809,15.476191,CPU2_0,34.000000,50.860001,1,1,0.317460,0.619048
10.000000,15.476191,CPU2_0,34.000000,50.910000,1,1,0.333333,0.619048
10.476191,15.476191,CPU2_0,34.000000,50.959999,1,1,0.349206,0.619048
10.952381,15.476191,CPU2_0,34.000000,51.090000,1,1,0.365079,0.619048
11.428572,15.476191,CPU2_0,34.000000,51.470001,1,1,0.380952,0.619048
11.904762,15.476191,background,0.000000,52.240002,0,1,0.396825,0.619048
12.380953,15.476191,background,0.000000,53.209999,0,1,0.412698,0.619048
12.857142,15.476191,background,0.000000,53.779999,0,1,0.428571,0.619048
13.333333,15.476191,background,0.000000,53.980000,0,1,0.444444,0.619048
13.809524,15.476191,background,0.000000,53.910000,0,1,0.460317,0.619048
14.285714,15.476191,background,0.000000,53.610001,0,1,0.476190,0.619048
14.761905,15.476191,background,0.000000,53.119999,0,1,0.492063,0.619048
15.238095,15.476191,background,0.000000,52.529999,0,1,0.507937,0.619048
15.714286,15.476191,background,0.000000,51.860001,0,1,0.523810,0.619048
16.190475,15.476191,background,0.000000,51.549999,0,1,0.539683,0.619048
16.666666,15.476191,background,0.000000,51.480000,0,1,0.555556,0.619048
17.142857,15.476191,background,0.000000,51.720001,0,1,0.571429,0.619048
17.619047,15.476191,MEMS_0,3.000000,52.290001,1,1,0.587302,0.619048
18.095238,15.476191,MEMS_0,3.000000,52.900002,1,1,0.603175,0.619048
18.571428,15.476191,MEMS_0,3.000000,53.119999,1,0,0.619048,0.619048
19.047619,15.476191,MEMS_0,3.000000,52.650002,1,0,0.634921,0.619048
19.523809,15.476191,MEMS_0,3.000000,51.290001,1,1,0.650794,0.619048
20.000000,15.476191,background,0.000000,49.849998,0,0,0.666667,0.619048
20.476191,15.476191,background,0.000000,48.540001,0,0,0.682540,0.619048
20.952381,15.476191,background,0.000000,47.480000,0,0,0.698413,0.619048
21.428572,15.476191,background,0.000000,46.590000,0,0,0.714286,0.619048
21.904762,15.476191,background,0.000000,45.779999,0,0,0.730159,0.619048
22.380953,15.476191,background,0.000000,45.060001,0,0,0.746032,0.619048
22.857143,15.476191,background,0.000000,44.419998,0,0,0.761905,0.619048
23.333334,15.476191,background,0.000000,43.860001,0,0,0.777778,0.619048
23.809525,15.476191,background,0.000000,43.369999,0,0,0.793651,0.619048
24.285715,15.476191,background,0.000000,42.939999,0,0,0.809524,0.619048
24.761906,15.476191,background,0.000000,42.560001,0,0,0.825397,0.619048
25.238094,15.476191,background,0.000000,42.209999,0,0,0.841270,0.619048
25.714285,15.476191,background,0.000000,41.889999,0,0,0.857143,0.619048
26.190475,15.476191,background,0.000000,41.599998,0,0,0.873016,0.619048
26.666666,15.476191,background,0.000000,41.330002,0,0,0.888889,0.619048
27.142857,15.476191,background,0.000000,41.080002,0,0,0.904762,0.619048
27.619047,15.476191,background,0.000000,40.849998,0,0,0.920635,0.619048
28.095238,15.476191,background,0.000000,40.650002,0,0,0.936508,0.619048
28.571428,15.476191,background,0.000000,40.470001,0,0,0.952381,0.619048
29.047619,15.476191,background,0.000000,40.320000,0,0,0.968254,0.619048
29.523809,15.476191,background,0.000000,40.220001,0,0,0.984127,0.619048
30.000000,15.476191,background,0.000000,40.160000,0,0,1.000000,0.619048
0.000000,15.873015,background,0.000000,44.770000,0,0,0.000000,0.634921
0.476190,15.873015,background,0.000000,44.919998,0,0,0.015873,0.634921
0.952381,15.873015,background,0.000000,45.169998,0,0,0.031746,0.634921
1.428571,15.873015,background,0.000000,45.560001,0,0,0.047619,0.634921
1.904762,15.873015,background,0.000000,45.910000,0,0,0.063492,0.634921
2.380952,15.873015,background,0.000000,46.250000,0,0,0.079365,0.634921
2.857143,15.873015,background,0.000000,46.590000,0,1,0.095238,0.634921
3.333333,15.873015,background,0.000000,46.930000,0,1,0.111111,0.634921
3.809524,15.873015,MEMS_1,3.000000,47.279999,1,1,0.126984,0.634921
4.285714,15.873015,MEMS_1,3.000000,47.630001,1,1,0.142857,0.634921
4.761905,15.873015,MEMS_1,3.000000,47.970001,1,1,0.158730,0.634921
5.238095,15.873015,MEMS_1,3.000000,48.299999,1,1,0.174603,0.634921
5.714286,15.873015,DRAM_0,20.000000,48.590000,1,1,0.190476,0.634921
6.190476,15.873015,DRAM_0,20.000000,48.849998,1,0,0.206349,0.634921
6.666667,15.873015,DRAM_0,20.000000,49.080002,1,0,0.222222,0.634921
7.142857,15.873015,DRAM_0,20.000000,49.279999,1,0,0.238095,0.634921
7.619048,15.873015,DRAM_0,20.000000,49.450001,1,0,0.253968,0.634921
8.095238,15.873015,DRAM_0,20.000000,49.590000,1,0,0.269841,0.634921
8.571428,15.873015,DRAM_0,20.000000,49.720001,1,0,0.285714,0.634921
9.047619,15.873015,DRAM_0,20.000000,49.820000,1,0,0.301587,0.634921
9.523809,15.873015,DRAM_0,20.000000,49.910000,1,0,0.317460,0.634921
10.000000,15.873015,DRAM_0,20.000000,50.000000,1,0,0.333333,0.634921
10.476191,15.873015,DRAM_0,20.000000,50.139999,1,0,0.349206,0.634921
10.952381,15.873015,DRAM_0,20.000000,50.410000,1,0,0.365079,0.634921
11.428572,15.873015,DRAM_0,20.000000,50.980000,1,0,0.380952,0.634921
11.904762,15.873015,DRAM_0,20.000000,52.070000,1,0,0.396825,0.634921
12.380953,15.873015,DRAM_0,20.000000,53.430000,1,0,0.412698,0.634921
12.857142,15.873015,DRAM_0,20.000000,54.180000,1,0,0.428571,0.634921
13.333333,15.873015,DRAM_0,20.000000,54.419998,1,0,0.444444,0.634921
13.809524,15.873015,DRAM_0,20.000000,54.279999,1,0,0.460317,0.634921
14.285714,15.873015,DRAM_0,20.000000,53.750000,1,0,0.476190,0.634921
14.761905,15.873015,background,0.000000,52.830002,0,1,0.492063,0.634921
15.238095,15.873015,Analog_0,4.000000,51.889999,1,1,0.507937,0.634921
15.714286,15.873015,Analog_0,4.000000,51.090000,1,0,0.523810,0.634921
16.190475,15.873015,Analog_0,4.000000,50.650002,1,0,0.539683,0.634921
16.666666,15.873015,Analog_0,4.000000,50.549999,1,0,0.555556,0.634921
17.142857,15.873015,Analog_0,4.000000,50.810001,1,0,0.571429,0.634921
17.619047,15.873015,Analog_0,4.000000,51.430000,1,1,0.587302,0.634921
18.095238,15.873015,MEMS_0,3.000000,52.119999,1,1,0.603175,0.634921
18.571428,15.873015,MEMS_0,3.000000,52.389999,1,0,0.619048,0.634921
19.047619,15.873015,MEMS_0,3.000000,51.930000,1,0,0.634921,0.634921
19.523809,15.873015,MEMS_0,3.000000,50.570000,1,1,0.650794,0.634921
20.000000,15.873015,background,0.000000,49.110001,0,0,0.666667,0.634921
20.476191,15.873015,background,0.000000,47.779999,0,0,0.682540,0.634921
20.952381,15.873015,background,0.000000,46.720001,0,0,0.698413,0.634921
21.428572,15.873015,background,0.000000,45.860001,0,0,0.714286,0.634921
21.904762,15.873015,background,0.000000,45.130001,0,0,0.730159,0.634921
22.380953,15.873015,background,0.000000,44.500000,0,0,0.746032,0.634921
22.857143,15.873015,background,0.000000,43.939999,0,0,0.761905,0.634921
23.333334,15.873015,background,0.000000,43.439999,0,0,0.777778,0.634921
23.809525,15.873015,background,0.000000,43.000000,0,0,0.793651,0.634921
24.285715,15.873015,background,0.000000,42.610001,0,0,0.809524,0.634921
24.761906,15.873015,background,0.000000,42.250000,0,0,0.825397,0.634921
25.238094,15.873015,background,0.000000,41.930000,0,0,0.841270,0.634921
25.714285,15.873015,background,0.000000,41.630001,0,0,0.857143,0.634921
26.190475,15.873015,background,0.000000,41.349998,0,0,0.873016,0.634921
26.666666,15.873015,background,0.000000,41.090000,0,0,0.888889,0.634921
27.142857,15.873015,background,0.000000,40.860001,0,0,0.904762,0.634921
27.619047,15.873015,background,0.000000,40.639999,0,0,0.920635,0.634921
28.095238,15.873015,background,0.000000,40.450001,0,0,0.936508,0.634921
28.571428,15.873015,background,0.000000,40.279999,0,0,0.952381,0.634921
29.047619,15.873015,background,0.000000,40.139999,0,0,0.968254,0.634921
29.523809,15.873015,background,0.000000,40.029999,0,0,0.984127,0.634921
30.000000,15.873015,background,0.000000,39.980000,0,0,1.000000,0.634921
0.000000,16.269842,background,0.000000,44.560001,0,0,0.000000,0.650794
0.476190,16.269842,background,0.000000,44.700001,0,0,0.015873,0.650794
0.952381,16.269842,background,0.000000,44.950001,0,0,0.031746,0.650794
1.428571,16.269842,background,0.000000,45.340000,0,0,0.047619,0.650794
1.904762,16.269842,background,0.000000,45.680000,0,0,0.063492,0.650794
2.380952,16.269842,background,0.000000,45.990002,0,0,0.079365,0.650794
2.857143,16.269842,background,0.000000,46.310001,0,0,0.095238,0.650794
3.333333,16.269842,background,0.000000,46.610001,0,0,0.111111,0.650794
3.809524,16.269842,MEMS_1,3.000000,46.910000,1,1,0.126984,0.650794
4.285714,16.269842,MEMS_1,3.000000,47.200001,1,0,0.142857,0.650794
4.761905,16.269842,MEMS_1,3.000000,47.490002,1,0,0.158730,0.650794
5.238095,16.269842,MEMS_1,3.000000,47.750000,1,0,0.174603,0.650794
5.714286,16.269842,DRAM_0,20.000000,48.000000,1,1,0.190476,0.650794
6.190476,16.269842,DRAM_0,20.000000,48.220001,1,0,0.206349,0.650794
6.666667,16.269842,DRAM_0,20.000000,48.419998,1,0,0.222222,0.650794
7.142857,16.269842,DRAM_0,20.000000,48.599998,1,0,0.238095,0.650794
7.619048,16.269842,DRAM_0,20.000000,48.750000,1,0,0.253968,0.650794
8.095238,16.269842,DRAM_0,20.000000,48.889999,1,0,0.269841,0.650794
8.571428,16.269842,DRAM_0,20.000000,49.009998,1,0,0.285714,0.650794
9.047619,16.269842,DRAM_0,20.000000,49.110001,1,0,0.301587,0.650794
9.523809,16.269842,DRAM_0,20.000000,49.200001,1,0,0.317460,0.650794
10.000000,16.269842,DRAM_0,20.000000,49.310001,1,0,0.333333,0.650794
10.476191,16.269842,DRAM_0,20.000000,49.459999,1,0,0.349206,0.650794
10.952381,16.269842,DRAM_0,20.000000,49.750000,1,0,0.365079,0.650794
11.428572,16.269842,DRAM_0,20.000000,50.349998,1,0,0.380952,0.650794
11.904762,16.269842,DRAM_0,20.000000,51.480000,1,0,0.396825,0.650794
12.380953,16.269842,DRAM_0,20.000000,52.939999,1,0,0.412698,0.650794
12.857142,16.269842,DRAM_0,20.000000,53.740002,1,0,0.428571,0.650794
13.333333,16.269842,DRAM_0,20.000000,53.990002,1,0,0.444444,0.650794
13.809524,16.269842,DRAM_0,20.000000,53.810001,1,0,0.460317,0.650794
14.285714,16.269842,DRAM_0,20.000000,53.189999,1,0,0.476190,0.650794
14.761905,16.269842,background,0.000000,52.070000,0,1,0.492063,0.650794
15.238095,16.269842,Analog_0,4.000000,50.939999,1,1,0.507937,0.650794
15.714286,16.269842,Analog_0,4.000000,50.130001,1,0,0.523810,0.650794
16.190475,16.269842,Analog_0,4.000000,49.660000,1,0,0.539683,0.650794
16.666666,16.269842,Analog_0,4.000000,49.520000,1,0,0.555556,0.650794
17.142857,16.269842,Analog_0,4.000000,49.700001,1,0,0.571429,0.650794
17.619047,16.269842,Analog_0,4.000000,50.209999,1,1,0.587302,0.650794
18.095238,16.269842,background,0.000000,50.820000,0,1,0.603175,0.650794
18.571428,16.269842,background,0.000000,51.040001,0,1,0.619048,0.650794
19.047619,16.269842,background,0.000000,50.610001,0,1,0.634921,0.650794
19.523809,16.269842,background,0.000000,49.389999,0,1,0.650794,0.650794
20.000000,16.269842,background,0.000000,48.070000,0,0,0.666667,0.650794
20.476191,16.269842,background,0.000000,46.900002,0,0,0.682540,0.650794
20.952381,16.269842,background,0.000000,45.950001,0,0,0.698413,0.650794
21.428572,16.269842,background,0.000000,45.180000,0,0,0.714286,0.650794
21.904762,16.269842,background,0.000000,44.529999,0,0,0.730159,0.650794
22.380953,16.269842,background,0.000000,43.970001,0,0,0.746032,0.650794
22.857143,16.269842,background,0.000000,43.470001,0,0,0.761905,0.650794
23.333334,16.269842,background,0.000000,43.040001,0,0,0.777778,0.650794
23.809525,16.269842,background,0.000000,42.639999,0,0,0.793651,0.650794
24.285715,16.269842,background,0.000000,42.279999,0,0,0.809524,0.650794
24.761906,16.269842,background,0.000000,41.950001,0,0,0.825397,0.650794
25.238094,16.269842,background,0.000000,41.650002,0,0,0.841270,0.650794
25.714285,16.269842,background,0.000000,41.369999,0,0,0.857143,0.650794
26.190475,16.269842,background,0.000000,41.110001,0,0,0.873016,0.650794
26.666666,16.269842,background,0.000000,40.869999,0,0,0.888889,0.650794
27.142857,16.269842,background,0.000000,40.639999,0,0,0.904762,0.650794
27.619047,16.269842,background,0.000000,40.439999,0,0,0.920635,0.650794
28.095238,16.269842,background,0.000000,40.250000,0,0,0.936508,0.650794
28.571428,16.269842,background,0.000000,40.090000,0,0,0.952381,0.650794
29.047619,16.269842,background,0.000000,39.950001,0,0,0.968254,0.650794
29.523809,16.269842,background,0.000000,39.849998,0,0,0.984127,0.650794
30.000000,16.269842,background,0.000000,39.799999,0,0,1.000000,0.650794
0.000000,16.666666,background,0.000000,44.340000,0,0,0.000000,0.666667
0.476190,16.666666,background,0.000000,44.480000,0,0,0.015873,0.666667
0.952381,16.666666,background,0.000000,44.720001,0,0,0.031746,0.666667
1.428571,16.666666,background,0.000000,45.099998,0,0,0.047619,0.666667
1.904762,16.666666,background,0.000000,45.419998,0,0,0.063492,0.666667
2.380952,16.666666,background,0.000000,45.730000,0,0,0.079365,0.666667
2.857143,16.666666,background,0.000000,46.020000,0,0,0.095238,0.666667
3.333333,16.666666,background,0.000000,46.290001,0,0,0.111111,0.666667
3.809524,16.666666,MEMS_1,3.000000,46.560001,1,1,0.126984,0.666667
4.285714,16.666666,MEMS_1,3.000000,46.820000,1,0,0.142857,0.666667
4.761905,16.666666,MEMS_1,3.000000,47.070000,1,0,0.158730,0.666667
5.238095,16.666666,MEMS_1,3.000000,47.299999,1,0,0.174603,0.666667
5.714286,16.666666,DRAM_0,20.000000,47.509998,1,1,0.190476,0.666667
6.190476,16.666666,DRAM_0,20.000000,47.709999,1,0,0.206349,0.666667
6.666667,16.666666,DRAM_0,20.000000,47.889999,1,0,0.222222,0.666667
7.142857,16.666666,DRAM_0,20.000000,48.049999,1,0,0.238095,0.666667
7.619048,16.666666,DRAM_0,20.000000,48.189999,1,0,0.253968,0.666667
8.095238,16.666666,DRAM_0,20.000000,48.310001,1,0,0.269841,0.666667
8.571428,16.666666,DRAM_0,20.000000,48.419998,1,0,0.285714,0.666667
9.047619,16.666666,DRAM_0,20.000000,48.509998,1,0,0.301587,0.666667
9.523809,16.666666,DRAM_0,20.000000,48.599998,1,0,0.317460,0.666667
10.000000,16.666666,DRAM_0,20.000000,48.689999,1,0,0.333333,0.666667
10.476191,16.666666,DRAM_0,20.000000,48.820000,1,0,0.349206,0.666667
10.952381,16.666666,DRAM_0,20.000000,49.049999,1,0,0.365079,0.666667
11.428572,16.666666,DRAM_0,20.000000,49.480000,1,0,0.380952,0.666667
11.904762,16.666666,DRAM_0,20.000000,50.320000,1,0,0.396825,0.666667
12.380953,16.666666,DRAM_0,20.000000,51.509998,1,0,0.412698,0.666667
12.857142,16.666666,DRAM_0,20.000000,52.240002,1,0,0.428571,0.666667
13.333333,16.666666,DRAM_0,20.000000,52.470001,1,0,0.444444,0.666667
13.809524,16.666666,DRAM_0,20.000000,52.299999,1,0,0.460317,0.666667
14.285714,16.666666,DRAM_0,20.000000,51.709999,1,0,0.476190,0.666667
14.761905,16.666666,background,0.000000,50.720001,0,1,0.492063,0.666667
15.238095,16.666666,Analog_0,4.000000,49.740002,1,1,0.507937,0.666667
15.714286,16.666666,Analog_0,4.000000,49.040001,1,0,0.523810,0.666667
16.190475,16.666666,Analog_0,4.000000,48.599998,1,0,0.539683,0.666667
16.666666,16.666666,Analog_0,4.000000,48.410000,1,0,0.555556,0.666667
17.142857,16.666666,Analog_0,4.000000,48.450001,1,0,0.571429,0.666667
17.619047,16.666666,Analog_0,4.000000,48.689999,1,0,0.587302,0.666667
18.095238,16.666666,background,0.000000,49.029999,0,1,0.603175,0.666667
18.571428,16.666666,background,0.000000,49.090000,0,0,0.619048,0.666667
19.047619,16.666666,background,0.000000,48.689999,0,0,0.634921,0.666667
19.523809,16.666666,background,0.000000,47.790001,0,0,0.650794,0.666667
20.000000,16.666666,background,0.000000,46.810001,0,0,0.666667,0.666667
20.476191,16.666666,background,0.000000,45.910000,0,0,0.682540,0.666667
20.952381,16.666666,background,0.000000,45.150002,0,0,0.698413,0.666667
21.428572,16.666666,background,0.000000,44.509998,0,0,0.714286,0.666667
21.904762,16.666666,background,0.000000,43.950001,0,0,0.730159,0.666667
22.380953,16.666666,background,0.000000,43.470001,0,0,0.746032,0.666667
22.857143,16.666666,background,0.000000,43.029999,0,0,0.761905,0.666667
23.333334,16.666666,background,0.000000,42.639999,0,0,0.777778,0.666667
23.809525,16.666666,background,0.000000,42.290001,0,0,0.793651,0.666667
24.285715,16.666666,background,0.000000,41.959999,0,0,0.809524,0.666667
24.761906,16.666666,background,0.000000,41.660000,0,0,0.825397,0.666667
25.238094,16.666666,background,0.000000,41.380001,0,0,0.841270,0.666667
25.714285,16.666666,background,0.000000,41.119999,0,0,0.857143,0.666667
26.190475,16.666666,background,0.000000,40.869999,0,0,0.873016,0.666667
26.666666,16.666666,background,0.000000,40.639999,0,0,0.888889,0.666667
27.142857,16.666666,background,0.000000,40.430000,0,0,0.904762,0.666667
27.619047,16.666666,background,0.000000,40.230000,0,0,0.920635,0.666667
28.095238,16.666666,background,0.000000,40.060001,0,0,0.936508,0.666667
28.571428,16.666666,background,0.000000,39.900002,0,0,0.952381,0.666667
29.047619,16.666666,background,0.000000,39.770000,0,0,0.968254,0.666667
29.523809,16.666666,background,0.000000,39.680000,0,0,0.984127,0.666667
30.000000,16.666666,background,0.000000,39.630001,0,0,1.000000,0.666667
0.000000,17.063492,background,0.000000,44.110001,0,0,0.000000,0.682540
0.476190,17.063492,background,0.000000,44.250000,0,0,0.015873,0.682540
0.952381,17.063492,background,0.000000,44.480000,0,0,0.031746,0.682540
1.428571,17.063492,background,0.000000,44.849998,0,0,0.047619,0.682540
1.904762,17.063492,background,0.000000,45.169998,0,0,0.063492,0.682540
2.380952,17.063492,background,0.000000,45.450001,0,0,0.079365,0.682540
2.857143,17.063492,background,0.000000,45.720001,0,0,0.095238,0.682540
3.333333,17.063492,background,0.000000,45.980000,0,0,0.111111,0.682540
3.809524,17.063492,background,0.000000,46.230000,0,1,0.126984,0.682540
4.285714,17.063492,background,0.000000,46.459999,0,1,0.142857,0.682540
4.761905,17.063492,background,0.000000,46.680000,0,1,0.158730,0.682540
5.238095,17.063492,background,0.000000,46.889999,0,1,0.174603,0.682540
5.714286,17.063492,DRAM_0,20.000000,47.080002,1,1,0.190476,0.682540
6.190476,17.063492,DRAM_0,20.000000,47.259998,1,0,0.206349,0.682540
6.666667,17.063492,DRAM_0,20.000000,47.419998,1,0,0.222222,0.682540
7.142857,17.063492,DRAM_0,20.000000,47.560001,1,0,0.238095,0.682540
7.619048,17.063492,DRAM_0,20.000000,47.689999,1,0,0.253968,0.682540
8.095238,17.063492,DRAM_0,20.000000,47.799999,1,0,0.269841,0.682540
8.571428,17.063492,DRAM_0,20.000000,47.900002,1,0,0.285714,0.682540
9.047619,17.063492,DRAM_0,20.000000,47.980000,1,0,0.301587,0.682540
9.523809,17.063492,DRAM_0,20.000000,48.049999,1,0,0.317460,0.682540
10.000000,17.063492,DRAM_0,20.000000,48.130001,1,0,0.333333,0.682540
10.476191,17.063492,DRAM_0,20.000000,48.209999,1,0,0.349206,0.682540
10.952381,17.063492,DRAM_0,20.000000,48.330002,1,0,0.365079,0.682540
11.428572,17.063492,DRAM_0,20.000000,48.540001,1,0,0.380952,0.682540
11.904762,17.063492,DRAM_0,20.000000,48.939999,1,0,0.396825,0.682540
12.380953,17.063492,DRAM_0,20.000000,49.700001,1,0,0.412698,0.682540
12.857142,17.063492,DRAM_0,20.000000,50.279999,1,0,0.428571,0.682540
13.333333,17.063492,DRAM_0,20.000000,50.480000,1,0,0.444444,0.682540
13.809524,17.063492,DRAM_0,20.000000,50.330002,1,0,0.460317,0.682540
14.285714,17.063492,DRAM_0,20.000000,49.849998,1,0,0.476190,0.682540
14.761905,17.063492,background,0.000000,49.119999,0,1,0.492063,0.682540
15.238095,17.063492,Analog_0,4.000000,48.430000,1,1,0.507937,0.682540
15.714286,17.063492,Analog_0,4.000000,47.889999,1,0,0.523810,0.682540
16.190475,17.063492,Analog_0,4.000000,47.520000,1,0,0.539683,0.682540
16.666666,17.063492,Analog_0,4.000000,47.310001,1,0,0.555556,0.682540
17.142857,17.063492,Analog_0,4.000000,47.220001,1,0,0.571429,0.682540
17.619047,17.063492,Analog_0,4.000000,47.240002,1,0,0.587302,0.682540
18.095238,17.063492,background,0.000000,47.270000,0,1,0.603175,0.682540
18.571428,17.063492,background,0.000000,47.160000,0,0,0.619048,0.682540
19.047619,17.063492,background,0.000000,46.820000,0,0,0.634921,0.682540
19.523809,17.063492,background,0.000000,46.250000,0,0,0.650794,0.682540
20.000000,17.063492,background,0.000000,45.599998,0,0,0.666667,0.682540
20.476191,17.063492,background,0.000000,44.970001,0,0,0.682540,0.682540
20.952381,17.063492,background,0.000000,44.389999,0,0,0.698413,0.682540
21.428572,17.063492,background,0.000000,43.869999,0,0,0.714286,0.682540
21.904762,17.063492,background,0.000000,43.400002,0,0,0.730159,0.682540
22.380953,17.063492,background,0.000000,42.990002,0,0,0.746032,0.682540
22.857143,17.063492,background,0.000000,42.610001,0,0,0.761905,0.682540
23.333334,17.063492,background,0.000000,42.259998,0,0,0.777778,0.682540
23.809525,17.063492,background,0.000000,41.950001,0,0,0.793651,0.682540
24.285715,17.063492,background,0.000000,41.650002,0,0,0.809524,0.682540
24.761906,17.063492,background,0.000000,41.369999,0,0,0.825397,0.682540
25.238094,17.063492,background,0.000000,41.110001,0,0,0.841270,0.682540
25.714285,17.063492,background,0.000000,40.869999,0,0,0.857143,0.682540
26.190475,17.063492,background,0.000000,40.639999,0,0,0.873016,0.682540
26.666666,17.063492,background,0.000000,40.419998,0,0,0.888889,0.682540
27.142857,17.063492,background,0.000000,40.220001,0,0,0.904762,0.682540
27.619047,17.063492,background,0.000000,40.040001,0,0,0.920635,0.682540
28.095238,17.063492,background,0.000000,39.869999,0,0,0.936508,0.682540
28.571428,17.063492,background,0.000000,39.720001,0,0,0.952381,0.682540
29.047619,17.063492,background,0.000000,39.599998,0,0,0.968254,0.682540
29.523809,17.063492,background,0.000000,39.509998,0,0,0.984127,0.682540
30.000000,17.063492,background,0.000000,39.459999,0,0,1.000000,0.682540
0.000000,17.460318,background,0.000000,43.880001,0,0,0.000000,0.698413
0.476190,17.460318,background,0.000000,44.009998,0,0,0.015873,0.698413
0.952381,17.460318,background,0.000000,44.240002,0,0,0.031746,0.698413
1.428571,17.460318,background,0.000000,44.599998,0,0,0.047619,0.698413
1.904762,17.460318,background,0.000000,44.900002,0,0,0.063492,0.698413
2.380952,17.460318,background,0.000000,45.180000,0,0,0.079365,0.698413
2.857143,17.460318,background,0.000000,45.430000,0,0,0.095238,0.698413
3.333333,17.460318,background,0.000000,45.669998,0,0,0.111111,0.698413
3.809524,17.460318,background,0.000000,45.900002,0,0,0.126984,0.698413
4.285714,17.460318,background,0.000000,46.110001,0,0,0.142857,0.698413
4.761905,17.460318,background,0.000000,46.320000,0,0,0.158730,0.698413
5.238095,17.460318,background,0.000000,46.509998,0,0,0.174603,0.698413
5.714286,17.460318,DRAM_0,20.000000,46.680000,1,1,0.190476,0.698413
6.190476,17.460318,DRAM_0,20.000000,46.840000,1,0,0.206349,0.698413
6.666667,17.460318,DRAM_0,20.000000,46.990002,1,0,0.222222,0.698413
7.142857,17.460318,DRAM_0,20.000000,47.119999,1,0,0.238095,0.698413
7.619048,17.460318,DRAM_0,20.000000,47.230000,1,0,0.253968,0.698413
8.095238,17.460318,DRAM_0,20.000000,47.330002,1,0,0.269841,0.698413
8.571428,17.460318,DRAM_0,20.000000,47.419998,1,0,0.285714,0.698413
9.047619,17.460318,DRAM_0,20.000000,47.490002,1,0,0.301587,0.698413
9.523809,17.460318,DRAM_0,20.000000,47.549999,1,0,0.317460,0.698413
10.000000,17.460318,DRAM_0,20.000000,47.590000,1,0,0.333333,0.698413
10.476191,17.460318,DRAM_0,20.000000,47.630001,1,0,0.349206,0.698413
10.952381,17.460318,DRAM_0,20.000000,47.680000,1,0,0.365079,0.698413
11.428572,17.460318,DRAM_0,20.000000,47.730000,1,0,0.380952,0.698413
11.904762,17.460318,DRAM_0,20.000000,47.849998,1,0,0.396825,0.698413
12.380953,17.460318,DRAM_0,20.000000,48.180000,1,0,0.412698,0.698413
12.857142,17.460318,DRAM_0,20.000000,48.459999,1,0,0.428571,0.698413
13.333333,17.460318,DRAM_0,20.000000,48.540001,1,0,0.444444,0.698413
13.809524,17.460318,DRAM_0,20.000000,48.410000,1,0,0.460317,0.698413
14.285714,17.460318,DRAM_0,20.000000,48.090000,1,0,0.476190,0.698413
14.761905,17.460318,background,0.000000,47.639999,0,1,0.492063,0.698413
15.238095,17.460318,Analog_0,4.000000,47.189999,1,1,0.507937,0.698413
15.714286,17.460318,Analog_0,4.000000,46.810001,1,1,0.523810,0.698413
16.190475,17.460318,Analog_0,4.000000,46.500000,1,1,0.539683,0.698413
16.666666,17.460318,Analog_0,4.000000,46.279999,1,1,0.555556,0.698413
17.142857,17.460318,Analog_0,4.000000,46.130001,1,1,0.571429,0.698413
17.619047,17.460318,Analog_0,4.000000,46.029999,1,1,0.587302,0.698413
18.095238,17.460318,background,0.000000,45.910000,0,1,0.603175,0.698413
18.571428,17.460318,background,0.000000,45.730000,0,0,0.619048,0.698413
19.047619,17.460318,background,0.000000,45.439999,0,0,0.634921,0.698413
19.523809,17.460318,background,0.000000,45.049999,0,0,0.650794,0.698413
20.000000,17.460318,background,0.000000,44.599998,0,0,0.666667,0.698413
20.476191,17.460318,background,0.000000,44.139999,0,0,0.682540,0.698413
20.952381,17.460318,background,0.000000,43.689999,0,0,0.698413,0.698413
21.428572,17.460318,background,0.000000,43.279999,0,0,0.714286,0.698413
21.904762,17.460318,background,0.000000,42.889999,0,0,0.730159,0.698413
22.380953,17.460318,background,0.000000,42.529999,0,0,0.746032,0.698413
22.857143,17.460318,background,0.000000,42.209999,0,0,0.761905,0.698413
23.333334,17.460318,background,0.000000,41.900002,0,0,0.777778,0.698413
23.809525,17.460318,background,0.000000,41.610001,0,0,0.793651,0.698413
24.285715,17.460318,background,0.000000,41.349998,0,0,0.809524,0.698413
24.761906,17.460318,background,0.000000,41.090000,0,0,0.825397,0.698413
25.238094,17.460318,background,0.000000,40.849998,0,0,0.841270,0.698413
25.714285,17.460318,background,0.000000,40.630001,0,0,0.857143,0.698413
26.190475,17.460318,background,0.000000,40.410000,0,0,0.873016,0.698413
26.666666,17.460318,background,0.000000,40.209999,0,0,0.888889,0.698413
27.142857,17.460318,background,0.000000,40.020000,0,0,0.904762,0.698413
27.619047,17.460318,background,0.000000,39.840000,0,0,0.920635,0.698413
28.095238,17.460318,background,0.000000,39.680000,0,0,0.936508,0.698413
28.571428,17.460318,background,0.000000,39.540001,0,0,0.952381,0.698413
29.047619,17.460318,background,0.000000,39.419998,0,0,0.968254,0.698413
29.523809,17.460318,background,0.000000,39.330002,0,0,0.984127,0.698413
30.000000,17.460318,background,0.000000,39.290001,0,0,1.000000,0.698413
0.000000,17.857143,background,0.000000,43.639999,0,0,0.000000,0.714286
0.476190,17.857143,background,0.000000,43.770000,0,0,0.015873,0.714286
0.952381,17.857143,background,0.000000,43.990002,0,0,0.031746,0.714286
1.428571,17.857143,background,0.000000,44.349998,0,0,0.047619,0.714286
1.904762,17.857143,background,0.000000,44.639999,0,0,0.063492,0.714286
2.380952,17.857143,background,0.000000,44.900002,0,0,0.079365,0.714286
2.857143,17.857143,background,0.000000,45.139999,0,0,0.095238,0.714286
3.333333,17.857143,background,0.000000,45.369999,0,0,0.111111,0.714286
3.809524,17.857143,background,0.000000,45.580002,0,0,0.126984,0.714286
4.285714,17.857143,background,0.000000,45.779999,0,0,0.142857,0.714286
4.761905,17.857143,background,0.000000,45.959999,0,0,0.158730,0.714286
5.238095,17.857143,background,0.000000,46.139999,0,0,0.174603,0.714286
5.714286,17.857143,DRAM_0,20.000000,46.299999,1,1,0.190476,0.714286
6.190476,17.857143,DRAM_0,20.000000,46.439999,1,0,0.206349,0.714286
6.666667,17.857143,DRAM_0,20.000000,46.570000,1,0,0.222222,0.714286
7.142857,17.857143,DRAM_0,20.000000,46.689999,1,0,0.238095,0.714286
7.619048,17.857143,DRAM_0,20.000000,46.799999,1,0,0.253968,0.714286
8.095238,17.857143,DRAM_0,20.000000,46.889999,1,0,0.269841,0.714286
8.571428,17.857143,DRAM_0,20.000000,46.959999,1,0,0.285714,0.714286
9.047619,17.857143,DRAM_0,20.000000,47.020000,1,0,0.301587,0.714286
9.523809,17.857143,DRAM_0,20.000000,47.060001,1,0,0.317460,0.714286
10.000000,17.857143,DRAM_0,20.000000,47.090000,1,0,0.333333,0.714286
10.476191,17.857143,DRAM_0,20.000000,47.099998,1,0,0.349206,0.714286
10.952381,17.857143,DRAM_0,20.000000,47.090000,1,0,0.365079,0.714286
11.428572,17.857143,DRAM_0,20.000000,47.070000,1,0,0.380952,0.714286
11.904762,17.857143,DRAM_0,20.000000,47.040001,1,0,0.396825,0.714286
12.380953,17.857143,DRAM_0,20.000000,47.099998,1,0,0.412698,0.714286
12.857142,17.857143,DRAM_0,20.000000,47.150002,1,0,0.428571,0.714286
13.333333,17.857143,DRAM_0,20.000000,47.110001,1,0,0.444444,0.714286
13.809524,17.857143,DRAM_0,20.000000,46.970001,1,0,0.460317,0.714286
14.285714,17.857143,DRAM_0,20.000000,46.730000,1,0,0.476190,0.714286
14.761905,17.857143,background,0.000000,46.439999,0,1,0.492063,0.714286
15.238095,17.857143,background,0.000000,46.119999,0,0,0.507937,0.714286
15.714286,17.857143,background,0.000000,45.830002,0,0,0.523810,0.714286
16.190475,17.857143,background,0.000000,45.580002,0,0,0.539683,0.714286
16.666666,17.857143,background,0.000000,45.369999,0,0,0.555556,0.714286
17.142857,17.857143,background,0.000000,45.200001,0,0,0.571429,0.714286
17.619047,17.857143,background,0.000000,45.040001,0,0,0.587302,0.714286
18.095238,17.857143,background,0.000000,44.869999,0,0,0.603175,0.714286
18.571428,17.857143,background,0.000000,44.669998,0,0,0.619048,0.714286
19.047619,17.857143,background,0.000000,44.419998,0,0,0.634921,0.714286
19.523809,17.857143,background,0.000000,44.119999,0,0,0.650794,0.714286
20.000000,17.857143,background,0.000000,43.779999,0,0,0.666667,0.714286
20.476191,17.857143,background,0.000000,43.419998,0,0,0.682540,0.714286
20.952381,17.857143,background,0.000000,43.070000,0,0,0.698413,0.714286
21.428572,17.857143,background,0.000000,42.740002,0,0,0.714286,0.714286
21.904762,17.857143,background,0.000000,42.410000,0,0,0.730159,0.714286
22.380953,17.857143,background,0.000000,42.110001,0,0,0.746032,0.714286
22.857143,17.857143,background,0.000000,41.820000,0,0,0.761905,0.714286
23.333334,17.857143,background,0.000000,41.549999,0,0,0.777778,0.714286
23.809525,17.857143,background,0.000000,41.299999,0,0,0.793651,0.714286
24.285715,17.857143,background,0.000000,41.049999,0,0,0.809524,0.714286
24.761906,17.857143,background,0.000000,40.820000,0,0,0.825397,0.714286
25.238094,17.857143,background,0.000000,40.599998,0,0,0.841270,0.714286
25.714285,17.857143,background,0.000000,40.380001,0,0,0.857143,0.714286
26.190475,17.857143,background,0.000000,40.180000,0,0,0.873016,0.714286
26.666666,17.857143,background,0.000000,39.990002,0,0,0.888889,0.714286
27.142857,17.857143,background,0.000000,39.810001,0,0,0.904762,0.714286
27.619047,17.857143,background,0.000000,39.639999,0,0,0.920635,0.714286
28.095238,17.857143,background,0.000000,39.490002,0,0,0.936508,0.714286
28.571428,17.857143,background,0.000000,39.360001,0,0,0.952381,0.714286
29.047619,17.857143,background,0.000000,39.250000,0,0,0.968254,0.714286
29.523809,17.857143,background,0.000000,39.169998,0,0,0.984127,0.714286
30.000000,17.857143,background,0.000000,39.119999,0,0,1.000000,0.714286
0.000000,18.253969,background,0.000000,43.400002,0,0,0.000000,0.730159
0.476190,18.253969,background,0.000000,43.520000,0,0,0.015873,0.730159
0.952381,18.253969,background,0.000000,43.740002,0,0,0.031746,0.730159
1.428571,18.253969,background,0.000000,44.090000,0,0,0.047619,0.730159
1.904762,18.253969,background,0.000000,44.369999,0,0,0.063492,0.730159
2.380952,18.253969,background,0.000000,44.619999,0,0,0.079365,0.730159
2.857143,18.253969,background,0.000000,44.849998,0,0,0.095238,0.730159
3.333333,18.253969,background,0.000000,45.060001,0,0,0.111111,0.730159
3.809524,18.253969,background,0.000000,45.259998,0,0,0.126984,0.730159
4.285714,18.253969,background,0.000000,45.439999,0,0,0.142857,0.730159
4.761905,18.253969,background,0.000000,45.610001,0,0,0.158730,0.730159
5.238095,18.253969,background,0.000000,45.770000,0,0,0.174603,0.730159
5.714286,18.253969,DRAM_0,20.000000,45.919998,1,1,0.190476,0.730159
6.190476,18.253969,DRAM_0,20.000000,46.049999,1,0,0.206349,0.730159
6.666667,18.253969,DRAM_0,20.000000,46.180000,1,0,0.222222,0.730159
7.142857,18.253969,DRAM_0,20.000000,46.279999,1,0,0.238095,0.730159
7.619048,18.253969,DRAM_0,20.000000,46.380001,1,0,0.253968,0.730159
8.095238,18.253969,DRAM_0,20.000000,46.459999,1,0,0.269841,0.730159
8.571428,18.253969,DRAM_0,20.000000,46.520000,1,0,0.285714,0.730159
9.047619,18.253969,DRAM_0,20.000000,46.570000,1,0,0.301587,0.730159
9.523809,18.253969,DRAM_0,20.000000,46.599998,1,0,0.317460,0.730159
10.000000,18.253969,DRAM_0,20.000000,46.610001,1,0,0.333333,0.730159
10.476191,18.253969,DRAM_0,20.000000,46.599998,1,0,0.349206,0.730159
10.952381,18.253969,DRAM_0,20.000000,46.570000,1,0,0.365079,0.730159
11.428572,18.253969,DRAM_0,20.000000,46.490002,1,0,0.380952,0.730159
11.904762,18.253969,DRAM_0,20.000000,46.380001,1,0,0.396825,0.730159
12.380953,18.253969,DRAM_0,20.000000,46.299999,1,0,0.412698,0.730159
12.857142,18.253969,DRAM_0,20.000000,46.189999,1,0,0.428571,0.730159
13.333333,18.253969,DRAM_0,20.000000,46.060001,1,0,0.444444,0.730159
13.809524,18.253969,DRAM_0,20.000000,45.900002,1,0,0.460317,0.730159
14.285714,18.253969,DRAM_0,20.000000,45.689999,1,0,0.476190,0.730159
14.761905,18.253969,background,0.000000,45.459999,0,1,0.492063,0.730159
15.238095,18.253969,background,0.000000,45.220001,0,0,0.507937,0.730159
15.714286,18.253969,background,0.000000,44.990002,0,0,0.523810,0.730159
16.190475,18.253969,background,0.000000,44.770000,0,0,0.539683,0.730159
16.666666,18.253969,background,0.000000,44.580002,0,0,0.555556,0.730159
17.142857,18.253969,background,0.000000,44.400002,0,0,0.571429,0.730159
17.619047,18.253969,background,0.000000,44.220001,0,0,0.587302,0.730159
18.095238,18.253969,background,0.000000,44.040001,0,0,0.603175,0.730159
18.571428,18.253969,background,0.000000,43.849998,0,0,0.619048,0.730159
19.047619,18.253969,background,0.000000,43.619999,0,0,0.634921,0.730159
19.523809,18.253969,background,0.000000,43.369999,0,0,0.650794,0.730159
20.000000,18.253969,background,0.000000,43.099998,0,0,0.666667,0.730159
20.476191,18.253969,background,0.000000,42.820000,0,0,0.682540,0.730159
20.952381,18.253969,background,0.000000,42.529999,0,0,0.698413,0.730159
21.428572,18.253969,background,0.000000,42.250000,0,0,0.714286,0.730159
21.904762,18.253969,background,0.000000,41.980000,0,0,0.730159,0.730159
22.380953,18.253969,background,0.000000,41.709999,0,0,0.746032,0.730159
22.857143,18.253969,background,0.000000,41.459999,0,0,0.761905,0.730159
23.333334,18.253969,background,0.000000,41.220001,0,0,0.777778,0.730159
23.809525,18.253969,background,0.000000,40.990002,0,0,0.793651,0.730159
24.285715,18.253969,background,0.000000,40.759998,0,0,0.809524,0.730159
24.761906,18.253969,background,0.000000,40.549999,0,0,0.825397,0.730159
25.238094,18.253969,background,0.000000,40.340000,0,0,0.841270,0.730159
25.714285,18.253969,background,0.000000,40.150002,0,0,0.857143,0.730159
26.190475,18.253969,background,0.000000,39.959999,0,0,0.873016,0.730159
26.666666,18.253969,background,0.000000,39.779999,0,0,0.888889,0.730159
27.142857,18.253969,background,0.000000,39.610001,0,0,0.904762,0.730159
27.619047,18.253969,background,0.000000,39.450001,0,0,0.920635,0.730159
28.095238,18.253969,background,0.000000,39.310001,0,0,0.936508,0.730159
28.571428,18.253969,background,0.000000,39.180000,0,0,0.952381,0.730159
29.047619,18.253969,background,0.000000,39.080002,0,0,0.968254,0.730159
29.523809,18.253969,background,0.000000,39.000000,0,0,0.984127,0.730159
30.000000,18.253969,background,0.000000,38.950001,0,0,1.000000,0.730159
0.000000,18.650793,background,0.000000,43.150002,0,0,0.000000,0.746032
0.476190,18.650793,background,0.000000,43.279999,0,0,0.015873,0.746032
0.952381,18.650793,background,0.000000,43.490002,0,0,0.031746,0.746032
1.428571,18.650793,background,0.000000,43.830002,0,0,0.047619,0.746032
1.904762,18.650793,background,0.000000,44.099998,0,0,0.063492,0.746032
2.380952,18.650793,background,0.000000,44.340000,0,0,0.079365,0.746032
2.857143,18.650793,background,0.000000,44.560001,0,0,0.095238,0.746032
3.333333,18.650793,background,0.000000,44.759998,0,0,0.111111,0.746032
3.809524,18.650793,background,0.000000,44.939999,0,0,0.126984,0.746032
4.285714,18.650793,background,0.000000,45.110001,0,0,0.142857,0.746032
4.761905,18.650793,background,0.000000,45.270000,0,0,0.158730,0.746032
5.238095,18.650793,background,0.000000,45.419998,0,0,0.174603,0.746032
5.714286,18.650793,DRAM_0,20.000000,45.549999,1,1,0.190476,0.746032
6.190476,18.650793,DRAM_0,20.000000,45.680000,1,0,0.206349,0.746032
6.666667,18.650793,DRAM_0,20.000000,45.790001,1,0,0.222222,0.746032
7.142857,18.650793,DRAM_0,20.000000,45.880001,1,0,0.238095,0.746032
7.619048,18.650793,DRAM_0,20.000000,45.970001,1,0,0.253968,0.746032
8.095238,18.650793,DRAM_0,20.000000,46.040001,1,0,0.269841,0.746032
8.571428,18.650793,DRAM_0,20.000000,46.090000,1,0,0.285714,0.746032
9.047619,18.650793,DRAM_0,20.000000,46.130001,1,0,0.301587,0.746032
9.523809,18.650793,DRAM_0,20.000000,46.150002,1,0,0.317460,0.746032
10.000000,18.650793,DRAM_0,20.000000,46.150002,1,0,0.333333,0.746032
10.476191,18.650793,DRAM_0,20.000000,46.130001,1,0,0.349206,0.746032
10.952381,18.650793,DRAM_0,20.000000,46.070000,1,0,0.365079,0.746032
11.428572,18.650793,DRAM_0,20.000000,45.970001,1,0,0.380952,0.746032
11.904762,18.650793,DRAM_0,20.000000,45.820000,1,0,0.396825,0.746032
12.380953,18.650793,DRAM_0,20.000000,45.650002,1,0,0.412698,0.746032
12.857142,18.650793,DRAM_0,20.000000,45.450001,1,0,0.428571,0.746032
13.333333,18.650793,DRAM_0,20.000000,45.250000,1,0,0.444444,0.746032
13.809524,18.650793,DRAM_0,20.000000,45.060001,1,0,0.460317,0.746032
14.285714,18.650793,DRAM_0,20.000000,44.860001,1,0,0.476190,0.746032
14.761905,18.650793,background,0.000000,44.660000,0,1,0.492063,0.746032
15.238095,18.650793,background,0.000000,44.450001,0,0,0.507937,0.746032
15.714286,18.650793,background,0.000000,44.250000,0,0,0.523810,0.746032
16.190475,18.650793,background,0.000000,44.060001,0,0,0.539683,0.746032
16.666666,18.650793,background,0.000000,43.880001,0,0,0.555556,0.746032
17.142857,18.650793,background,0.000000,43.709999,0,0,0.571429,0.746032
17.619047,18.650793,background,0.000000,43.540001,0,0,0.587302,0.746032
18.095238,18.650793,background,0.000000,43.360001,0,0,0.603175,0.746032
18.571428,18.650793,background,0.000000,43.169998,0,0,0.619048,0.746032
19.047619,18.650793,background,0.000000,42.970001,0,0,0.634921,0.746032
19.523809,18.650793,background,0.000000,42.750000,0,0,0.650794,0.746032
20.000000,18.650793,background,0.000000,42.520000,0,0,0.666667,0.746032
20.476191,18.650793,background,0.000000,42.290001,0,0,0.682540,0.746032
20.952381,18.650793,background,0.000000,42.049999,0,0,0.698413,0.746032
21.428572,18.650793,background,0.000000,41.810001,0,0,0.714286,0.746032
21.904762,18.650793,background,0.000000,41.570000,0,0,0.730159,0.746032
22.380953,18.650793,background,0.000000,41.340000,0,0,0.746032,0.746032
22.857143,18.650793,background,0.000000,41.119999,0,0,0.761905,0.746032
23.333334,18.650793,background,0.000000,40.900002,0,0,0.777778,0.746032
23.809525,18.650793,background,0.000000,40.689999,0,0,0.793651,0.746032
24.285715,18.650793,background,0.000000,40.490002,0,0,0.809524,0.746032
24.761906,18.650793,background,0.000000,40.290001,0,0,0.825397,0.746032
25.238094,18.650793,background,0.000000,40.099998,0,0,0.841270,0.746032
25.714285,18.650793,background,0.000000,39.910000,0,0,0.857143,0.746032
26.190475,18.650793,background,0.000000,39.740002,0,0,0.873016,0.746032
26.666666,18.650793,background,0.000000,39.570000,0,0,0.888889,0.746032
27.142857,18.650793,background,0.000000,39.410000,0,0,0.904762,0.746032
27.619047,18.650793,background,0.000000,39.259998,0,0,0.920635,0.746032
28.095238,18.650793,background,0.000000,39.119999,0,0,0.936508,0.746032
28.571428,18.650793,background,0.000000,39.000000,0,0,0.952381,0.746032
29.047619,18.650793,background,0.000000,38.900002,0,0,0.968254,0.746032
29.523809,18.650793,background,0.000000,38.830002,0,0,0.984127,0.746032
30.000000,18.650793,background,0.000000,38.790001,0,0,1.000000,0.746032
0.000000,19.047619,background,0.000000,42.900002,0,0,0.000000,0.761905
0.476190,19.047619,background,0.000000,43.020000,0,0,0.015873,0.761905
0.952381,19.047619,background,0.000000,43.240002,0,0,0.031746,0.761905
1.428571,19.047619,background,0.000000,43.570000,0,0,0.047619,0.761905
1.904762,19.047619,background,0.000000,43.830002,0,0,0.063492,0.761905
2.380952,19.047619,background,0.000000,44.060001,0,0,0.079365,0.761905
2.857143,19.047619,background,0.000000,44.259998,0,0,0.095238,0.761905
3.333333,19.047619,background,0.000000,44.450001,0,0,0.111111,0.761905
3.809524,19.047619,background,0.000000,44.619999,0,0,0.126984,0.761905
4.285714,19.047619,background,0.000000,44.779999,0,0,0.142857,0.761905
4.761905,19.047619,background,0.000000,44.930000,0,0,0.158730,0.761905
5.238095,19.047619,background,0.000000,45.060001,0,0,0.174603,0.761905
5.714286,19.047619,DRAM_0,20.000000,45.189999,1,1,0.190476,0.761905
6.190476,19.047619,DRAM_0,20.000000,45.299999,1,0,0.206349,0.761905
6.666667,19.047619,DRAM_0,20.000000,45.400002,1,0,0.222222,0.761905
7.142857,19.047619,DRAM_0,20.000000,45.490002,1,0,0.238095,0.761905
7.619048,19.047619,DRAM_0,20.000000,45.560001,1,0,0.253968,0.761905
8.095238,19.047619,DRAM_0,20.000000,45.630001,1,0,0.269841,0.761905
8.571428,19.047619,DRAM_0,20.000000,45.669998,1,0,0.285714,0.761905
9.047619,19.047619,DRAM_0,20.000000,45.700001,1,0,0.301587,0.761905
9.523809,19.047619,DRAM_0,20.000000,45.720001,1,0,0.317460,0.761905
10.000000,19.047619,DRAM_0,20.000000,45.709999,1,0,0.333333,0.761905
10.476191,19.047619,DRAM_0,20.000000,45.680000,1,0,0.349206,0.761905
10.952381,19.047619,DRAM_0,20.000000,45.610001,1,0,0.365079,0.761905
11.428572,19.047619,DRAM_0,20.000000,45.500000,1,0,0.380952,0.761905
11.904762,19.047619,DRAM_0,20.000000,45.310001,1,0,0.396825,0.761905
12.380953,19.047619,DRAM_0,20.000000,45.090000,1,0,0.412698,0.761905
12.857142,19.047619,DRAM_0,20.000000,44.830002,1,0,0.428571,0.761905
13.333333,19.047619,DRAM_0,20.000000,44.590000,1,0,0.444444,0.761905
13.809524,19.047619,DRAM_0,20.000000,44.380001,1,0,0.460317,0.761905
14.285714,19.047619,DRAM_0,20.000000,44.180000,1,0,0.476190,0.761905
14.761905,19.047619,background,0.000000,43.980000,0,1,0.492063,0.761905
15.238095,19.047619,background,0.000000,43.799999,0,0,0.507937,0.761905
15.714286,19.047619,background,0.000000,43.619999,0,0,0.523810,0.761905
16.190475,19.047619,background,0.000000,43.439999,0,0,0.539683,0.761905
16.666666,19.047619,background,0.000000,43.270000,0,0,0.555556,0.761905
17.142857,19.047619,background,0.000000,43.110001,0,0,0.571429,0.761905
17.619047,19.047619,background,0.000000,42.939999,0,0,0.587302,0.761905
18.095238,19.047619,background,0.000000,42.779999,0,0,0.603175,0.761905
18.571428,19.047619,background,0.000000,42.599998,0,0,0.619048,0.761905
19.047619,19.047619,background,0.000000,42.419998,0,0,0.634921,0.761905
19.523809,19.047619,background,0.000000,42.230000,0,0,0.650794,0.761905
20.000000,19.047619,background,0.000000,42.029999,0,0,0.666667,0.761905
20.476191,19.047619,background,0.000000,41.820000,0,0,0.682540,0.761905
20.952381,19.047619,background,0.000000,41.610001,0,0,0.698413,0.761905
21.428572,19.047619,background,0.000000,41.400002,0,0,0.714286,0.761905
21.904762,19.047619,background,0.000000,41.200001,0,0,0.730159,0.761905
22.380953,19.047619,background,0.000000,40.990002,0,0,0.746032,0.761905
22.857143,19.047619,background,0.000000,40.790001,0,0,0.761905,0.761905
23.333334,19.047619,background,0.000000,40.599998,0,0,0.777778,0.761905
23.809525,19.047619,background,0.000000,40.400002,0,0,0.793651,0.761905
24.285715,19.047619,background,0.000000,40.220001,0,0,0.809524,0.761905
24.761906,19.047619,background,0.000000,40.029999,0,0,0.825397,0.761905
25.238094,19.047619,background,0.000000,39.860001,0,0,0.841270,0.761905
25.714285,19.047619,background,0.000000,39.689999,0,0,0.857143,0.761905
26.190475,19.047619,background,0.000000,39.520000,0,0,0.873016,0.761905
26.666666,19.047619,background,0.000000,39.360001,0,0,0.888889,0.761905
27.142857,19.047619,background,0.000000,39.209999,0,0,0.904762,0.761905
27.619047,19.047619,background,0.000000,39.070000,0,0,0.920635,0.761905
28.095238,19.047619,background,0.000000,38.939999,0,0,0.936508,0.761905
28.571428,19.047619,background,0.000000,38.830002,0,0,0.952381,0.761905
29.047619,19.047619,background,0.000000,38.730000,0,0,0.968254,0.761905
29.523809,19.047619,background,0.000000,38.660000,0,0,0.984127,0.761905
30.000000,19.047619,background,0.000000,38.630001,0,0,1.000000,0.761905
0.000000,19.444445,background,0.000000,42.650002,0,0,0.000000,0.777778
0.476190,19.444445,background,0.000000,42.770000,0,0,0.015873,0.777778
0.952381,19.444445,background,0.000000,42.980000,0,0,0.031746,0.777778
1.428571,19.444445,background,0.000000,43.299999,0,0,0.047619,0.777778
1.904762,19.444445,background,0.000000,43.560001,0,0,0.063492,0.777778
2.380952,19.444445,background,0.000000,43.770000,0,0,0.079365,0.777778
2.857143,19.444445,background,0.000000,43.970001,0,0,0.095238,0.777778
3.333333,19.444445,background,0.000000,44.139999,0,0,0.111111,0.777778
3.809524,19.444445,background,0.000000,44.299999,0,0,0.126984,0.777778
4.285714,19.444445,background,0.000000,44.450001,0,0,0.142857,0.777778
4.761905,19.444445,background,0.000000,44.590000,0,0,0.158730,0.777778
5.238095,19.444445,background,0.000000,44.709999,0,0,0.174603,0.777778
5.714286,19.444445,DRAM_0,20.000000,44.830002,1,1,0.190476,0.777778
6.190476,19.444445,DRAM_0,20.000000,44.930000,1,0,0.206349,0.777778
6.666667,19.444445,DRAM_0,20.000000,45.020000,1,0,0.222222,0.777778
7.142857,19.444445,DRAM_0,20.000000,45.099998,1,0,0.238095,0.777778
7.619048,19.444445,DRAM_0,20.000000,45.169998,1,0,0.253968,0.777778
8.095238,19.444445,DRAM_0,20.000000,45.220001,1,0,0.269841,0.777778
8.571428,19.444445,DRAM_0,20.000000,45.259998,1,0,0.285714,0.777778
9.047619,19.444445,DRAM_0,20.000000,45.290001,1,0,0.301587,0.777778
9.523809,19.444445,DRAM_0,20.000000,45.290001,1,0,0.317460,0.777778
10.000000,19.444445,DRAM_0,20.000000,45.279999,1,0,0.333333,0.777778
10.476191,19.444445,DRAM_0,20.000000,45.240002,1,0,0.349206,0.777778
10.952381,19.444445,DRAM_0,20.000000,45.169998,1,0,0.365079,0.777778
11.428572,19.444445,DRAM_0,20.000000,45.040001,1,0,0.380952,0.777778
11.904762,19.444445,DRAM_0,20.000000,44.840000,1,0,0.396825,0.777778
12.380953,19.444445,DRAM_0,20.000000,44.580002,1,0,0.412698,0.777778
12.857142,19.444445,DRAM_0,20.000000,44.290001,1,0,0.428571,0.777778
13.333333,19.444445,DRAM_0,20.000000,44.020000,1,0,0.444444,0.777778
13.809524,19.444445,DRAM_0,20.000000,43.790001,1,0,0.460317,0.777778
14.285714,19.444445,DRAM_0,20.000000,43.590000,1,0,0.476190,0.777778
14.761905,19.444445,background,0.000000,43.400002,0,1,0.492063,0.777778
15.238095,19.444445,background,0.000000,43.220001,0,0,0.507937,0.777778
15.714286,19.444445,background,0.000000,43.049999,0,0,0.523810,0.777778
16.190475,19.444445,background,0.000000,42.889999,0,0,0.539683,0.777778
16.666666,19.444445,background,0.000000,42.730000,0,0,0.555556,0.777778
17.142857,19.444445,background,0.000000,42.580002,0,0,0.571429,0.777778
17.619047,19.444445,background,0.000000,42.419998,0,0,0.587302,0.777778
18.095238,19.444445,background,0.000000,42.259998,0,0,0.603175,0.777778
18.571428,19.444445,background,0.000000,42.099998,0,0,0.619048,0.777778
19.047619,19.444445,background,0.000000,41.930000,0,0,0.634921,0.777778
19.523809,19.444445,background,0.000000,41.759998,0,0,0.650794,0.777778
20.000000,19.444445,background,0.000000,41.580002,0,0,0.666667,0.777778
20.476191,19.444445,background,0.000000,41.400002,0,0,0.682540,0.777778
20.952381,19.444445,background,0.000000,41.220001,0,0,0.698413,0.777778
21.428572,19.444445,background,0.000000,41.029999,0,0,0.714286,0.777778
21.904762,19.444445,background,0.000000,40.849998,0,0,0.730159,0.777778
22.380953,19.444445,background,0.000000,40.660000,0,0,0.746032,0.777778
22.857143,19.444445,background,0.000000,40.480000,0,0,0.761905,0.777778
23.333334,19.444445,background,0.000000,40.299999,0,0,0.777778,0.777778
23.809525,19.444445,background,0.000000,40.130001,0,0,0.793651,0.777778
24.285715,19.444445,background,0.000000,39.950001,0,0,0.809524,0.777778
24.761906,19.444445,background,0.000000,39.790001,0,0,0.825397,0.777778
25.238094,19.444445,background,0.000000,39.619999,0,0,0.841270,0.777778
25.714285,19.444445,background,0.000000,39.459999,0,0,0.857143,0.777778
26.190475,19.444445,background,0.000000,39.310001,0,0,0.873016,0.777778
26.666666,19.444445,background,0.000000,39.160000,0,0,0.888889,0.777778
27.142857,19.444445,background,0.000000,39.020000,0,0,0.904762,0.777778
27.619047,19.444445,background,0.000000,38.880001,0,0,0.920635,0.777778
28.095238,19.444445,background,0.000000,38.759998,0,0,0.936508,0.777778
28.571428,19.444445,background,0.000000,38.660000,0,0,0.952381,0.777778
29.047619,19.444445,background,0.000000,38.570000,0,0,0.968254,0.777778
29.523809,19.444445,background,0.000000,38.500000,0,0,0.984127,0.777778
30.000000,19.444445,background,0.000000,38.459999,0,0,1.000000,0.777778
0.000000,19.841270,background,0.000000,42.389999,0,0,0.000000,0.793651
0.476190,19.841270,background,0.000000,42.509998,0,0,0.015873,0.793651
0.952381,19.841270,background,0.000000,42.709999,0,0,0.031746,0.793651
1.428571,19.841270,background,0.000000,43.029999,0,0,0.047619,0.793651
1.904762,19.841270,background,0.000000,43.279999,0,0,0.063492,0.793651
2.380952,19.841270,background,0.000000,43.490002,0,0,0.079365,0.793651
2.857143,19.841270,background,0.000000,43.669998,0,0,0.095238,0.793651
3.333333,19.841270,background,0.000000,43.830002,0,0,0.111111,0.793651
3.809524,19.841270,background,0.000000,43.980000,0,0,0.126984,0.793651
4.285714,19.841270,background,0.000000,44.119999,0,0,0.142857,0.793651
4.761905,19.841270,background,0.000000,44.240002,0,0,0.158730,0.793651
5.238095,19.841270,background,0.000000,44.360001,0,0,0.174603,0.793651
5.714286,19.841270,DRAM_0,20.000000,44.459999,1,1,0.190476,0.793651
6.190476,19.841270,DRAM_0,20.000000,44.560001,1,0,0.206349,0.793651
6.666667,19.841270,DRAM_0,20.000000,44.639999,1,0,0.222222,0.793651
7.142857,19.841270,DRAM_0,20.000000,44.709999,1,0,0.238095,0.793651
7.619048,19.841270,DRAM_0,20.000000,44.770000,1,0,0.253968,0.793651
8.095238,19.841270,DRAM_0,20.000000,44.820000,1,0,0.269841,0.793651
8.571428,19.841270,DRAM_0,20.000000,44.849998,1,0,0.285714,0.793651
9.047619,19.841270,DRAM_0,20.000000,44.869999,1,0,0.301587,0.793651
9.523809,19.841270,DRAM_0,20.000000,44.869999,1,0,0.317460,0.793651
10.000000,19.841270,DRAM_0,20.000000,44.860001,1,0,0.333333,0.793651
10.476191,19.841270,DRAM_0,20.000000,44.810001,1,0,0.349206,0.793651
10.952381,19.841270,DRAM_0,20.000000,44.730000,1,0,0.365079,0.793651
11.428572,19.841270,DRAM_0,20.000000,44.599998,1,0,0.380952,0.793651
11.904762,19.841270,DRAM_0,20.000000,44.389999,1,0,0.396825,0.793651
12.380953,19.841270,DRAM_0,20.000000,44.110001,1,0,0.412698,0.793651
12.857142,19.841270,DRAM_0,20.000000,43.790001,1,0,0.428571,0.793651
13.333333,19.841270,DRAM_0,20.000000,43.509998,1,0,0.444444,0.793651
13.809524,19.841270,DRAM_0,20.000000,43.270000,1,0,0.460317,0.793651
14.285714,19.841270,DRAM_0,20.000000,43.060001,1,0,0.476190,0.793651
14.761905,19.841270,background,0.000000,42.880001,0,1,0.492063,0.793651
15.238095,19.841270,background,0.000000,42.709999,0,0,0.507937,0.793651
15.714286,19.841270,background,0.000000,42.540001,0,0,0.523810,0.793651
16.190475,19.841270,background,0.000000,42.389999,0,0,0.539683,0.793651
16.666666,19.841270,background,0.000000,42.240002,0,0,0.555556,0.793651
17.142857,19.841270,background,0.000000,42.099998,0,0,0.571429,0.793651
17.619047,19.841270,background,0.000000,41.950001,0,0,0.587302,0.793651
18.095238,19.841270,background,0.000000,41.799999,0,0,0.603175,0.793651
18.571428,19.841270,background,0.000000,41.650002,0,0,0.619048,0.793651
19.047619,19.841270,background,0.000000,41.500000,0,0,0.634921,0.793651
19.523809,19.841270,background,0.000000,41.340000,0,0,0.650794,0.793651
20.000000,19.841270,background,0.000000,41.180000,0,0,0.666667,0.793651
20.476191,19.841270,background,0.000000,41.020000,0,0,0.682540,0.793651
20.952381,19.841270,background,0.000000,40.849998,0,0,0.698413,0.793651
21.428572,19.841270,background,0.000000,40.680000,0,0,0.714286,0.793651
21.904762,19.841270,background,0.000000,40.520000,0,0,0.730159,0.793651
22.380953,19.841270,background,0.000000,40.349998,0,0,0.746032,0.793651
22.857143,19.841270,background,0.000000,40.180000,0,0,0.761905,0.793651
23.333334,19.841270,background,0.000000,40.020000,0,0,0.777778,0.793651
23.809525,19.841270,background,0.000000,39.860001,0,0,0.793651,0.793651
24.285715,19.841270,background,0.000000,39.700001,0,0,0.809524,0.793651
24.761906,19.841270,background,0.000000,39.540001,0,0,0.825397,0.793651
25.238094,19.841270,background,0.000000,39.389999,0,0,0.841270,0.793651
25.714285,19.841270,background,0.000000,39.240002,0,0,0.857143,0.793651
26.190475,19.841270,background,0.000000,39.090000,0,0,0.873016,0.793651
26.666666,19.841270,background,0.000000,38.959999,0,0,0.888889,0.793651
27.142857,19.841270,background,0.000000,38.820000,0,0,0.904762,0.793651
27.619047,19.841270,background,0.000000,38.700001,0,0,0.920635,0.793651
28.095238,19.841270,background,0.000000,38.580002,0,0,0.936508,0.793651
28.571428,19.841270,background,0.000000,38.480000,0,0,0.952381,0.793651
29.047619,19.841270,background,0.000000,38.400002,0,0,0.968254,0.793651
29.523809,19.841270,background,0.000000,38.340000,0,0,0.984127,0.793651
30.000000,19.841270,background,0.000000,38.299999,0,0,1.000000,0.793651
0.000000,20.238094,background,0.000000,42.119999,0,0,0.000000,0.809524
0.476190,20.238094,background,0.000000,42.240002,0,0,0.015873,0.809524
0.952381,20.238094,background,0.000000,42.439999,0,0,0.031746,0.809524
1.428571,20.238094,background,0.000000,42.759998,0,0,0.047619,0.809524
1.904762,20.238094,background,0.000000,43.000000,0,0,0.063492,0.809524
2.380952,20.238094,background,0.000000,43.189999,0,0,0.079365,0.809524
2.857143,20.238094,background,0.000000,43.360001,0,0,0.095238,0.809524
3.333333,20.238094,background,0.000000,43.509998,0,0,0.111111,0.809524
3.809524,20.238094,background,0.000000,43.650002,0,0,0.126984,0.809524
4.285714,20.238094,background,0.000000,43.779999,0,0,0.142857,0.809524
4.761905,20.238094,background,0.000000,43.900002,0,0,0.158730,0.809524
5.238095,20.238094,background,0.000000,44.000000,0,0,0.174603,0.809524
5.714286,20.238094,DRAM_0,20.000000,44.099998,1,1,0.190476,0.809524
6.190476,20.238094,DRAM_0,20.000000,44.180000,1,0,0.206349,0.809524
6.666667,20.238094,DRAM_0,20.000000,44.259998,1,0,0.222222,0.809524
7.142857,20.238094,DRAM_0,20.000000,44.320000,1,0,0.238095,0.809524
7.619048,20.238094,DRAM_0,20.000000,44.380001,1,0,0.253968,0.809524
8.095238,20.238094,DRAM_0,20.000000,44.419998,1,0,0.269841,0.809524
8.571428,20.238094,DRAM_0,20.000000,44.450001,1,0,0.285714,0.809524
9.047619,20.238094,DRAM_0,20.000000,44.459999,1,0,0.301587,0.809524
9.523809,20.238094,DRAM_0,20.000000,44.459999,1,0,0.317460,0.809524
10.000000,20.238094,DRAM_0,20.000000,44.439999,1,0,0.333333,0.809524
10.476191,20.238094,DRAM_0,20.000000,44.389999,1,0,0.349206,0.809524
10.952381,20.238094,DRAM_0,20.000000,44.310001,1,0,0.365079,0.809524
11.428572,20.238094,DRAM_0,20.000000,44.169998,1,0,0.380952,0.809524
11.904762,20.238094,DRAM_0,20.000000,43.950001,1,0,0.396825,0.809524
12.380953,20.238094,DRAM_0,20.000000,43.669998,1,0,0.412698,0.809524
12.857142,20.238094,DRAM_0,20.000000,43.330002,1,0,0.428571,0.809524
13.333333,20.238094,DRAM_0,20.000000,43.040001,1,0,0.444444,0.809524
13.809524,20.238094,DRAM_0,20.000000,42.790001,1,0,0.460317,0.809524
14.285714,20.238094,DRAM_0,20.000000,42.580002,1,0,0.476190,0.809524
14.761905,20.238094,background,0.000000,42.400002,0,1,0.492063,0.809524
15.238095,20.238094,background,0.000000,42.230000,0,0,0.507937,0.809524
15.714286,20.238094,background,0.000000,42.080002,0,0,0.523810,0.809524
16.190475,20.238094,background,0.000000,41.930000,0,0,0.539683,0.809524
16.666666,20.238094,background,0.000000,41.790001,0,0,0.555556,0.809524
17.142857,20.238094,background,0.000000,41.650002,0,0,0.571429,0.809524
17.619047,20.238094,background,0.000000,41.520000,0,0,0.587302,0.809524
18.095238,20.238094,background,0.000000,41.380001,0,0,0.603175,0.809524
18.571428,20.238094,background,0.000000,41.240002,0,0,0.619048,0.809524
19.047619,20.238094,background,0.000000,41.099998,0,0,0.634921,0.809524
19.523809,20.238094,background,0.000000,40.950001,0,0,0.650794,0.809524
20.000000,20.238094,background,0.000000,40.810001,0,0,0.666667,0.809524
20.476191,20.238094,background,0.000000,40.660000,0,0,0.682540,0.809524
20.952381,20.238094,background,0.000000,40.509998,0,0,0.698413,0.809524
21.428572,20.238094,background,0.000000,40.360001,0,0,0.714286,0.809524
21.904762,20.238094,background,0.000000,40.200001,0,0,0.730159,0.809524
22.380953,20.238094,background,0.000000,40.049999,0,0,0.746032,0.809524
22.857143,20.238094,background,0.000000,39.900002,0,0,0.761905,0.809524
23.333334,20.238094,background,0.000000,39.750000,0,0,0.777778,0.809524
23.809525,20.238094,background,0.000000,39.599998,0,0,0.793651,0.809524
24.285715,20.238094,background,0.000000,39.450001,0,0,0.809524,0.809524
24.761906,20.238094,background,0.000000,39.310001,0,0,0.825397,0.809524
25.238094,20.238094,background,0.000000,39.160000,0,0,0.841270,0.809524
25.714285,20.238094,background,0.000000,39.020000,0,0,0.857143,0.809524
26.190475,20.238094,background,0.000000,38.889999,0,0,0.873016,0.809524
26.666666,20.238094,background,0.000000,38.759998,0,0,0.888889,0.809524
27.142857,20.238094,background,0.000000,38.630001,0,0,0.904762,0.809524
27.619047,20.238094,background,0.000000,38.509998,0,0,0.920635,0.809524
28.095238,20.238094,background,0.000000,38.410000,0,0,0.936508,0.809524
28.571428,20.238094,background,0.000000,38.310001,0,0,0.952381,0.809524
29.047619,20.238094,background,0.000000,38.230000,0,0,0.968254,0.809524
29.523809,20.238094,background,0.000000,38.169998,0,0,0.984127,0.809524
30.000000,20.238094,background,0.000000,38.139999,0,0,1.000000,0.809524
0.000000,20.634920,background,0.000000,41.840000,0,0,0.000000,0.825397
0.476190,20.634920,background,0.000000,41.959999,0,0,0.015873,0.825397
0.952381,20.634920,background,0.000000,42.160000,0,0,0.031746,0.825397
1.428571,20.634920,background,0.000000,42.470001,0,0,0.047619,0.825397
1.904762,20.634920,background,0.000000,42.700001,0,0,0.063492,0.825397
2.380952,20.634920,background,0.000000,42.889999,0,0,0.079365,0.825397
2.857143,20.634920,background,0.000000,43.049999,0,0,0.095238,0.825397
3.333333,20.634920,background,0.000000,43.189999,0,0,0.111111,0.825397
3.809524,20.634920,background,0.000000,43.320000,0,0,0.126984,0.825397
4.285714,20.634920,background,0.000000,43.430000,0,0,0.142857,0.825397
4.761905,20.634920,background,0.000000,43.540001,0,0,0.158730,0.825397
5.238095,20.634920,background,0.000000,43.639999,0,0,0.174603,0.825397
5.714286,20.634920,DRAM_0,20.000000,43.730000,1,1,0.190476,0.825397
6.190476,20.634920,DRAM_0,20.000000,43.799999,1,0,0.206349,0.825397
6.666667,20.634920,DRAM_0,20.000000,43.869999,1,0,0.222222,0.825397
7.142857,20.634920,DRAM_0,20.000000,43.930000,1,0,0.238095,0.825397
7.619048,20.634920,DRAM_0,20.000000,43.980000,1,0,0.253968,0.825397
8.095238,20.634920,DRAM_0,20.000000,44.009998,1,0,0.269841,0.825397
8.571428,20.634920,DRAM_0,20.000000,44.040001,1,0,0.285714,0.825397
9.047619,20.634920,DRAM_0,20.000000,44.049999,1,0,0.301587,0.825397
9.523809,20.634920,DRAM_0,20.000000,44.040001,1,0,0.317460,0.825397
10.000000,20.634920,DRAM_0,20.000000,44.020000,1,0,0.333333,0.825397
10.476191,20.634920,DRAM_0,20.000000,43.970001,1,0,0.349206,0.825397
10.952381,20.634920,DRAM_0,20.000000,43.889999,1,0,0.365079,0.825397
11.428572,20.634920,DRAM_0,20.000000,43.750000,1,0,0.380952,0.825397
11.904762,20.634920,DRAM_0,20.000000,43.529999,1,0,0.396825,0.825397
12.380953,20.634920,DRAM_0,20.000000,43.230000,1,0,0.412698,0.825397
12.857142,20.634920,DRAM_0,20.000000,42.889999,1,0,0.428571,0.825397
13.333333,20.634920,DRAM_0,20.000000,42.590000,1,0,0.444444,0.825397
13.809524,20.634920,DRAM_0,20.000000,42.340000,1,0,0.460317,0.825397
14.285714,20.634920,DRAM_0,20.000000,42.139999,1,0,0.476190,0.825397
14.761905,20.634920,background,0.000000,41.959999,0,1,0.492063,0.825397
15.238095,20.634920,background,0.000000,41.790001,0,0,0.507937,0.825397
15.714286,20.634920,background,0.000000,41.650002,0,0,0.523810,0.825397
16.190475,20.634920,background,0.000000,41.509998,0,0,0.539683,0.825397
16.666666,20.634920,background,0.000000,41.380001,0,0,0.555556,0.825397
17.142857,20.634920,background,0.000000,41.250000,0,0,0.571429,0.825397
17.619047,20.634920,background,0.000000,41.119999,0,0,0.587302,0.825397
18.095238,20.634920,background,0.000000,40.990002,0,0,0.603175,0.825397
18.571428,20.634920,background,0.000000,40.860001,0,0,0.619048,0.825397
19.047619,20.634920,background,0.000000,40.730000,0,0,0.634921,0.825397
19.523809,20.634920,background,0.000000,40.590000,0,0,0.650794,0.825397
20.000000,20.634920,background,0.000000,40.459999,0,0,0.666667,0.825397
20.476191,20.634920,background,0.000000,40.320000,0,0,0.682540,0.825397
20.952381,20.634920,background,0.000000,40.180000,0,0,0.698413,0.825397
21.428572,20.634920,background,0.000000,40.049999,0,0,0.714286,0.825397
21.904762,20.634920,background,0.000000,39.910000,0,0,0.730159,0.825397
22.380953,20.634920,background,0.000000,39.759998,0,0,0.746032,0.825397
22.857143,20.634920,background,0.000000,39.619999,0,0,0.761905,0.825397
23.333334,20.634920,background,0.000000,39.480000,0,0,0.777778,0.825397
23.809525,20.634920,background,0.000000,39.349998,0,0,0.793651,0.825397
24.285715,20.634920,background,0.000000,39.209999,0,0,0.809524,0.825397
24.761906,20.634920,background,0.000000,39.070000,0,0,0.825397,0.825397
25.238094,20.634920,background,0.000000,38.939999,0,0,0.841270,0.825397
25.714285,20.634920,background,0.000000,38.810001,0,0,0.857143,0.825397
26.190475,20.634920,background,0.000000,38.680000,0,0,0.873016,0.825397
26.666666,20.634920,background,0.000000,38.560001,0,0,0.888889,0.825397
27.142857,20.634920,background,0.000000,38.439999,0,0,0.904762,0.825397
27.619047,20.634920,background,0.000000,38.330002,0,0,0.920635,0.825397
28.095238,20.634920,background,0.000000,38.230000,0,0,0.936508,0.825397
28.571428,20.634920,background,0.000000,38.139999,0,0,0.952381,0.825397
29.047619,20.634920,background,0.000000,38.070000,0,0,0.968254,0.825397
29.523809,20.634920,background,0.000000,38.009998,0,0,0.984127,0.825397
30.000000,20.634920,background,0.000000,37.980000,0,0,1.000000,0.825397
0.000000,21.031746,background,0.000000,41.549999,0,0,0.000000,0.841270
0.476190,21.031746,background,0.000000,41.669998,0,0,0.015873,0.841270
0.952381,21.031746,background,0.000000,41.869999,0,0,0.031746,0.841270
1.428571,21.031746,background,0.000000,42.180000,0,0,0.047619,0.841270
1.904762,21.031746,background,0.000000,42.389999,0,0,0.063492,0.841270
2.380952,21.031746,background,0.000000,42.570000,0,0,0.079365,0.841270
2.857143,21.031746,background,0.000000,42.720001,0,0,0.095238,0.841270
3.333333,21.031746,background,0.000000,42.849998,0,0,0.111111,0.841270
3.809524,21.031746,background,0.000000,42.970001,0,0,0.126984,0.841270
4.285714,21.031746,background,0.000000,43.080002,0,0,0.142857,0.841270
4.761905,21.031746,background,0.000000,43.169998,0,0,0.158730,0.841270
5.238095,21.031746,background,0.000000,43.259998,0,0,0.174603,0.841270
5.714286,21.031746,DRAM_0,20.000000,43.340000,1,1,0.190476,0.841270
6.190476,21.031746,DRAM_0,20.000000,43.410000,1,0,0.206349,0.841270
6.666667,21.031746,DRAM_0,20.000000,43.470001,1,0,0.222222,0.841270
7.142857,21.031746,DRAM_0,20.000000,43.529999,1,0,0.238095,0.841270
7.619048,21.031746,DRAM_0,20.000000,43.570000,1,0,0.253968,0.841270
8.095238,21.031746,DRAM_0,20.000000,43.599998,1,0,0.269841,0.841270
8.571428,21.031746,DRAM_0,20.000000,43.619999,1,0,0.285714,0.841270
9.047619,21.031746,DRAM_0,20.000000,43.630001,1,0,0.301587,0.841270
9.523809,21.031746,DRAM_0,20.000000,43.619999,1,0,0.317460,0.841270
10.000000,21.031746,DRAM_0,20.000000,43.590000,1,0,0.333333,0.841270
10.476191,21.031746,DRAM_0,20.000000,43.549999,1,0,0.349206,0.841270
10.952381,21.031746,DRAM_0,20.000000,43.459999,1,0,0.365079,0.841270
11.428572,21.031746,DRAM_0,20.000000,43.320000,1,0,0.380952,0.841270
11.904762,21.031746,DRAM_0,20.000000,43.099998,1,0,0.396825,0.841270
12.380953,21.031746,DRAM_0,20.000000,42.799999,1,0,0.412698,0.841270
12.857142,21.031746,DRAM_0,20.000000,42.450001,1,0,0.428571,0.841270
13.333333,21.031746,DRAM_0,20.000000,42.160000,1,0,0.444444,0.841270
13.809524,21.031746,DRAM_0,20.000000,41.910000,1,0,0.460317,0.841270
14.285714,21.031746,DRAM_0,20.000000,41.709999,1,0,0.476190,0.841270
14.761905,21.031746,background,0.000000,41.529999,0,1,0.492063,0.841270
15.238095,21.031746,background,0.000000,41.380001,0,0,0.507937,0.841270
15.714286,21.031746,background,0.000000,41.240002,0,0,0.523810,0.841270
16.190475,21.031746,background,0.000000,41.110001,0,0,0.539683,0.841270
16.666666,21.031746,background,0.000000,40.980000,0,0,0.555556,0.841270
17.142857,21.031746,background,0.000000,40.860001,0,0,0.571429,0.841270
17.619047,21.031746,background,0.000000,40.740002,0,0,0.587302,0.841270
18.095238,21.031746,background,0.000000,40.619999,0,0,0.603175,0.841270
18.571428,21.031746,background,0.000000,40.500000,0,0,0.619048,0.841270
19.047619,21.031746,background,0.000000,40.380001,0,0,0.634921,0.841270
19.523809,21.031746,background,0.000000,40.259998,0,0,0.650794,0.841270
20.000000,21.031746,background,0.000000,40.130001,0,0,0.666667,0.841270
20.476191,21.031746,background,0.000000,40.000000,0,0,0.682540,0.841270
20.952381,21.031746,background,0.000000,39.880001,0,0,0.698413,0.841270
21.428572,21.031746,background,0.000000,39.750000,0,0,0.714286,0.841270
21.904762,21.031746,background,0.000000,39.619999,0,0,0.730159,0.841270
22.380953,21.031746,background,0.000000,39.490002,0,0,0.746032,0.841270
22.857143,21.031746,background,0.000000,39.360001,0,0,0.761905,0.841270
23.333334,21.031746,background,0.000000,39.230000,0,0,0.777778,0.841270
23.809525,21.031746,background,0.000000,39.099998,0,0,0.793651,0.841270
24.285715,21.031746,background,0.000000,38.970001,0,0,0.809524,0.841270
24.761906,21.031746,background,0.000000,38.849998,0,0,0.825397,0.841270
25.238094,21.031746,background,0.000000,38.720001,0,0,0.841270,0.841270
25.714285,21.031746,background,0.000000,38.599998,0,0,0.857143,0.841270
26.190475,21.031746,background,0.000000,38.480000,0,0,0.873016,0.841270
26.666666,21.031746,background,0.000000,38.369999,0,0,0.888889,0.841270
27.142857,21.031746,background,0.000000,38.259998,0,0,0.904762,0.841270
27.619047,21.031746,background,0.000000,38.160000,0,0,0.920635,0.841270
28.095238,21.031746,background,0.000000,38.060001,0,0,0.936508,0.841270
28.571428,21.031746,background,0.000000,37.980000,0,0,0.952381,0.841270
29.047619,21.031746,background,0.000000,37.910000,0,0,0.968254,0.841270
29.523809,21.031746,background,0.000000,37.860001,0,0,0.984127,0.841270
30.000000,21.031746,background,0.000000,37.830002,0,0,1.000000,0.841270
0.000000,21.428572,background,0.000000,41.240002,0,0,0.000000,0.857143
0.476190,21.428572,background,0.000000,41.349998,0,0,0.015873,0.857143
0.952381,21.428572,background,0.000000,41.560001,0,0,0.031746,0.857143
1.428571,21.428572,background,0.000000,41.849998,0,0,0.047619,0.857143
1.904762,21.428572,background,0.000000,42.060001,0,0,0.063492,0.857143
2.380952,21.428572,background,0.000000,42.230000,0,0,0.079365,0.857143
2.857143,21.428572,background,0.000000,42.369999,0,0,0.095238,0.857143
3.333333,21.428572,background,0.000000,42.490002,0,0,0.111111,0.857143
3.809524,21.428572,background,0.000000,42.590000,0,0,0.126984,0.857143
4.285714,21.428572,background,0.000000,42.689999,0,0,0.142857,0.857143
4.761905,21.428572,background,0.000000,42.779999,0,0,0.158730,0.857143
5.238095,21.428572,background,0.000000,42.860001,0,0,0.174603,0.857143
5.714286,21.428572,DRAM_0,20.000000,42.930000,1,1,0.190476,0.857143
6.190476,21.428572,DRAM_0,20.000000,43.000000,1,0,0.206349,0.857143
6.666667,21.428572,DRAM_0,20.000000,43.049999,1,0,0.222222,0.857143
7.142857,21.428572,DRAM_0,20.000000,43.099998,1,0,0.238095,0.857143
7.619048,21.428572,DRAM_0,20.000000,43.139999,1,0,0.253968,0.857143
8.095238,21.428572,DRAM_0,20.000000,43.169998,1,0,0.269841,0.857143
8.571428,21.428572,DRAM_0,20.000000,43.189999,1,0,0.285714,0.857143
9.047619,21.428572,DRAM_0,20.000000,43.189999,1,0,0.301587,0.857143
9.523809,21.428572,DRAM_0,20.000000,43.180000,1,0,0.317460,0.857143
10.000000,21.428572,DRAM_0,20.000000,43.160000,1,0,0.333333,0.857143
10.476191,21.428572,DRAM_0,20.000000,43.110001,1,0,0.349206,0.857143
10.952381,21.428572,DRAM_0,20.000000,43.020000,1,0,0.365079,0.857143
11.428572,21.428572,DRAM_0,20.000000,42.889999,1,0,0.380952,0.857143
11.904762,21.428572,DRAM_0,20.000000,42.660000,1,0,0.396825,0.857143
12.380953,21.428572,DRAM_0,20.000000,42.360001,1,0,0.412698,0.857143
12.857142,21.428572,DRAM_0,20.000000,42.020000,1,0,0.428571,0.857143
13.333333,21.428572,DRAM_0,20.000000,41.730000,1,0,0.444444,0.857143
13.809524,21.428572,DRAM_0,20.000000,41.490002,1,0,0.460317,0.857143
14.285714,21.428572,DRAM_0,20.000000,41.299999,1,0,0.476190,0.857143
14.761905,21.428572,background,0.000000,41.130001,0,1,0.492063,0.857143
15.238095,21.428572,background,0.000000,40.980000,0,0,0.507937,0.857143
15.714286,21.428572,background,0.000000,40.849998,0,0,0.523810,0.857143
16.190475,21.428572,background,0.000000,40.730000,0,0,0.539683,0.857143
16.666666,21.428572,background,0.000000,40.610001,0,0,0.555556,0.857143
17.142857,21.428572,background,0.000000,40.500000,0,0,0.571429,0.857143
17.619047,21.428572,background,0.000000,40.389999,0,0,0.587302,0.857143
18.095238,21.428572,background,0.000000,40.270000,0,0,0.603175,0.857143
18.571428,21.428572,background,0.000000,40.160000,0,0,0.619048,0.857143
19.047619,21.428572,background,0.000000,40.049999,0,0,0.634921,0.857143
19.523809,21.428572,background,0.000000,39.930000,0,0,0.650794,0.857143
20.000000,21.428572,background,0.000000,39.820000,0,0,0.666667,0.857143
20.476191,21.428572,background,0.000000,39.700001,0,0,0.682540,0.857143
20.952381,21.428572,background,0.000000,39.580002,0,0,0.698413,0.857143
21.428572,21.428572,background,0.000000,39.459999,0,0,0.714286,0.857143
21.904762,21.428572,background,0.000000,39.340000,0,0,0.730159,0.857143
22.380953,21.428572,background,0.000000,39.220001,0,0,0.746032,0.857143
22.857143,21.428572,background,0.000000,39.099998,0,0,0.761905,0.857143
23.333334,21.428572,background,0.000000,38.980000,0,0,0.777778,0.857143
23.809525,21.428572,background,0.000000,38.860001,0,0,0.793651,0.857143
24.285715,21.428572,background,0.000000,38.740002,0,0,0.809524,0.857143
24.761906,21.428572,background,0.000000,38.630001,0,0,0.825397,0.857143
25.238094,21.428572,background,0.000000,38.509998,0,0,0.841270,0.857143
25.714285,21.428572,background,0.000000,38.400002,0,0,0.857143,0.857143
26.190475,21.428572,background,0.000000,38.290001,0,0,0.873016,0.857143
26.666666,21.428572,background,0.000000,38.180000,0,0,0.888889,0.857143
27.142857,21.428572,background,0.000000,38.080002,0,0,0.904762,0.857143
27.619047,21.428572,background,0.000000,37.980000,0,0,0.920635,0.857143
28.095238,21.428572,background,0.000000,37.889999,0,0,0.936508,0.857143
28.571428,21.428572,background,0.000000,37.810001,0,0,0.952381,0.857143
29.047619,21.428572,background,0.000000,37.750000,0,0,0.968254,0.857143
29.523809,21.428572,background,0.000000,37.700001,0,0,0.984127,0.857143
30.000000,21.428572,background,0.000000,37.669998,0,0,1.000000,0.857143
0.000000,21.825397,background,0.000000,40.889999,0,0,0.000000,0.873016
0.476190,21.825397,background,0.000000,41.000000,0,0,0.015873,0.873016
0.952381,21.825397,background,0.000000,41.200001,0,0,0.031746,0.873016
1.428571,21.825397,background,0.000000,41.490002,0,0,0.047619,0.873016
1.904762,21.825397,background,0.000000,41.680000,0,0,0.063492,0.873016
2.380952,21.825397,background,0.000000,41.830002,0,0,0.079365,0.873016
2.857143,21.825397,background,0.000000,41.959999,0,0,0.095238,0.873016
3.333333,21.825397,background,0.000000,42.070000,0,0,0.111111,0.873016
3.809524,21.825397,background,0.000000,42.169998,0,0,0.126984,0.873016
4.285714,21.825397,background,0.000000,42.259998,0,0,0.142857,0.873016
4.761905,21.825397,background,0.000000,42.340000,0,0,0.158730,0.873016
5.238095,21.825397,background,0.000000,42.419998,0,0,0.174603,0.873016
5.714286,21.825397,DRAM_0,20.000000,42.480000,1,1,0.190476,0.873016
6.190476,21.825397,DRAM_0,20.000000,42.540001,1,0,0.206349,0.873016
6.666667,21.825397,DRAM_0,20.000000,42.590000,1,0,0.222222,0.873016
7.142857,21.825397,DRAM_0,20.000000,42.639999,1,0,0.238095,0.873016
7.619048,21.825397,DRAM_0,20.000000,42.669998,1,0,0.253968,0.873016
8.095238,21.825397,DRAM_0,20.000000,42.689999,1,0,0.269841,0.873016
8.571428,21.825397,DRAM_0,20.000000,42.709999,1,0,0.285714,0.873016
9.047619,21.825397,DRAM_0,20.000000,42.709999,1,0,0.301587,0.873016
9.523809,21.825397,DRAM_0,20.000000,42.700001,1,0,0.317460,0.873016
10.000000,21.825397,DRAM_0,20.000000,42.680000,1,0,0.333333,0.873016
10.476191,21.825397,DRAM_0,20.000000,42.630001,1,0,0.349206,0.873016
10.952381,21.825397,DRAM_0,20.000000,42.549999,1,0,0.365079,0.873016
11.428572,21.825397,DRAM_0,20.000000,42.410000,1,0,0.380952,0.873016
11.904762,21.825397,DRAM_0,20.000000,42.189999,1,0,0.396825,0.873016
12.380953,21.825397,DRAM_0,20.000000,41.889999,1,0,0.412698,0.873016
12.857142,21.825397,DRAM_0,20.000000,41.560001,1,0,0.428571,0.873016
13.333333,21.825397,DRAM_0,20.000000,41.290001,1,0,0.444444,0.873016
13.809524,21.825397,DRAM_0,20.000000,41.070000,1,0,0.460317,0.873016
14.285714,21.825397,DRAM_0,20.000000,40.889999,1,0,0.476190,0.873016
14.761905,21.825397,background,0.000000,40.740002,0,1,0.492063,0.873016
15.238095,21.825397,background,0.000000,40.610001,0,0,0.507937,0.873016
15.714286,21.825397,background,0.000000,40.480000,0,0,0.523810,0.873016
16.190475,21.825397,background,0.000000,40.369999,0,0,0.539683,0.873016
16.666666,21.825397,background,0.000000,40.259998,0,0,0.555556,0.873016
17.142857,21.825397,background,0.000000,40.150002,0,0,0.571429,0.873016
17.619047,21.825397,background,0.000000,40.049999,0,0,0.587302,0.873016
18.095238,21.825397,background,0.000000,39.939999,0,0,0.603175,0.873016
18.571428,21.825397,background,0.000000,39.840000,0,0,0.619048,0.873016
19.047619,21.825397,background,0.000000,39.730000,0,0,0.634921,0.873016
19.523809,21.825397,background,0.000000,39.630001,0,0,0.650794,0.873016
20.000000,21.825397,background,0.000000,39.520000,0,0,0.666667,0.873016
20.476191,21.825397,background,0.000000,39.410000,0,0,0.682540,0.873016
20.952381,21.825397,background,0.000000,39.299999,0,0,0.698413,0.873016
21.428572,21.825397,background,0.000000,39.189999,0,0,0.714286,0.873016
21.904762,21.825397,background,0.000000,39.080002,0,0,0.730159,0.873016
22.380953,21.825397,background,0.000000,38.970001,0,0,0.746032,0.873016
22.857143,21.825397,background,0.000000,38.860001,0,0,0.761905,0.873016
23.333334,21.825397,background,0.000000,38.740002,0,0,0.777778,0.873016
23.809525,21.825397,background,0.000000,38.630001,0,0,0.793651,0.873016
24.285715,21.825397,background,0.000000,38.520000,0,0,0.809524,0.873016
24.761906,21.825397,background,0.000000,38.410000,0,0,0.825397,0.873016
25.238094,21.825397,background,0.000000,38.299999,0,0,0.841270,0.873016
25.714285,21.825397,background,0.000000,38.200001,0,0,0.857143,0.873016
26.190475,21.825397,background,0.000000,38.090000,0,0,0.873016,0.873016
26.666666,21.825397,background,0.000000,37.990002,0,0,0.888889,0.873016
27.142857,21.825397,background,0.000000,37.900002,0,0,0.904762,0.873016
27.619047,21.825397,background,0.000000,37.810001,0,0,0.920635,0.873016
28.095238,21.825397,background,0.000000,37.730000,0,0,0.936508,0.873016
28.571428,21.825397,background,0.000000,37.650002,0,0,0.952381,0.873016
29.047619,21.825397,background,0.000000,37.590000,0,0,0.968254,0.873016
29.523809,21.825397,background,0.000000,37.549999,0,0,0.984127,0.873016
30.000000,21.825397,background,0.000000,37.520000,0,0,1.000000,0.873016
0.000000,22.222221,background,0.000000,40.509998,0,0,0.000000,0.888889
0.476190,22.222221,background,0.000000,40.610001,0,0,0.015873,0.888889
0.952381,22.222221,background,0.000000,40.770000,0,0,0.031746,0.888889
1.428571,22.222221,background,0.000000,41.000000,0,0,0.047619,0.888889
1.904762,22.222221,background,0.000000,41.169998,0,0,0.063492,0.888889
2.380952,22.222221,background,0.000000,41.310001,0,0,0.079365,0.888889
2.857143,22.222221,background,0.000000,41.430000,0,0,0.095238,0.888889
3.333333,22.222221,background,0.000000,41.529999,0,0,0.111111,0.888889
3.809524,22.222221,background,0.000000,41.619999,0,0,0.126984,0.888889
4.285714,22.222221,background,0.000000,41.700001,0,0,0.142857,0.888889
4.761905,22.222221,background,0.000000,41.779999,0,0,0.158730,0.888889
5.238095,22.222221,background,0.000000,41.840000,0,0,0.174603,0.888889
5.714286,22.222221,DRAM_0,20.000000,41.900002,1,1,0.190476,0.888889
6.190476,22.222221,DRAM_0,20.000000,41.959999,1,0,0.206349,0.888889
6.666667,22.222221,DRAM_0,20.000000,42.000000,1,0,0.222222,0.888889
7.142857,22.222221,DRAM_0,20.000000,42.040001,1,0,0.238095,0.888889
7.619048,22.222221,DRAM_0,20.000000,42.070000,1,0,0.253968,0.888889
8.095238,22.222221,DRAM_0,20.000000,42.099998,1,0,0.269841,0.888889
8.571428,22.222221,DRAM_0,20.000000,42.110001,1,0,0.285714,0.888889
9.047619,22.222221,DRAM_0,20.000000,42.110001,1,0,0.301587,0.888889
9.523809,22.222221,DRAM_0,20.000000,42.099998,1,0,0.317460,0.888889
10.000000,22.222221,DRAM_0,20.000000,42.070000,1,0,0.333333,0.888889
10.476191,22.222221,DRAM_0,20.000000,42.029999,1,0,0.349206,0.888889
10.952381,22.222221,DRAM_0,20.000000,41.950001,1,0,0.365079,0.888889
11.428572,22.222221,DRAM_0,20.000000,41.820000,1,0,0.380952,0.888889
11.904762,22.222221,DRAM_0,20.000000,41.619999,1,0,0.396825,0.888889
12.380953,22.222221,DRAM_0,20.000000,41.349998,1,0,0.412698,0.888889
12.857142,22.222221,DRAM_0,20.000000,41.080002,1,0,0.428571,0.888889
13.333333,22.222221,DRAM_0,20.000000,40.849998,1,0,0.444444,0.888889
13.809524,22.222221,DRAM_0,20.000000,40.660000,1,0,0.460317,0.888889
14.285714,22.222221,DRAM_0,20.000000,40.500000,1,0,0.476190,0.888889
14.761905,22.222221,background,0.000000,40.369999,0,1,0.492063,0.888889
15.238095,22.222221,background,0.000000,40.240002,0,0,0.507937,0.888889
15.714286,22.222221,background,0.000000,40.130001,0,0,0.523810,0.888889
16.190475,22.222221,background,0.000000,40.020000,0,0,0.539683,0.888889
16.666666,22.222221,background,0.000000,39.919998,0,0,0.555556,0.888889
17.142857,22.222221,background,0.000000,39.820000,0,0,0.571429,0.888889
17.619047,22.222221,background,0.000000,39.730000,0,0,0.587302,0.888889
18.095238,22.222221,background,0.000000,39.630001,0,0,0.603175,0.888889
18.571428,22.222221,background,0.000000,39.529999,0,0,0.619048,0.888889
19.047619,22.222221,background,0.000000,39.430000,0,0,0.634921,0.888889
19.523809,22.222221,background,0.000000,39.340000,0,0,0.650794,0.888889
20.000000,22.222221,background,0.000000,39.240002,0,0,0.666667,0.888889
20.476191,22.222221,background,0.000000,39.130001,0,0,0.682540,0.888889
20.952381,22.222221,background,0.000000,39.029999,0,0,0.698413,0.888889
21.428572,22.222221,background,0.000000,38.930000,0,0,0.714286,0.888889
21.904762,22.222221,background,0.000000,38.830002,0,0,0.730159,0.888889
22.380953,22.222221,background,0.000000,38.720001,0,0,0.746032,0.888889
22.857143,22.222221,background,0.000000,38.619999,0,0,0.761905,0.888889
23.333334,22.222221,background,0.000000,38.509998,0,0,0.777778,0.888889
23.809525,22.222221,background,0.000000,38.410000,0,0,0.793651,0.888889
24.285715,22.222221,background,0.000000,38.310001,0,0,0.809524,0.888889
24.761906,22.222221,background,0.000000,38.200001,0,0,0.825397,0.888889
25.238094,22.222221,background,0.000000,38.099998,0,0,0.841270,0.888889
25.714285,22.222221,background,0.000000,38.000000,0,0,0.857143,0.888889
26.190475,22.222221,background,0.000000,37.910000,0,0,0.873016,0.888889
26.666666,22.222221,background,0.000000,37.810001,0,0,0.888889,0.888889
27.142857,22.222221,background,0.000000,37.730000,0,0,0.904762,0.888889
27.619047,22.222221,background,0.000000,37.639999,0,0,0.920635,0.888889
28.095238,22.222221,background,0.000000,37.570000,0,0,0.936508,0.888889
28.571428,22.222221,background,0.000000,37.500000,0,0,0.952381,0.888889
29.047619,22.222221,background,0.000000,37.439999,0,0,0.968254,0.888889
29.523809,22.222221,background,0.000000,37.400002,0,0,0.984127,0.888889
30.000000,22.222221,background,0.000000,37.380001,0,0,1.000000,0.888889
0.000000,22.619047,background,0.000000,40.130001,0,0,0.000000,0.904762
0.476190,22.619047,background,0.000000,40.200001,0,0,0.015873,0.904762
0.952381,22.619047,background,0.000000,40.330002,0,0,0.031746,0.904762
1.428571,22.619047,background,0.000000,40.500000,0,0,0.047619,0.904762
1.904762,22.619047,background,0.000000,40.650002,0,0,0.063492,0.904762
2.380952,22.619047,background,0.000000,40.770000,0,0,0.079365,0.904762
2.857143,22.619047,background,0.000000,40.869999,0,0,0.095238,0.904762
3.333333,22.619047,background,0.000000,40.970001,0,0,0.111111,0.904762
3.809524,22.619047,background,0.000000,41.049999,0,0,0.126984,0.904762
4.285714,22.619047,background,0.000000,41.130001,0,0,0.142857,0.904762
4.761905,22.619047,background,0.000000,41.189999,0,0,0.158730,0.904762
5.238095,22.619047,background,0.000000,41.259998,0,0,0.174603,0.904762
5.714286,22.619047,DRAM_0,20.000000,41.310001,1,1,0.190476,0.904762
6.190476,22.619047,DRAM_0,20.000000,41.360001,1,0,0.206349,0.904762
6.666667,22.619047,DRAM_0,20.000000,41.400002,1,0,0.222222,0.904762
7.142857,22.619047,DRAM_0,20.000000,41.439999,1,0,0.238095,0.904762
7.619048,22.619047,DRAM_0,20.000000,41.470001,1,0,0.253968,0.904762
8.095238,22.619047,DRAM_0,20.000000,41.480000,1,0,0.269841,0.904762
8.571428,22.619047,DRAM_0,20.000000,41.490002,1,0,0.285714,0.904762
9.047619,22.619047,DRAM_0,20.000000,41.490002,1,0,0.301587,0.904762
9.523809,22.619047,DRAM_0,20.000000,41.480000,1,0,0.317460,0.904762
10.000000,22.619047,DRAM_0,20.000000,41.450001,1,0,0.333333,0.904762
10.476191,22.619047,DRAM_0,20.000000,41.400002,1,0,0.349206,0.904762
10.952381,22.619047,DRAM_0,20.000000,41.320000,1,0,0.365079,0.904762
11.428572,22.619047,DRAM_0,20.000000,41.200001,1,0,0.380952,0.904762
11.904762,22.619047,DRAM_0,20.000000,41.029999,1,0,0.396825,0.904762
12.380953,22.619047,DRAM_0,20.000000,40.810001,1,0,0.412698,0.904762
12.857142,22.619047,DRAM_0,20.000000,40.599998,1,0,0.428571,0.904762
13.333333,22.619047,DRAM_0,20.000000,40.419998,1,0,0.444444,0.904762
13.809524,22.619047,DRAM_0,20.000000,40.259998,1,0,0.460317,0.904762
14.285714,22.619047,DRAM_0,20.000000,40.130001,1,0,0.476190,0.904762
14.761905,22.619047,background,0.000000,40.009998,0,1,0.492063,0.904762
15.238095,22.619047,background,0.000000,39.900002,0,0,0.507937,0.904762
15.714286,22.619047,background,0.000000,39.799999,0,0,0.523810,0.904762
16.190475,22.619047,background,0.000000,39.700001,0,0,0.539683,0.904762
16.666666,22.619047,background,0.000000,39.610001,0,0,0.555556,0.904762
17.142857,22.619047,background,0.000000,39.509998,0,0,0.571429,0.904762
17.619047,22.619047,background,0.000000,39.419998,0,0,0.587302,0.904762
18.095238,22.619047,background,0.000000,39.330002,0,0,0.603175,0.904762
18.571428,22.619047,background,0.000000,39.240002,0,0,0.619048,0.904762
19.047619,22.619047,background,0.000000,39.150002,0,0,0.634921,0.904762
19.523809,22.619047,background,0.000000,39.060001,0,0,0.650794,0.904762
20.000000,22.619047,background,0.000000,38.970001,0,0,0.666667,0.904762
20.476191,22.619047,background,0.000000,38.869999,0,0,0.682540,0.904762
20.952381,22.619047,background,0.000000,38.779999,0,0,0.698413,0.904762
21.428572,22.619047,background,0.000000,38.680000,0,0,0.714286,0.904762
21.904762,22.619047,background,0.000000,38.580002,0,0,0.730159,0.904762
22.380953,22.619047,background,0.000000,38.490002,0,0,0.746032,0.904762
22.857143,22.619047,background,0.000000,38.389999,0,0,0.761905,0.904762
23.333334,22.619047,background,0.000000,38.290001,0,0,0.777778,0.904762
23.809525,22.619047,background,0.000000,38.200001,0,0,0.793651,0.904762
24.285715,22.619047,background,0.000000,38.099998,0,0,0.809524,0.904762
24.761906,22.619047,background,0.000000,38.000000,0,0,0.825397,0.904762
25.238094,22.619047,background,0.000000,37.910000,0,0,0.841270,0.904762
25.714285,22.619047,background,0.000000,37.820000,0,0,0.857143,0.904762
26.190475,22.619047,background,0.000000,37.730000,0,0,0.873016,0.904762
26.666666,22.619047,background,0.000000,37.639999,0,0,0.888889,0.904762
27.142857,22.619047,background,0.000000,37.560001,0,0,0.904762,0.904762
27.619047,22.619047,background,0.000000,37.480000,0,0,0.920635,0.904762
28.095238,22.619047,background,0.000000,37.410000,0,0,0.936508,0.904762
28.571428,22.619047,background,0.000000,37.349998,0,0,0.952381,0.904762
29.047619,22.619047,background,0.000000,37.290001,0,0,0.968254,0.904762
29.523809,22.619047,background,0.000000,37.259998,0,0,0.984127,0.904762
30.000000,22.619047,background,0.000000,37.230000,0,0,1.000000,0.904762
0.000000,23.015873,background,0.000000,39.750000,0,0,0.000000,0.920635
0.476190,23.015873,background,0.000000,39.799999,0,0,0.015873,0.920635
0.952381,23.015873,background,0.000000,39.880001,0,0,0.031746,0.920635
1.428571,23.015873,background,0.000000,39.990002,0,0,0.047619,0.920635
1.904762,23.015873,background,0.000000,40.099998,0,0,0.063492,0.920635
2.380952,23.015873,background,0.000000,40.200001,0,0,0.079365,0.920635
2.857143,23.015873,background,0.000000,40.279999,0,0,0.095238,0.920635
3.333333,23.015873,background,0.000000,40.360001,0,0,0.111111,0.920635
3.809524,23.015873,background,0.000000,40.439999,0,0,0.126984,0.920635
4.285714,23.015873,background,0.000000,40.509998,0,0,0.142857,0.920635
4.761905,23.015873,background,0.000000,40.570000,0,0,0.158730,0.920635
5.238095,23.015873,background,0.000000,40.619999,0,0,0.174603,0.920635
5.714286,23.015873,DRAM_0,20.000000,40.669998,1,1,0.190476,0.920635
6.190476,23.015873,DRAM_0,20.000000,40.720001,1,0,0.206349,0.920635
6.666667,23.015873,DRAM_0,20.000000,40.750000,1,0,0.222222,0.920635
7.142857,23.015873,DRAM_0,20.000000,40.779999,1,0,0.238095,0.920635
7.619048,23.015873,DRAM_0,20.000000,40.810001,1,0,0.253968,0.920635
8.095238,23.015873,DRAM_0,20.000000,40.820000,1,0,0.269841,0.920635
8.571428,23.015873,DRAM_0,20.000000,40.830002,1,0,0.285714,0.920635
9.047619,23.015873,DRAM_0,20.000000,40.830002,1,0,0.301587,0.920635
9.523809,23.015873,DRAM_0,20.000000,40.810001,1,0,0.317460,0.920635
10.000000,23.015873,DRAM_0,20.000000,40.779999,1,0,0.333333,0.920635
10.476191,23.015873,DRAM_0,20.000000,40.740002,1,0,0.349206,0.920635
10.952381,23.015873,DRAM_0,20.000000,40.669998,1,0,0.365079,0.920635
11.428572,23.015873,DRAM_0,20.000000,40.570000,1,0,0.380952,0.920635
11.904762,23.015873,DRAM_0,20.000000,40.439999,1,0,0.396825,0.920635
12.380953,23.015873,DRAM_0,20.000000,40.299999,1,0,0.412698,0.920635
12.857142,23.015873,DRAM_0,20.000000,40.150002,1,0,0.428571,0.920635
13.333333,23.015873,DRAM_0,20.000000,40.009998,1,0,0.444444,0.920635
13.809524,23.015873,DRAM_0,20.000000,39.889999,1,0,0.460317,0.920635
14.285714,23.015873,DRAM_0,20.000000,39.770000,1,0,0.476190,0.920635
14.761905,23.015873,background,0.000000,39.669998,0,1,0.492063,0.920635
15.238095,23.015873,background,0.000000,39.570000,0,0,0.507937,0.920635
15.714286,23.015873,background,0.000000,39.480000,0,0,0.523810,0.920635
16.190475,23.015873,background,0.000000,39.389999,0,0,0.539683,0.920635
16.666666,23.015873,background,0.000000,39.310001,0,0,0.555556,0.920635
17.142857,23.015873,background,0.000000,39.220001,0,0,0.571429,0.920635
17.619047,23.015873,background,0.000000,39.139999,0,0,0.587302,0.920635
18.095238,23.015873,background,0.000000,39.060001,0,0,0.603175,0.920635
18.571428,23.015873,background,0.000000,38.970001,0,0,0.619048,0.920635
19.047619,23.015873,background,0.000000,38.889999,0,0,0.634921,0.920635
19.523809,23.015873,background,0.000000,38.799999,0,0,0.650794,0.920635
20.000000,23.015873,background,0.000000,38.709999,0,0,0.666667,0.920635
20.476191,23.015873,background,0.000000,38.630001,0,0,0.682540,0.920635
20.952381,23.015873,background,0.000000,38.540001,0,0,0.698413,0.920635
21.428572,23.015873,background,0.000000,38.450001,0,0,0.714286,0.920635
21.904762,23.015873,background,0.000000,38.360001,0,0,0.730159,0.920635
22.380953,23.015873,background,0.000000,38.270000,0,0,0.746032,0.920635
22.857143,23.015873,background,0.000000,38.180000,0,0,0.761905,0.920635
23.333334,23.015873,background,0.000000,38.090000,0,0,0.777778,0.920635
23.809525,23.015873,background,0.000000,37.990002,0,0,0.793651,0.920635
24.285715,23.015873,background,0.000000,37.900002,0,0,0.809524,0.920635
24.761906,23.015873,background,0.000000,37.820000,0,0,0.825397,0.920635
25.238094,23.015873,background,0.000000,37.730000,0,0,0.841270,0.920635
25.714285,23.015873,background,0.000000,37.639999,0,0,0.857143,0.920635
26.190475,23.015873,background,0.000000,37.560001,0,0,0.873016,0.920635
26.666666,23.015873,background,0.000000,37.480000,0,0,0.888889,0.920635
27.142857,23.015873,background,0.000000,37.400002,0,0,0.904762,0.920635
27.619047,23.015873,background,0.000000,37.330002,0,0,0.920635,0.920635
28.095238,23.015873,background,0.000000,37.259998,0,0,0.936508,0.920635
28.571428,23.015873,background,0.000000,37.200001,0,0,0.952381,0.920635
29.047619,23.015873,background,0.000000,37.150002,0,0,0.968254,0.920635
29.523809,23.015873,background,0.000000,37.119999,0,0,0.984127,0.920635
30.000000,23.015873,background,0.000000,37.099998,0,0,1.000000,0.920635
0.000000,23.412699,background,0.000000,39.410000,0,0,0.000000,0.936508
0.476190,23.412699,background,0.000000,39.439999,0,0,0.015873,0.936508
0.952381,23.412699,background,0.000000,39.490002,0,0,0.031746,0.936508
1.428571,23.412699,background,0.000000,39.560001,0,0,0.047619,0.936508
1.904762,23.412699,background,0.000000,39.639999,0,0,0.063492,0.936508
2.380952,23.412699,background,0.000000,39.720001,0,0,0.079365,0.936508
2.857143,23.412699,background,0.000000,39.790001,0,0,0.095238,0.936508
3.333333,23.412699,background,0.000000,39.860001,0,0,0.111111,0.936508
3.809524,23.412699,background,0.000000,39.919998,0,0,0.126984,0.936508
4.285714,23.412699,background,0.000000,39.980000,0,0,0.142857,0.936508
4.761905,23.412699,background,0.000000,40.040001,0,0,0.158730,0.936508
5.238095,23.412699,background,0.000000,40.090000,0,0,0.174603,0.936508
5.714286,23.412699,DRAM_0,20.000000,40.130001,1,1,0.190476,0.936508
6.190476,23.412699,DRAM_0,20.000000,40.169998,1,0,0.206349,0.936508
6.666667,23.412699,DRAM_0,20.000000,40.200001,1,0,0.222222,0.936508
7.142857,23.412699,DRAM_0,20.000000,40.230000,1,0,0.238095,0.936508
7.619048,23.412699,DRAM_0,20.000000,40.250000,1,0,0.253968,0.936508
8.095238,23.412699,DRAM_0,20.000000,40.259998,1,0,0.269841,0.936508
8.571428,23.412699,DRAM_0,20.000000,40.270000,1,0,0.285714,0.936508
9.047619,23.412699,DRAM_0,20.000000,40.259998,1,0,0.301587,0.936508
9.523809,23.412699,DRAM_0,20.000000,40.250000,1,0,0.317460,0.936508
10.000000,23.412699,DRAM_0,20.000000,40.220001,1,0,0.333333,0.936508
10.476191,23.412699,DRAM_0,20.000000,40.180000,1,0,0.349206,0.936508
10.952381,23.412699,DRAM_0,20.000000,40.119999,1,0,0.365079,0.936508
11.428572,23.412699,DRAM_0,20.000000,40.049999,1,0,0.380952,0.936508
11.904762,23.412699,DRAM_0,20.000000,39.959999,1,0,0.396825,0.936508
12.380953,23.412699,DRAM_0,20.000000,39.860001,1,0,0.412698,0.936508
12.857142,23.412699,DRAM_0,20.000000,39.750000,1,0,0.428571,0.936508
13.333333,23.412699,DRAM_0,20.000000,39.639999,1,0,0.444444,0.936508
13.809524,23.412699,DRAM_0,20.000000,39.549999,1,0,0.460317,0.936508
14.285714,23.412699,DRAM_0,20.000000,39.450001,1,0,0.476190,0.936508
14.761905,23.412699,background,0.000000,39.360001,0,1,0.492063,0.936508
15.238095,23.412699,background,0.000000,39.279999,0,0,0.507937,0.936508
15.714286,23.412699,background,0.000000,39.200001,0,0,0.523810,0.936508
16.190475,23.412699,background,0.000000,39.119999,0,0,0.539683,0.936508
16.666666,23.412699,background,0.000000,39.040001,0,0,0.555556,0.936508
17.142857,23.412699,background,0.000000,38.959999,0,0,0.571429,0.936508
17.619047,23.412699,background,0.000000,38.880001,0,0,0.587302,0.936508
18.095238,23.412699,background,0.000000,38.799999,0,0,0.603175,0.936508
18.571428,23.412699,background,0.000000,38.720001,0,0,0.619048,0.936508
19.047619,23.412699,background,0.000000,38.639999,0,0,0.634921,0.936508
19.523809,23.412699,background,0.000000,38.560001,0,0,0.650794,0.936508
20.000000,23.412699,background,0.000000,38.480000,0,0,0.666667,0.936508
20.476191,23.412699,background,0.000000,38.400002,0,0,0.682540,0.936508
20.952381,23.412699,background,0.000000,38.320000,0,0,0.698413,0.936508
21.428572,23.412699,background,0.000000,38.230000,0,0,0.714286,0.936508
21.904762,23.412699,background,0.000000,38.150002,0,0,0.730159,0.936508
22.380953,23.412699,background,0.000000,38.060001,0,0,0.746032,0.936508
22.857143,23.412699,background,0.000000,37.980000,0,0,0.761905,0.936508
23.333334,23.412699,background,0.000000,37.889999,0,0,0.777778,0.936508
23.809525,23.412699,background,0.000000,37.810001,0,0,0.793651,0.936508
24.285715,23.412699,background,0.000000,37.720001,0,0,0.809524,0.936508
24.761906,23.412699,background,0.000000,37.639999,0,0,0.825397,0.936508
25.238094,23.412699,background,0.000000,37.560001,0,0,0.841270,0.936508
25.714285,23.412699,background,0.000000,37.480000,0,0,0.857143,0.936508
26.190475,23.412699,background,0.000000,37.400002,0,0,0.873016,0.936508
26.666666,23.412699,background,0.000000,37.320000,0,0,0.888889,0.936508
27.142857,23.412699,background,0.000000,37.250000,0,0,0.904762,0.936508
27.619047,23.412699,background,0.000000,37.180000,0,0,0.920635,0.936508
28.095238,23.412699,background,0.000000,37.119999,0,0,0.936508,0.936508
28.571428,23.412699,background,0.000000,37.070000,0,0,0.952381,0.936508
29.047619,23.412699,background,0.000000,37.020000,0,0,0.968254,0.936508
29.523809,23.412699,background,0.000000,36.990002,0,0,0.984127,0.936508
30.000000,23.412699,background,0.000000,36.970001,0,0,1.000000,0.936508
0.000000,23.809525,background,0.000000,39.110001,0,0,0.000000,0.952381
0.476190,23.809525,background,0.000000,39.130001,0,0,0.015873,0.952381
0.952381,23.809525,background,0.000000,39.169998,0,0,0.031746,0.952381
1.428571,23.809525,background,0.000000,39.220001,0,0,0.047619,0.952381
1.904762,23.809525,background,0.000000,39.279999,0,0,0.063492,0.952381
2.380952,23.809525,background,0.000000,39.340000,0,0,0.079365,0.952381
2.857143,23.809525,background,0.000000,39.400002,0,0,0.095238,0.952381
3.333333,23.809525,background,0.000000,39.450001,0,0,0.111111,0.952381
3.809524,23.809525,background,0.000000,39.509998,0,0,0.126984,0.952381
4.285714,23.809525,background,0.000000,39.560001,0,0,0.142857,0.952381
4.761905,23.809525,background,0.000000,39.610001,0,0,0.158730,0.952381
5.238095,23.809525,background,0.000000,39.650002,0,0,0.174603,0.952381
5.714286,23.809525,DRAM_0,20.000000,39.689999,1,1,0.190476,0.952381
6.190476,23.809525,DRAM_0,20.000000,39.730000,1,0,0.206349,0.952381
6.666667,23.809525,DRAM_0,20.000000,39.759998,1,0,0.222222,0.952381
7.142857,23.809525,DRAM_0,20.000000,39.779999,1,0,0.238095,0.952381
7.619048,23.809525,DRAM_0,20.000000,39.799999,1,0,0.253968,0.952381
8.095238,23.809525,DRAM_0,20.000000,39.810001,1,0,0.269841,0.952381
8.571428,23.809525,DRAM_0,20.000000,39.810001,1,0,0.285714,0.952381
9.047619,23.809525,DRAM_0,20.000000,39.810001,1,0,0.301587,0.952381
9.523809,23.809525,DRAM_0,20.000000,39.790001,1,0,0.317460,0.952381
10.000000,23.809525,DRAM_0,20.000000,39.770000,1,0,0.333333,0.952381
10.476191,23.809525,DRAM_0,20.000000,39.740002,1,0,0.349206,0.952381
10.952381,23.809525,DRAM_0,20.000000,39.689999,1,0,0.365079,0.952381
11.428572,23.809525,DRAM_0,20.000000,39.630001,1,0,0.380952,0.952381
11.904762,23.809525,DRAM_0,20.000000,39.570000,1,0,0.396825,0.952381
12.380953,23.809525,DRAM_0,20.000000,39.490002,1,0,0.412698,0.952381
12.857142,23.809525,DRAM_0,20.000000,39.410000,1,0,0.428571,0.952381
13.333333,23.809525,DRAM_0,20.000000,39.330002,1,0,0.444444,0.952381
13.809524,23.809525,DRAM_0,20.000000,39.240002,1,0,0.460317,0.952381
14.285714,23.809525,DRAM_0,20.000000,39.169998,1,0,0.476190,0.952381
14.761905,23.809525,background,0.000000,39.090000,0,1,0.492063,0.952381
15.238095,23.809525,background,0.000000,39.009998,0,0,0.507937,0.952381
15.714286,23.809525,background,0.000000,38.939999,0,0,0.523810,0.952381
16.190475,23.809525,background,0.000000,38.869999,0,0,0.539683,0.952381
16.666666,23.809525,background,0.000000,38.790001,0,0,0.555556,0.952381
17.142857,23.809525,background,0.000000,38.720001,0,0,0.571429,0.952381
17.619047,23.809525,background,0.000000,38.650002,0,0,0.587302,0.952381
18.095238,23.809525,background,0.000000,38.580002,0,0,0.603175,0.952381
18.571428,23.809525,background,0.000000,38.500000,0,0,0.619048,0.952381
19.047619,23.809525,background,0.000000,38.430000,0,0,0.634921,0.952381
19.523809,23.809525,background,0.000000,38.349998,0,0,0.650794,0.952381
20.000000,23.809525,background,0.000000,38.270000,0,0,0.666667,0.952381
20.476191,23.809525,background,0.000000,38.200001,0,0,0.682540,0.952381
20.952381,23.809525,background,0.000000,38.119999,0,0,0.698413,0.952381
21.428572,23.809525,background,0.000000,38.040001,0,0,0.714286,0.952381
21.904762,23.809525,background,0.000000,37.959999,0,0,0.730159,0.952381
22.380953,23.809525,background,0.000000,37.880001,0,0,0.746032,0.952381
22.857143,23.809525,background,0.000000,37.799999,0,0,0.761905,0.952381
23.333334,23.809525,background,0.000000,37.720001,0,0,0.777778,0.952381
23.809525,23.809525,background,0.000000,37.639999,0,0,0.793651,0.952381
24.285715,23.809525,background,0.000000,37.560001,0,0,0.809524,0.952381
24.761906,23.809525,background,0.000000,37.480000,0,0,0.825397,0.952381
25.238094,23.809525,background,0.000000,37.400002,0,0,0.841270,0.952381
25.714285,23.809525,background,0.000000,37.330002,0,0,0.857143,0.952381
26.190475,23.809525,background,0.000000,37.259998,0,0,0.873016,0.952381
26.666666,23.809525,background,0.000000,37.180000,0,0,0.888889,0.952381
27.142857,23.809525,background,0.000000,37.119999,0,0,0.904762,0.952381
27.619047,23.809525,background,0.000000,37.049999,0,0,0.920635,0.952381
28.095238,23.809525,background,0.000000,37.000000,0,0,0.936508,0.952381
28.571428,23.809525,background,0.000000,36.950001,0,0,0.952381,0.952381
29.047619,23.809525,background,0.000000,36.900002,0,0,0.968254,0.952381
29.523809,23.809525,background,0.000000,36.869999,0,0,0.984127,0.952381
30.000000,23.809525,background,0.000000,36.860001,0,0,1.000000,0.952381
0.000000,24.206348,background,0.000000,38.869999,0,0,0.000000,0.968254
0.476190,24.206348,background,0.000000,38.880001,0,0,0.015873,0.968254
0.952381,24.206348,background,0.000000,38.910000,0,0,0.031746,0.968254
1.428571,24.206348,background,0.000000,38.950001,0,0,0.047619,0.968254
1.904762,24.206348,background,0.000000,38.990002,0,0,0.063492,0.968254
2.380952,24.206348,background,0.000000,39.040001,0,0,0.079365,0.968254
2.857143,24.206348,background,0.000000,39.090000,0,0,0.095238,0.968254
3.333333,24.206348,background,0.000000,39.139999,0,0,0.111111,0.968254
3.809524,24.206348,background,0.000000,39.189999,0,0,0.126984,0.968254
4.285714,24.206348,background,0.000000,39.230000,0,0,0.142857,0.968254
4.761905,24.206348,background,0.000000,39.279999,0,0,0.158730,0.968254
5.238095,24.206348,background,0.000000,39.320000,0,0,0.174603,0.968254
5.714286,24.206348,DRAM_0,20.000000,39.349998,1,1,0.190476,0.968254
6.190476,24.206348,DRAM_0,20.000000,39.380001,1,0,0.206349,0.968254
6.666667,24.206348,DRAM_0,20.000000,39.410000,1,0,0.222222,0.968254
7.142857,24.206348,DRAM_0,20.000000,39.430000,1,0,0.238095,0.968254
7.619048,24.206348,DRAM_0,20.000000,39.450001,1,0,0.253968,0.968254
8.095238,24.206348,DRAM_0,20.000000,39.459999,1,0,0.269841,0.968254
8.571428,24.206348,DRAM_0,20.000000,39.459999,1,0,0.285714,0.968254
9.047619,24.206348,DRAM_0,20.000000,39.459999,1,0,0.301587,0.968254
9.523809,24.206348,DRAM_0,20.000000,39.450001,1,0,0.317460,0.968254
10.000000,24.206348,DRAM_0,20.000000,39.430000,1,0,0.333333,0.968254
10.476191,24.206348,DRAM_0,20.000000,39.400002,1,0,0.349206,0.968254
10.952381,24.206348,DRAM_0,20.000000,39.360001,1,0,0.365079,0.968254
11.428572,24.206348,DRAM_0,20.000000,39.310001,1,0,0.380952,0.968254
11.904762,24.206348,DRAM_0,20.000000,39.259998,1,0,0.396825,0.968254
12.380953,24.206348,DRAM_0,20.000000,39.200001,1,0,0.412698,0.968254
12.857142,24.206348,DRAM_0,20.000000,39.130001,1,0,0.428571,0.968254
13.333333,24.206348,DRAM_0,20.000000,39.070000,1,0,0.444444,0.968254
13.809524,24.206348,DRAM_0,20.000000,39.000000,1,0,0.460317,0.968254
14.285714,24.206348,DRAM_0,20.000000,38.930000,1,0,0.476190,0.968254
14.761905,24.206348,background,0.000000,38.860001,0,1,0.492063,0.968254
15.238095,24.206348,background,0.000000,38.790001,0,0,0.507937,0.968254
15.714286,24.206348,background,0.000000,38.720001,0,0,0.523810,0.968254
16.190475,24.206348,background,0.000000,38.660000,0,0,0.539683,0.968254
16.666666,24.206348,background,0.000000,38.590000,0,0,0.555556,0.968254
17.142857,24.206348,background,0.000000,38.520000,0,0,0.571429,0.968254
17.619047,24.206348,background,0.000000,38.450001,0,0,0.587302,0.968254
18.095238,24.206348,background,0.000000,38.380001,0,0,0.603175,0.968254
18.571428,24.206348,background,0.000000,38.310001,0,0,0.619048,0.968254
19.047619,24.206348,background,0.000000,38.240002,0,0,0.634921,0.968254
19.523809,24.206348,background,0.000000,38.169998,0,0,0.650794,0.968254
20.000000,24.206348,background,0.000000,38.099998,0,0,0.666667,0.968254
20.476191,24.206348,background,0.000000,38.029999,0,0,0.682540,0.968254
20.952381,24.206348,background,0.000000,37.950001,0,0,0.698413,0.968254
21.428572,24.206348,background,0.000000,37.880001,0,0,0.714286,0.968254
21.904762,24.206348,background,0.000000,37.799999,0,0,0.730159,0.968254
22.380953,24.206348,background,0.000000,37.730000,0,0,0.746032,0.968254
22.857143,24.206348,background,0.000000,37.650002,0,0,0.761905,0.968254
23.333334,24.206348,background,0.000000,37.570000,0,0,0.777778,0.968254
23.809525,24.206348,background,0.000000,37.500000,0,0,0.793651,0.968254
24.285715,24.206348,background,0.000000,37.419998,0,0,0.809524,0.968254
24.761906,24.206348,background,0.000000,37.349998,0,0,0.825397,0.968254
25.238094,24.206348,background,0.000000,37.270000,0,0,0.841270,0.968254
25.714285,24.206348,background,0.000000,37.200001,0,0,0.857143,0.968254
26.190475,24.206348,background,0.000000,37.130001,0,0,0.873016,0.968254
26.666666,24.206348,background,0.000000,37.070000,0,0,0.888889,0.968254
27.142857,24.206348,background,0.000000,37.000000,0,0,0.904762,0.968254
27.619047,24.206348,background,0.000000,36.939999,0,0,0.920635,0.968254
28.095238,24.206348,background,0.000000,36.889999,0,0,0.936508,0.968254
28.571428,24.206348,background,0.000000,36.840000,0,0,0.952381,0.968254
29.047619,24.206348,background,0.000000,36.799999,0,0,0.968254,0.968254
29.523809,24.206348,background,0.000000,36.779999,0,0,0.984127,0.968254
30.000000,24.206348,background,0.000000,36.759998,0,0,1.000000,0.968254
0.000000,24.603174,background,0.000000,38.689999,0,0,0.000000,0.984127
0.476190,24.603174,background,0.000000,38.700001,0,0,0.015873,0.984127
0.952381,24.603174,background,0.000000,38.720001,0,0,0.031746,0.984127
1.428571,24.603174,background,0.000000,38.750000,0,0,0.047619,0.984127
1.904762,24.603174,background,0.000000,38.790001,0,0,0.063492,0.984127
2.380952,24.603174,background,0.000000,38.830002,0,0,0.079365,0.984127
2.857143,24.603174,background,0.000000,38.880001,0,0,0.095238,0.984127
3.333333,24.603174,background,0.000000,38.919998,0,0,0.111111,0.984127
3.809524,24.603174,background,0.000000,38.959999,0,0,0.126984,0.984127
4.285714,24.603174,background,0.000000,39.009998,0,0,0.142857,0.984127
4.761905,24.603174,background,0.000000,39.040001,0,0,0.158730,0.984127
5.238095,24.603174,background,0.000000,39.080002,0,0,0.174603,0.984127
5.714286,24.603174,background,0.000000,39.110001,0,1,0.190476,0.984127
6.190476,24.603174,background,0.000000,39.139999,0,1,0.206349,0.984127
6.666667,24.603174,background,0.000000,39.169998,0,1,0.222222,0.984127
7.142857,24.603174,background,0.000000,39.189999,0,1,0.238095,0.984127
7.619048,24.603174,background,0.000000,39.200001,0,1,0.253968,0.984127
8.095238,24.603174,background,0.000000,39.209999,0,1,0.269841,0.984127
8.571428,24.603174,background,0.000000,39.220001,0,1,0.285714,0.984127
9.047619,24.603174,background,0.000000,39.209999,0,1,0.301587,0.984127
9.523809,24.603174,background,0.000000,39.200001,0,1,0.317460,0.984127
10.000000,24.603174,background,0.000000,39.180000,0,1,0.333333,0.984127
10.476191,24.603174,background,0.000000,39.160000,0,1,0.349206,0.984127
10.952381,24.603174,background,0.000000,39.130001,0,1,0.365079,0.984127
11.428572,24.603174,background,0.000000,39.090000,0,1,0.380952,0.984127
11.904762,24.603174,background,0.000000,39.040001,0,1,0.396825,0.984127
12.380953,24.603174,background,0.000000,38.990002,0,1,0.412698,0.984127
12.857142,24.603174,background,0.000000,38.930000,0,1,0.428571,0.984127
13.333333,24.603174,background,0.000000,38.869999,0,1,0.444444,0.984127
13.809524,24.603174,background,0.000000,38.810001,0,1,0.460317,0.984127
14.285714,24.603174,background,0.000000,38.750000,0,1,0.476190,0.984127
14.761905,24.603174,background,0.000000,38.689999,0,1,0.492063,0.984127
15.238095,24.603174,background,0.000000,38.630001,0,0,0.507937,0.984127
15.714286,24.603174,background,0.000000,38.560001,0,0,0.523810,0.984127
16.190475,24.603174,background,0.000000,38.500000,0,0,0.539683,0.984127
16.666666,24.603174,background,0.000000,38.439999,0,0,0.555556,0.984127
17.142857,24.603174,background,0.000000,38.369999,0,0,0.571429,0.984127
17.619047,24.603174,background,0.000000,38.310001,0,0,0.587302,0.984127
18.095238,24.603174,background,0.000000,38.240002,0,0,0.603175,0.984127
18.571428,24.603174,background,0.000000,38.169998,0,0,0.619048,0.984127
19.047619,24.603174,background,0.000000,38.110001,0,0,0.634921,0.984127
19.523809,24.603174,background,0.000000,38.040001,0,0,0.650794,0.984127
20.000000,24.603174,background,0.000000,37.970001,0,0,0.666667,0.984127
20.476191,24.603174,background,0.000000,37.900002,0,0,0.682540,0.984127
20.952381,24.603174,background,0.000000,37.830002,0,0,0.698413,0.984127
21.428572,24.603174,background,0.000000,37.750000,0,0,0.714286,0.984127
21.904762,24.603174,background,0.000000,37.680000,0,0,0.730159,0.984127
22.380953,24.603174,background,0.000000,37.610001,0,0,0.746032,0.984127
22.857143,24.603174,background,0.000000,37.540001,0,0,0.761905,0.984127
23.333334,24.603174,background,0.000000,37.459999,0,0,0.777778,0.984127
23.809525,24.603174,background,0.000000,37.389999,0,0,0.793651,0.984127
24.285715,24.603174,background,0.000000,37.320000,0,0,0.809524,0.984127
24.761906,24.603174,background,0.000000,37.250000,0,0,0.825397,0.984127
25.238094,24.603174,background,0.000000,37.180000,0,0,0.841270,0.984127
25.714285,24.603174,background,0.000000,37.110001,0,0,0.857143,0.984127
26.190475,24.603174,background,0.000000,37.040001,0,0,0.873016,0.984127
26.666666,24.603174,background,0.000000,36.980000,0,0,0.888889,0.984127
27.142857,24.603174,background,0.000000,36.919998,0,0,0.904762,0.984127
27.619047,24.603174,background,0.000000,36.860001,0,0,0.920635,0.984127
28.095238,24.603174,background,0.000000,36.810001,0,0,0.936508,0.984127
28.571428,24.603174,background,0.000000,36.759998,0,0,0.952381,0.984127
29.047619,24.603174,background,0.000000,36.730000,0,0,0.968254,0.984127
29.523809,24.603174,background,0.000000,36.700001,0,0,0.984127,0.984127
30.000000,24.603174,background,0.000000,36.689999,0,0,1.000000,0.984127
0.000000,25.000000,background,0.000000,38.590000,0,0,0.000000,1.000000
0.476190,25.000000,background,0.000000,38.599998,0,0,0.015873,1.000000
0.952381,25.000000,background,0.000000,38.619999,0,0,0.031746,1.000000
1.428571,25.000000,background,0.000000,38.650002,0,0,0.047619,1.000000
1.904762,25.000000,background,0.000000,38.680000,0,0,0.063492,1.000000
2.380952,25.000000,background,0.000000,38.720001,0,0,0.079365,1.000000
2.857143,25.000000,background,0.000000,38.759998,0,0,0.095238,1.000000
3.333333,25.000000,background,0.000000,38.799999,0,0,0.111111,1.000000
3.809524,25.000000,background,0.000000,38.840000,0,0,0.126984,1.000000
4.285714,25.000000,background,0.000000,38.880001,0,0,0.142857,1.000000
4.761905,25.000000,background,0.000000,38.919998,0,0,0.158730,1.000000
5.238095,25.000000,background,0.000000,38.959999,0,0,0.174603,1.000000
5.714286,25.000000,background,0.000000,38.990002,0,0,0.190476,1.000000
6.190476,25.000000,background,0.000000,39.009998,0,0,0.206349,1.000000
6.666667,25.000000,background,0.000000,39.040001,0,0,0.222222,1.000000
7.142857,25.000000,background,0.000000,39.060001,0,0,0.238095,1.000000
7.619048,25.000000,background,0.000000,39.070000,0,0,0.253968,1.000000
8.095238,25.000000,background,0.000000,39.080002,0,0,0.269841,1.000000
8.571428,25.000000,background,0.000000,39.080002,0,0,0.285714,1.000000
9.047619,25.000000,background,0.000000,39.080002,0,0,0.301587,1.000000
9.523809,25.000000,background,0.000000,39.070000,0,0,0.317460,1.000000
10.000000,25.000000,background,0.000000,39.049999,0,0,0.333333,1.000000
10.476191,25.000000,background,0.000000,39.029999,0,0,0.349206,1.000000
10.952381,25.000000,background,0.000000,39.000000,0,0,0.365079,1.000000
11.428572,25.000000,background,0.000000,38.959999,0,0,0.380952,1.000000
11.904762,25.000000,background,0.000000,38.919998,0,0,0.396825,1.000000
12.380953,25.000000,background,0.000000,38.869999,0,0,0.412698,1.000000
12.857142,25.000000,background,0.000000,38.820000,0,0,0.428571,1.000000
13.333333,25.000000,background,0.000000,38.770000,0,0,0.444444,1.000000
13.809524,25.000000,background,0.000000,38.709999,0,0,0.460317,1.000000
14.285714,25.000000,background,0.000000,38.650002,0,0,0.476190,1.000000
14.761905,25.000000,background,0.000000,38.590000,0,0,0.492063,1.000000
15.238095,25.000000,background,0.000000,38.529999,0,0,0.507937,1.000000
15.714286,25.000000,background,0.000000,38.470001,0,0,0.523810,1.000000
16.190475,25.000000,background,0.000000,38.410000,0,0,0.539683,1.000000
16.666666,25.000000,background,0.000000,38.349998,0,0,0.555556,1.000000
17.142857,25.000000,background,0.000000,38.290001,0,0,0.571429,1.000000
17.619047,25.000000,background,0.000000,38.220001,0,0,0.587302,1.000000
18.095238,25.000000,background,0.000000,38.160000,0,0,0.603175,1.000000
18.571428,25.000000,background,0.000000,38.090000,0,0,0.619048,1.000000
19.047619,25.000000,background,0.000000,38.029999,0,0,0.634921,1.000000
19.523809,25.000000,background,0.000000,37.959999,0,0,0.650794,1.000000
20.000000,25.000000,background,0.000000,37.889999,0,0,0.666667,1.000000
20.476191,25.000000,background,0.000000,37.820000,0,0,0.682540,1.000000
20.952381,25.000000,background,0.000000,37.750000,0,0,0.698413,1.000000
21.428572,25.000000,background,0.000000,37.680000,0,0,0.714286,1.000000
21.904762,25.000000,background,0.000000,37.610001,0,0,0.730159,1.000000
22.380953,25.000000,background,0.000000,37.540001,0,0,0.746032,1.000000
22.857143,25.000000,background,0.000000,37.470001,0,0,0.761905,1.000000
23.333334,25.000000,background,0.000000,37.400002,0,0,0.777778,1.000000
23.809525,25.000000,background,0.000000,37.330002,0,0,0.793651,1.000000
24.285715,25.000000,background,0.000000,37.259998,0,0,0.809524,1.000000
24.761906,25.000000,background,0.000000,37.189999,0,0,0.825397,1.000000
25.238094,25.000000,background,0.000000,37.119999,0,0,0.841270,1.000000
25.714285,25.000000,background,0.000000,37.049999,0,0,0.857143,1.000000
26.190475,25.000000,background,0.000000,36.990002,0,0,0.873016,1.000000
26.666666,25.000000,background,0.000000,36.930000,0,0,0.888889,1.000000
27.142857,25.000000,background,0.000000,36.869999,0,0,0.904762,1.000000
27.619047,25.000000,background,0.000000,36.810001,0,0,0.920635,1.000000
28.095238,25.000000,background,0.000000,36.759998,0,0,0.936508,1.000000
28.571428,25.000000,background,0.000000,36.720001,0,0,0.952381,1.000000
29.047619,25.000000,background,0.000000,36.680000,0,0,0.968254,1.000000
29.523809,25.000000,background,0.000000,36.660000,0,0,0.984127,1.000000
30.000000,25.000000,background,0.000000,36.639999,0,0,1.000000,1.000000
