{
  "input": {
    "mean": [
      48.277286529541016,
      21.88888931274414,
      21.72222137451172
    ],
    "std": [
      89.96712493896484,
      14.395970344543457,
      14.819811820983887
    ]
  },
  "output": {
    "mean": [
      337.22021484375
    ],
    "std": [
      19.269641876220703
    ]
  }
}