grid_x,grid_y,chiplet_id,chiplet_power,temperature,occupancy_mask,edge_mask,coord_x_norm,coord_y_norm
0.000000,0.000000,background,0.000000,61.029999,0,0,0.000000,0.000000
0.587302,0.000000,background,0.000000,61.189999,0,0,0.015873,0.000000
1.174603,0.000000,background,0.000000,61.470001,0,0,0.031746,0.000000
1.761905,0.000000,background,0.000000,61.820000,0,0,0.047619,0.000000
2.349206,0.000000,background,0.000000,62.220001,0,0,0.063492,0.000000
2.936508,0.000000,background,0.000000,62.669998,0,0,0.079365,0.000000
3.523809,0.000000,background,0.000000,63.130001,0,0,0.095238,0.000000
4.111111,0.000000,background,0.000000,63.619999,0,0,0.111111,0.000000
4.698413,0.000000,background,0.000000,64.110001,0,0,0.126984,0.000000
5.285714,0.000000,background,0.000000,64.620003,0,0,0.142857,0.000000
5.873016,0.000000,background,0.000000,65.139999,0,0,0.158730,0.000000
6.460318,0.000000,background,0.000000,65.669998,0,0,0.174603,0.000000
7.047619,0.000000,background,0.000000,66.199997,0,0,0.190476,0.000000
7.634921,0.000000,background,0.000000,66.750000,0,0,0.206349,0.000000
8.222222,0.000000,background,0.000000,67.279999,0,0,0.222222,0.000000
8.809524,0.000000,background,0.000000,67.800003,0,0,0.238095,0.000000
9.396826,0.000000,background,0.000000,68.320000,0,0,0.253968,0.000000
9.984127,0.000000,background,0.000000,68.779999,0,0,0.269841,0.000000
10.571428,0.000000,background,0.000000,69.190002,0,0,0.285714,0.000000
11.158731,0.000000,background,0.000000,69.550003,0,0,0.301587,0.000000
11.746032,0.000000,background,0.000000,69.889999,0,0,0.317460,0.000000
12.333333,0.000000,background,0.000000,70.180000,0,0,0.333333,0.000000
12.920635,0.000000,background,0.000000,70.449997,0,0,0.349206,0.000000
13.507936,0.000000,background,0.000000,70.690002,0,0,0.365079,0.000000
14.095238,0.000000,background,0.000000,70.900002,0,0,0.380952,0.000000
14.682540,0.000000,background,0.000000,71.070000,0,0,0.396825,0.000000
15.269841,0.000000,background,0.000000,71.220001,0,0,0.412698,0.000000
15.857142,0.000000,background,0.000000,71.339996,0,0,0.428571,0.000000
16.444445,0.000000,background,0.000000,71.440002,0,0,0.444444,0.000000
17.031746,0.000000,background,0.000000,71.500000,0,0,0.460317,0.000000
17.619047,0.000000,background,0.000000,71.529999,0,0,0.476190,0.000000
18.206348,0.000000,background,0.000000,71.529999,0,0,0.492063,0.000000
18.793652,0.000000,background,0.000000,71.500000,0,0,0.507937,0.000000
19.380953,0.000000,background,0.000000,71.449997,0,1,0.523810,0.000000
19.968254,0.000000,background,0.000000,71.360001,0,1,0.539683,0.000000
20.555555,0.000000,background,0.000000,71.239998,0,1,0.555556,0.000000
21.142857,0.000000,background,0.000000,71.099998,0,1,0.571429,0.000000
21.730158,0.000000,background,0.000000,70.919998,0,1,0.587302,0.000000
22.317461,0.000000,background,0.000000,70.709999,0,1,0.603175,0.000000
22.904762,0.000000,background,0.000000,70.480003,0,1,0.619048,0.000000
23.492064,0.000000,background,0.000000,70.220001,0,1,0.634921,0.000000
24.079365,0.000000,background,0.000000,69.919998,0,1,0.650794,0.000000
24.666666,0.000000,background,0.000000,69.589996,0,1,0.666667,0.000000
25.253969,0.000000,background,0.000000,69.230003,0,1,0.682540,0.000000
25.841270,0.000000,background,0.000000,68.830002,0,1,0.698413,0.000000
26.428572,0.000000,background,0.000000,68.389999,0,1,0.714286,0.000000
27.015873,0.000000,background,0.000000,67.900002,0,1,0.730159,0.000000
27.603174,0.000000,background,0.000000,67.389999,0,1,0.746032,0.000000
28.190475,0.000000,background,0.000000,66.849998,0,0,0.761905,0.000000
28.777779,0.000000,background,0.000000,66.300003,0,0,0.777778,0.000000
29.365080,0.000000,background,0.000000,65.760002,0,0,0.793651,0.000000
29.952381,0.000000,background,0.000000,65.230003,0,0,0.809524,0.000000
30.539682,0.000000,background,0.000000,64.709999,0,0,0.825397,0.000000
31.126984,0.000000,background,0.000000,64.209999,0,0,0.841270,0.000000
31.714285,0.000000,background,0.000000,63.720001,0,0,0.857143,0.000000
32.301586,0.000000,background,0.000000,63.240002,0,0,0.873016,0.000000
32.888889,0.000000,background,0.000000,62.770000,0,0,0.888889,0.000000
33.476189,0.000000,background,0.000000,62.310001,0,0,0.904762,0.000000
34.063492,0.000000,background,0.000000,61.880001,0,0,0.920635,0.000000
34.650795,0.000000,background,0.000000,61.470001,0,0,0.936508,0.000000
35.238094,0.000000,background,0.000000,61.090000,0,0,0.952381,0.000000
35.825397,0.000000,background,0.000000,60.770000,0,0,0.968254,0.000000
36.412697,0.000000,background,0.000000,60.520000,0,0,0.984127,0.000000
37.000000,0.000000,background,0.000000,60.380001,0,0,1.000000,0.000000
0.000000,0.587302,background,0.000000,61.230000,0,0,0.000000,0.015873
0.587302,0.587302,background,0.000000,61.400002,0,0,0.015873,0.015873
1.174603,0.587302,background,0.000000,61.680000,0,0,0.031746,0.015873
1.761905,0.587302,background,0.000000,62.040001,0,0,0.047619,0.015873
2.349206,0.587302,background,0.000000,62.459999,0,0,0.063492,0.015873
2.936508,0.587302,background,0.000000,62.910000,0,0,0.079365,0.015873
3.523809,0.587302,background,0.000000,63.389999,0,0,0.095238,0.015873
4.111111,0.587302,background,0.000000,63.889999,0,0,0.111111,0.015873
4.698413,0.587302,background,0.000000,64.389999,0,0,0.126984,0.015873
5.285714,0.587302,background,0.000000,64.919998,0,0,0.142857,0.015873
5.873016,0.587302,background,0.000000,65.449997,0,0,0.158730,0.015873
6.460318,0.587302,background,0.000000,65.989998,0,0,0.174603,0.015873
7.047619,0.587302,background,0.000000,66.550003,0,0,0.190476,0.015873
7.634921,0.587302,background,0.000000,67.129997,0,0,0.206349,0.015873
8.222222,0.587302,background,0.000000,67.699997,0,0,0.222222,0.015873
8.809524,0.587302,background,0.000000,68.180000,0,0,0.238095,0.015873
9.396826,0.587302,background,0.000000,68.739998,0,0,0.253968,0.015873
9.984127,0.587302,background,0.000000,69.209999,0,0,0.269841,0.015873
10.571428,0.587302,background,0.000000,69.620003,0,0,0.285714,0.015873
11.158731,0.587302,background,0.000000,69.989998,0,0,0.301587,0.015873
11.746032,0.587302,background,0.000000,70.320000,0,0,0.317460,0.015873
12.333333,0.587302,background,0.000000,70.629997,0,0,0.333333,0.015873
12.920635,0.587302,background,0.000000,70.900002,0,0,0.349206,0.015873
13.507936,0.587302,background,0.000000,71.139999,0,0,0.365079,0.015873
14.095238,0.587302,background,0.000000,71.349998,0,0,0.380952,0.015873
14.682540,0.587302,background,0.000000,71.529999,0,0,0.396825,0.015873
15.269841,0.587302,background,0.000000,71.680000,0,0,0.412698,0.015873
15.857142,0.587302,background,0.000000,71.800003,0,0,0.428571,0.015873
16.444445,0.587302,background,0.000000,71.900002,0,0,0.444444,0.015873
17.031746,0.587302,background,0.000000,71.959999,0,0,0.460317,0.015873
17.619047,0.587302,background,0.000000,71.989998,0,0,0.476190,0.015873
18.206348,0.587302,background,0.000000,71.989998,0,0,0.492063,0.015873
18.793652,0.587302,background,0.000000,71.959999,0,1,0.507937,0.015873
19.380953,0.587302,DRAM_2,20.000000,71.910004,1,0,0.523810,0.015873
19.968254,0.587302,DRAM_2,20.000000,71.820000,1,0,0.539683,0.015873
20.555555,0.587302,DRAM_2,20.000000,71.699997,1,0,0.555556,0.015873
21.142857,0.587302,DRAM_2,20.000000,71.550003,1,0,0.571429,0.015873
21.730158,0.587302,DRAM_2,20.000000,71.370003,1,0,0.587302,0.015873
22.317461,0.587302,DRAM_2,20.000000,71.160004,1,0,0.603175,0.015873
22.904762,0.587302,DRAM_2,20.000000,70.930000,1,0,0.619048,0.015873
23.492064,0.587302,DRAM_2,20.000000,70.660004,1,0,0.634921,0.015873
24.079365,0.587302,DRAM_2,20.000000,70.360001,1,0,0.650794,0.015873
24.666666,0.587302,DRAM_2,20.000000,70.029999,1,0,0.666667,0.015873
25.253969,0.587302,DRAM_2,20.000000,69.660004,1,0,0.682540,0.015873
25.841270,0.587302,DRAM_2,20.000000,69.260002,1,0,0.698413,0.015873
26.428572,0.587302,DRAM_2,20.000000,68.809998,1,0,0.714286,0.015873
27.015873,0.587302,DRAM_2,20.000000,68.300003,1,0,0.730159,0.015873
27.603174,0.587302,DRAM_2,20.000000,67.830002,1,0,0.746032,0.015873
28.190475,0.587302,background,0.000000,67.239998,0,1,0.761905,0.015873
28.777779,0.587302,background,0.000000,66.660004,0,0,0.777778,0.015873
29.365080,0.587302,background,0.000000,66.089996,0,0,0.793651,0.015873
29.952381,0.587302,background,0.000000,65.540001,0,0,0.809524,0.015873
30.539682,0.587302,background,0.000000,65.010002,0,0,0.825397,0.015873
31.126984,0.587302,background,0.000000,64.489998,0,0,0.841270,0.015873
31.714285,0.587302,background,0.000000,63.980000,0,0,0.857143,0.015873
32.301586,0.587302,background,0.000000,63.490002,0,0,0.873016,0.015873
32.888889,0.587302,background,0.000000,63.009998,0,0,0.888889,0.015873
33.476189,0.587302,background,0.000000,62.549999,0,0,0.904762,0.015873
34.063492,0.587302,background,0.000000,62.099998,0,0,0.920635,0.015873
34.650795,0.587302,background,0.000000,61.680000,0,0,0.936508,0.015873
35.238094,0.587302,background,0.000000,61.299999,0,0,0.952381,0.015873
35.825397,0.587302,background,0.000000,60.959999,0,0,0.968254,0.015873
36.412697,0.587302,background,0.000000,60.709999,0,0,0.984127,0.015873
37.000000,0.587302,background,0.000000,60.560001,0,0,1.000000,0.015873
0.000000,1.174603,background,0.000000,61.580002,0,0,0.000000,0.031746
0.587302,1.174603,background,0.000000,61.750000,0,0,0.015873,0.031746
1.174603,1.174603,background,0.000000,62.049999,0,0,0.031746,0.031746
1.761905,1.174603,background,0.000000,62.430000,0,0,0.047619,0.031746
2.349206,1.174603,background,0.000000,62.860001,0,0,0.063492,0.031746
2.936508,1.174603,background,0.000000,63.330002,0,0,0.079365,0.031746
3.523809,1.174603,background,0.000000,63.830002,0,0,0.095238,0.031746
4.111111,1.174603,background,0.000000,64.349998,0,0,0.111111,0.031746
4.698413,1.174603,background,0.000000,64.879997,0,0,0.126984,0.031746
5.285714,1.174603,background,0.000000,65.419998,0,0,0.142857,0.031746
5.873016,1.174603,background,0.000000,65.980003,0,0,0.158730,0.031746
6.460318,1.174603,background,0.000000,66.550003,0,0,0.174603,0.031746
7.047619,1.174603,background,0.000000,67.160004,0,0,0.190476,0.031746
7.634921,1.174603,background,0.000000,67.790001,0,0,0.206349,0.031746
8.222222,1.174603,background,0.000000,68.470001,0,0,0.222222,0.031746
8.809524,1.174603,background,0.000000,69.089996,0,0,0.238095,0.031746
9.396826,1.174603,background,0.000000,69.790001,0,0,0.253968,0.031746
9.984127,1.174603,background,0.000000,70.300003,0,0,0.269841,0.031746
10.571428,1.174603,background,0.000000,70.730003,0,0,0.285714,0.031746
11.158731,1.174603,background,0.000000,71.120003,0,0,0.301587,0.031746
11.746032,1.174603,background,0.000000,71.459999,0,0,0.317460,0.031746
12.333333,1.174603,background,0.000000,71.779999,0,0,0.333333,0.031746
12.920635,1.174603,background,0.000000,72.059998,0,0,0.349206,0.031746
13.507936,1.174603,background,0.000000,72.309998,0,0,0.365079,0.031746
14.095238,1.174603,background,0.000000,72.529999,0,0,0.380952,0.031746
14.682540,1.174603,background,0.000000,72.720001,0,0,0.396825,0.031746
15.269841,1.174603,background,0.000000,72.879997,0,0,0.412698,0.031746
15.857142,1.174603,background,0.000000,73.010002,0,0,0.428571,0.031746
16.444445,1.174603,background,0.000000,73.099998,0,0,0.444444,0.031746
17.031746,1.174603,background,0.000000,73.169998,0,0,0.460317,0.031746
17.619047,1.174603,background,0.000000,73.199997,0,0,0.476190,0.031746
18.206348,1.174603,background,0.000000,73.209999,0,0,0.492063,0.031746
18.793652,1.174603,background,0.000000,73.180000,0,1,0.507937,0.031746
19.380953,1.174603,DRAM_2,20.000000,73.120003,1,0,0.523810,0.031746
19.968254,1.174603,DRAM_2,20.000000,73.019997,1,0,0.539683,0.031746
20.555555,1.174603,DRAM_2,20.000000,72.900002,1,0,0.555556,0.031746
21.142857,1.174603,DRAM_2,20.000000,72.739998,1,0,0.571429,0.031746
21.730158,1.174603,DRAM_2,20.000000,72.559998,1,0,0.587302,0.031746
22.317461,1.174603,DRAM_2,20.000000,72.339996,1,0,0.603175,0.031746
22.904762,1.174603,DRAM_2,20.000000,72.089996,1,0,0.619048,0.031746
23.492064,1.174603,DRAM_2,20.000000,71.809998,1,0,0.634921,0.031746
24.079365,1.174603,DRAM_2,20.000000,71.500000,1,0,0.650794,0.031746
24.666666,1.174603,DRAM_2,20.000000,71.160004,1,0,0.666667,0.031746
25.253969,1.174603,DRAM_2,20.000000,70.769997,1,0,0.682540,0.031746
25.841270,1.174603,DRAM_2,20.000000,70.349998,1,0,0.698413,0.031746
26.428572,1.174603,DRAM_2,20.000000,69.870003,1,0,0.714286,0.031746
27.015873,1.174603,DRAM_2,20.000000,69.260002,1,0,0.730159,0.031746
27.603174,1.174603,DRAM_2,20.000000,68.650002,1,0,0.746032,0.031746
28.190475,1.174603,background,0.000000,67.930000,0,1,0.761905,0.031746
28.777779,1.174603,background,0.000000,67.260002,0,0,0.777778,0.031746
29.365080,1.174603,background,0.000000,66.650002,0,0,0.793651,0.031746
29.952381,1.174603,background,0.000000,66.070000,0,0,0.809524,0.031746
30.539682,1.174603,background,0.000000,65.510002,0,0,0.825397,0.031746
31.126984,1.174603,background,0.000000,64.970001,0,0,0.841270,0.031746
31.714285,1.174603,background,0.000000,64.440002,0,0,0.857143,0.031746
32.301586,1.174603,background,0.000000,63.930000,0,0,0.873016,0.031746
32.888889,1.174603,background,0.000000,63.430000,0,0,0.888889,0.031746
33.476189,1.174603,background,0.000000,62.939999,0,0,0.904762,0.031746
34.063492,1.174603,background,0.000000,62.480000,0,0,0.920635,0.031746
34.650795,1.174603,background,0.000000,62.040001,0,0,0.936508,0.031746
35.238094,1.174603,background,0.000000,61.639999,0,0,0.952381,0.031746
35.825397,1.174603,background,0.000000,61.299999,0,0,0.968254,0.031746
36.412697,1.174603,background,0.000000,61.029999,0,0,0.984127,0.031746
37.000000,1.174603,background,0.000000,60.869999,0,0,1.000000,0.031746
0.000000,1.761905,background,0.000000,62.020000,0,0,0.000000,0.047619
0.587302,1.761905,background,0.000000,62.209999,0,0,0.015873,0.047619
1.174603,1.761905,background,0.000000,62.520000,0,0,0.031746,0.047619
1.761905,1.761905,background,0.000000,62.919998,0,0,0.047619,0.047619
2.349206,1.761905,background,0.000000,63.380001,0,0,0.063492,0.047619
2.936508,1.761905,background,0.000000,63.880001,0,0,0.079365,0.047619
3.523809,1.761905,background,0.000000,64.400002,0,0,0.095238,0.047619
4.111111,1.761905,background,0.000000,64.940002,0,0,0.111111,0.047619
4.698413,1.761905,background,0.000000,65.500000,0,0,0.126984,0.047619
5.285714,1.761905,background,0.000000,66.070000,0,0,0.142857,0.047619
5.873016,1.761905,background,0.000000,66.660004,0,0,0.158730,0.047619
6.460318,1.761905,background,0.000000,67.279999,0,0,0.174603,0.047619
7.047619,1.761905,background,0.000000,67.919998,0,0,0.190476,0.047619
7.634921,1.761905,background,0.000000,68.620003,0,0,0.206349,0.047619
8.222222,1.761905,background,0.000000,69.389999,0,0,0.222222,0.047619
8.809524,1.761905,background,0.000000,70.080002,0,0,0.238095,0.047619
9.396826,1.761905,background,0.000000,70.830002,0,0,0.253968,0.047619
9.984127,1.761905,background,0.000000,71.370003,0,0,0.269841,0.047619
10.571428,1.761905,background,0.000000,71.820000,0,0,0.285714,0.047619
11.158731,1.761905,background,0.000000,72.230003,0,0,0.301587,0.047619
11.746032,1.761905,background,0.000000,72.599998,0,0,0.317460,0.047619
12.333333,1.761905,background,0.000000,72.930000,0,0,0.333333,0.047619
12.920635,1.761905,background,0.000000,73.230003,0,0,0.349206,0.047619
13.507936,1.761905,background,0.000000,73.489998,0,0,0.365079,0.047619
14.095238,1.761905,background,0.000000,73.720001,0,0,0.380952,0.047619
14.682540,1.761905,background,0.000000,73.919998,0,0,0.396825,0.047619
15.269841,1.761905,background,0.000000,74.089996,0,0,0.412698,0.047619
15.857142,1.761905,background,0.000000,74.230003,0,0,0.428571,0.047619
16.444445,1.761905,background,0.000000,74.330002,0,0,0.444444,0.047619
17.031746,1.761905,background,0.000000,74.400002,0,0,0.460317,0.047619
17.619047,1.761905,background,0.000000,74.430000,0,0,0.476190,0.047619
18.206348,1.761905,background,0.000000,74.430000,0,0,0.492063,0.047619
18.793652,1.761905,background,0.000000,74.400002,0,1,0.507937,0.047619
19.380953,1.761905,DRAM_2,20.000000,74.339996,1,0,0.523810,0.047619
19.968254,1.761905,DRAM_2,20.000000,74.239998,1,0,0.539683,0.047619
20.555555,1.761905,DRAM_2,20.000000,74.110001,1,0,0.555556,0.047619
21.142857,1.761905,DRAM_2,20.000000,73.949997,1,0,0.571429,0.047619
21.730158,1.761905,DRAM_2,20.000000,73.750000,1,0,0.587302,0.047619
22.317461,1.761905,DRAM_2,20.000000,73.519997,1,0,0.603175,0.047619
22.904762,1.761905,DRAM_2,20.000000,73.260002,1,0,0.619048,0.047619
23.492064,1.761905,DRAM_2,20.000000,72.970001,1,0,0.634921,0.047619
24.079365,1.761905,DRAM_2,20.000000,72.639999,1,0,0.650794,0.047619
24.666666,1.761905,DRAM_2,20.000000,72.269997,1,0,0.666667,0.047619
25.253969,1.761905,DRAM_2,20.000000,71.870003,1,0,0.682540,0.047619
25.841270,1.761905,DRAM_2,20.000000,71.419998,1,0,0.698413,0.047619
26.428572,1.761905,DRAM_2,20.000000,70.910004,1,0,0.714286,0.047619
27.015873,1.761905,DRAM_2,20.000000,70.260002,1,0,0.730159,0.047619
27.603174,1.761905,DRAM_2,20.000000,69.580002,1,0,0.746032,0.047619
28.190475,1.761905,background,0.000000,68.769997,0,1,0.761905,0.047619
28.777779,1.761905,background,0.000000,68.029999,0,0,0.777778,0.047619
29.365080,1.761905,background,0.000000,67.370003,0,0,0.793651,0.047619
29.952381,1.761905,background,0.000000,66.750000,0,0,0.809524,0.047619
30.539682,1.761905,background,0.000000,66.160004,0,0,0.825397,0.047619
31.126984,1.761905,background,0.000000,65.589996,0,0,0.841270,0.047619
31.714285,1.761905,background,0.000000,65.029999,0,0,0.857143,0.047619
32.301586,1.761905,background,0.000000,64.489998,0,0,0.873016,0.047619
32.888889,1.761905,background,0.000000,63.970001,0,0,0.888889,0.047619
33.476189,1.761905,background,0.000000,63.459999,0,0,0.904762,0.047619
34.063492,1.761905,background,0.000000,62.970001,0,0,0.920635,0.047619
34.650795,1.761905,background,0.000000,62.509998,0,0,0.936508,0.047619
35.238094,1.761905,background,0.000000,62.080002,0,0,0.952381,0.047619
35.825397,1.761905,background,0.000000,61.720001,0,0,0.968254,0.047619
36.412697,1.761905,background,0.000000,61.439999,0,0,0.984127,0.047619
37.000000,1.761905,background,0.000000,61.270000,0,0,1.000000,0.047619
0.000000,2.349206,background,0.000000,62.540001,0,0,0.000000,0.063492
0.587302,2.349206,background,0.000000,62.740002,0,0,0.015873,0.063492
1.174603,2.349206,background,0.000000,63.070000,0,0,0.031746,0.063492
1.761905,2.349206,background,0.000000,63.490002,0,0,0.047619,0.063492
2.349206,2.349206,background,0.000000,63.980000,0,0,0.063492,0.063492
2.936508,2.349206,background,0.000000,64.500000,0,0,0.079365,0.063492
3.523809,2.349206,background,0.000000,65.059998,0,0,0.095238,0.063492
4.111111,2.349206,background,0.000000,65.629997,0,0,0.111111,0.063492
4.698413,2.349206,background,0.000000,66.220001,0,0,0.126984,0.063492
5.285714,2.349206,background,0.000000,66.830002,0,0,0.142857,0.063492
5.873016,2.349206,background,0.000000,67.449997,0,0,0.158730,0.063492
6.460318,2.349206,background,0.000000,68.110001,0,0,0.174603,0.063492
7.047619,2.349206,background,0.000000,68.800003,0,0,0.190476,0.063492
7.634921,2.349206,background,0.000000,69.559998,0,0,0.206349,0.063492
8.222222,2.349206,background,0.000000,70.389999,0,0,0.222222,0.063492
8.809524,2.349206,background,0.000000,71.150002,0,0,0.238095,0.063492
9.396826,2.349206,background,0.000000,71.940002,0,0,0.253968,0.063492
9.984127,2.349206,background,0.000000,72.500000,0,0,0.269841,0.063492
10.571428,2.349206,background,0.000000,72.980003,0,0,0.285714,0.063492
11.158731,2.349206,background,0.000000,73.410004,0,0,0.301587,0.063492
11.746032,2.349206,background,0.000000,73.800003,0,0,0.317460,0.063492
12.333333,2.349206,background,0.000000,74.150002,0,0,0.333333,0.063492
12.920635,2.349206,background,0.000000,74.470001,0,0,0.349206,0.063492
13.507936,2.349206,background,0.000000,74.750000,0,0,0.365079,0.063492
14.095238,2.349206,background,0.000000,75.000000,0,0,0.380952,0.063492
14.682540,2.349206,background,0.000000,75.209999,0,0,0.396825,0.063492
15.269841,2.349206,background,0.000000,75.389999,0,0,0.412698,0.063492
15.857142,2.349206,background,0.000000,75.529999,0,0,0.428571,0.063492
16.444445,2.349206,background,0.000000,75.639999,0,0,0.444444,0.063492
17.031746,2.349206,background,0.000000,75.709999,0,0,0.460317,0.063492
17.619047,2.349206,background,0.000000,75.750000,0,0,0.476190,0.063492
18.206348,2.349206,background,0.000000,75.750000,0,0,0.492063,0.063492
18.793652,2.349206,background,0.000000,75.720001,0,1,0.507937,0.063492
19.380953,2.349206,DRAM_2,20.000000,75.650002,1,0,0.523810,0.063492
19.968254,2.349206,DRAM_2,20.000000,75.550003,1,0,0.539683,0.063492
20.555555,2.349206,DRAM_2,20.000000,75.410004,1,0,0.555556,0.063492
21.142857,2.349206,DRAM_2,20.000000,75.239998,1,0,0.571429,0.063492
21.730158,2.349206,DRAM_2,20.000000,75.029999,1,0,0.587302,0.063492
22.317461,2.349206,DRAM_2,20.000000,74.790001,1,0,0.603175,0.063492
22.904762,2.349206,DRAM_2,20.000000,74.510002,1,0,0.619048,0.063492
23.492064,2.349206,DRAM_2,20.000000,74.190002,1,0,0.634921,0.063492
24.079365,2.349206,DRAM_2,20.000000,73.849998,1,0,0.650794,0.063492
24.666666,2.349206,DRAM_2,20.000000,73.459999,1,0,0.666667,0.063492
25.253969,2.349206,DRAM_2,20.000000,73.029999,1,0,0.682540,0.063492
25.841270,2.349206,DRAM_2,20.000000,72.559998,1,0,0.698413,0.063492
26.428572,2.349206,DRAM_2,20.000000,72.019997,1,0,0.714286,0.063492
27.015873,2.349206,DRAM_2,20.000000,71.330002,1,0,0.730159,0.063492
27.603174,2.349206,DRAM_2,20.000000,70.589996,1,0,0.746032,0.063492
28.190475,2.349206,background,0.000000,69.699997,0,1,0.761905,0.063492
28.777779,2.349206,background,0.000000,68.910004,0,0,0.777778,0.063492
29.365080,2.349206,background,0.000000,68.190002,0,0,0.793651,0.063492
29.952381,2.349206,background,0.000000,67.529999,0,0,0.809524,0.063492
30.539682,2.349206,background,0.000000,66.900002,0,0,0.825397,0.063492
31.126984,2.349206,background,0.000000,66.300003,0,0,0.841270,0.063492
31.714285,2.349206,background,0.000000,65.709999,0,0,0.857143,0.063492
32.301586,2.349206,background,0.000000,65.139999,0,0,0.873016,0.063492
32.888889,2.349206,background,0.000000,64.580002,0,0,0.888889,0.063492
33.476189,2.349206,background,0.000000,64.040001,0,0,0.904762,0.063492
34.063492,2.349206,background,0.000000,63.529999,0,0,0.920635,0.063492
34.650795,2.349206,background,0.000000,63.040001,0,0,0.936508,0.063492
35.238094,2.349206,background,0.000000,62.590000,0,0,0.952381,0.063492
35.825397,2.349206,background,0.000000,62.209999,0,0,0.968254,0.063492
36.412697,2.349206,background,0.000000,61.910000,0,0,0.984127,0.063492
37.000000,2.349206,background,0.000000,61.730000,0,0,1.000000,0.063492
0.000000,2.936508,background,0.000000,63.110001,0,0,0.000000,0.079365
0.587302,2.936508,background,0.000000,63.320000,0,0,0.015873,0.079365
1.174603,2.936508,background,0.000000,63.669998,0,0,0.031746,0.079365
1.761905,2.936508,background,0.000000,64.120003,0,0,0.047619,0.079365
2.349206,2.936508,background,0.000000,64.639999,0,0,0.063492,0.079365
2.936508,2.936508,background,0.000000,65.199997,0,0,0.079365,0.079365
3.523809,2.936508,background,0.000000,65.779999,0,0,0.095238,0.079365
4.111111,2.936508,background,0.000000,66.389999,0,0,0.111111,0.079365
4.698413,2.936508,background,0.000000,67.019997,0,0,0.126984,0.079365
5.285714,2.936508,background,0.000000,67.660004,0,0,0.142857,0.079365
5.873016,2.936508,background,0.000000,68.320000,0,0,0.158730,0.079365
6.460318,2.936508,background,0.000000,69.010002,0,0,0.174603,0.079365
7.047619,2.936508,background,0.000000,69.750000,0,0,0.190476,0.079365
7.634921,2.936508,background,0.000000,70.559998,0,0,0.206349,0.079365
8.222222,2.936508,background,0.000000,71.459999,0,0,0.222222,0.079365
8.809524,2.936508,background,0.000000,72.260002,0,0,0.238095,0.079365
9.396826,2.936508,background,0.000000,73.080002,0,0,0.253968,0.079365
9.984127,2.936508,background,0.000000,73.669998,0,0,0.269841,0.079365
10.571428,2.936508,background,0.000000,74.180000,0,0,0.285714,0.079365
11.158731,2.936508,background,0.000000,74.639999,0,1,0.301587,0.079365
11.746032,2.936508,background,0.000000,75.050003,0,1,0.317460,0.079365
12.333333,2.936508,background,0.000000,75.419998,0,1,0.333333,0.079365
12.920635,2.936508,background,0.000000,75.760002,0,1,0.349206,0.079365
13.507936,2.936508,background,0.000000,76.050003,0,1,0.365079,0.079365
14.095238,2.936508,background,0.000000,76.320000,0,1,0.380952,0.079365
14.682540,2.936508,background,0.000000,76.540001,0,1,0.396825,0.079365
15.269841,2.936508,background,0.000000,76.730003,0,1,0.412698,0.079365
15.857142,2.936508,background,0.000000,76.879997,0,1,0.428571,0.079365
16.444445,2.936508,background,0.000000,76.989998,0,1,0.444444,0.079365
17.031746,2.936508,background,0.000000,77.070000,0,1,0.460317,0.079365
17.619047,2.936508,background,0.000000,77.110001,0,1,0.476190,0.079365
18.206348,2.936508,background,0.000000,77.120003,0,1,0.492063,0.079365
18.793652,2.936508,background,0.000000,77.080002,0,1,0.507937,0.079365
19.380953,2.936508,DRAM_2,20.000000,77.010002,1,0,0.523810,0.079365
19.968254,2.936508,DRAM_2,20.000000,76.900002,1,0,0.539683,0.079365
20.555555,2.936508,DRAM_2,20.000000,76.760002,1,0,0.555556,0.079365
21.142857,2.936508,DRAM_2,20.000000,76.570000,1,0,0.571429,0.079365
21.730158,2.936508,DRAM_2,20.000000,76.349998,1,0,0.587302,0.079365
22.317461,2.936508,DRAM_2,20.000000,76.089996,1,0,0.603175,0.079365
22.904762,2.936508,DRAM_2,20.000000,75.800003,1,0,0.619048,0.079365
23.492064,2.936508,DRAM_2,20.000000,75.470001,1,0,0.634921,0.079365
24.079365,2.936508,DRAM_2,20.000000,75.099998,1,0,0.650794,0.079365
24.666666,2.936508,DRAM_2,20.000000,74.690002,1,0,0.666667,0.079365
25.253969,2.936508,DRAM_2,20.000000,74.230003,1,0,0.682540,0.079365
25.841270,2.936508,DRAM_2,20.000000,73.730003,1,0,0.698413,0.079365
26.428572,2.936508,DRAM_2,20.000000,73.160004,1,0,0.714286,0.079365
27.015873,2.936508,DRAM_2,20.000000,72.440002,1,0,0.730159,0.079365
27.603174,2.936508,DRAM_2,20.000000,71.650002,1,0,0.746032,0.079365
28.190475,2.936508,background,0.000000,70.699997,0,1,0.761905,0.079365
28.777779,2.936508,background,0.000000,69.849998,0,0,0.777778,0.079365
29.365080,2.936508,background,0.000000,69.089996,0,0,0.793651,0.079365
29.952381,2.936508,background,0.000000,68.379997,0,0,0.809524,0.079365
30.539682,2.936508,background,0.000000,67.709999,0,0,0.825397,0.079365
31.126984,2.936508,background,0.000000,67.070000,0,0,0.841270,0.079365
31.714285,2.936508,background,0.000000,66.449997,0,0,0.857143,0.079365
32.301586,2.936508,background,0.000000,65.849998,0,0,0.873016,0.079365
32.888889,2.936508,background,0.000000,65.260002,0,0,0.888889,0.079365
33.476189,2.936508,background,0.000000,64.690002,0,0,0.904762,0.079365
34.063492,2.936508,background,0.000000,64.139999,0,0,0.920635,0.079365
34.650795,2.936508,background,0.000000,63.619999,0,0,0.936508,0.079365
35.238094,2.936508,background,0.000000,63.150002,0,0,0.952381,0.079365
35.825397,2.936508,background,0.000000,62.740002,0,0,0.968254,0.079365
36.412697,2.936508,background,0.000000,62.419998,0,0,0.984127,0.079365
37.000000,2.936508,background,0.000000,62.230000,0,0,1.000000,0.079365
0.000000,3.523809,background,0.000000,63.720001,0,0,0.000000,0.095238
0.587302,3.523809,background,0.000000,63.939999,0,0,0.015873,0.095238
1.174603,3.523809,background,0.000000,64.320000,0,0,0.031746,0.095238
1.761905,3.523809,background,0.000000,64.800003,0,0,0.047619,0.095238
2.349206,3.523809,background,0.000000,65.349998,0,0,0.063492,0.095238
2.936508,3.523809,background,0.000000,65.940002,0,0,0.079365,0.095238
3.523809,3.523809,background,0.000000,66.570000,0,0,0.095238,0.095238
4.111111,3.523809,background,0.000000,67.209999,0,0,0.111111,0.095238
4.698413,3.523809,background,0.000000,67.870003,0,0,0.126984,0.095238
5.285714,3.523809,background,0.000000,68.550003,0,0,0.142857,0.095238
5.873016,3.523809,background,0.000000,69.250000,0,0,0.158730,0.095238
6.460318,3.523809,background,0.000000,69.980003,0,0,0.174603,0.095238
7.047619,3.523809,background,0.000000,70.760002,0,0,0.190476,0.095238
7.634921,3.523809,background,0.000000,71.620003,0,0,0.206349,0.095238
8.222222,3.523809,background,0.000000,72.559998,0,0,0.222222,0.095238
8.809524,3.523809,background,0.000000,73.400002,0,0,0.238095,0.095238
9.396826,3.523809,background,0.000000,74.260002,0,0,0.253968,0.095238
9.984127,3.523809,background,0.000000,74.870003,0,0,0.269841,0.095238
10.571428,3.523809,background,0.000000,75.410004,0,0,0.285714,0.095238
11.158731,3.523809,CPU2_2,150.000000,75.889999,1,1,0.301587,0.095238
11.746032,3.523809,CPU2_2,150.000000,76.330002,1,0,0.317460,0.095238
12.333333,3.523809,CPU2_2,150.000000,76.720001,1,0,0.333333,0.095238
12.920635,3.523809,CPU2_2,150.000000,77.070000,1,0,0.349206,0.095238
13.507936,3.523809,CPU2_2,150.000000,77.389999,1,0,0.365079,0.095238
14.095238,3.523809,CPU2_2,150.000000,77.669998,1,0,0.380952,0.095238
14.682540,3.523809,CPU2_2,150.000000,77.910004,1,0,0.396825,0.095238
15.269841,3.523809,CPU2_2,150.000000,78.099998,1,0,0.412698,0.095238
15.857142,3.523809,CPU2_2,150.000000,78.269997,1,0,0.428571,0.095238
16.444445,3.523809,CPU2_2,150.000000,78.389999,1,0,0.444444,0.095238
17.031746,3.523809,CPU2_2,150.000000,78.470001,1,0,0.460317,0.095238
17.619047,3.523809,CPU2_2,150.000000,78.510002,1,0,0.476190,0.095238
18.206348,3.523809,CPU2_2,150.000000,78.519997,1,0,0.492063,0.095238
18.793652,3.523809,CPU2_2,150.000000,78.480003,1,1,0.507937,0.095238
19.380953,3.523809,DRAM_2,20.000000,78.400002,1,0,0.523810,0.095238
19.968254,3.523809,DRAM_2,20.000000,78.290001,1,0,0.539683,0.095238
20.555555,3.523809,DRAM_2,20.000000,78.129997,1,0,0.555556,0.095238
21.142857,3.523809,DRAM_2,20.000000,77.940002,1,0,0.571429,0.095238
21.730158,3.523809,DRAM_2,20.000000,77.709999,1,0,0.587302,0.095238
22.317461,3.523809,DRAM_2,20.000000,77.430000,1,0,0.603175,0.095238
22.904762,3.523809,DRAM_2,20.000000,77.120003,1,0,0.619048,0.095238
23.492064,3.523809,DRAM_2,20.000000,76.769997,1,0,0.634921,0.095238
24.079365,3.523809,DRAM_2,20.000000,76.379997,1,0,0.650794,0.095238
24.666666,3.523809,DRAM_2,20.000000,75.940002,1,0,0.666667,0.095238
25.253969,3.523809,DRAM_2,20.000000,75.459999,1,0,0.682540,0.095238
25.841270,3.523809,DRAM_2,20.000000,74.930000,1,0,0.698413,0.095238
26.428572,3.523809,DRAM_2,20.000000,74.330002,1,0,0.714286,0.095238
27.015873,3.523809,DRAM_2,20.000000,73.580002,1,0,0.730159,0.095238
27.603174,3.523809,DRAM_2,20.000000,72.750000,1,0,0.746032,0.095238
28.190475,3.523809,background,0.000000,71.750000,0,1,0.761905,0.095238
28.777779,3.523809,background,0.000000,70.849998,0,0,0.777778,0.095238
29.365080,3.523809,background,0.000000,70.040001,0,0,0.793651,0.095238
29.952381,3.523809,background,0.000000,69.290001,0,0,0.809524,0.095238
30.539682,3.523809,background,0.000000,68.580002,0,0,0.825397,0.095238
31.126984,3.523809,background,0.000000,67.900002,0,0,0.841270,0.095238
31.714285,3.523809,background,0.000000,67.239998,0,0,0.857143,0.095238
32.301586,3.523809,background,0.000000,66.599998,0,0,0.873016,0.095238
32.888889,3.523809,background,0.000000,65.970001,0,0,0.888889,0.095238
33.476189,3.523809,background,0.000000,65.370003,0,0,0.904762,0.095238
34.063492,3.523809,background,0.000000,64.790001,0,0,0.920635,0.095238
34.650795,3.523809,background,0.000000,64.239998,0,0,0.936508,0.095238
35.238094,3.523809,background,0.000000,63.740002,0,0,0.952381,0.095238
35.825397,3.523809,background,0.000000,63.299999,0,0,0.968254,0.095238
36.412697,3.523809,background,0.000000,62.959999,0,0,0.984127,0.095238
37.000000,3.523809,background,0.000000,62.759998,0,0,1.000000,0.095238
0.000000,4.111111,background,0.000000,64.370003,0,0,0.000000,0.111111
0.587302,4.111111,background,0.000000,64.599998,0,0,0.015873,0.111111
1.174603,4.111111,background,0.000000,65.000000,0,0,0.031746,0.111111
1.761905,4.111111,background,0.000000,65.510002,0,0,0.047619,0.111111
2.349206,4.111111,background,0.000000,66.099998,0,0,0.063492,0.111111
2.936508,4.111111,background,0.000000,66.730003,0,0,0.079365,0.111111
3.523809,4.111111,background,0.000000,67.389999,0,0,0.095238,0.111111
4.111111,4.111111,background,0.000000,68.080002,0,0,0.111111,0.111111
4.698413,4.111111,background,0.000000,68.779999,0,0,0.126984,0.111111
5.285714,4.111111,background,0.000000,69.500000,0,0,0.142857,0.111111
5.873016,4.111111,background,0.000000,70.239998,0,0,0.158730,0.111111
6.460318,4.111111,background,0.000000,71.010002,0,0,0.174603,0.111111
7.047619,4.111111,background,0.000000,71.820000,0,0,0.190476,0.111111
7.634921,4.111111,background,0.000000,72.720001,0,0,0.206349,0.111111
8.222222,4.111111,background,0.000000,73.699997,0,0,0.222222,0.111111
8.809524,4.111111,background,0.000000,74.580002,0,0,0.238095,0.111111
9.396826,4.111111,background,0.000000,75.449997,0,0,0.253968,0.111111
9.984127,4.111111,background,0.000000,76.099998,0,0,0.269841,0.111111
10.571428,4.111111,background,0.000000,76.660004,0,0,0.285714,0.111111
11.158731,4.111111,CPU2_2,150.000000,77.169998,1,1,0.301587,0.111111
11.746032,4.111111,CPU2_2,150.000000,77.629997,1,0,0.317460,0.111111
12.333333,4.111111,CPU2_2,150.000000,78.040001,1,0,0.333333,0.111111
12.920635,4.111111,CPU2_2,150.000000,78.419998,1,0,0.349206,0.111111
13.507936,4.111111,CPU2_2,150.000000,78.750000,1,0,0.365079,0.111111
14.095238,4.111111,CPU2_2,150.000000,79.050003,1,0,0.380952,0.111111
14.682540,4.111111,CPU2_2,150.000000,79.300003,1,0,0.396825,0.111111
15.269841,4.111111,CPU2_2,150.000000,79.510002,1,0,0.412698,0.111111
15.857142,4.111111,CPU2_2,150.000000,79.680000,1,0,0.428571,0.111111
16.444445,4.111111,CPU2_2,150.000000,79.809998,1,0,0.444444,0.111111
17.031746,4.111111,CPU2_2,150.000000,79.900002,1,0,0.460317,0.111111
17.619047,4.111111,CPU2_2,150.000000,79.940002,1,0,0.476190,0.111111
18.206348,4.111111,CPU2_2,150.000000,79.949997,1,0,0.492063,0.111111
18.793652,4.111111,CPU2_2,150.000000,79.910004,1,1,0.507937,0.111111
19.380953,4.111111,DRAM_2,20.000000,79.830002,1,0,0.523810,0.111111
19.968254,4.111111,DRAM_2,20.000000,79.709999,1,0,0.539683,0.111111
20.555555,4.111111,DRAM_2,20.000000,79.550003,1,0,0.555556,0.111111
21.142857,4.111111,DRAM_2,20.000000,79.339996,1,0,0.571429,0.111111
21.730158,4.111111,DRAM_2,20.000000,79.089996,1,0,0.587302,0.111111
22.317461,4.111111,DRAM_2,20.000000,78.800003,1,0,0.603175,0.111111
22.904762,4.111111,DRAM_2,20.000000,78.470001,1,0,0.619048,0.111111
23.492064,4.111111,DRAM_2,20.000000,78.099998,1,0,0.634921,0.111111
24.079365,4.111111,DRAM_2,20.000000,77.680000,1,0,0.650794,0.111111
24.666666,4.111111,DRAM_2,20.000000,77.220001,1,0,0.666667,0.111111
25.253969,4.111111,DRAM_2,20.000000,76.720001,1,0,0.682540,0.111111
25.841270,4.111111,DRAM_2,20.000000,76.160004,1,0,0.698413,0.111111
26.428572,4.111111,DRAM_2,20.000000,75.529999,1,0,0.714286,0.111111
27.015873,4.111111,DRAM_2,20.000000,74.750000,1,0,0.730159,0.111111
27.603174,4.111111,DRAM_2,20.000000,73.879997,1,0,0.746032,0.111111
28.190475,4.111111,background,0.000000,72.839996,0,1,0.761905,0.111111
28.777779,4.111111,background,0.000000,71.889999,0,0,0.777778,0.111111
29.365080,4.111111,background,0.000000,71.029999,0,0,0.793651,0.111111
29.952381,4.111111,background,0.000000,70.239998,0,0,0.809524,0.111111
30.539682,4.111111,background,0.000000,69.489998,0,0,0.825397,0.111111
31.126984,4.111111,background,0.000000,68.760002,0,0,0.841270,0.111111
31.714285,4.111111,background,0.000000,68.059998,0,0,0.857143,0.111111
32.301586,4.111111,background,0.000000,67.379997,0,0,0.873016,0.111111
32.888889,4.111111,background,0.000000,66.720001,0,0,0.888889,0.111111
33.476189,4.111111,background,0.000000,66.080002,0,0,0.904762,0.111111
34.063492,4.111111,background,0.000000,65.470001,0,0,0.920635,0.111111
34.650795,4.111111,background,0.000000,64.889999,0,0,0.936508,0.111111
35.238094,4.111111,background,0.000000,64.360001,0,0,0.952381,0.111111
35.825397,4.111111,background,0.000000,63.889999,0,0,0.968254,0.111111
36.412697,4.111111,background,0.000000,63.529999,0,0,0.984127,0.111111
37.000000,4.111111,background,0.000000,63.320000,0,0,1.000000,0.111111
0.000000,4.698413,background,0.000000,65.040001,0,0,0.000000,0.126984
0.587302,4.698413,background,0.000000,65.290001,0,0,0.015873,0.126984
1.174603,4.698413,background,0.000000,65.720001,0,0,0.031746,0.126984
1.761905,4.698413,background,0.000000,66.269997,0,0,0.047619,0.126984
2.349206,4.698413,background,0.000000,66.889999,0,0,0.063492,0.126984
2.936508,4.698413,background,0.000000,67.559998,0,0,0.079365,0.126984
3.523809,4.698413,background,0.000000,68.269997,0,0,0.095238,0.126984
4.111111,4.698413,background,0.000000,69.000000,0,0,0.111111,0.126984
4.698413,4.698413,background,0.000000,69.739998,0,0,0.126984,0.126984
5.285714,4.698413,background,0.000000,70.500000,0,0,0.142857,0.126984
5.873016,4.698413,background,0.000000,71.269997,0,0,0.158730,0.126984
6.460318,4.698413,background,0.000000,72.080002,0,0,0.174603,0.126984
7.047619,4.698413,background,0.000000,72.930000,0,0,0.190476,0.126984
7.634921,4.698413,background,0.000000,73.860001,0,0,0.206349,0.126984
8.222222,4.698413,background,0.000000,74.870003,0,0,0.222222,0.126984
8.809524,4.698413,background,0.000000,75.779999,0,0,0.238095,0.126984
9.396826,4.698413,background,0.000000,76.680000,0,0,0.253968,0.126984
9.984127,4.698413,background,0.000000,77.349998,0,0,0.269841,0.126984
10.571428,4.698413,background,0.000000,77.940002,0,0,0.285714,0.126984
11.158731,4.698413,CPU2_2,150.000000,78.470001,1,1,0.301587,0.126984
11.746032,4.698413,CPU2_2,150.000000,78.959999,1,0,0.317460,0.126984
12.333333,4.698413,CPU2_2,150.000000,79.400002,1,0,0.333333,0.126984
12.920635,4.698413,CPU2_2,150.000000,79.790001,1,0,0.349206,0.126984
13.507936,4.698413,CPU2_2,150.000000,80.150002,1,0,0.365079,0.126984
14.095238,4.698413,CPU2_2,150.000000,80.459999,1,0,0.380952,0.126984
14.682540,4.698413,CPU2_2,150.000000,80.730003,1,0,0.396825,0.126984
15.269841,4.698413,CPU2_2,150.000000,80.949997,1,0,0.412698,0.126984
15.857142,4.698413,CPU2_2,150.000000,81.129997,1,0,0.428571,0.126984
16.444445,4.698413,CPU2_2,150.000000,81.269997,1,0,0.444444,0.126984
17.031746,4.698413,CPU2_2,150.000000,81.360001,1,0,0.460317,0.126984
17.619047,4.698413,CPU2_2,150.000000,81.410004,1,0,0.476190,0.126984
18.206348,4.698413,CPU2_2,150.000000,81.410004,1,0,0.492063,0.126984
18.793652,4.698413,CPU2_2,150.000000,81.370003,1,1,0.507937,0.126984
19.380953,4.698413,DRAM_2,20.000000,81.290001,1,0,0.523810,0.126984
19.968254,4.698413,DRAM_2,20.000000,81.160004,1,0,0.539683,0.126984
20.555555,4.698413,DRAM_2,20.000000,80.989998,1,0,0.555556,0.126984
21.142857,4.698413,DRAM_2,20.000000,80.769997,1,0,0.571429,0.126984
21.730158,4.698413,DRAM_2,20.000000,80.510002,1,0,0.587302,0.126984
22.317461,4.698413,DRAM_2,20.000000,80.209999,1,0,0.603175,0.126984
22.904762,4.698413,DRAM_2,20.000000,79.860001,1,0,0.619048,0.126984
23.492064,4.698413,DRAM_2,20.000000,79.459999,1,0,0.634921,0.126984
24.079365,4.698413,DRAM_2,20.000000,79.019997,1,0,0.650794,0.126984
24.666666,4.698413,DRAM_2,20.000000,78.540001,1,0,0.666667,0.126984
25.253969,4.698413,DRAM_2,20.000000,78.000000,1,0,0.682540,0.126984
25.841270,4.698413,DRAM_2,20.000000,77.410004,1,0,0.698413,0.126984
26.428572,4.698413,DRAM_2,20.000000,76.750000,1,0,0.714286,0.126984
27.015873,4.698413,DRAM_2,20.000000,75.940002,1,0,0.730159,0.126984
27.603174,4.698413,DRAM_2,20.000000,75.050003,1,0,0.746032,0.126984
28.190475,4.698413,background,0.000000,73.959999,0,1,0.761905,0.126984
28.777779,4.698413,background,0.000000,72.970001,0,0,0.777778,0.126984
29.365080,4.698413,background,0.000000,72.059998,0,0,0.793651,0.126984
29.952381,4.698413,background,0.000000,71.230003,0,0,0.809524,0.126984
30.539682,4.698413,background,0.000000,70.430000,0,0,0.825397,0.126984
31.126984,4.698413,background,0.000000,69.660004,0,0,0.841270,0.126984
31.714285,4.698413,background,0.000000,68.919998,0,0,0.857143,0.126984
32.301586,4.698413,background,0.000000,68.199997,0,0,0.873016,0.126984
32.888889,4.698413,background,0.000000,67.500000,0,0,0.888889,0.126984
33.476189,4.698413,background,0.000000,66.820000,0,0,0.904762,0.126984
34.063492,4.698413,background,0.000000,66.169998,0,0,0.920635,0.126984
34.650795,4.698413,background,0.000000,65.559998,0,0,0.936508,0.126984
35.238094,4.698413,background,0.000000,64.989998,0,0,0.952381,0.126984
35.825397,4.698413,background,0.000000,64.500000,0,0,0.968254,0.126984
36.412697,4.698413,background,0.000000,64.120003,0,0,0.984127,0.126984
37.000000,4.698413,background,0.000000,63.889999,0,0,1.000000,0.126984
0.000000,5.285714,background,0.000000,65.750000,0,0,0.000000,0.142857
0.587302,5.285714,background,0.000000,66.019997,0,0,0.015873,0.142857
1.174603,5.285714,background,0.000000,66.480003,0,0,0.031746,0.142857
1.761905,5.285714,background,0.000000,67.059998,0,0,0.047619,0.142857
2.349206,5.285714,background,0.000000,67.720001,0,0,0.063492,0.142857
2.936508,5.285714,background,0.000000,68.440002,0,0,0.079365,0.142857
3.523809,5.285714,background,0.000000,69.199997,0,0,0.095238,0.142857
4.111111,5.285714,background,0.000000,69.970001,0,0,0.111111,0.142857
4.698413,5.285714,background,0.000000,70.760002,0,0,0.126984,0.142857
5.285714,5.285714,background,0.000000,71.559998,0,0,0.142857,0.142857
5.873016,5.285714,background,0.000000,72.370003,0,0,0.158730,0.142857
6.460318,5.285714,background,0.000000,73.209999,0,0,0.174603,0.142857
7.047619,5.285714,background,0.000000,74.089996,0,0,0.190476,0.142857
7.634921,5.285714,background,0.000000,75.050003,0,0,0.206349,0.142857
8.222222,5.285714,background,0.000000,76.089996,0,0,0.222222,0.142857
8.809524,5.285714,background,0.000000,77.010002,0,0,0.238095,0.142857
9.396826,5.285714,background,0.000000,77.940002,0,0,0.253968,0.142857
9.984127,5.285714,background,0.000000,78.629997,0,0,0.269841,0.142857
10.571428,5.285714,background,0.000000,79.250000,0,0,0.285714,0.142857
11.158731,5.285714,CPU2_2,150.000000,79.809998,1,1,0.301587,0.142857
11.746032,5.285714,CPU2_2,150.000000,80.320000,1,0,0.317460,0.142857
12.333333,5.285714,CPU2_2,150.000000,80.790001,1,0,0.333333,0.142857
12.920635,5.285714,CPU2_2,150.000000,81.199997,1,0,0.349206,0.142857
13.507936,5.285714,CPU2_2,150.000000,81.580002,1,0,0.365079,0.142857
14.095238,5.285714,CPU2_2,150.000000,81.910004,1,0,0.380952,0.142857
14.682540,5.285714,CPU2_2,150.000000,82.190002,1,0,0.396825,0.142857
15.269841,5.285714,CPU2_2,150.000000,82.430000,1,0,0.412698,0.142857
15.857142,5.285714,CPU2_2,150.000000,82.620003,1,0,0.428571,0.142857
16.444445,5.285714,CPU2_2,150.000000,82.760002,1,0,0.444444,0.142857
17.031746,5.285714,CPU2_2,150.000000,82.860001,1,0,0.460317,0.142857
17.619047,5.285714,CPU2_2,150.000000,82.910004,1,0,0.476190,0.142857
18.206348,5.285714,CPU2_2,150.000000,82.919998,1,0,0.492063,0.142857
18.793652,5.285714,CPU2_2,150.000000,82.879997,1,1,0.507937,0.142857
19.380953,5.285714,DRAM_2,20.000000,82.790001,1,0,0.523810,0.142857
19.968254,5.285714,DRAM_2,20.000000,82.650002,1,0,0.539683,0.142857
20.555555,5.285714,DRAM_2,20.000000,82.470001,1,0,0.555556,0.142857
21.142857,5.285714,DRAM_2,20.000000,82.239998,1,0,0.571429,0.142857
21.730158,5.285714,DRAM_2,20.000000,81.970001,1,0,0.587302,0.142857
22.317461,5.285714,DRAM_2,20.000000,81.650002,1,0,0.603175,0.142857
22.904762,5.285714,DRAM_2,20.000000,81.279999,1,0,0.619048,0.142857
23.492064,5.285714,DRAM_2,20.000000,80.860001,1,0,0.634921,0.142857
24.079365,5.285714,DRAM_2,20.000000,80.400002,1,0,0.650794,0.142857
24.666666,5.285714,DRAM_2,20.000000,79.889999,1,0,0.666667,0.142857
25.253969,5.285714,DRAM_2,20.000000,79.320000,1,0,0.682540,0.142857
25.841270,5.285714,DRAM_2,20.000000,78.699997,1,0,0.698413,0.142857
26.428572,5.285714,DRAM_2,20.000000,78.010002,1,0,0.714286,0.142857
27.015873,5.285714,DRAM_2,20.000000,77.169998,1,0,0.730159,0.142857
27.603174,5.285714,DRAM_2,20.000000,76.250000,1,0,0.746032,0.142857
28.190475,5.285714,background,0.000000,75.120003,0,1,0.761905,0.142857
28.777779,5.285714,background,0.000000,74.089996,0,0,0.777778,0.142857
29.365080,5.285714,background,0.000000,73.139999,0,0,0.793651,0.142857
29.952381,5.285714,background,0.000000,72.250000,0,0,0.809524,0.142857
30.539682,5.285714,background,0.000000,71.410004,0,0,0.825397,0.142857
31.126984,5.285714,background,0.000000,70.589996,0,0,0.841270,0.142857
31.714285,5.285714,background,0.000000,69.809998,0,0,0.857143,0.142857
32.301586,5.285714,background,0.000000,69.040001,0,0,0.873016,0.142857
32.888889,5.285714,background,0.000000,68.300003,0,0,0.888889,0.142857
33.476189,5.285714,background,0.000000,67.580002,0,0,0.904762,0.142857
34.063492,5.285714,background,0.000000,66.889999,0,0,0.920635,0.142857
34.650795,5.285714,background,0.000000,66.239998,0,0,0.936508,0.142857
35.238094,5.285714,background,0.000000,65.650002,0,0,0.952381,0.142857
35.825397,5.285714,background,0.000000,65.129997,0,0,0.968254,0.142857
36.412697,5.285714,background,0.000000,64.720001,0,0,0.984127,0.142857
37.000000,5.285714,background,0.000000,64.489998,0,0,1.000000,0.142857
0.000000,5.873016,background,0.000000,66.489998,0,0,0.000000,0.158730
0.587302,5.873016,background,0.000000,66.779999,0,0,0.015873,0.158730
1.174603,5.873016,background,0.000000,67.269997,0,0,0.031746,0.158730
1.761905,5.873016,background,0.000000,67.889999,0,0,0.047619,0.158730
2.349206,5.873016,background,0.000000,68.610001,0,0,0.063492,0.158730
2.936508,5.873016,background,0.000000,69.379997,0,0,0.079365,0.158730
3.523809,5.873016,background,0.000000,70.190002,0,0,0.095238,0.158730
4.111111,5.873016,background,0.000000,71.010002,0,0,0.111111,0.158730
4.698413,5.873016,background,0.000000,71.849998,0,0,0.126984,0.158730
5.285714,5.873016,background,0.000000,72.690002,0,0,0.142857,0.158730
5.873016,5.873016,background,0.000000,73.540001,0,0,0.158730,0.158730
6.460318,5.873016,background,0.000000,74.419998,0,0,0.174603,0.158730
7.047619,5.873016,background,0.000000,75.330002,0,0,0.190476,0.158730
7.634921,5.873016,background,0.000000,76.300003,0,0,0.206349,0.158730
8.222222,5.873016,background,0.000000,77.349998,0,0,0.222222,0.158730
8.809524,5.873016,background,0.000000,78.279999,0,0,0.238095,0.158730
9.396826,5.873016,background,0.000000,79.220001,0,0,0.253968,0.158730
9.984127,5.873016,background,0.000000,79.949997,0,0,0.269841,0.158730
10.571428,5.873016,background,0.000000,80.589996,0,0,0.285714,0.158730
11.158731,5.873016,CPU2_2,150.000000,81.180000,1,1,0.301587,0.158730
11.746032,5.873016,CPU2_2,150.000000,81.720001,1,0,0.317460,0.158730
12.333333,5.873016,CPU2_2,150.000000,82.209999,1,0,0.333333,0.158730
12.920635,5.873016,CPU2_2,150.000000,82.660004,1,0,0.349206,0.158730
13.507936,5.873016,CPU2_2,150.000000,83.050003,1,0,0.365079,0.158730
14.095238,5.873016,CPU2_2,150.000000,83.400002,1,0,0.380952,0.158730
14.682540,5.873016,CPU2_2,150.000000,83.699997,1,0,0.396825,0.158730
15.269841,5.873016,CPU2_2,150.000000,83.949997,1,0,0.412698,0.158730
15.857142,5.873016,CPU2_2,150.000000,84.150002,1,0,0.428571,0.158730
16.444445,5.873016,CPU2_2,150.000000,84.309998,1,0,0.444444,0.158730
17.031746,5.873016,CPU2_2,150.000000,84.410004,1,0,0.460317,0.158730
17.619047,5.873016,CPU2_2,150.000000,84.459999,1,0,0.476190,0.158730
18.206348,5.873016,CPU2_2,150.000000,84.470001,1,0,0.492063,0.158730
18.793652,5.873016,CPU2_2,150.000000,84.430000,1,1,0.507937,0.158730
19.380953,5.873016,DRAM_2,20.000000,84.339996,1,0,0.523810,0.158730
19.968254,5.873016,DRAM_2,20.000000,84.190002,1,0,0.539683,0.158730
20.555555,5.873016,DRAM_2,20.000000,84.000000,1,0,0.555556,0.158730
21.142857,5.873016,DRAM_2,20.000000,83.760002,1,0,0.571429,0.158730
21.730158,5.873016,DRAM_2,20.000000,83.480003,1,0,0.587302,0.158730
22.317461,5.873016,DRAM_2,20.000000,83.139999,1,0,0.603175,0.158730
22.904762,5.873016,DRAM_2,20.000000,82.750000,1,0,0.619048,0.158730
23.492064,5.873016,DRAM_2,20.000000,82.309998,1,0,0.634921,0.158730
24.079365,5.873016,DRAM_2,20.000000,81.820000,1,0,0.650794,0.158730
24.666666,5.873016,DRAM_2,20.000000,81.279999,1,0,0.666667,0.158730
25.253969,5.873016,DRAM_2,20.000000,80.680000,1,0,0.682540,0.158730
25.841270,5.873016,DRAM_2,20.000000,80.029999,1,0,0.698413,0.158730
26.428572,5.873016,DRAM_2,20.000000,79.309998,1,0,0.714286,0.158730
27.015873,5.873016,DRAM_2,20.000000,78.440002,1,0,0.730159,0.158730
27.603174,5.873016,DRAM_2,20.000000,77.500000,1,0,0.746032,0.158730
28.190475,5.873016,background,0.000000,76.339996,0,1,0.761905,0.158730
28.777779,5.873016,background,0.000000,75.260002,0,0,0.777778,0.158730
29.365080,5.873016,background,0.000000,74.260002,0,0,0.793651,0.158730
29.952381,5.873016,background,0.000000,73.320000,0,0,0.809524,0.158730
30.539682,5.873016,background,0.000000,72.419998,0,0,0.825397,0.158730
31.126984,5.873016,background,0.000000,71.559998,0,0,0.841270,0.158730
31.714285,5.873016,background,0.000000,70.720001,0,0,0.857143,0.158730
32.301586,5.873016,background,0.000000,69.910004,0,0,0.873016,0.158730
32.888889,5.873016,background,0.000000,69.129997,0,0,0.888889,0.158730
33.476189,5.873016,background,0.000000,68.370003,0,0,0.904762,0.158730
34.063492,5.873016,background,0.000000,67.639999,0,0,0.920635,0.158730
34.650795,5.873016,background,0.000000,66.949997,0,0,0.936508,0.158730
35.238094,5.873016,background,0.000000,66.320000,0,0,0.952381,0.158730
35.825397,5.873016,background,0.000000,65.769997,0,0,0.968254,0.158730
36.412697,5.873016,background,0.000000,65.339996,0,0,0.984127,0.158730
37.000000,5.873016,background,0.000000,65.089996,0,0,1.000000,0.158730
0.000000,6.460318,background,0.000000,67.260002,0,0,0.000000,0.174603
0.587302,6.460318,background,0.000000,67.570000,0,0,0.015873,0.174603
1.174603,6.460318,background,0.000000,68.110001,0,0,0.031746,0.174603
1.761905,6.460318,background,0.000000,68.779999,0,0,0.047619,0.174603
2.349206,6.460318,background,0.000000,69.559998,0,0,0.063492,0.174603
2.936508,6.460318,background,0.000000,70.389999,0,0,0.079365,0.174603
3.523809,6.460318,background,0.000000,71.260002,0,0,0.095238,0.174603
4.111111,6.460318,background,0.000000,72.150002,0,0,0.111111,0.174603
4.698413,6.460318,background,0.000000,73.040001,0,0,0.126984,0.174603
5.285714,6.460318,background,0.000000,73.930000,0,0,0.142857,0.174603
5.873016,6.460318,background,0.000000,74.820000,0,0,0.158730,0.174603
6.460318,6.460318,background,0.000000,75.720001,0,0,0.174603,0.174603
7.047619,6.460318,background,0.000000,76.650002,0,0,0.190476,0.174603
7.634921,6.460318,background,0.000000,77.620003,0,0,0.206349,0.174603
8.222222,6.460318,background,0.000000,78.669998,0,0,0.222222,0.174603
8.809524,6.460318,background,0.000000,79.589996,0,0,0.238095,0.174603
9.396826,6.460318,background,0.000000,80.550003,0,0,0.253968,0.174603
9.984127,6.460318,background,0.000000,81.300003,0,0,0.269841,0.174603
10.571428,6.460318,background,0.000000,81.970001,0,0,0.285714,0.174603
11.158731,6.460318,CPU2_2,150.000000,82.589996,1,1,0.301587,0.174603
11.746032,6.460318,CPU2_2,150.000000,83.169998,1,0,0.317460,0.174603
12.333333,6.460318,CPU2_2,150.000000,83.690002,1,0,0.333333,0.174603
12.920635,6.460318,CPU2_2,150.000000,84.160004,1,0,0.349206,0.174603
13.507936,6.460318,CPU2_2,150.000000,84.580002,1,0,0.365079,0.174603
14.095238,6.460318,CPU2_2,150.000000,84.949997,1,0,0.380952,0.174603
14.682540,6.460318,CPU2_2,150.000000,85.269997,1,0,0.396825,0.174603
15.269841,6.460318,CPU2_2,150.000000,85.529999,1,0,0.412698,0.174603
15.857142,6.460318,CPU2_2,150.000000,85.750000,1,0,0.428571,0.174603
16.444445,6.460318,CPU2_2,150.000000,85.910004,1,0,0.444444,0.174603
17.031746,6.460318,CPU2_2,150.000000,86.019997,1,0,0.460317,0.174603
17.619047,6.460318,CPU2_2,150.000000,86.080002,1,0,0.476190,0.174603
18.206348,6.460318,CPU2_2,150.000000,86.080002,1,0,0.492063,0.174603
18.793652,6.460318,CPU2_2,150.000000,86.040001,1,1,0.507937,0.174603
19.380953,6.460318,DRAM_2,20.000000,85.940002,1,0,0.523810,0.174603
19.968254,6.460318,DRAM_2,20.000000,85.800003,1,0,0.539683,0.174603
20.555555,6.460318,DRAM_2,20.000000,85.599998,1,0,0.555556,0.174603
21.142857,6.460318,DRAM_2,20.000000,85.349998,1,0,0.571429,0.174603
21.730158,6.460318,DRAM_2,20.000000,85.040001,1,0,0.587302,0.174603
22.317461,6.460318,DRAM_2,20.000000,84.690002,1,0,0.603175,0.174603
22.904762,6.460318,DRAM_2,20.000000,84.279999,1,0,0.619048,0.174603
23.492064,6.460318,DRAM_2,20.000000,83.820000,1,0,0.634921,0.174603
24.079365,6.460318,DRAM_2,20.000000,83.300003,1,0,0.650794,0.174603
24.666666,6.460318,DRAM_2,20.000000,82.730003,1,0,0.666667,0.174603
25.253969,6.460318,DRAM_2,20.000000,82.099998,1,0,0.682540,0.174603
25.841270,6.460318,DRAM_2,20.000000,81.419998,1,0,0.698413,0.174603
26.428572,6.460318,DRAM_2,20.000000,80.660004,1,0,0.714286,0.174603
27.015873,6.460318,DRAM_2,20.000000,79.769997,1,0,0.730159,0.174603
27.603174,6.460318,DRAM_2,20.000000,78.820000,1,0,0.746032,0.174603
28.190475,6.460318,background,0.000000,77.629997,0,1,0.761905,0.174603
28.777779,6.460318,background,0.000000,76.510002,0,0,0.777778,0.174603
29.365080,6.460318,background,0.000000,75.449997,0,0,0.793651,0.174603
29.952381,6.460318,background,0.000000,74.440002,0,0,0.809524,0.174603
30.539682,6.460318,background,0.000000,73.480003,0,0,0.825397,0.174603
31.126984,6.460318,background,0.000000,72.559998,0,0,0.841270,0.174603
31.714285,6.460318,background,0.000000,71.669998,0,0,0.857143,0.174603
32.301586,6.460318,background,0.000000,70.809998,0,0,0.873016,0.174603
32.888889,6.460318,background,0.000000,69.980003,0,0,0.888889,0.174603
33.476189,6.460318,background,0.000000,69.180000,0,0,0.904762,0.174603
34.063492,6.460318,background,0.000000,68.410004,0,0,0.920635,0.174603
34.650795,6.460318,background,0.000000,67.680000,0,0,0.936508,0.174603
35.238094,6.460318,background,0.000000,67.010002,0,0,0.952381,0.174603
35.825397,6.460318,background,0.000000,66.430000,0,0,0.968254,0.174603
36.412697,6.460318,background,0.000000,65.980003,0,0,0.984127,0.174603
37.000000,6.460318,background,0.000000,65.709999,0,0,1.000000,0.174603
0.000000,7.047619,background,0.000000,68.080002,0,0,0.000000,0.190476
0.587302,7.047619,background,0.000000,68.419998,0,0,0.015873,0.190476
1.174603,7.047619,background,0.000000,69.000000,0,0,0.031746,0.190476
1.761905,7.047619,background,0.000000,69.739998,0,0,0.047619,0.190476
2.349206,7.047619,background,0.000000,70.589996,0,0,0.063492,0.190476
2.936508,7.047619,background,0.000000,71.510002,0,0,0.079365,0.190476
3.523809,7.047619,background,0.000000,72.449997,0,0,0.095238,0.190476
4.111111,7.047619,background,0.000000,73.410004,0,0,0.111111,0.190476
4.698413,7.047619,background,0.000000,74.360001,0,0,0.126984,0.190476
5.285714,7.047619,background,0.000000,75.309998,0,0,0.142857,0.190476
5.873016,7.047619,background,0.000000,76.239998,0,0,0.158730,0.190476
6.460318,7.047619,background,0.000000,77.160004,0,0,0.174603,0.190476
7.047619,7.047619,background,0.000000,78.099998,0,0,0.190476,0.190476
7.634921,7.047619,background,0.000000,79.059998,0,0,0.206349,0.190476
8.222222,7.047619,background,0.000000,80.070000,0,0,0.222222,0.190476
8.809524,7.047619,background,0.000000,80.959999,0,0,0.238095,0.190476
9.396826,7.047619,background,0.000000,81.930000,0,0,0.253968,0.190476
9.984127,7.047619,background,0.000000,82.699997,0,0,0.269841,0.190476
10.571428,7.047619,background,0.000000,83.400002,0,0,0.285714,0.190476
11.158731,7.047619,CPU2_2,150.000000,84.059998,1,1,0.301587,0.190476
11.746032,7.047619,CPU2_2,150.000000,84.669998,1,0,0.317460,0.190476
12.333333,7.047619,CPU2_2,150.000000,85.230003,1,0,0.333333,0.190476
12.920635,7.047619,CPU2_2,150.000000,85.739998,1,0,0.349206,0.190476
13.507936,7.047619,CPU2_2,150.000000,86.190002,1,0,0.365079,0.190476
14.095238,7.047619,CPU2_2,150.000000,86.589996,1,0,0.380952,0.190476
14.682540,7.047619,CPU2_2,150.000000,86.919998,1,0,0.396825,0.190476
15.269841,7.047619,CPU2_2,150.000000,87.199997,1,0,0.412698,0.190476
15.857142,7.047619,CPU2_2,150.000000,87.430000,1,0,0.428571,0.190476
16.444445,7.047619,CPU2_2,150.000000,87.599998,1,0,0.444444,0.190476
17.031746,7.047619,CPU2_2,150.000000,87.720001,1,0,0.460317,0.190476
17.619047,7.047619,CPU2_2,150.000000,87.779999,1,0,0.476190,0.190476
18.206348,7.047619,CPU2_2,150.000000,87.790001,1,0,0.492063,0.190476
18.793652,7.047619,CPU2_2,150.000000,87.739998,1,1,0.507937,0.190476
19.380953,7.047619,DRAM_2,20.000000,87.639999,1,0,0.523810,0.190476
19.968254,7.047619,DRAM_2,20.000000,87.489998,1,0,0.539683,0.190476
20.555555,7.047619,DRAM_2,20.000000,87.279999,1,0,0.555556,0.190476
21.142857,7.047619,DRAM_2,20.000000,87.010002,1,0,0.571429,0.190476
21.730158,7.047619,DRAM_2,20.000000,86.699997,1,0,0.587302,0.190476
22.317461,7.047619,DRAM_2,20.000000,86.320000,1,0,0.603175,0.190476
22.904762,7.047619,DRAM_2,20.000000,85.889999,1,0,0.619048,0.190476
23.492064,7.047619,DRAM_2,20.000000,85.410004,1,0,0.634921,0.190476
24.079365,7.047619,DRAM_2,20.000000,84.870003,1,0,0.650794,0.190476
24.666666,7.047619,DRAM_2,20.000000,84.269997,1,0,0.666667,0.190476
25.253969,7.047619,DRAM_2,20.000000,83.610001,1,0,0.682540,0.190476
25.841270,7.047619,DRAM_2,20.000000,82.879997,1,0,0.698413,0.190476
26.428572,7.047619,DRAM_2,20.000000,82.099998,1,0,0.714286,0.190476
27.015873,7.047619,DRAM_2,20.000000,81.180000,1,0,0.730159,0.190476
27.603174,7.047619,DRAM_2,20.000000,80.250000,1,0,0.746032,0.190476
28.190475,7.047619,background,0.000000,79.040001,0,1,0.761905,0.190476
28.777779,7.047619,background,0.000000,77.849998,0,0,0.777778,0.190476
29.365080,7.047619,background,0.000000,76.709999,0,0,0.793651,0.190476
29.952381,7.047619,background,0.000000,75.629997,0,0,0.809524,0.190476
30.539682,7.047619,background,0.000000,74.599998,0,0,0.825397,0.190476
31.126984,7.047619,background,0.000000,73.610001,0,0,0.841270,0.190476
31.714285,7.047619,background,0.000000,72.660004,0,0,0.857143,0.190476
32.301586,7.047619,background,0.000000,71.750000,0,0,0.873016,0.190476
32.888889,7.047619,background,0.000000,70.870003,0,0,0.888889,0.190476
33.476189,7.047619,background,0.000000,70.019997,0,0,0.904762,0.190476
34.063492,7.047619,background,0.000000,69.199997,0,0,0.920635,0.190476
34.650795,7.047619,background,0.000000,68.440002,0,0,0.936508,0.190476
35.238094,7.047619,background,0.000000,67.730003,0,0,0.952381,0.190476
35.825397,7.047619,background,0.000000,67.120003,0,0,0.968254,0.190476
36.412697,7.047619,background,0.000000,66.639999,0,0,0.984127,0.190476
37.000000,7.047619,background,0.000000,66.360001,0,0,1.000000,0.190476
0.000000,7.634921,background,0.000000,68.949997,0,0,0.000000,0.206349
0.587302,7.634921,background,0.000000,69.320000,0,0,0.015873,0.206349
1.174603,7.634921,background,0.000000,69.970001,0,0,0.031746,0.206349
1.761905,7.634921,background,0.000000,70.800003,0,0,0.047619,0.206349
2.349206,7.634921,background,0.000000,71.750000,0,0,0.063492,0.206349
2.936508,7.634921,background,0.000000,72.769997,0,0,0.079365,0.206349
3.523809,7.634921,background,0.000000,73.820000,0,0,0.095238,0.206349
4.111111,7.634921,background,0.000000,74.870003,0,0,0.111111,0.206349
4.698413,7.634921,background,0.000000,75.889999,0,0,0.126984,0.206349
5.285714,7.634921,background,0.000000,76.900002,0,0,0.142857,0.206349
5.873016,7.634921,background,0.000000,77.870003,0,0,0.158730,0.206349
6.460318,7.634921,background,0.000000,78.820000,0,0,0.174603,0.206349
7.047619,7.634921,background,0.000000,79.739998,0,0,0.190476,0.206349
7.634921,7.634921,background,0.000000,80.669998,0,0,0.206349,0.206349
8.222222,7.634921,background,0.000000,81.599998,0,0,0.222222,0.206349
8.809524,7.634921,background,0.000000,82.400002,0,0,0.238095,0.206349
9.396826,7.634921,background,0.000000,83.360001,0,0,0.253968,0.206349
9.984127,7.634921,background,0.000000,84.150002,0,0,0.269841,0.206349
10.571428,7.634921,background,0.000000,84.889999,0,0,0.285714,0.206349
11.158731,7.634921,CPU2_2,150.000000,85.599998,1,1,0.301587,0.206349
11.746032,7.634921,CPU2_2,150.000000,86.269997,1,0,0.317460,0.206349
12.333333,7.634921,CPU2_2,150.000000,86.889999,1,0,0.333333,0.206349
12.920635,7.634921,CPU2_2,150.000000,87.440002,1,0,0.349206,0.206349
13.507936,7.634921,CPU2_2,150.000000,87.930000,1,0,0.365079,0.206349
14.095238,7.634921,CPU2_2,150.000000,88.349998,1,0,0.380952,0.206349
14.682540,7.634921,CPU2_2,150.000000,88.709999,1,0,0.396825,0.206349
15.269841,7.634921,CPU2_2,150.000000,89.010002,1,0,0.412698,0.206349
15.857142,7.634921,CPU2_2,150.000000,89.250000,1,0,0.428571,0.206349
16.444445,7.634921,CPU2_2,150.000000,89.430000,1,0,0.444444,0.206349
17.031746,7.634921,CPU2_2,150.000000,89.550003,1,0,0.460317,0.206349
17.619047,7.634921,CPU2_2,150.000000,89.620003,1,0,0.476190,0.206349
18.206348,7.634921,CPU2_2,150.000000,89.620003,1,0,0.492063,0.206349
18.793652,7.634921,CPU2_2,150.000000,89.580002,1,1,0.507937,0.206349
19.380953,7.634921,DRAM_2,20.000000,89.470001,1,0,0.523810,0.206349
19.968254,7.634921,DRAM_2,20.000000,89.309998,1,0,0.539683,0.206349
20.555555,7.634921,DRAM_2,20.000000,89.089996,1,0,0.555556,0.206349
21.142857,7.634921,DRAM_2,20.000000,88.820000,1,0,0.571429,0.206349
21.730158,7.634921,DRAM_2,20.000000,88.489998,1,0,0.587302,0.206349
22.317461,7.634921,DRAM_2,20.000000,88.099998,1,0,0.603175,0.206349
22.904762,7.634921,DRAM_2,20.000000,87.650002,1,0,0.619048,0.206349
23.492064,7.634921,DRAM_2,20.000000,87.139999,1,0,0.634921,0.206349
24.079365,7.634921,DRAM_2,20.000000,86.570000,1,0,0.650794,0.206349
24.666666,7.634921,DRAM_2,20.000000,85.940002,1,0,0.666667,0.206349
25.253969,7.634921,DRAM_2,20.000000,85.239998,1,0,0.682540,0.206349
25.841270,7.634921,DRAM_2,20.000000,84.489998,1,0,0.698413,0.206349
26.428572,7.634921,DRAM_2,20.000000,83.669998,1,0,0.714286,0.206349
27.015873,7.634921,DRAM_2,20.000000,82.739998,1,0,0.730159,0.206349
27.603174,7.634921,DRAM_2,20.000000,81.860001,1,0,0.746032,0.206349
28.190475,7.634921,background,0.000000,80.629997,0,1,0.761905,0.206349
28.777779,7.634921,background,0.000000,79.349998,0,0,0.777778,0.206349
29.365080,7.634921,background,0.000000,78.099998,0,0,0.793651,0.206349
29.952381,7.634921,background,0.000000,76.900002,0,0,0.809524,0.206349
30.539682,7.634921,background,0.000000,75.779999,0,0,0.825397,0.206349
31.126984,7.634921,background,0.000000,74.720001,0,0,0.841270,0.206349
31.714285,7.634921,background,0.000000,73.699997,0,0,0.857143,0.206349
32.301586,7.634921,background,0.000000,72.730003,0,0,0.873016,0.206349
32.888889,7.634921,background,0.000000,71.800003,0,0,0.888889,0.206349
33.476189,7.634921,background,0.000000,70.900002,0,0,0.904762,0.206349
34.063492,7.634921,background,0.000000,70.040001,0,0,0.920635,0.206349
34.650795,7.634921,background,0.000000,69.230003,0,0,0.936508,0.206349
35.238094,7.634921,background,0.000000,68.480003,0,0,0.952381,0.206349
35.825397,7.634921,background,0.000000,67.830002,0,0,0.968254,0.206349
36.412697,7.634921,background,0.000000,67.320000,0,0,0.984127,0.206349
37.000000,7.634921,background,0.000000,67.019997,0,0,1.000000,0.206349
0.000000,8.222222,background,0.000000,69.870003,0,0,0.000000,0.222222
0.587302,8.222222,background,0.000000,70.290001,0,0,0.015873,0.222222
1.174603,8.222222,background,0.000000,71.019997,0,0,0.031746,0.222222
1.761905,8.222222,background,0.000000,71.970001,0,0,0.047619,0.222222
2.349206,8.222222,background,0.000000,73.070000,0,0,0.063492,0.222222
2.936508,8.222222,background,0.000000,74.239998,0,0,0.079365,0.222222
3.523809,8.222222,background,0.000000,75.440002,0,0,0.095238,0.222222
4.111111,8.222222,background,0.000000,76.599998,0,0,0.111111,0.222222
4.698413,8.222222,background,0.000000,77.730003,0,0,0.126984,0.222222
5.285714,8.222222,background,0.000000,78.800003,0,0,0.142857,0.222222
5.873016,8.222222,background,0.000000,79.820000,0,0,0.158730,0.222222
6.460318,8.222222,background,0.000000,80.779999,0,0,0.174603,0.222222
7.047619,8.222222,background,0.000000,81.690002,0,0,0.190476,0.222222
7.634921,8.222222,background,0.000000,82.540001,0,0,0.206349,0.222222
8.222222,8.222222,background,0.000000,83.320000,0,0,0.222222,0.222222
8.809524,8.222222,background,0.000000,83.959999,0,0,0.238095,0.222222
9.396826,8.222222,background,0.000000,84.879997,0,0,0.253968,0.222222
9.984127,8.222222,background,0.000000,85.680000,0,0,0.269841,0.222222
10.571428,8.222222,background,0.000000,86.459999,0,0,0.285714,0.222222
11.158731,8.222222,CPU2_2,150.000000,87.239998,1,1,0.301587,0.222222
11.746032,8.222222,CPU2_2,150.000000,88.010002,1,0,0.317460,0.222222
12.333333,8.222222,CPU2_2,150.000000,88.739998,1,0,0.333333,0.222222
12.920635,8.222222,CPU2_2,150.000000,89.379997,1,0,0.349206,0.222222
13.507936,8.222222,CPU2_2,150.000000,89.919998,1,0,0.365079,0.222222
14.095238,8.222222,CPU2_2,150.000000,90.379997,1,0,0.380952,0.222222
14.682540,8.222222,CPU2_2,150.000000,90.760002,1,0,0.396825,0.222222
15.269841,8.222222,CPU2_2,150.000000,91.080002,1,0,0.412698,0.222222
15.857142,8.222222,CPU2_2,150.000000,91.330002,1,0,0.428571,0.222222
16.444445,8.222222,CPU2_2,150.000000,91.519997,1,0,0.444444,0.222222
17.031746,8.222222,CPU2_2,150.000000,91.639999,1,0,0.460317,0.222222
17.619047,8.222222,CPU2_2,150.000000,91.709999,1,0,0.476190,0.222222
18.206348,8.222222,CPU2_2,150.000000,91.720001,1,0,0.492063,0.222222
18.793652,8.222222,CPU2_2,150.000000,91.680000,1,1,0.507937,0.222222
19.380953,8.222222,DRAM_2,20.000000,91.570000,1,0,0.523810,0.222222
19.968254,8.222222,DRAM_2,20.000000,91.400002,1,0,0.539683,0.222222
20.555555,8.222222,DRAM_2,20.000000,91.169998,1,0,0.555556,0.222222
21.142857,8.222222,DRAM_2,20.000000,90.889999,1,0,0.571429,0.222222
21.730158,8.222222,DRAM_2,20.000000,90.540001,1,0,0.587302,0.222222
22.317461,8.222222,DRAM_2,20.000000,90.129997,1,0,0.603175,0.222222
22.904762,8.222222,DRAM_2,20.000000,89.660004,1,0,0.619048,0.222222
23.492064,8.222222,DRAM_2,20.000000,89.129997,1,0,0.634921,0.222222
24.079365,8.222222,DRAM_2,20.000000,88.529999,1,0,0.650794,0.222222
24.666666,8.222222,DRAM_2,20.000000,87.870003,1,0,0.666667,0.222222
25.253969,8.222222,DRAM_2,20.000000,87.139999,1,0,0.682540,0.222222
25.841270,8.222222,DRAM_2,20.000000,86.349998,1,0,0.698413,0.222222
26.428572,8.222222,DRAM_2,20.000000,85.500000,1,0,0.714286,0.222222
27.015873,8.222222,DRAM_2,20.000000,84.580002,1,0,0.730159,0.222222
27.603174,8.222222,DRAM_2,20.000000,83.830002,1,0,0.746032,0.222222
28.190475,8.222222,background,0.000000,82.540001,0,1,0.761905,0.222222
28.777779,8.222222,background,0.000000,81.070000,0,0,0.777778,0.222222
29.365080,8.222222,background,0.000000,79.629997,0,0,0.793651,0.222222
29.952381,8.222222,background,0.000000,78.279999,0,0,0.809524,0.222222
30.539682,8.222222,background,0.000000,77.040001,0,0,0.825397,0.222222
31.126984,8.222222,background,0.000000,75.889999,0,0,0.841270,0.222222
31.714285,8.222222,background,0.000000,74.800003,0,0,0.857143,0.222222
32.301586,8.222222,background,0.000000,73.769997,0,0,0.873016,0.222222
32.888889,8.222222,background,0.000000,72.790001,0,0,0.888889,0.222222
33.476189,8.222222,background,0.000000,71.839996,0,0,0.904762,0.222222
34.063492,8.222222,background,0.000000,70.930000,0,0,0.920635,0.222222
34.650795,8.222222,background,0.000000,70.059998,0,0,0.936508,0.222222
35.238094,8.222222,background,0.000000,69.269997,0,0,0.952381,0.222222
35.825397,8.222222,background,0.000000,68.580002,0,0,0.968254,0.222222
36.412697,8.222222,background,0.000000,68.029999,0,0,0.984127,0.222222
37.000000,8.222222,background,0.000000,67.709999,0,0,1.000000,0.222222
0.000000,8.809524,background,0.000000,70.849998,0,0,0.000000,0.238095
0.587302,8.809524,background,0.000000,71.330002,0,0,0.015873,0.238095
1.174603,8.809524,background,0.000000,72.190002,0,1,0.031746,0.238095
1.761905,8.809524,background,0.000000,73.309998,0,1,0.047619,0.238095
2.349206,8.809524,background,0.000000,74.629997,0,1,0.063492,0.238095
2.936508,8.809524,background,0.000000,76.040001,0,1,0.079365,0.238095
3.523809,8.809524,background,0.000000,77.440002,0,1,0.095238,0.238095
4.111111,8.809524,background,0.000000,78.769997,0,1,0.111111,0.238095
4.698413,8.809524,background,0.000000,80.010002,0,1,0.126984,0.238095
5.285714,8.809524,background,0.000000,81.160004,0,1,0.142857,0.238095
5.873016,8.809524,background,0.000000,82.230003,0,1,0.158730,0.238095
6.460318,8.809524,background,0.000000,83.220001,0,1,0.174603,0.238095
7.047619,8.809524,background,0.000000,84.099998,0,1,0.190476,0.238095
7.634921,8.809524,background,0.000000,84.839996,0,1,0.206349,0.238095
8.222222,8.809524,background,0.000000,85.389999,0,1,0.222222,0.238095
8.809524,8.809524,background,0.000000,85.720001,0,1,0.238095,0.238095
9.396826,8.809524,background,0.000000,86.519997,0,1,0.253968,0.238095
9.984127,8.809524,background,0.000000,87.320000,0,1,0.269841,0.238095
10.571428,8.809524,background,0.000000,88.150002,0,0,0.285714,0.238095
11.158731,8.809524,CPU2_2,150.000000,89.050003,1,1,0.301587,0.238095
11.746032,8.809524,CPU2_2,150.000000,90.040001,1,0,0.317460,0.238095
12.333333,8.809524,CPU2_2,150.000000,91.050003,1,0,0.333333,0.238095
12.920635,8.809524,CPU2_2,150.000000,91.849998,1,0,0.349206,0.238095
13.507936,8.809524,CPU2_2,150.000000,92.470001,1,0,0.365079,0.238095
14.095238,8.809524,CPU2_2,150.000000,92.970001,1,0,0.380952,0.238095
14.682540,8.809524,CPU2_2,150.000000,93.379997,1,0,0.396825,0.238095
15.269841,8.809524,CPU2_2,150.000000,93.709999,1,0,0.412698,0.238095
15.857142,8.809524,CPU2_2,150.000000,93.980003,1,0,0.428571,0.238095
16.444445,8.809524,CPU2_2,150.000000,94.180000,1,0,0.444444,0.238095
17.031746,8.809524,CPU2_2,150.000000,94.309998,1,0,0.460317,0.238095
17.619047,8.809524,CPU2_2,150.000000,94.379997,1,0,0.476190,0.238095
18.206348,8.809524,CPU2_2,150.000000,94.400002,1,0,0.492063,0.238095
18.793652,8.809524,CPU2_2,150.000000,94.349998,1,1,0.507937,0.238095
19.380953,8.809524,DRAM_2,20.000000,94.239998,1,1,0.523810,0.238095
19.968254,8.809524,CPU2_0,150.000000,94.059998,1,1,0.539683,0.238095
20.555555,8.809524,CPU2_0,150.000000,93.830002,1,1,0.555556,0.238095
21.142857,8.809524,CPU2_0,150.000000,93.529999,1,1,0.571429,0.238095
21.730158,8.809524,CPU2_0,150.000000,93.169998,1,1,0.587302,0.238095
22.317461,8.809524,CPU2_0,150.000000,92.739998,1,1,0.603175,0.238095
22.904762,8.809524,CPU2_0,150.000000,92.250000,1,1,0.619048,0.238095
23.492064,8.809524,CPU2_0,150.000000,91.699997,1,1,0.634921,0.238095
24.079365,8.809524,CPU2_0,150.000000,91.070000,1,1,0.650794,0.238095
24.666666,8.809524,CPU2_0,150.000000,90.370003,1,1,0.666667,0.238095
25.253969,8.809524,CPU2_0,150.000000,89.610001,1,1,0.682540,0.238095
25.841270,8.809524,CPU2_0,150.000000,88.779999,1,1,0.698413,0.238095
26.428572,8.809524,CPU2_0,150.000000,87.910004,1,1,0.714286,0.238095
27.015873,8.809524,CPU2_0,150.000000,87.040001,1,1,0.730159,0.238095
27.603174,8.809524,DRAM_2,20.000000,86.510002,1,1,0.746032,0.238095
28.190475,8.809524,background,0.000000,84.989998,0,1,0.761905,0.238095
28.777779,8.809524,background,0.000000,83.110001,0,0,0.777778,0.238095
29.365080,8.809524,background,0.000000,81.330002,0,0,0.793651,0.238095
29.952381,8.809524,background,0.000000,79.760002,0,0,0.809524,0.238095
30.539682,8.809524,background,0.000000,78.379997,0,0,0.825397,0.238095
31.126984,8.809524,background,0.000000,77.139999,0,0,0.841270,0.238095
31.714285,8.809524,background,0.000000,75.980003,0,0,0.857143,0.238095
32.301586,8.809524,background,0.000000,74.889999,0,0,0.873016,0.238095
32.888889,8.809524,background,0.000000,73.849998,0,0,0.888889,0.238095
33.476189,8.809524,background,0.000000,72.849998,0,0,0.904762,0.238095
34.063492,8.809524,background,0.000000,71.889999,0,0,0.920635,0.238095
34.650795,8.809524,background,0.000000,70.970001,0,0,0.936508,0.238095
35.238094,8.809524,background,0.000000,70.120003,0,0,0.952381,0.238095
35.825397,8.809524,background,0.000000,69.370003,0,0,0.968254,0.238095
36.412697,8.809524,background,0.000000,68.779999,0,0,0.984127,0.238095
37.000000,8.809524,background,0.000000,68.430000,0,0,1.000000,0.238095
0.000000,9.396826,background,0.000000,71.889999,0,0,0.000000,0.253968
0.587302,9.396826,background,0.000000,72.459999,0,0,0.015873,0.253968
1.174603,9.396826,DRAM_5,20.000000,73.480003,1,1,0.031746,0.253968
1.761905,9.396826,DRAM_5,20.000000,74.870003,1,0,0.047619,0.253968
2.349206,9.396826,DRAM_5,20.000000,76.540001,1,0,0.063492,0.253968
2.936508,9.396826,DRAM_5,20.000000,78.330002,1,0,0.079365,0.253968
3.523809,9.396826,DRAM_5,20.000000,80.040001,1,0,0.095238,0.253968
4.111111,9.396826,DRAM_5,20.000000,81.580002,1,0,0.111111,0.253968
4.698413,9.396826,DRAM_5,20.000000,82.959999,1,0,0.126984,0.253968
5.285714,9.396826,DRAM_5,20.000000,84.209999,1,0,0.142857,0.253968
5.873016,9.396826,DRAM_5,20.000000,85.339996,1,0,0.158730,0.253968
6.460318,9.396826,DRAM_5,20.000000,86.370003,1,0,0.174603,0.253968
7.047619,9.396826,DRAM_5,20.000000,87.239998,1,0,0.190476,0.253968
7.634921,9.396826,DRAM_5,20.000000,87.879997,1,0,0.206349,0.253968
8.222222,9.396826,DRAM_5,20.000000,88.139999,1,0,0.222222,0.253968
8.809524,9.396826,DRAM_5,20.000000,87.919998,1,0,0.238095,0.253968
9.396826,9.396826,DRAM_5,20.000000,88.459999,1,0,0.253968,0.253968
9.984127,9.396826,DRAM_5,20.000000,89.220001,1,1,0.269841,0.253968
10.571428,9.396826,background,0.000000,90.120003,0,0,0.285714,0.253968
11.158731,9.396826,CPU2_2,150.000000,91.220001,1,1,0.301587,0.253968
11.746032,9.396826,CPU2_2,150.000000,92.739998,1,0,0.317460,0.253968
12.333333,9.396826,CPU2_2,150.000000,94.529999,1,0,0.333333,0.253968
12.920635,9.396826,CPU2_2,150.000000,95.629997,1,0,0.349206,0.253968
13.507936,9.396826,CPU2_2,150.000000,96.360001,1,0,0.365079,0.253968
14.095238,9.396826,CPU2_2,150.000000,96.910004,1,0,0.380952,0.253968
14.682540,9.396826,CPU2_2,150.000000,97.349998,1,0,0.396825,0.253968
15.269841,9.396826,CPU2_2,150.000000,97.699997,1,0,0.412698,0.253968
15.857142,9.396826,CPU2_2,150.000000,97.980003,1,0,0.428571,0.253968
16.444445,9.396826,CPU2_2,150.000000,98.180000,1,0,0.444444,0.253968
17.031746,9.396826,CPU2_2,150.000000,98.320000,1,0,0.460317,0.253968
17.619047,9.396826,CPU2_2,150.000000,98.400002,1,0,0.476190,0.253968
18.206348,9.396826,CPU2_2,150.000000,98.410004,1,0,0.492063,0.253968
18.793652,9.396826,CPU2_2,150.000000,98.360001,1,1,0.507937,0.253968
19.380953,9.396826,background,0.000000,98.250000,0,1,0.523810,0.253968
19.968254,9.396826,CPU2_0,150.000000,98.070000,1,1,0.539683,0.253968
20.555555,9.396826,CPU2_0,150.000000,97.830002,1,1,0.555556,0.253968
21.142857,9.396826,CPU2_0,150.000000,97.519997,1,1,0.571429,0.253968
21.730158,9.396826,CPU2_0,150.000000,97.139999,1,1,0.587302,0.253968
22.317461,9.396826,CPU2_0,150.000000,96.699997,1,1,0.603175,0.253968
22.904762,9.396826,CPU2_0,150.000000,96.190002,1,1,0.619048,0.253968
23.492064,9.396826,CPU2_0,150.000000,95.610001,1,1,0.634921,0.253968
24.079365,9.396826,CPU2_0,150.000000,94.959999,1,1,0.650794,0.253968
24.666666,9.396826,CPU2_0,150.000000,94.230003,1,1,0.666667,0.253968
25.253969,9.396826,CPU2_0,150.000000,93.419998,1,1,0.682540,0.253968
25.841270,9.396826,CPU2_0,150.000000,92.550003,1,1,0.698413,0.253968
26.428572,9.396826,CPU2_0,150.000000,91.660004,1,1,0.714286,0.253968
27.015873,9.396826,CPU2_0,150.000000,90.889999,1,1,0.730159,0.253968
27.603174,9.396826,background,0.000000,90.559998,0,1,0.746032,0.253968
28.190475,9.396826,background,0.000000,88.279999,0,1,0.761905,0.253968
28.777779,9.396826,background,0.000000,85.500000,0,0,0.777778,0.253968
29.365080,9.396826,background,0.000000,83.180000,0,0,0.793651,0.253968
29.952381,9.396826,background,0.000000,81.339996,0,0,0.809524,0.253968
30.539682,9.396826,background,0.000000,79.809998,0,0,0.825397,0.253968
31.126984,9.396826,background,0.000000,78.480003,0,0,0.841270,0.253968
31.714285,9.396826,background,0.000000,77.269997,0,0,0.857143,0.253968
32.301586,9.396826,background,0.000000,76.129997,0,0,0.873016,0.253968
32.888889,9.396826,background,0.000000,75.029999,0,0,0.888889,0.253968
33.476189,9.396826,background,0.000000,73.980003,0,0,0.904762,0.253968
34.063492,9.396826,background,0.000000,72.959999,0,0,0.920635,0.253968
34.650795,9.396826,background,0.000000,71.980003,0,0,0.936508,0.253968
35.238094,9.396826,background,0.000000,71.059998,0,0,0.952381,0.253968
35.825397,9.396826,background,0.000000,70.239998,0,0,0.968254,0.253968
36.412697,9.396826,background,0.000000,69.580002,0,0,0.984127,0.253968
37.000000,9.396826,background,0.000000,69.169998,0,0,1.000000,0.253968
0.000000,9.984127,background,0.000000,72.970001,0,0,0.000000,0.269841
0.587302,9.984127,background,0.000000,73.650002,0,0,0.015873,0.269841
1.174603,9.984127,DRAM_5,20.000000,74.900002,1,1,0.031746,0.269841
1.761905,9.984127,DRAM_5,20.000000,76.690002,1,0,0.047619,0.269841
2.349206,9.984127,DRAM_5,20.000000,78.919998,1,0,0.063492,0.269841
2.936508,9.984127,DRAM_5,20.000000,81.370003,1,0,0.079365,0.269841
3.523809,9.984127,DRAM_5,20.000000,83.550003,1,0,0.095238,0.269841
4.111111,9.984127,DRAM_5,20.000000,85.360001,1,0,0.111111,0.269841
4.698413,9.984127,DRAM_5,20.000000,86.900002,1,0,0.126984,0.269841
5.285714,9.984127,DRAM_5,20.000000,88.239998,1,0,0.142857,0.269841
5.873016,9.984127,DRAM_5,20.000000,89.449997,1,0,0.158730,0.269841
6.460318,9.984127,DRAM_5,20.000000,90.529999,1,0,0.174603,0.269841
7.047619,9.984127,DRAM_5,20.000000,91.449997,1,0,0.190476,0.269841
7.634921,9.984127,DRAM_5,20.000000,92.110001,1,0,0.206349,0.269841
8.222222,9.984127,DRAM_5,20.000000,92.269997,1,0,0.222222,0.269841
8.809524,9.984127,DRAM_5,20.000000,91.620003,1,0,0.238095,0.269841
9.396826,9.984127,DRAM_5,20.000000,91.720001,1,0,0.253968,0.269841
9.984127,9.984127,DRAM_5,20.000000,92.389999,1,1,0.269841,0.269841
10.571428,9.984127,background,0.000000,93.370003,0,0,0.285714,0.269841
11.158731,9.984127,CPU2_2,150.000000,94.800003,1,1,0.301587,0.269841
11.746032,9.984127,CPU2_2,150.000000,97.320000,1,0,0.317460,0.269841
12.333333,9.984127,CPU2_2,150.000000,100.589996,1,0,0.333333,0.269841
12.920635,9.984127,CPU2_2,150.000000,102.050003,1,0,0.349206,0.269841
13.507936,9.984127,CPU2_2,150.000000,102.879997,1,0,0.365079,0.269841
14.095238,9.984127,CPU2_2,150.000000,103.459999,1,0,0.380952,0.269841
14.682540,9.984127,CPU2_2,150.000000,103.919998,1,0,0.396825,0.269841
15.269841,9.984127,CPU2_2,150.000000,104.290001,1,0,0.412698,0.269841
15.857142,9.984127,CPU2_2,150.000000,104.570000,1,0,0.428571,0.269841
16.444445,9.984127,CPU2_2,150.000000,104.790001,1,0,0.444444,0.269841
17.031746,9.984127,CPU2_2,150.000000,104.930000,1,0,0.460317,0.269841
17.619047,9.984127,CPU2_2,150.000000,105.019997,1,0,0.476190,0.269841
18.206348,9.984127,CPU2_2,150.000000,105.029999,1,0,0.492063,0.269841
18.793652,9.984127,CPU2_2,150.000000,104.980003,1,1,0.507937,0.269841
19.380953,9.984127,background,0.000000,104.860001,0,1,0.523810,0.269841
19.968254,9.984127,CPU2_0,150.000000,104.680000,1,0,0.539683,0.269841
20.555555,9.984127,CPU2_0,150.000000,104.419998,1,0,0.555556,0.269841
21.142857,9.984127,CPU2_0,150.000000,104.110001,1,0,0.571429,0.269841
21.730158,9.984127,CPU2_0,150.000000,103.720001,1,0,0.587302,0.269841
22.317461,9.984127,CPU2_0,150.000000,103.260002,1,0,0.603175,0.269841
22.904762,9.984127,CPU2_0,150.000000,102.730003,1,0,0.619048,0.269841
23.492064,9.984127,CPU2_0,150.000000,102.120003,1,0,0.634921,0.269841
24.079365,9.984127,CPU2_0,150.000000,101.440002,1,0,0.650794,0.269841
24.666666,9.984127,CPU2_0,150.000000,100.680000,1,0,0.666667,0.269841
25.253969,9.984127,CPU2_0,150.000000,99.830002,1,0,0.682540,0.269841
25.841270,9.984127,CPU2_0,150.000000,98.889999,1,0,0.698413,0.269841
26.428572,9.984127,CPU2_0,150.000000,97.900002,1,0,0.714286,0.269841
27.015873,9.984127,CPU2_0,150.000000,96.900002,1,0,0.730159,0.269841
27.603174,9.984127,background,0.000000,95.489998,0,1,0.746032,0.269841
28.190475,9.984127,background,0.000000,91.830002,0,0,0.761905,0.269841
28.777779,9.984127,background,0.000000,87.870003,0,0,0.777778,0.269841
29.365080,9.984127,background,0.000000,84.940002,0,0,0.793651,0.269841
29.952381,9.984127,background,0.000000,82.889999,0,0,0.809524,0.269841
30.539682,9.984127,background,0.000000,81.279999,0,0,0.825397,0.269841
31.126984,9.984127,background,0.000000,79.910004,0,0,0.841270,0.269841
31.714285,9.984127,background,0.000000,78.650002,0,0,0.857143,0.269841
32.301586,9.984127,background,0.000000,77.470001,0,0,0.873016,0.269841
32.888889,9.984127,background,0.000000,76.320000,0,0,0.888889,0.269841
33.476189,9.984127,background,0.000000,75.220001,0,0,0.904762,0.269841
34.063492,9.984127,background,0.000000,74.139999,0,0,0.920635,0.269841
34.650795,9.984127,background,0.000000,73.089996,0,0,0.936508,0.269841
35.238094,9.984127,background,0.000000,72.099998,0,0,0.952381,0.269841
35.825397,9.984127,background,0.000000,71.169998,0,0,0.968254,0.269841
36.412697,9.984127,background,0.000000,70.400002,0,0,0.984127,0.269841
37.000000,9.984127,background,0.000000,69.900002,0,0,1.000000,0.269841
0.000000,10.571428,background,0.000000,74.059998,0,0,0.000000,0.285714
0.587302,10.571428,background,0.000000,74.870003,0,0,0.015873,0.285714
1.174603,10.571428,DRAM_5,20.000000,76.419998,1,1,0.031746,0.285714
1.761905,10.571428,DRAM_5,20.000000,78.730003,1,0,0.047619,0.285714
2.349206,10.571428,DRAM_5,20.000000,81.860001,1,0,0.063492,0.285714
2.936508,10.571428,DRAM_5,20.000000,85.459999,1,0,0.079365,0.285714
3.523809,10.571428,DRAM_5,20.000000,88.290001,1,0,0.095238,0.285714
4.111111,10.571428,DRAM_5,20.000000,90.339996,1,0,0.111111,0.285714
4.698413,10.571428,DRAM_5,20.000000,91.989998,1,0,0.126984,0.285714
5.285714,10.571428,DRAM_5,20.000000,93.419998,1,0,0.142857,0.285714
5.873016,10.571428,DRAM_5,20.000000,94.690002,1,0,0.158730,0.285714
6.460318,10.571428,DRAM_5,20.000000,95.860001,1,0,0.174603,0.285714
7.047619,10.571428,DRAM_5,20.000000,96.889999,1,0,0.190476,0.285714
7.634921,10.571428,DRAM_5,20.000000,97.760002,1,0,0.206349,0.285714
8.222222,10.571428,DRAM_5,20.000000,98.339996,1,0,0.222222,0.285714
8.809524,10.571428,DRAM_5,20.000000,98.540001,1,0,0.238095,0.285714
9.396826,10.571428,DRAM_5,20.000000,98.910004,1,0,0.253968,0.285714
9.984127,10.571428,DRAM_5,20.000000,99.650002,1,1,0.269841,0.285714
10.571428,10.571428,background,0.000000,100.599998,0,0,0.285714,0.285714
11.158731,10.571428,CPU2_2,150.000000,101.809998,1,1,0.301587,0.285714
11.746032,10.571428,CPU2_2,150.000000,103.400002,1,0,0.317460,0.285714
12.333333,10.571428,CPU2_2,150.000000,106.080002,1,0,0.333333,0.285714
12.920635,10.571428,CPU2_2,150.000000,107.370003,1,0,0.349206,0.285714
13.507936,10.571428,CPU2_2,150.000000,108.169998,1,0,0.365079,0.285714
14.095238,10.571428,CPU2_2,150.000000,108.760002,1,0,0.380952,0.285714
14.682540,10.571428,CPU2_2,150.000000,109.230003,1,0,0.396825,0.285714
15.269841,10.571428,CPU2_2,150.000000,109.599998,1,0,0.412698,0.285714
15.857142,10.571428,CPU2_2,150.000000,109.900002,1,0,0.428571,0.285714
16.444445,10.571428,CPU2_2,150.000000,110.120003,1,0,0.444444,0.285714
17.031746,10.571428,CPU2_2,150.000000,110.269997,1,0,0.460317,0.285714
17.619047,10.571428,CPU2_2,150.000000,110.360001,1,0,0.476190,0.285714
18.206348,10.571428,CPU2_2,150.000000,110.370003,1,0,0.492063,0.285714
18.793652,10.571428,CPU2_2,150.000000,110.320000,1,1,0.507937,0.285714
19.380953,10.571428,background,0.000000,110.199997,0,1,0.523810,0.285714
19.968254,10.571428,CPU2_0,150.000000,110.010002,1,0,0.539683,0.285714
20.555555,10.571428,CPU2_0,150.000000,109.750000,1,0,0.555556,0.285714
21.142857,10.571428,CPU2_0,150.000000,109.419998,1,0,0.571429,0.285714
21.730158,10.571428,CPU2_0,150.000000,109.019997,1,0,0.587302,0.285714
22.317461,10.571428,CPU2_0,150.000000,108.550003,1,0,0.603175,0.285714
22.904762,10.571428,CPU2_0,150.000000,108.000000,1,0,0.619048,0.285714
23.492064,10.571428,CPU2_0,150.000000,107.370003,1,0,0.634921,0.285714
24.079365,10.571428,CPU2_0,150.000000,106.660004,1,0,0.650794,0.285714
24.666666,10.571428,CPU2_0,150.000000,105.860001,1,0,0.666667,0.285714
25.253969,10.571428,CPU2_0,150.000000,104.959999,1,0,0.682540,0.285714
25.841270,10.571428,CPU2_0,150.000000,103.940002,1,0,0.698413,0.285714
26.428572,10.571428,CPU2_0,150.000000,102.760002,1,0,0.714286,0.285714
27.015873,10.571428,CPU2_0,150.000000,101.260002,1,0,0.730159,0.285714
27.603174,10.571428,background,0.000000,98.790001,0,1,0.746032,0.285714
28.190475,10.571428,DRAM_0,20.000000,93.860001,1,1,0.761905,0.285714
28.777779,10.571428,DRAM_0,20.000000,88.930000,1,1,0.777778,0.285714
29.365080,10.571428,DRAM_0,20.000000,85.919998,1,1,0.793651,0.285714
29.952381,10.571428,DRAM_0,20.000000,83.919998,1,1,0.809524,0.285714
30.539682,10.571428,DRAM_0,20.000000,82.349998,1,1,0.825397,0.285714
31.126984,10.571428,DRAM_0,20.000000,80.980003,1,1,0.841270,0.285714
31.714285,10.571428,DRAM_0,20.000000,79.709999,1,1,0.857143,0.285714
32.301586,10.571428,DRAM_0,20.000000,78.500000,1,1,0.873016,0.285714
32.888889,10.571428,DRAM_0,20.000000,77.330002,1,1,0.888889,0.285714
33.476189,10.571428,DRAM_0,20.000000,76.190002,1,1,0.904762,0.285714
34.063492,10.571428,DRAM_0,20.000000,75.070000,1,1,0.920635,0.285714
34.650795,10.571428,DRAM_0,20.000000,73.970001,1,1,0.936508,0.285714
35.238094,10.571428,DRAM_0,20.000000,72.900002,1,1,0.952381,0.285714
35.825397,10.571428,DRAM_0,20.000000,71.889999,1,1,0.968254,0.285714
36.412697,10.571428,DRAM_0,20.000000,70.989998,1,1,0.984127,0.285714
37.000000,10.571428,DRAM_0,20.000000,70.349998,1,1,1.000000,0.285714
0.000000,11.158731,background,0.000000,75.110001,0,0,0.000000,0.301587
0.587302,11.158731,background,0.000000,76.040001,0,0,0.015873,0.301587
1.174603,11.158731,DRAM_5,20.000000,77.900002,1,1,0.031746,0.301587
1.761905,11.158731,DRAM_5,20.000000,80.809998,1,0,0.047619,0.301587
2.349206,11.158731,DRAM_5,20.000000,85.029999,1,0,0.063492,0.301587
2.936508,11.158731,DRAM_5,20.000000,89.320000,1,0,0.079365,0.301587
3.523809,11.158731,DRAM_5,20.000000,92.349998,1,0,0.095238,0.301587
4.111111,11.158731,DRAM_5,20.000000,94.419998,1,0,0.111111,0.301587
4.698413,11.158731,DRAM_5,20.000000,96.080002,1,0,0.126984,0.301587
5.285714,11.158731,DRAM_5,20.000000,97.529999,1,0,0.142857,0.301587
5.873016,11.158731,DRAM_5,20.000000,98.849998,1,0,0.158730,0.301587
6.460318,11.158731,DRAM_5,20.000000,100.070000,1,0,0.174603,0.301587
7.047619,11.158731,DRAM_5,20.000000,101.199997,1,0,0.190476,0.301587
7.634921,11.158731,DRAM_5,20.000000,102.239998,1,0,0.206349,0.301587
8.222222,11.158731,DRAM_5,20.000000,103.180000,1,0,0.222222,0.301587
8.809524,11.158731,DRAM_5,20.000000,104.000000,1,0,0.238095,0.301587
9.396826,11.158731,DRAM_5,20.000000,104.820000,1,0,0.253968,0.301587
9.984127,11.158731,DRAM_5,20.000000,105.699997,1,1,0.269841,0.301587
10.571428,11.158731,background,0.000000,106.629997,0,0,0.285714,0.301587
11.158731,11.158731,CPU2_2,150.000000,107.599998,1,1,0.301587,0.301587
11.746032,11.158731,CPU2_2,150.000000,108.599998,1,0,0.317460,0.301587
12.333333,11.158731,CPU2_2,150.000000,109.769997,1,0,0.333333,0.301587
12.920635,11.158731,CPU2_2,150.000000,110.680000,1,0,0.349206,0.301587
13.507936,11.158731,CPU2_2,150.000000,111.389999,1,0,0.365079,0.301587
14.095238,11.158731,CPU2_2,150.000000,111.959999,1,0,0.380952,0.301587
14.682540,11.158731,CPU2_2,150.000000,112.430000,1,0,0.396825,0.301587
15.269841,11.158731,CPU2_2,150.000000,112.809998,1,0,0.412698,0.301587
15.857142,11.158731,CPU2_2,150.000000,113.110001,1,0,0.428571,0.301587
16.444445,11.158731,CPU2_2,150.000000,113.339996,1,0,0.444444,0.301587
17.031746,11.158731,CPU2_2,150.000000,113.500000,1,0,0.460317,0.301587
17.619047,11.158731,CPU2_2,150.000000,113.580002,1,0,0.476190,0.301587
18.206348,11.158731,CPU2_2,150.000000,113.599998,1,0,0.492063,0.301587
18.793652,11.158731,CPU2_2,150.000000,113.550003,1,1,0.507937,0.301587
19.380953,11.158731,background,0.000000,113.430000,0,1,0.523810,0.301587
19.968254,11.158731,CPU2_0,150.000000,113.230003,1,0,0.539683,0.301587
20.555555,11.158731,CPU2_0,150.000000,112.970001,1,0,0.555556,0.301587
21.142857,11.158731,CPU2_0,150.000000,112.629997,1,0,0.571429,0.301587
21.730158,11.158731,CPU2_0,150.000000,112.220001,1,0,0.587302,0.301587
22.317461,11.158731,CPU2_0,150.000000,111.730003,1,0,0.603175,0.301587
22.904762,11.158731,CPU2_0,150.000000,111.160004,1,0,0.619048,0.301587
23.492064,11.158731,CPU2_0,150.000000,110.519997,1,0,0.634921,0.301587
24.079365,11.158731,CPU2_0,150.000000,109.779999,1,0,0.650794,0.301587
24.666666,11.158731,CPU2_0,150.000000,108.949997,1,0,0.666667,0.301587
25.253969,11.158731,CPU2_0,150.000000,108.000000,1,0,0.682540,0.301587
25.841270,11.158731,CPU2_0,150.000000,106.910004,1,0,0.698413,0.301587
26.428572,11.158731,CPU2_0,150.000000,105.570000,1,0,0.714286,0.301587
27.015873,11.158731,CPU2_0,150.000000,103.760002,1,0,0.730159,0.301587
27.603174,11.158731,background,0.000000,100.760002,0,1,0.746032,0.301587
28.190475,11.158731,DRAM_0,20.000000,95.279999,1,1,0.761905,0.301587
28.777779,11.158731,DRAM_0,20.000000,90.070000,1,0,0.777778,0.301587
29.365080,11.158731,DRAM_0,20.000000,86.989998,1,0,0.793651,0.301587
29.952381,11.158731,DRAM_0,20.000000,84.949997,1,0,0.809524,0.301587
30.539682,11.158731,DRAM_0,20.000000,83.360001,1,0,0.825397,0.301587
31.126984,11.158731,DRAM_0,20.000000,81.959999,1,0,0.841270,0.301587
31.714285,11.158731,DRAM_0,20.000000,80.660004,1,0,0.857143,0.301587
32.301586,11.158731,DRAM_0,20.000000,79.410004,1,0,0.873016,0.301587
32.888889,11.158731,DRAM_0,20.000000,78.209999,1,0,0.888889,0.301587
33.476189,11.158731,DRAM_0,20.000000,77.029999,1,0,0.904762,0.301587
34.063492,11.158731,DRAM_0,20.000000,75.870003,1,0,0.920635,0.301587
34.650795,11.158731,DRAM_0,20.000000,74.739998,1,0,0.936508,0.301587
35.238094,11.158731,DRAM_0,20.000000,73.629997,1,0,0.952381,0.301587
35.825397,11.158731,DRAM_0,20.000000,72.570000,1,0,0.968254,0.301587
36.412697,11.158731,DRAM_0,20.000000,71.610001,1,0,0.984127,0.301587
37.000000,11.158731,DRAM_0,20.000000,70.940002,1,1,1.000000,0.301587
0.000000,11.746032,background,0.000000,76.070000,0,0,0.000000,0.317460
0.587302,11.746032,background,0.000000,77.099998,0,0,0.015873,0.317460
1.174603,11.746032,DRAM_5,20.000000,79.169998,1,1,0.031746,0.317460
1.761905,11.746032,DRAM_5,20.000000,82.410004,1,0,0.047619,0.317460
2.349206,11.746032,DRAM_5,20.000000,87.019997,1,0,0.063492,0.317460
2.936508,11.746032,DRAM_5,20.000000,91.300003,1,0,0.079365,0.317460
3.523809,11.746032,DRAM_5,20.000000,94.400002,1,0,0.095238,0.317460
4.111111,11.746032,DRAM_5,20.000000,96.529999,1,0,0.111111,0.317460
4.698413,11.746032,DRAM_5,20.000000,98.239998,1,0,0.126984,0.317460
5.285714,11.746032,DRAM_5,20.000000,99.730003,1,0,0.142857,0.317460
5.873016,11.746032,DRAM_5,20.000000,101.099998,1,0,0.158730,0.317460
6.460318,11.746032,DRAM_5,20.000000,102.360001,1,0,0.174603,0.317460
7.047619,11.746032,DRAM_5,20.000000,103.550003,1,0,0.190476,0.317460
7.634921,11.746032,DRAM_5,20.000000,104.669998,1,0,0.206349,0.317460
8.222222,11.746032,DRAM_5,20.000000,105.720001,1,0,0.222222,0.317460
8.809524,11.746032,DRAM_5,20.000000,106.699997,1,0,0.238095,0.317460
9.396826,11.746032,DRAM_5,20.000000,107.650002,1,0,0.253968,0.317460
9.984127,11.746032,DRAM_5,20.000000,108.589996,1,1,0.269841,0.317460
10.571428,11.746032,CPU2_5,150.000000,109.510002,1,1,0.285714,0.317460
11.158731,11.746032,CPU2_2,150.000000,110.410004,1,1,0.301587,0.317460
11.746032,11.746032,CPU2_2,150.000000,111.290001,1,1,0.317460,0.317460
12.333333,11.746032,CPU2_2,150.000000,112.150002,1,1,0.333333,0.317460
12.920635,11.746032,CPU2_2,150.000000,112.919998,1,1,0.349206,0.317460
13.507936,11.746032,CPU2_2,150.000000,113.570000,1,1,0.365079,0.317460
14.095238,11.746032,CPU2_2,150.000000,114.129997,1,1,0.380952,0.317460
14.682540,11.746032,CPU2_2,150.000000,114.589996,1,1,0.396825,0.317460
15.269841,11.746032,CPU2_2,150.000000,114.980003,1,1,0.412698,0.317460
15.857142,11.746032,CPU2_2,150.000000,115.279999,1,1,0.428571,0.317460
16.444445,11.746032,CPU2_2,150.000000,115.519997,1,1,0.444444,0.317460
17.031746,11.746032,CPU2_2,150.000000,115.680000,1,1,0.460317,0.317460
17.619047,11.746032,CPU2_2,150.000000,115.769997,1,1,0.476190,0.317460
18.206348,11.746032,CPU2_2,150.000000,115.790001,1,1,0.492063,0.317460
18.793652,11.746032,CPU2_2,150.000000,115.739998,1,1,0.507937,0.317460
19.380953,11.746032,background,0.000000,115.610001,0,1,0.523810,0.317460
19.968254,11.746032,CPU2_0,150.000000,115.419998,1,0,0.539683,0.317460
20.555555,11.746032,CPU2_0,150.000000,115.150002,1,0,0.555556,0.317460
21.142857,11.746032,CPU2_0,150.000000,114.800003,1,0,0.571429,0.317460
21.730158,11.746032,CPU2_0,150.000000,114.379997,1,0,0.587302,0.317460
22.317461,11.746032,CPU2_0,150.000000,113.879997,1,0,0.603175,0.317460
22.904762,11.746032,CPU2_0,150.000000,113.300003,1,0,0.619048,0.317460
23.492064,11.746032,CPU2_0,150.000000,112.629997,1,0,0.634921,0.317460
24.079365,11.746032,CPU2_0,150.000000,111.870003,1,0,0.650794,0.317460
24.666666,11.746032,CPU2_0,150.000000,111.010002,1,0,0.666667,0.317460
25.253969,11.746032,CPU2_0,150.000000,110.019997,1,0,0.682540,0.317460
25.841270,11.746032,CPU2_0,150.000000,108.870003,1,0,0.698413,0.317460
26.428572,11.746032,CPU2_0,150.000000,107.440002,1,0,0.714286,0.317460
27.015873,11.746032,CPU2_0,150.000000,105.470001,1,0,0.730159,0.317460
27.603174,11.746032,background,0.000000,102.250000,0,1,0.746032,0.317460
28.190475,11.746032,DRAM_0,20.000000,96.559998,1,1,0.761905,0.317460
28.777779,11.746032,DRAM_0,20.000000,91.209999,1,0,0.777778,0.317460
29.365080,11.746032,DRAM_0,20.000000,88.050003,1,0,0.793651,0.317460
29.952381,11.746032,DRAM_0,20.000000,85.959999,1,0,0.809524,0.317460
30.539682,11.746032,DRAM_0,20.000000,84.320000,1,0,0.825397,0.317460
31.126984,11.746032,DRAM_0,20.000000,82.870003,1,0,0.841270,0.317460
31.714285,11.746032,DRAM_0,20.000000,81.529999,1,0,0.857143,0.317460
32.301586,11.746032,DRAM_0,20.000000,80.250000,1,0,0.873016,0.317460
32.888889,11.746032,DRAM_0,20.000000,79.010002,1,0,0.888889,0.317460
33.476189,11.746032,DRAM_0,20.000000,77.790001,1,0,0.904762,0.317460
34.063492,11.746032,DRAM_0,20.000000,76.599998,1,0,0.920635,0.317460
34.650795,11.746032,DRAM_0,20.000000,75.430000,1,0,0.936508,0.317460
35.238094,11.746032,DRAM_0,20.000000,74.290001,1,0,0.952381,0.317460
35.825397,11.746032,DRAM_0,20.000000,73.190002,1,0,0.968254,0.317460
36.412697,11.746032,DRAM_0,20.000000,72.199997,1,0,0.984127,0.317460
37.000000,11.746032,DRAM_0,20.000000,71.489998,1,1,1.000000,0.317460
0.000000,12.333333,background,0.000000,76.900002,0,0,0.000000,0.333333
0.587302,12.333333,background,0.000000,78.010002,0,0,0.015873,0.333333
1.174603,12.333333,DRAM_5,20.000000,80.190002,1,1,0.031746,0.333333
1.761905,12.333333,DRAM_5,20.000000,83.610001,1,0,0.047619,0.333333
2.349206,12.333333,DRAM_5,20.000000,88.339996,1,0,0.063492,0.333333
2.936508,12.333333,DRAM_5,20.000000,92.589996,1,0,0.079365,0.333333
3.523809,12.333333,DRAM_5,20.000000,95.739998,1,0,0.095238,0.333333
4.111111,12.333333,DRAM_5,20.000000,97.940002,1,0,0.111111,0.333333
4.698413,12.333333,DRAM_5,20.000000,99.720001,1,0,0.126984,0.333333
5.285714,12.333333,DRAM_5,20.000000,101.260002,1,0,0.142857,0.333333
5.873016,12.333333,DRAM_5,20.000000,102.669998,1,0,0.158730,0.333333
6.460318,12.333333,DRAM_5,20.000000,103.980003,1,0,0.174603,0.333333
7.047619,12.333333,DRAM_5,20.000000,105.209999,1,0,0.190476,0.333333
7.634921,12.333333,DRAM_5,20.000000,106.379997,1,0,0.206349,0.333333
8.222222,12.333333,DRAM_5,20.000000,107.480003,1,0,0.222222,0.333333
8.809524,12.333333,DRAM_5,20.000000,108.529999,1,0,0.238095,0.333333
9.396826,12.333333,DRAM_5,20.000000,109.519997,1,0,0.253968,0.333333
9.984127,12.333333,DRAM_5,20.000000,110.480003,1,1,0.269841,0.333333
10.571428,12.333333,CPU2_5,150.000000,111.400002,1,1,0.285714,0.333333
11.158731,12.333333,CPU2_5,150.000000,112.279999,1,0,0.301587,0.333333
11.746032,12.333333,CPU2_5,150.000000,113.120003,1,0,0.317460,0.333333
12.333333,12.333333,CPU2_5,150.000000,113.910004,1,0,0.333333,0.333333
12.920635,12.333333,CPU2_5,150.000000,114.620003,1,0,0.349206,0.333333
13.507936,12.333333,CPU2_5,150.000000,115.250000,1,0,0.365079,0.333333
14.095238,12.333333,CPU2_5,150.000000,115.790001,1,0,0.380952,0.333333
14.682540,12.333333,CPU2_5,150.000000,116.260002,1,0,0.396825,0.333333
15.269841,12.333333,CPU2_5,150.000000,116.650002,1,0,0.412698,0.333333
15.857142,12.333333,CPU2_5,150.000000,116.959999,1,0,0.428571,0.333333
16.444445,12.333333,CPU2_5,150.000000,117.199997,1,0,0.444444,0.333333
17.031746,12.333333,CPU2_5,150.000000,117.370003,1,0,0.460317,0.333333
17.619047,12.333333,CPU2_5,150.000000,117.459999,1,0,0.476190,0.333333
18.206348,12.333333,CPU2_5,150.000000,117.480003,1,0,0.492063,0.333333
18.793652,12.333333,background,0.000000,117.430000,0,0,0.507937,0.333333
19.380953,12.333333,background,0.000000,117.309998,0,1,0.523810,0.333333
19.968254,12.333333,CPU2_0,150.000000,117.110001,1,0,0.539683,0.333333
20.555555,12.333333,CPU2_0,150.000000,116.830002,1,0,0.555556,0.333333
21.142857,12.333333,CPU2_0,150.000000,116.480003,1,0,0.571429,0.333333
21.730158,12.333333,CPU2_0,150.000000,116.050003,1,0,0.587302,0.333333
22.317461,12.333333,CPU2_0,150.000000,115.540001,1,0,0.603175,0.333333
22.904762,12.333333,CPU2_0,150.000000,114.940002,1,0,0.619048,0.333333
23.492064,12.333333,CPU2_0,150.000000,114.260002,1,0,0.634921,0.333333
24.079365,12.333333,CPU2_0,150.000000,113.480003,1,0,0.650794,0.333333
24.666666,12.333333,CPU2_0,150.000000,112.589996,1,0,0.666667,0.333333
25.253969,12.333333,CPU2_0,150.000000,111.570000,1,0,0.682540,0.333333
25.841270,12.333333,CPU2_0,150.000000,110.379997,1,0,0.698413,0.333333
26.428572,12.333333,CPU2_0,150.000000,108.889999,1,0,0.714286,0.333333
27.015873,12.333333,CPU2_0,150.000000,106.839996,1,0,0.730159,0.333333
27.603174,12.333333,background,0.000000,103.519997,0,1,0.746032,0.333333
28.190475,12.333333,DRAM_0,20.000000,97.720001,1,1,0.761905,0.333333
28.777779,12.333333,DRAM_0,20.000000,92.290001,1,0,0.777778,0.333333
29.365080,12.333333,DRAM_0,20.000000,89.070000,1,0,0.793651,0.333333
29.952381,12.333333,DRAM_0,20.000000,86.930000,1,0,0.809524,0.333333
30.539682,12.333333,DRAM_0,20.000000,85.239998,1,0,0.825397,0.333333
31.126984,12.333333,DRAM_0,20.000000,83.750000,1,0,0.841270,0.333333
31.714285,12.333333,DRAM_0,20.000000,82.370003,1,0,0.857143,0.333333
32.301586,12.333333,DRAM_0,20.000000,81.050003,1,0,0.873016,0.333333
32.888889,12.333333,DRAM_0,20.000000,79.769997,1,0,0.888889,0.333333
33.476189,12.333333,DRAM_0,20.000000,78.519997,1,0,0.904762,0.333333
34.063492,12.333333,DRAM_0,20.000000,77.290001,1,0,0.920635,0.333333
34.650795,12.333333,DRAM_0,20.000000,76.089996,1,0,0.936508,0.333333
35.238094,12.333333,DRAM_0,20.000000,74.910004,1,0,0.952381,0.333333
35.825397,12.333333,DRAM_0,20.000000,73.769997,1,0,0.968254,0.333333
36.412697,12.333333,DRAM_0,20.000000,72.750000,1,0,0.984127,0.333333
37.000000,12.333333,DRAM_0,20.000000,72.029999,1,1,1.000000,0.333333
0.000000,12.920635,background,0.000000,77.610001,0,0,0.000000,0.349206
0.587302,12.920635,background,0.000000,78.750000,0,0,0.015873,0.349206
1.174603,12.920635,DRAM_5,20.000000,81.019997,1,1,0.031746,0.349206
1.761905,12.920635,DRAM_5,20.000000,84.510002,1,0,0.047619,0.349206
2.349206,12.920635,DRAM_5,20.000000,89.309998,1,0,0.063492,0.349206
2.936508,12.920635,DRAM_5,20.000000,93.550003,1,0,0.079365,0.349206
3.523809,12.920635,DRAM_5,20.000000,96.739998,1,0,0.095238,0.349206
4.111111,12.920635,DRAM_5,20.000000,99.000000,1,0,0.111111,0.349206
4.698413,12.920635,DRAM_5,20.000000,100.830002,1,0,0.126984,0.349206
5.285714,12.920635,DRAM_5,20.000000,102.430000,1,0,0.142857,0.349206
5.873016,12.920635,DRAM_5,20.000000,103.879997,1,0,0.158730,0.349206
6.460318,12.920635,DRAM_5,20.000000,105.230003,1,0,0.174603,0.349206
7.047619,12.920635,DRAM_5,20.000000,106.500000,1,0,0.190476,0.349206
7.634921,12.920635,DRAM_5,20.000000,107.699997,1,0,0.206349,0.349206
8.222222,12.920635,DRAM_5,20.000000,108.839996,1,0,0.222222,0.349206
8.809524,12.920635,DRAM_5,20.000000,109.919998,1,0,0.238095,0.349206
9.396826,12.920635,DRAM_5,20.000000,110.949997,1,0,0.253968,0.349206
9.984127,12.920635,DRAM_5,20.000000,111.919998,1,1,0.269841,0.349206
10.571428,12.920635,CPU2_5,150.000000,112.849998,1,1,0.285714,0.349206
11.158731,12.920635,CPU2_5,150.000000,113.730003,1,0,0.301587,0.349206
11.746032,12.920635,CPU2_5,150.000000,114.550003,1,0,0.317460,0.349206
12.333333,12.920635,CPU2_5,150.000000,115.320000,1,0,0.333333,0.349206
12.920635,12.920635,CPU2_5,150.000000,116.010002,1,0,0.349206,0.349206
13.507936,12.920635,CPU2_5,150.000000,116.629997,1,0,0.365079,0.349206
14.095238,12.920635,CPU2_5,150.000000,117.180000,1,0,0.380952,0.349206
14.682540,12.920635,CPU2_5,150.000000,117.639999,1,0,0.396825,0.349206
15.269841,12.920635,CPU2_5,150.000000,118.040001,1,0,0.412698,0.349206
15.857142,12.920635,CPU2_5,150.000000,118.360001,1,0,0.428571,0.349206
16.444445,12.920635,CPU2_5,150.000000,118.599998,1,0,0.444444,0.349206
17.031746,12.920635,CPU2_5,150.000000,118.779999,1,0,0.460317,0.349206
17.619047,12.920635,CPU2_5,150.000000,118.870003,1,0,0.476190,0.349206
18.206348,12.920635,CPU2_5,150.000000,118.900002,1,0,0.492063,0.349206
18.793652,12.920635,background,0.000000,118.849998,0,0,0.507937,0.349206
19.380953,12.920635,background,0.000000,118.720001,0,1,0.523810,0.349206
19.968254,12.920635,CPU2_0,150.000000,118.519997,1,0,0.539683,0.349206
20.555555,12.920635,CPU2_0,150.000000,118.239998,1,0,0.555556,0.349206
21.142857,12.920635,CPU2_0,150.000000,117.889999,1,0,0.571429,0.349206
21.730158,12.920635,CPU2_0,150.000000,117.449997,1,0,0.587302,0.349206
22.317461,12.920635,CPU2_0,150.000000,116.930000,1,0,0.603175,0.349206
22.904762,12.920635,CPU2_0,150.000000,116.320000,1,0,0.619048,0.349206
23.492064,12.920635,CPU2_0,150.000000,115.620003,1,0,0.634921,0.349206
24.079365,12.920635,CPU2_0,150.000000,114.820000,1,0,0.650794,0.349206
24.666666,12.920635,CPU2_0,150.000000,113.910004,1,0,0.666667,0.349206
25.253969,12.920635,CPU2_0,150.000000,112.870003,1,0,0.682540,0.349206
25.841270,12.920635,CPU2_0,150.000000,111.639999,1,0,0.698413,0.349206
26.428572,12.920635,CPU2_0,150.000000,110.120003,1,0,0.714286,0.349206
27.015873,12.920635,CPU2_0,150.000000,108.019997,1,0,0.730159,0.349206
27.603174,12.920635,background,0.000000,104.639999,0,1,0.746032,0.349206
28.190475,12.920635,DRAM_0,20.000000,98.779999,1,1,0.761905,0.349206
28.777779,12.920635,DRAM_0,20.000000,93.300003,1,0,0.777778,0.349206
29.365080,12.920635,DRAM_0,20.000000,90.029999,1,0,0.793651,0.349206
29.952381,12.920635,DRAM_0,20.000000,87.849998,1,0,0.809524,0.349206
30.539682,12.920635,DRAM_0,20.000000,86.120003,1,0,0.825397,0.349206
31.126984,12.920635,DRAM_0,20.000000,84.589996,1,0,0.841270,0.349206
31.714285,12.920635,DRAM_0,20.000000,83.169998,1,0,0.857143,0.349206
32.301586,12.920635,DRAM_0,20.000000,81.820000,1,0,0.873016,0.349206
32.888889,12.920635,DRAM_0,20.000000,80.500000,1,0,0.888889,0.349206
33.476189,12.920635,DRAM_0,20.000000,79.220001,1,0,0.904762,0.349206
34.063492,12.920635,DRAM_0,20.000000,77.949997,1,0,0.920635,0.349206
34.650795,12.920635,DRAM_0,20.000000,76.709999,1,0,0.936508,0.349206
35.238094,12.920635,DRAM_0,20.000000,75.500000,1,0,0.952381,0.349206
35.825397,12.920635,DRAM_0,20.000000,74.330002,1,0,0.968254,0.349206
36.412697,12.920635,DRAM_0,20.000000,73.279999,1,0,0.984127,0.349206
37.000000,12.920635,DRAM_0,20.000000,72.529999,1,1,1.000000,0.349206
0.000000,13.507936,background,0.000000,78.190002,0,0,0.000000,0.365079
0.587302,13.507936,background,0.000000,79.360001,0,0,0.015873,0.365079
1.174603,13.507936,DRAM_5,20.000000,81.660004,1,1,0.031746,0.365079
1.761905,13.507936,DRAM_5,20.000000,85.209999,1,0,0.047619,0.365079
2.349206,13.507936,DRAM_5,20.000000,90.040001,1,0,0.063492,0.365079
2.936508,13.507936,DRAM_5,20.000000,94.290001,1,0,0.079365,0.365079
3.523809,13.507936,DRAM_5,20.000000,97.519997,1,0,0.095238,0.365079
4.111111,13.507936,DRAM_5,20.000000,99.820000,1,0,0.111111,0.365079
4.698413,13.507936,DRAM_5,20.000000,101.699997,1,0,0.126984,0.365079
5.285714,13.507936,DRAM_5,20.000000,103.339996,1,0,0.142857,0.365079
5.873016,13.507936,DRAM_5,20.000000,104.830002,1,0,0.158730,0.365079
6.460318,13.507936,DRAM_5,20.000000,106.220001,1,0,0.174603,0.365079
7.047619,13.507936,DRAM_5,20.000000,107.519997,1,0,0.190476,0.365079
7.634921,13.507936,DRAM_5,20.000000,108.760002,1,0,0.206349,0.365079
8.222222,13.507936,DRAM_5,20.000000,109.919998,1,0,0.222222,0.365079
8.809524,13.507936,DRAM_5,20.000000,111.029999,1,0,0.238095,0.365079
9.396826,13.507936,DRAM_5,20.000000,112.089996,1,0,0.253968,0.365079
9.984127,13.507936,DRAM_5,20.000000,113.080002,1,1,0.269841,0.365079
10.571428,13.507936,CPU2_5,150.000000,114.019997,1,1,0.285714,0.365079
11.158731,13.507936,CPU2_5,150.000000,114.910004,1,0,0.301587,0.365079
11.746032,13.507936,CPU2_5,150.000000,115.730003,1,0,0.317460,0.365079
12.333333,13.507936,CPU2_5,150.000000,116.489998,1,0,0.333333,0.365079
12.920635,13.507936,CPU2_5,150.000000,117.190002,1,0,0.349206,0.365079
13.507936,13.507936,CPU2_5,150.000000,117.809998,1,0,0.365079,0.365079
14.095238,13.507936,CPU2_5,150.000000,118.360001,1,0,0.380952,0.365079
14.682540,13.507936,CPU2_5,150.000000,118.830002,1,0,0.396825,0.365079
15.269841,13.507936,CPU2_5,150.000000,119.230003,1,0,0.412698,0.365079
15.857142,13.507936,CPU2_5,150.000000,119.559998,1,0,0.428571,0.365079
16.444445,13.507936,CPU2_5,150.000000,119.809998,1,0,0.444444,0.365079
17.031746,13.507936,CPU2_5,150.000000,119.989998,1,0,0.460317,0.365079
17.619047,13.507936,CPU2_5,150.000000,120.089996,1,0,0.476190,0.365079
18.206348,13.507936,CPU2_5,150.000000,120.120003,1,0,0.492063,0.365079
18.793652,13.507936,background,0.000000,120.070000,0,0,0.507937,0.365079
19.380953,13.507936,background,0.000000,119.949997,0,1,0.523810,0.365079
19.968254,13.507936,CPU2_0,150.000000,119.750000,1,0,0.539683,0.365079
20.555555,13.507936,CPU2_0,150.000000,119.459999,1,0,0.555556,0.365079
21.142857,13.507936,CPU2_0,150.000000,119.099998,1,0,0.571429,0.365079
21.730158,13.507936,CPU2_0,150.000000,118.660004,1,0,0.587302,0.365079
22.317461,13.507936,CPU2_0,150.000000,118.129997,1,0,0.603175,0.365079
22.904762,13.507936,CPU2_0,150.000000,117.510002,1,0,0.619048,0.365079
23.492064,13.507936,CPU2_0,150.000000,116.800003,1,0,0.634921,0.365079
24.079365,13.507936,CPU2_0,150.000000,115.989998,1,0,0.650794,0.365079
24.666666,13.507936,CPU2_0,150.000000,115.059998,1,0,0.666667,0.365079
25.253969,13.507936,CPU2_0,150.000000,114.000000,1,0,0.682540,0.365079
25.841270,13.507936,CPU2_0,150.000000,112.750000,1,0,0.698413,0.365079
26.428572,13.507936,CPU2_0,150.000000,111.199997,1,0,0.714286,0.365079
27.015873,13.507936,CPU2_0,150.000000,109.070000,1,0,0.730159,0.365079
27.603174,13.507936,background,0.000000,105.650002,0,1,0.746032,0.365079
28.190475,13.507936,DRAM_0,20.000000,99.760002,1,1,0.761905,0.365079
28.777779,13.507936,DRAM_0,20.000000,94.230003,1,0,0.777778,0.365079
29.365080,13.507936,DRAM_0,20.000000,90.930000,1,0,0.793651,0.365079
29.952381,13.507936,DRAM_0,20.000000,88.709999,1,0,0.809524,0.365079
30.539682,13.507936,DRAM_0,20.000000,86.949997,1,0,0.825397,0.365079
31.126984,13.507936,DRAM_0,20.000000,85.389999,1,0,0.841270,0.365079
31.714285,13.507936,DRAM_0,20.000000,83.940002,1,0,0.857143,0.365079
32.301586,13.507936,DRAM_0,20.000000,82.550003,1,0,0.873016,0.365079
32.888889,13.507936,DRAM_0,20.000000,81.199997,1,0,0.888889,0.365079
33.476189,13.507936,DRAM_0,20.000000,79.879997,1,0,0.904762,0.365079
34.063492,13.507936,DRAM_0,20.000000,78.580002,1,0,0.920635,0.365079
34.650795,13.507936,DRAM_0,20.000000,77.309998,1,0,0.936508,0.365079
35.238094,13.507936,DRAM_0,20.000000,76.059998,1,0,0.952381,0.365079
35.825397,13.507936,DRAM_0,20.000000,74.860001,1,0,0.968254,0.365079
36.412697,13.507936,DRAM_0,20.000000,73.779999,1,0,0.984127,0.365079
37.000000,13.507936,DRAM_0,20.000000,73.010002,1,1,1.000000,0.365079
0.000000,14.095238,background,0.000000,78.629997,0,0,0.000000,0.380952
0.587302,14.095238,background,0.000000,79.820000,0,0,0.015873,0.380952
1.174603,14.095238,DRAM_5,20.000000,82.160004,1,1,0.031746,0.380952
1.761905,14.095238,DRAM_5,20.000000,85.739998,1,0,0.047619,0.380952
2.349206,14.095238,DRAM_5,20.000000,90.599998,1,0,0.063492,0.380952
2.936508,14.095238,DRAM_5,20.000000,94.860001,1,0,0.079365,0.380952
3.523809,14.095238,DRAM_5,20.000000,98.120003,1,0,0.095238,0.380952
4.111111,14.095238,DRAM_5,20.000000,100.459999,1,0,0.111111,0.380952
4.698413,14.095238,DRAM_5,20.000000,102.370003,1,0,0.126984,0.380952
5.285714,14.095238,DRAM_5,20.000000,104.050003,1,0,0.142857,0.380952
5.873016,14.095238,DRAM_5,20.000000,105.580002,1,0,0.158730,0.380952
6.460318,14.095238,DRAM_5,20.000000,107.000000,1,0,0.174603,0.380952
7.047619,14.095238,DRAM_5,20.000000,108.339996,1,0,0.190476,0.380952
7.634921,14.095238,DRAM_5,20.000000,109.599998,1,0,0.206349,0.380952
8.222222,14.095238,DRAM_5,20.000000,110.800003,1,0,0.222222,0.380952
8.809524,14.095238,DRAM_5,20.000000,111.930000,1,0,0.238095,0.380952
9.396826,14.095238,DRAM_5,20.000000,113.010002,1,0,0.253968,0.380952
9.984127,14.095238,DRAM_5,20.000000,114.029999,1,1,0.269841,0.380952
10.571428,14.095238,CPU2_5,150.000000,114.989998,1,1,0.285714,0.380952
11.158731,14.095238,CPU2_5,150.000000,115.889999,1,0,0.301587,0.380952
11.746032,14.095238,CPU2_5,150.000000,116.720001,1,0,0.317460,0.380952
12.333333,14.095238,CPU2_5,150.000000,117.489998,1,0,0.333333,0.380952
12.920635,14.095238,CPU2_5,150.000000,118.190002,1,0,0.349206,0.380952
13.507936,14.095238,CPU2_5,150.000000,118.820000,1,0,0.365079,0.380952
14.095238,14.095238,CPU2_5,150.000000,119.379997,1,0,0.380952,0.380952
14.682540,14.095238,CPU2_5,150.000000,119.860001,1,0,0.396825,0.380952
15.269841,14.095238,CPU2_5,150.000000,120.269997,1,0,0.412698,0.380952
15.857142,14.095238,CPU2_5,150.000000,120.599998,1,0,0.428571,0.380952
16.444445,14.095238,CPU2_5,150.000000,120.860001,1,0,0.444444,0.380952
17.031746,14.095238,CPU2_5,150.000000,121.050003,1,0,0.460317,0.380952
17.619047,14.095238,CPU2_5,150.000000,121.160004,1,0,0.476190,0.380952
18.206348,14.095238,CPU2_5,150.000000,121.190002,1,0,0.492063,0.380952
18.793652,14.095238,background,0.000000,121.139999,0,0,0.507937,0.380952
19.380953,14.095238,background,0.000000,121.019997,0,1,0.523810,0.380952
19.968254,14.095238,CPU2_0,150.000000,120.820000,1,0,0.539683,0.380952
20.555555,14.095238,CPU2_0,150.000000,120.540001,1,0,0.555556,0.380952
21.142857,14.095238,CPU2_0,150.000000,120.169998,1,0,0.571429,0.380952
21.730158,14.095238,CPU2_0,150.000000,119.720001,1,0,0.587302,0.380952
22.317461,14.095238,CPU2_0,150.000000,119.190002,1,0,0.603175,0.380952
22.904762,14.095238,CPU2_0,150.000000,118.559998,1,0,0.619048,0.380952
23.492064,14.095238,CPU2_0,150.000000,117.839996,1,0,0.634921,0.380952
24.079365,14.095238,CPU2_0,150.000000,117.019997,1,0,0.650794,0.380952
24.666666,14.095238,CPU2_0,150.000000,116.080002,1,0,0.666667,0.380952
25.253969,14.095238,CPU2_0,150.000000,115.000000,1,0,0.682540,0.380952
25.841270,14.095238,CPU2_0,150.000000,113.730003,1,0,0.698413,0.380952
26.428572,14.095238,CPU2_0,150.000000,112.160004,1,0,0.714286,0.380952
27.015873,14.095238,CPU2_0,150.000000,110.010002,1,0,0.730159,0.380952
27.603174,14.095238,background,0.000000,106.570000,0,1,0.746032,0.380952
28.190475,14.095238,DRAM_0,20.000000,100.650002,1,1,0.761905,0.380952
28.777779,14.095238,DRAM_0,20.000000,95.099998,1,0,0.777778,0.380952
29.365080,14.095238,DRAM_0,20.000000,91.769997,1,0,0.793651,0.380952
29.952381,14.095238,DRAM_0,20.000000,89.519997,1,0,0.809524,0.380952
30.539682,14.095238,DRAM_0,20.000000,87.730003,1,0,0.825397,0.380952
31.126984,14.095238,DRAM_0,20.000000,86.139999,1,0,0.841270,0.380952
31.714285,14.095238,DRAM_0,20.000000,84.660004,1,0,0.857143,0.380952
32.301586,14.095238,DRAM_0,20.000000,83.239998,1,0,0.873016,0.380952
32.888889,14.095238,DRAM_0,20.000000,81.860001,1,0,0.888889,0.380952
33.476189,14.095238,DRAM_0,20.000000,80.510002,1,0,0.904762,0.380952
34.063492,14.095238,DRAM_0,20.000000,79.180000,1,0,0.920635,0.380952
34.650795,14.095238,DRAM_0,20.000000,77.870003,1,0,0.936508,0.380952
35.238094,14.095238,DRAM_0,20.000000,76.589996,1,0,0.952381,0.380952
35.825397,14.095238,DRAM_0,20.000000,75.360001,1,0,0.968254,0.380952
36.412697,14.095238,DRAM_0,20.000000,74.250000,1,0,0.984127,0.380952
37.000000,14.095238,DRAM_0,20.000000,73.459999,1,1,1.000000,0.380952
0.000000,14.682540,background,0.000000,78.949997,0,0,0.000000,0.396825
0.587302,14.682540,background,0.000000,80.150002,0,0,0.015873,0.396825
1.174603,14.682540,DRAM_5,20.000000,82.510002,1,1,0.031746,0.396825
1.761905,14.682540,DRAM_5,20.000000,86.120003,1,0,0.047619,0.396825
2.349206,14.682540,DRAM_5,20.000000,91.010002,1,0,0.063492,0.396825
2.936508,14.682540,DRAM_5,20.000000,95.290001,1,0,0.079365,0.396825
3.523809,14.682540,DRAM_5,20.000000,98.580002,1,0,0.095238,0.396825
4.111111,14.682540,DRAM_5,20.000000,100.940002,1,0,0.111111,0.396825
4.698413,14.682540,DRAM_5,20.000000,102.889999,1,0,0.126984,0.396825
5.285714,14.682540,DRAM_5,20.000000,104.599998,1,0,0.142857,0.396825
5.873016,14.682540,DRAM_5,20.000000,106.160004,1,0,0.158730,0.396825
6.460318,14.682540,DRAM_5,20.000000,107.610001,1,0,0.174603,0.396825
7.047619,14.682540,DRAM_5,20.000000,108.970001,1,0,0.190476,0.396825
7.634921,14.682540,DRAM_5,20.000000,110.260002,1,0,0.206349,0.396825
8.222222,14.682540,DRAM_5,20.000000,111.489998,1,0,0.222222,0.396825
8.809524,14.682540,DRAM_5,20.000000,112.650002,1,0,0.238095,0.396825
9.396826,14.682540,DRAM_5,20.000000,113.760002,1,0,0.253968,0.396825
9.984127,14.682540,DRAM_5,20.000000,114.800003,1,1,0.269841,0.396825
10.571428,14.682540,CPU2_5,150.000000,115.779999,1,1,0.285714,0.396825
11.158731,14.682540,CPU2_5,150.000000,116.699997,1,0,0.301587,0.396825
11.746032,14.682540,CPU2_5,150.000000,117.550003,1,0,0.317460,0.396825
12.333333,14.682540,CPU2_5,150.000000,118.330002,1,0,0.333333,0.396825
12.920635,14.682540,CPU2_5,150.000000,119.040001,1,0,0.349206,0.396825
13.507936,14.682540,CPU2_5,150.000000,119.680000,1,0,0.365079,0.396825
14.095238,14.682540,CPU2_5,150.000000,120.250000,1,0,0.380952,0.396825
14.682540,14.682540,CPU2_5,150.000000,120.750000,1,0,0.396825,0.396825
15.269841,14.682540,CPU2_5,150.000000,121.160004,1,0,0.412698,0.396825
15.857142,14.682540,CPU2_5,150.000000,121.510002,1,0,0.428571,0.396825
16.444445,14.682540,CPU2_5,150.000000,121.769997,1,0,0.444444,0.396825
17.031746,14.682540,CPU2_5,150.000000,121.970001,1,0,0.460317,0.396825
17.619047,14.682540,CPU2_5,150.000000,122.080002,1,0,0.476190,0.396825
18.206348,14.682540,CPU2_5,150.000000,122.120003,1,0,0.492063,0.396825
18.793652,14.682540,background,0.000000,122.080002,0,0,0.507937,0.396825
19.380953,14.682540,background,0.000000,121.949997,0,1,0.523810,0.396825
19.968254,14.682540,CPU2_0,150.000000,121.750000,1,0,0.539683,0.396825
20.555555,14.682540,CPU2_0,150.000000,121.470001,1,0,0.555556,0.396825
21.142857,14.682540,CPU2_0,150.000000,121.110001,1,0,0.571429,0.396825
21.730158,14.682540,CPU2_0,150.000000,120.660004,1,0,0.587302,0.396825
22.317461,14.682540,CPU2_0,150.000000,120.120003,1,0,0.603175,0.396825
22.904762,14.682540,CPU2_0,150.000000,119.489998,1,0,0.619048,0.396825
23.492064,14.682540,CPU2_0,150.000000,118.760002,1,0,0.634921,0.396825
24.079365,14.682540,CPU2_0,150.000000,117.930000,1,0,0.650794,0.396825
24.666666,14.682540,CPU2_0,150.000000,116.980003,1,0,0.666667,0.396825
25.253969,14.682540,CPU2_0,150.000000,115.889999,1,0,0.682540,0.396825
25.841270,14.682540,CPU2_0,150.000000,114.610001,1,0,0.698413,0.396825
26.428572,14.682540,CPU2_0,150.000000,113.029999,1,0,0.714286,0.396825
27.015873,14.682540,CPU2_0,150.000000,110.860001,1,0,0.730159,0.396825
27.603174,14.682540,background,0.000000,107.410004,0,1,0.746032,0.396825
28.190475,14.682540,DRAM_0,20.000000,101.470001,1,1,0.761905,0.396825
28.777779,14.682540,DRAM_0,20.000000,95.900002,1,0,0.777778,0.396825
29.365080,14.682540,DRAM_0,20.000000,92.550003,1,0,0.793651,0.396825
29.952381,14.682540,DRAM_0,20.000000,90.290001,1,0,0.809524,0.396825
30.539682,14.682540,DRAM_0,20.000000,88.470001,1,0,0.825397,0.396825
31.126984,14.682540,DRAM_0,20.000000,86.860001,1,0,0.841270,0.396825
31.714285,14.682540,DRAM_0,20.000000,85.360001,1,0,0.857143,0.396825
32.301586,14.682540,DRAM_0,20.000000,83.910004,1,0,0.873016,0.396825
32.888889,14.682540,DRAM_0,20.000000,82.500000,1,0,0.888889,0.396825
33.476189,14.682540,DRAM_0,20.000000,81.120003,1,0,0.904762,0.396825
34.063492,14.682540,DRAM_0,20.000000,79.760002,1,0,0.920635,0.396825
34.650795,14.682540,DRAM_0,20.000000,78.419998,1,0,0.936508,0.396825
35.238094,14.682540,DRAM_0,20.000000,77.099998,1,0,0.952381,0.396825
35.825397,14.682540,DRAM_0,20.000000,75.839996,1,0,0.968254,0.396825
36.412697,14.682540,DRAM_0,20.000000,74.699997,1,0,0.984127,0.396825
37.000000,14.682540,DRAM_0,20.000000,73.900002,1,1,1.000000,0.396825
0.000000,15.269841,background,0.000000,79.129997,0,0,0.000000,0.412698
0.587302,15.269841,background,0.000000,80.339996,0,0,0.015873,0.412698
1.174603,15.269841,DRAM_5,20.000000,82.720001,1,1,0.031746,0.412698
1.761905,15.269841,DRAM_5,20.000000,86.349998,1,0,0.047619,0.412698
2.349206,15.269841,DRAM_5,20.000000,91.279999,1,0,0.063492,0.412698
2.936508,15.269841,DRAM_5,20.000000,95.589996,1,0,0.079365,0.412698
3.523809,15.269841,DRAM_5,20.000000,98.900002,1,0,0.095238,0.412698
4.111111,15.269841,DRAM_5,20.000000,101.279999,1,0,0.111111,0.412698
4.698413,15.269841,DRAM_5,20.000000,103.250000,1,0,0.126984,0.412698
5.285714,15.269841,DRAM_5,20.000000,104.980003,1,0,0.142857,0.412698
5.873016,15.269841,DRAM_5,20.000000,106.559998,1,0,0.158730,0.412698
6.460318,15.269841,DRAM_5,20.000000,108.040001,1,0,0.174603,0.412698
7.047619,15.269841,DRAM_5,20.000000,109.430000,1,0,0.190476,0.412698
7.634921,15.269841,DRAM_5,20.000000,110.750000,1,0,0.206349,0.412698
8.222222,15.269841,DRAM_5,20.000000,112.010002,1,0,0.222222,0.412698
8.809524,15.269841,DRAM_5,20.000000,113.199997,1,0,0.238095,0.412698
9.396826,15.269841,DRAM_5,20.000000,114.339996,1,0,0.253968,0.412698
9.984127,15.269841,DRAM_5,20.000000,115.410004,1,1,0.269841,0.412698
10.571428,15.269841,CPU2_5,150.000000,116.419998,1,1,0.285714,0.412698
11.158731,15.269841,CPU2_5,150.000000,117.360001,1,0,0.301587,0.412698
11.746032,15.269841,CPU2_5,150.000000,118.230003,1,0,0.317460,0.412698
12.333333,15.269841,CPU2_5,150.000000,119.029999,1,0,0.333333,0.412698
12.920635,15.269841,CPU2_5,150.000000,119.760002,1,0,0.349206,0.412698
13.507936,15.269841,CPU2_5,150.000000,120.410004,1,0,0.365079,0.412698
14.095238,15.269841,CPU2_5,150.000000,120.989998,1,0,0.380952,0.412698
14.682540,15.269841,CPU2_5,150.000000,121.500000,1,0,0.396825,0.412698
15.269841,15.269841,CPU2_5,150.000000,121.930000,1,0,0.412698,0.412698
15.857142,15.269841,CPU2_5,150.000000,122.279999,1,0,0.428571,0.412698
16.444445,15.269841,CPU2_5,150.000000,122.559998,1,0,0.444444,0.412698
17.031746,15.269841,CPU2_5,150.000000,122.750000,1,0,0.460317,0.412698
17.619047,15.269841,CPU2_5,150.000000,122.879997,1,0,0.476190,0.412698
18.206348,15.269841,CPU2_5,150.000000,122.919998,1,0,0.492063,0.412698
18.793652,15.269841,background,0.000000,122.879997,0,0,0.507937,0.412698
19.380953,15.269841,background,0.000000,122.760002,0,1,0.523810,0.412698
19.968254,15.269841,CPU2_0,150.000000,122.570000,1,0,0.539683,0.412698
20.555555,15.269841,CPU2_0,150.000000,122.290001,1,0,0.555556,0.412698
21.142857,15.269841,CPU2_0,150.000000,121.919998,1,0,0.571429,0.412698
21.730158,15.269841,CPU2_0,150.000000,121.470001,1,0,0.587302,0.412698
22.317461,15.269841,CPU2_0,150.000000,120.930000,1,0,0.603175,0.412698
22.904762,15.269841,CPU2_0,150.000000,120.300003,1,0,0.619048,0.412698
23.492064,15.269841,CPU2_0,150.000000,119.570000,1,0,0.634921,0.412698
24.079365,15.269841,CPU2_0,150.000000,118.730003,1,0,0.650794,0.412698
24.666666,15.269841,CPU2_0,150.000000,117.779999,1,0,0.666667,0.412698
25.253969,15.269841,CPU2_0,150.000000,116.680000,1,0,0.682540,0.412698
25.841270,15.269841,CPU2_0,150.000000,115.400002,1,0,0.698413,0.412698
26.428572,15.269841,CPU2_0,150.000000,113.809998,1,0,0.714286,0.412698
27.015873,15.269841,CPU2_0,150.000000,111.629997,1,0,0.730159,0.412698
27.603174,15.269841,background,0.000000,108.169998,0,1,0.746032,0.412698
28.190475,15.269841,DRAM_0,20.000000,102.220001,1,1,0.761905,0.412698
28.777779,15.269841,DRAM_0,20.000000,96.650002,1,0,0.777778,0.412698
29.365080,15.269841,DRAM_0,20.000000,93.290001,1,0,0.793651,0.412698
29.952381,15.269841,DRAM_0,20.000000,91.010002,1,0,0.809524,0.412698
30.539682,15.269841,DRAM_0,20.000000,89.180000,1,0,0.825397,0.412698
31.126984,15.269841,DRAM_0,20.000000,87.550003,1,0,0.841270,0.412698
31.714285,15.269841,DRAM_0,20.000000,86.029999,1,0,0.857143,0.412698
32.301586,15.269841,DRAM_0,20.000000,84.550003,1,0,0.873016,0.412698
32.888889,15.269841,DRAM_0,20.000000,83.120003,1,0,0.888889,0.412698
33.476189,15.269841,DRAM_0,20.000000,81.709999,1,0,0.904762,0.412698
34.063492,15.269841,DRAM_0,20.000000,80.309998,1,0,0.920635,0.412698
34.650795,15.269841,DRAM_0,20.000000,78.940002,1,0,0.936508,0.412698
35.238094,15.269841,DRAM_0,20.000000,77.589996,1,0,0.952381,0.412698
35.825397,15.269841,DRAM_0,20.000000,76.300003,1,0,0.968254,0.412698
36.412697,15.269841,DRAM_0,20.000000,75.129997,1,0,0.984127,0.412698
37.000000,15.269841,DRAM_0,20.000000,74.309998,1,1,1.000000,0.412698
0.000000,15.857142,background,0.000000,79.169998,0,0,0.000000,0.428571
0.587302,15.857142,background,0.000000,80.379997,0,0,0.015873,0.428571
1.174603,15.857142,DRAM_5,20.000000,82.760002,1,1,0.031746,0.428571
1.761905,15.857142,DRAM_5,20.000000,86.419998,1,0,0.047619,0.428571
2.349206,15.857142,DRAM_5,20.000000,91.389999,1,0,0.063492,0.428571
2.936508,15.857142,DRAM_5,20.000000,95.750000,1,0,0.079365,0.428571
3.523809,15.857142,DRAM_5,20.000000,99.070000,1,0,0.095238,0.428571
4.111111,15.857142,DRAM_5,20.000000,101.470001,1,0,0.111111,0.428571
4.698413,15.857142,DRAM_5,20.000000,103.449997,1,0,0.126984,0.428571
5.285714,15.857142,DRAM_5,20.000000,105.190002,1,0,0.142857,0.428571
5.873016,15.857142,DRAM_5,20.000000,106.800003,1,0,0.158730,0.428571
6.460318,15.857142,DRAM_5,20.000000,108.290001,1,0,0.174603,0.428571
7.047619,15.857142,DRAM_5,20.000000,109.709999,1,0,0.190476,0.428571
7.634921,15.857142,DRAM_5,20.000000,111.059998,1,0,0.206349,0.428571
8.222222,15.857142,DRAM_5,20.000000,112.349998,1,0,0.222222,0.428571
8.809524,15.857142,DRAM_5,20.000000,113.589996,1,0,0.238095,0.428571
9.396826,15.857142,DRAM_5,20.000000,114.760002,1,0,0.253968,0.428571
9.984127,15.857142,DRAM_5,20.000000,115.870003,1,1,0.269841,0.428571
10.571428,15.857142,CPU2_5,150.000000,116.910004,1,1,0.285714,0.428571
11.158731,15.857142,CPU2_5,150.000000,117.870003,1,0,0.301587,0.428571
11.746032,15.857142,CPU2_5,150.000000,118.769997,1,0,0.317460,0.428571
12.333333,15.857142,CPU2_5,150.000000,119.589996,1,0,0.333333,0.428571
12.920635,15.857142,CPU2_5,150.000000,120.339996,1,0,0.349206,0.428571
13.507936,15.857142,CPU2_5,150.000000,121.010002,1,0,0.365079,0.428571
14.095238,15.857142,CPU2_5,150.000000,121.610001,1,0,0.380952,0.428571
14.682540,15.857142,CPU2_5,150.000000,122.120003,1,0,0.396825,0.428571
15.269841,15.857142,CPU2_5,150.000000,122.570000,1,0,0.412698,0.428571
15.857142,15.857142,CPU2_5,150.000000,122.930000,1,0,0.428571,0.428571
16.444445,15.857142,CPU2_5,150.000000,123.209999,1,0,0.444444,0.428571
17.031746,15.857142,CPU2_5,150.000000,123.419998,1,0,0.460317,0.428571
17.619047,15.857142,CPU2_5,150.000000,123.550003,1,0,0.476190,0.428571
18.206348,15.857142,CPU2_5,150.000000,123.599998,1,0,0.492063,0.428571
18.793652,15.857142,background,0.000000,123.570000,0,0,0.507937,0.428571
19.380953,15.857142,background,0.000000,123.449997,0,1,0.523810,0.428571
19.968254,15.857142,CPU2_0,150.000000,123.260002,1,0,0.539683,0.428571
20.555555,15.857142,CPU2_0,150.000000,122.980003,1,0,0.555556,0.428571
21.142857,15.857142,CPU2_0,150.000000,122.620003,1,0,0.571429,0.428571
21.730158,15.857142,CPU2_0,150.000000,122.169998,1,0,0.587302,0.428571
22.317461,15.857142,CPU2_0,150.000000,121.629997,1,0,0.603175,0.428571
22.904762,15.857142,CPU2_0,150.000000,121.000000,1,0,0.619048,0.428571
23.492064,15.857142,CPU2_0,150.000000,120.269997,1,0,0.634921,0.428571
24.079365,15.857142,CPU2_0,150.000000,119.430000,1,0,0.650794,0.428571
24.666666,15.857142,CPU2_0,150.000000,118.470001,1,0,0.666667,0.428571
25.253969,15.857142,CPU2_0,150.000000,117.370003,1,0,0.682540,0.428571
25.841270,15.857142,CPU2_0,150.000000,116.080002,1,0,0.698413,0.428571
26.428572,15.857142,CPU2_0,150.000000,114.489998,1,0,0.714286,0.428571
27.015873,15.857142,CPU2_0,150.000000,112.320000,1,0,0.730159,0.428571
27.603174,15.857142,background,0.000000,108.860001,0,1,0.746032,0.428571
28.190475,15.857142,DRAM_0,20.000000,102.919998,1,1,0.761905,0.428571
28.777779,15.857142,DRAM_0,20.000000,97.349998,1,0,0.777778,0.428571
29.365080,15.857142,DRAM_0,20.000000,93.989998,1,0,0.793651,0.428571
29.952381,15.857142,DRAM_0,20.000000,91.699997,1,0,0.809524,0.428571
30.539682,15.857142,DRAM_0,20.000000,89.870003,1,0,0.825397,0.428571
31.126984,15.857142,DRAM_0,20.000000,88.230003,1,0,0.841270,0.428571
31.714285,15.857142,DRAM_0,20.000000,86.680000,1,0,0.857143,0.428571
32.301586,15.857142,DRAM_0,20.000000,85.190002,1,0,0.873016,0.428571
32.888889,15.857142,DRAM_0,20.000000,83.720001,1,0,0.888889,0.428571
33.476189,15.857142,DRAM_0,20.000000,82.279999,1,0,0.904762,0.428571
34.063492,15.857142,DRAM_0,20.000000,80.849998,1,0,0.920635,0.428571
34.650795,15.857142,DRAM_0,20.000000,79.449997,1,0,0.936508,0.428571
35.238094,15.857142,DRAM_0,20.000000,78.070000,1,0,0.952381,0.428571
35.825397,15.857142,DRAM_0,20.000000,76.739998,1,0,0.968254,0.428571
36.412697,15.857142,DRAM_0,20.000000,75.540001,1,0,0.984127,0.428571
37.000000,15.857142,DRAM_0,20.000000,74.699997,1,1,1.000000,0.428571
0.000000,16.444445,background,0.000000,79.029999,0,0,0.000000,0.444444
0.587302,16.444445,background,0.000000,80.230003,0,0,0.015873,0.444444
1.174603,16.444445,DRAM_5,20.000000,82.610001,1,1,0.031746,0.444444
1.761905,16.444445,DRAM_5,20.000000,86.279999,1,0,0.047619,0.444444
2.349206,16.444445,DRAM_5,20.000000,91.300003,1,0,0.063492,0.444444
2.936508,16.444445,DRAM_5,20.000000,95.730003,1,0,0.079365,0.444444
3.523809,16.444445,DRAM_5,20.000000,99.070000,1,0,0.095238,0.444444
4.111111,16.444445,DRAM_5,20.000000,101.470001,1,0,0.111111,0.444444
4.698413,16.444445,DRAM_5,20.000000,103.459999,1,0,0.126984,0.444444
5.285714,16.444445,DRAM_5,20.000000,105.209999,1,0,0.142857,0.444444
5.873016,16.444445,DRAM_5,20.000000,106.830002,1,0,0.158730,0.444444
6.460318,16.444445,DRAM_5,20.000000,108.349998,1,0,0.174603,0.444444
7.047619,16.444445,DRAM_5,20.000000,109.790001,1,0,0.190476,0.444444
7.634921,16.444445,DRAM_5,20.000000,111.180000,1,0,0.206349,0.444444
8.222222,16.444445,DRAM_5,20.000000,112.510002,1,0,0.222222,0.444444
8.809524,16.444445,DRAM_5,20.000000,113.790001,1,0,0.238095,0.444444
9.396826,16.444445,DRAM_5,20.000000,115.010002,1,0,0.253968,0.444444
9.984127,16.444445,DRAM_5,20.000000,116.169998,1,1,0.269841,0.444444
10.571428,16.444445,CPU2_5,150.000000,117.250000,1,1,0.285714,0.444444
11.158731,16.444445,CPU2_5,150.000000,118.250000,1,0,0.301587,0.444444
11.746032,16.444445,CPU2_5,150.000000,119.180000,1,0,0.317460,0.444444
12.333333,16.444445,CPU2_5,150.000000,120.029999,1,0,0.333333,0.444444
12.920635,16.444445,CPU2_5,150.000000,120.800003,1,0,0.349206,0.444444
13.507936,16.444445,CPU2_5,150.000000,121.489998,1,0,0.365079,0.444444
14.095238,16.444445,CPU2_5,150.000000,122.099998,1,0,0.380952,0.444444
14.682540,16.444445,CPU2_5,150.000000,122.629997,1,0,0.396825,0.444444
15.269841,16.444445,CPU2_5,150.000000,123.080002,1,0,0.412698,0.444444
15.857142,16.444445,CPU2_5,150.000000,123.459999,1,0,0.428571,0.444444
16.444445,16.444445,CPU2_5,150.000000,123.750000,1,0,0.444444,0.444444
17.031746,16.444445,CPU2_5,150.000000,123.970001,1,0,0.460317,0.444444
17.619047,16.444445,CPU2_5,150.000000,124.099998,1,0,0.476190,0.444444
18.206348,16.444445,CPU2_5,150.000000,124.160004,1,0,0.492063,0.444444
18.793652,16.444445,background,0.000000,124.129997,0,0,0.507937,0.444444
19.380953,16.444445,background,0.000000,124.029999,0,1,0.523810,0.444444
19.968254,16.444445,CPU2_0,150.000000,123.839996,1,0,0.539683,0.444444
20.555555,16.444445,CPU2_0,150.000000,123.559998,1,0,0.555556,0.444444
21.142857,16.444445,CPU2_0,150.000000,123.209999,1,0,0.571429,0.444444
21.730158,16.444445,CPU2_0,150.000000,122.760002,1,0,0.587302,0.444444
22.317461,16.444445,CPU2_0,150.000000,122.220001,1,0,0.603175,0.444444
22.904762,16.444445,CPU2_0,150.000000,121.589996,1,0,0.619048,0.444444
23.492064,16.444445,CPU2_0,150.000000,120.860001,1,0,0.634921,0.444444
24.079365,16.444445,CPU2_0,150.000000,120.019997,1,0,0.650794,0.444444
24.666666,16.444445,CPU2_0,150.000000,119.059998,1,0,0.666667,0.444444
25.253969,16.444445,CPU2_0,150.000000,117.959999,1,0,0.682540,0.444444
25.841270,16.444445,CPU2_0,150.000000,116.669998,1,0,0.698413,0.444444
26.428572,16.444445,CPU2_0,150.000000,115.080002,1,0,0.714286,0.444444
27.015873,16.444445,CPU2_0,150.000000,112.910004,1,0,0.730159,0.444444
27.603174,16.444445,background,0.000000,109.470001,0,1,0.746032,0.444444
28.190475,16.444445,DRAM_0,20.000000,103.550003,1,1,0.761905,0.444444
28.777779,16.444445,DRAM_0,20.000000,98.000000,1,0,0.777778,0.444444
29.365080,16.444445,DRAM_0,20.000000,94.660004,1,0,0.793651,0.444444
29.952381,16.444445,DRAM_0,20.000000,92.379997,1,0,0.809524,0.444444
30.539682,16.444445,DRAM_0,20.000000,90.540001,1,0,0.825397,0.444444
31.126984,16.444445,DRAM_0,20.000000,88.900002,1,0,0.841270,0.444444
31.714285,16.444445,DRAM_0,20.000000,87.339996,1,0,0.857143,0.444444
32.301586,16.444445,DRAM_0,20.000000,85.820000,1,0,0.873016,0.444444
32.888889,16.444445,DRAM_0,20.000000,84.330002,1,0,0.888889,0.444444
33.476189,16.444445,DRAM_0,20.000000,82.860001,1,0,0.904762,0.444444
34.063492,16.444445,DRAM_0,20.000000,81.389999,1,0,0.920635,0.444444
34.650795,16.444445,DRAM_0,20.000000,79.940002,1,0,0.936508,0.444444
35.238094,16.444445,DRAM_0,20.000000,78.519997,1,0,0.952381,0.444444
35.825397,16.444445,DRAM_0,20.000000,77.160004,1,0,0.968254,0.444444
36.412697,16.444445,DRAM_0,20.000000,75.930000,1,0,0.984127,0.444444
37.000000,16.444445,DRAM_0,20.000000,75.070000,1,1,1.000000,0.444444
0.000000,17.031746,background,0.000000,78.669998,0,0,0.000000,0.460317
0.587302,17.031746,background,0.000000,79.860001,0,0,0.015873,0.460317
1.174603,17.031746,DRAM_5,20.000000,82.199997,1,1,0.031746,0.460317
1.761905,17.031746,DRAM_5,20.000000,85.860001,1,0,0.047619,0.460317
2.349206,17.031746,DRAM_5,20.000000,90.930000,1,0,0.063492,0.460317
2.936508,17.031746,DRAM_5,20.000000,95.470001,1,0,0.079365,0.460317
3.523809,17.031746,DRAM_5,20.000000,98.830002,1,0,0.095238,0.460317
4.111111,17.031746,DRAM_5,20.000000,101.230003,1,0,0.111111,0.460317
4.698413,17.031746,DRAM_5,20.000000,103.209999,1,0,0.126984,0.460317
5.285714,17.031746,DRAM_5,20.000000,104.959999,1,0,0.142857,0.460317
5.873016,17.031746,DRAM_5,20.000000,106.589996,1,0,0.158730,0.460317
6.460318,17.031746,DRAM_5,20.000000,108.129997,1,0,0.174603,0.460317
7.047619,17.031746,DRAM_5,20.000000,109.599998,1,0,0.190476,0.460317
7.634921,17.031746,DRAM_5,20.000000,111.029999,1,0,0.206349,0.460317
8.222222,17.031746,DRAM_5,20.000000,112.419998,1,0,0.222222,0.460317
8.809524,17.031746,DRAM_5,20.000000,113.769997,1,0,0.238095,0.460317
9.396826,17.031746,DRAM_5,20.000000,115.070000,1,0,0.253968,0.460317
9.984127,17.031746,DRAM_5,20.000000,116.300003,1,1,0.269841,0.460317
10.571428,17.031746,CPU2_5,150.000000,117.449997,1,1,0.285714,0.460317
11.158731,17.031746,CPU2_5,150.000000,118.500000,1,0,0.301587,0.460317
11.746032,17.031746,CPU2_5,150.000000,119.459999,1,0,0.317460,0.460317
12.333333,17.031746,CPU2_5,150.000000,120.330002,1,0,0.333333,0.460317
12.920635,17.031746,CPU2_5,150.000000,121.129997,1,0,0.349206,0.460317
13.507936,17.031746,CPU2_5,150.000000,121.839996,1,0,0.365079,0.460317
14.095238,17.031746,CPU2_5,150.000000,122.470001,1,0,0.380952,0.460317
14.682540,17.031746,CPU2_5,150.000000,123.010002,1,0,0.396825,0.460317
15.269841,17.031746,CPU2_5,150.000000,123.480003,1,0,0.412698,0.460317
15.857142,17.031746,CPU2_5,150.000000,123.860001,1,0,0.428571,0.460317
16.444445,17.031746,CPU2_5,150.000000,124.169998,1,0,0.444444,0.460317
17.031746,17.031746,CPU2_5,150.000000,124.400002,1,0,0.460317,0.460317
17.619047,17.031746,CPU2_5,150.000000,124.540001,1,0,0.476190,0.460317
18.206348,17.031746,CPU2_5,150.000000,124.599998,1,0,0.492063,0.460317
18.793652,17.031746,background,0.000000,124.580002,0,0,0.507937,0.460317
19.380953,17.031746,background,0.000000,124.480003,0,1,0.523810,0.460317
19.968254,17.031746,CPU2_0,150.000000,124.300003,1,1,0.539683,0.460317
20.555555,17.031746,CPU2_0,150.000000,124.029999,1,1,0.555556,0.460317
21.142857,17.031746,CPU2_0,150.000000,123.680000,1,1,0.571429,0.460317
21.730158,17.031746,CPU2_0,150.000000,123.239998,1,1,0.587302,0.460317
22.317461,17.031746,CPU2_0,150.000000,122.709999,1,1,0.603175,0.460317
22.904762,17.031746,CPU2_0,150.000000,122.080002,1,1,0.619048,0.460317
23.492064,17.031746,CPU2_0,150.000000,121.349998,1,1,0.634921,0.460317
24.079365,17.031746,CPU2_0,150.000000,120.510002,1,1,0.650794,0.460317
24.666666,17.031746,CPU2_0,150.000000,119.540001,1,1,0.666667,0.460317
25.253969,17.031746,CPU2_0,150.000000,118.430000,1,1,0.682540,0.460317
25.841270,17.031746,CPU2_0,150.000000,117.139999,1,1,0.698413,0.460317
26.428572,17.031746,CPU2_0,150.000000,115.550003,1,1,0.714286,0.460317
27.015873,17.031746,CPU2_0,150.000000,113.410004,1,1,0.730159,0.460317
27.603174,17.031746,background,0.000000,110.000000,0,1,0.746032,0.460317
28.190475,17.031746,DRAM_0,20.000000,104.129997,1,1,0.761905,0.460317
28.777779,17.031746,DRAM_0,20.000000,98.629997,1,0,0.777778,0.460317
29.365080,17.031746,DRAM_0,20.000000,95.330002,1,0,0.793651,0.460317
29.952381,17.031746,DRAM_0,20.000000,93.080002,1,0,0.809524,0.460317
30.539682,17.031746,DRAM_0,20.000000,91.250000,1,0,0.825397,0.460317
31.126984,17.031746,DRAM_0,20.000000,89.610001,1,0,0.841270,0.460317
31.714285,17.031746,DRAM_0,20.000000,88.040001,1,0,0.857143,0.460317
32.301586,17.031746,DRAM_0,20.000000,86.500000,1,0,0.873016,0.460317
32.888889,17.031746,DRAM_0,20.000000,84.980003,1,0,0.888889,0.460317
33.476189,17.031746,DRAM_0,20.000000,83.470001,1,0,0.904762,0.460317
34.063492,17.031746,DRAM_0,20.000000,81.959999,1,0,0.920635,0.460317
34.650795,17.031746,DRAM_0,20.000000,80.449997,1,0,0.936508,0.460317
35.238094,17.031746,DRAM_0,20.000000,78.970001,1,0,0.952381,0.460317
35.825397,17.031746,DRAM_0,20.000000,77.559998,1,0,0.968254,0.460317
36.412697,17.031746,DRAM_0,20.000000,76.300003,1,0,0.984127,0.460317
37.000000,17.031746,DRAM_0,20.000000,75.410004,1,1,1.000000,0.460317
0.000000,17.619047,background,0.000000,78.059998,0,0,0.000000,0.476190
0.587302,17.619047,background,0.000000,79.190002,0,0,0.015873,0.476190
1.174603,17.619047,DRAM_5,20.000000,81.440002,1,1,0.031746,0.476190
1.761905,17.619047,DRAM_5,20.000000,84.980003,1,0,0.047619,0.476190
2.349206,17.619047,DRAM_5,20.000000,90.059998,1,0,0.063492,0.476190
2.936508,17.619047,DRAM_5,20.000000,94.800003,1,0,0.079365,0.476190
3.523809,17.619047,DRAM_5,20.000000,98.180000,1,0,0.095238,0.476190
4.111111,17.619047,DRAM_5,20.000000,100.559998,1,0,0.111111,0.476190
4.698413,17.619047,DRAM_5,20.000000,102.519997,1,0,0.126984,0.476190
5.285714,17.619047,DRAM_5,20.000000,104.269997,1,0,0.142857,0.476190
5.873016,17.619047,DRAM_5,20.000000,105.900002,1,0,0.158730,0.476190
6.460318,17.619047,DRAM_5,20.000000,107.459999,1,0,0.174603,0.476190
7.047619,17.619047,DRAM_5,20.000000,108.959999,1,0,0.190476,0.476190
7.634921,17.619047,DRAM_5,20.000000,110.440002,1,0,0.206349,0.476190
8.222222,17.619047,DRAM_5,20.000000,111.919998,1,0,0.222222,0.476190
8.809524,17.619047,DRAM_5,20.000000,113.400002,1,0,0.238095,0.476190
9.396826,17.619047,DRAM_5,20.000000,114.879997,1,0,0.253968,0.476190
9.984127,17.619047,DRAM_5,20.000000,116.250000,1,1,0.269841,0.476190
10.571428,17.619047,CPU2_5,150.000000,117.489998,1,1,0.285714,0.476190
11.158731,17.619047,CPU2_5,150.000000,118.599998,1,0,0.301587,0.476190
11.746032,17.619047,CPU2_5,150.000000,119.610001,1,0,0.317460,0.476190
12.333333,17.619047,CPU2_5,150.000000,120.519997,1,0,0.333333,0.476190
12.920635,17.619047,CPU2_5,150.000000,121.339996,1,0,0.349206,0.476190
13.507936,17.619047,CPU2_5,150.000000,122.070000,1,0,0.365079,0.476190
14.095238,17.619047,CPU2_5,150.000000,122.720001,1,0,0.380952,0.476190
14.682540,17.619047,CPU2_5,150.000000,123.279999,1,0,0.396825,0.476190
15.269841,17.619047,CPU2_5,150.000000,123.760002,1,0,0.412698,0.476190
15.857142,17.619047,CPU2_5,150.000000,124.160004,1,0,0.428571,0.476190
16.444445,17.619047,CPU2_5,150.000000,124.470001,1,0,0.444444,0.476190
17.031746,17.619047,CPU2_5,150.000000,124.709999,1,0,0.460317,0.476190
17.619047,17.619047,CPU2_5,150.000000,124.860001,1,0,0.476190,0.476190
18.206348,17.619047,CPU2_5,150.000000,124.930000,1,0,0.492063,0.476190
18.793652,17.619047,background,0.000000,124.919998,0,0,0.507937,0.476190
19.380953,17.619047,background,0.000000,124.830002,0,1,0.523810,0.476190
19.968254,17.619047,CPU2_0,150.000000,124.650002,1,1,0.539683,0.476190
20.555555,17.619047,CPU2_0,150.000000,124.389999,1,1,0.555556,0.476190
21.142857,17.619047,CPU2_0,150.000000,124.040001,1,1,0.571429,0.476190
21.730158,17.619047,CPU2_0,150.000000,123.610001,1,1,0.587302,0.476190
22.317461,17.619047,CPU2_0,150.000000,123.080002,1,1,0.603175,0.476190
22.904762,17.619047,CPU2_0,150.000000,122.459999,1,1,0.619048,0.476190
23.492064,17.619047,CPU2_0,150.000000,121.730003,1,1,0.634921,0.476190
24.079365,17.619047,CPU2_0,150.000000,120.889999,1,1,0.650794,0.476190
24.666666,17.619047,CPU2_0,150.000000,119.910004,1,1,0.666667,0.476190
25.253969,17.619047,CPU2_0,150.000000,118.769997,1,1,0.682540,0.476190
25.841270,17.619047,CPU2_0,150.000000,117.440002,1,1,0.698413,0.476190
26.428572,17.619047,CPU2_0,150.000000,115.860001,1,1,0.714286,0.476190
27.015873,17.619047,CPU2_0,150.000000,113.750000,1,1,0.730159,0.476190
27.603174,17.619047,background,0.000000,110.419998,0,1,0.746032,0.476190
28.190475,17.619047,DRAM_0,20.000000,104.660004,1,1,0.761905,0.476190
28.777779,17.619047,DRAM_0,20.000000,99.290001,1,0,0.777778,0.476190
29.365080,17.619047,DRAM_0,20.000000,96.080002,1,0,0.793651,0.476190
29.952381,17.619047,DRAM_0,20.000000,93.879997,1,0,0.809524,0.476190
30.539682,17.619047,DRAM_0,20.000000,92.080002,1,0,0.825397,0.476190
31.126984,17.619047,DRAM_0,20.000000,90.440002,1,0,0.841270,0.476190
31.714285,17.619047,DRAM_0,20.000000,88.860001,1,0,0.857143,0.476190
32.301586,17.619047,DRAM_0,20.000000,87.309998,1,0,0.873016,0.476190
32.888889,17.619047,DRAM_0,20.000000,85.750000,1,0,0.888889,0.476190
33.476189,17.619047,DRAM_0,20.000000,84.190002,1,0,0.904762,0.476190
34.063492,17.619047,DRAM_0,20.000000,82.599998,1,0,0.920635,0.476190
34.650795,17.619047,DRAM_0,20.000000,81.000000,1,0,0.936508,0.476190
35.238094,17.619047,DRAM_0,20.000000,79.440002,1,0,0.952381,0.476190
35.825397,17.619047,DRAM_0,20.000000,77.949997,1,0,0.968254,0.476190
36.412697,17.619047,DRAM_0,20.000000,76.639999,1,0,0.984127,0.476190
37.000000,17.619047,DRAM_0,20.000000,75.720001,1,1,1.000000,0.476190
0.000000,18.206348,background,0.000000,77.150002,0,0,0.000000,0.492063
0.587302,18.206348,background,0.000000,78.190002,0,0,0.015873,0.492063
1.174603,18.206348,DRAM_3,20.000000,80.230003,1,1,0.031746,0.492063
1.761905,18.206348,DRAM_3,20.000000,83.430000,1,1,0.047619,0.492063
2.349206,18.206348,DRAM_3,20.000000,88.260002,1,1,0.063492,0.492063
2.936508,18.206348,DRAM_3,20.000000,93.290001,1,1,0.079365,0.492063
3.523809,18.206348,DRAM_3,20.000000,96.680000,1,1,0.095238,0.492063
4.111111,18.206348,DRAM_3,20.000000,99.019997,1,1,0.111111,0.492063
4.698413,18.206348,DRAM_3,20.000000,100.940002,1,1,0.126984,0.492063
5.285714,18.206348,DRAM_3,20.000000,102.669998,1,1,0.142857,0.492063
5.873016,18.206348,DRAM_3,20.000000,104.300003,1,1,0.158730,0.492063
6.460318,18.206348,DRAM_3,20.000000,105.870003,1,1,0.174603,0.492063
7.047619,18.206348,DRAM_3,20.000000,107.419998,1,1,0.190476,0.492063
7.634921,18.206348,DRAM_3,20.000000,108.980003,1,1,0.206349,0.492063
8.222222,18.206348,DRAM_3,20.000000,110.610001,1,1,0.222222,0.492063
8.809524,18.206348,DRAM_3,20.000000,112.379997,1,1,0.238095,0.492063
9.396826,18.206348,DRAM_3,20.000000,114.309998,1,1,0.253968,0.492063
9.984127,18.206348,DRAM_3,20.000000,115.970001,1,1,0.269841,0.492063
10.571428,18.206348,CPU2_5,150.000000,117.370003,1,1,0.285714,0.492063
11.158731,18.206348,CPU2_5,150.000000,118.580002,1,0,0.301587,0.492063
11.746032,18.206348,CPU2_5,150.000000,119.639999,1,0,0.317460,0.492063
12.333333,18.206348,CPU2_5,150.000000,120.589996,1,0,0.333333,0.492063
12.920635,18.206348,CPU2_5,150.000000,121.430000,1,0,0.349206,0.492063
13.507936,18.206348,CPU2_5,150.000000,122.190002,1,0,0.365079,0.492063
14.095238,18.206348,CPU2_5,150.000000,122.849998,1,0,0.380952,0.492063
14.682540,18.206348,CPU2_5,150.000000,123.430000,1,0,0.396825,0.492063
15.269841,18.206348,CPU2_5,150.000000,123.919998,1,0,0.412698,0.492063
15.857142,18.206348,CPU2_5,150.000000,124.330002,1,0,0.428571,0.492063
16.444445,18.206348,CPU2_5,150.000000,124.660004,1,0,0.444444,0.492063
17.031746,18.206348,CPU2_5,150.000000,124.900002,1,0,0.460317,0.492063
17.619047,18.206348,CPU2_5,150.000000,125.070000,1,0,0.476190,0.492063
18.206348,18.206348,CPU2_5,150.000000,125.150002,1,0,0.492063,0.492063
18.793652,18.206348,background,0.000000,125.139999,0,0,0.507937,0.492063
19.380953,18.206348,background,0.000000,125.059998,0,1,0.523810,0.492063
19.968254,18.206348,CPU2_4,150.000000,124.889999,1,0,0.539683,0.492063
20.555555,18.206348,CPU2_4,150.000000,124.639999,1,0,0.555556,0.492063
21.142857,18.206348,CPU2_4,150.000000,124.300003,1,0,0.571429,0.492063
21.730158,18.206348,CPU2_4,150.000000,123.870003,1,0,0.587302,0.492063
22.317461,18.206348,CPU2_4,150.000000,123.349998,1,0,0.603175,0.492063
22.904762,18.206348,CPU2_4,150.000000,122.730003,1,0,0.619048,0.492063
23.492064,18.206348,CPU2_4,150.000000,122.010002,1,0,0.634921,0.492063
24.079365,18.206348,CPU2_4,150.000000,121.160004,1,0,0.650794,0.492063
24.666666,18.206348,CPU2_4,150.000000,120.139999,1,0,0.666667,0.492063
25.253969,18.206348,CPU2_4,150.000000,118.900002,1,0,0.682540,0.492063
25.841270,18.206348,CPU2_4,150.000000,117.459999,1,0,0.698413,0.492063
26.428572,18.206348,CPU2_4,150.000000,115.839996,1,0,0.714286,0.492063
27.015873,18.206348,CPU2_4,150.000000,113.790001,1,0,0.730159,0.492063
27.603174,18.206348,background,0.000000,110.599998,0,1,0.746032,0.492063
28.190475,18.206348,DRAM_0,20.000000,105.129997,1,1,0.761905,0.492063
28.777779,18.206348,DRAM_0,20.000000,100.089996,1,0,0.777778,0.492063
29.365080,18.206348,DRAM_0,20.000000,97.080002,1,0,0.793651,0.492063
29.952381,18.206348,DRAM_0,20.000000,94.980003,1,0,0.809524,0.492063
30.539682,18.206348,DRAM_0,20.000000,93.230003,1,0,0.825397,0.492063
31.126984,18.206348,DRAM_0,20.000000,91.599998,1,0,0.841270,0.492063
31.714285,18.206348,DRAM_0,20.000000,90.019997,1,0,0.857143,0.492063
32.301586,18.206348,DRAM_0,20.000000,88.449997,1,0,0.873016,0.492063
32.888889,18.206348,DRAM_0,20.000000,86.849998,1,0,0.888889,0.492063
33.476189,18.206348,DRAM_0,20.000000,85.199997,1,0,0.904762,0.492063
34.063492,18.206348,DRAM_0,20.000000,83.480003,1,0,0.920635,0.492063
34.650795,18.206348,DRAM_0,20.000000,81.680000,1,0,0.936508,0.492063
35.238094,18.206348,DRAM_0,20.000000,79.940002,1,0,0.952381,0.492063
35.825397,18.206348,DRAM_0,20.000000,78.339996,1,0,0.968254,0.492063
36.412697,18.206348,DRAM_0,20.000000,76.959999,1,0,0.984127,0.492063
37.000000,18.206348,DRAM_0,20.000000,76.010002,1,1,1.000000,0.492063
0.000000,18.793652,background,0.000000,76.029999,0,0,0.000000,0.507937
0.587302,18.793652,background,0.000000,77.029999,0,0,0.015873,0.507937
1.174603,18.793652,DRAM_3,20.000000,78.739998,1,1,0.031746,0.507937
1.761905,18.793652,DRAM_3,20.000000,81.250000,1,0,0.047619,0.507937
2.349206,18.793652,DRAM_3,20.000000,85.089996,1,0,0.063492,0.507937
2.936508,18.793652,DRAM_3,20.000000,90.110001,1,0,0.079365,0.507937
3.523809,18.793652,DRAM_3,20.000000,93.370003,1,0,0.095238,0.507937
4.111111,18.793652,DRAM_3,20.000000,95.610001,1,0,0.111111,0.507937
4.698413,18.793652,DRAM_3,20.000000,97.470001,1,0,0.126984,0.507937
5.285714,18.793652,DRAM_3,20.000000,99.169998,1,0,0.142857,0.507937
5.873016,18.793652,DRAM_3,20.000000,100.790001,1,0,0.158730,0.507937
6.460318,18.793652,DRAM_3,20.000000,102.379997,1,0,0.174603,0.507937
7.047619,18.793652,DRAM_3,20.000000,103.970001,1,0,0.190476,0.507937
7.634921,18.793652,DRAM_3,20.000000,105.639999,1,0,0.206349,0.507937
8.222222,18.793652,DRAM_3,20.000000,107.519997,1,0,0.222222,0.507937
8.809524,18.793652,DRAM_3,20.000000,109.900002,1,0,0.238095,0.507937
9.396826,18.793652,DRAM_3,20.000000,113.110001,1,0,0.253968,0.507937
9.984127,18.793652,DRAM_3,20.000000,115.419998,1,1,0.269841,0.507937
10.571428,18.793652,CPU2_5,150.000000,117.089996,1,1,0.285714,0.507937
11.158731,18.793652,CPU2_5,150.000000,118.419998,1,0,0.301587,0.507937
11.746032,18.793652,CPU2_5,150.000000,119.550003,1,0,0.317460,0.507937
12.333333,18.793652,CPU2_5,150.000000,120.540001,1,0,0.333333,0.507937
12.920635,18.793652,CPU2_5,150.000000,121.419998,1,0,0.349206,0.507937
13.507936,18.793652,CPU2_5,150.000000,122.190002,1,0,0.365079,0.507937
14.095238,18.793652,CPU2_5,150.000000,122.879997,1,0,0.380952,0.507937
14.682540,18.793652,CPU2_5,150.000000,123.470001,1,0,0.396825,0.507937
15.269841,18.793652,CPU2_5,150.000000,123.980003,1,0,0.412698,0.507937
15.857142,18.793652,CPU2_5,150.000000,124.400002,1,0,0.428571,0.507937
16.444445,18.793652,CPU2_5,150.000000,124.730003,1,0,0.444444,0.507937
17.031746,18.793652,CPU2_5,150.000000,124.989998,1,0,0.460317,0.507937
17.619047,18.793652,CPU2_5,150.000000,125.160004,1,0,0.476190,0.507937
18.206348,18.793652,CPU2_5,150.000000,125.250000,1,0,0.492063,0.507937
18.793652,18.793652,background,0.000000,125.250000,0,0,0.507937,0.507937
19.380953,18.793652,background,0.000000,125.180000,0,1,0.523810,0.507937
19.968254,18.793652,CPU2_4,150.000000,125.019997,1,0,0.539683,0.507937
20.555555,18.793652,CPU2_4,150.000000,124.769997,1,0,0.555556,0.507937
21.142857,18.793652,CPU2_4,150.000000,124.440002,1,0,0.571429,0.507937
21.730158,18.793652,CPU2_4,150.000000,124.029999,1,0,0.587302,0.507937
22.317461,18.793652,CPU2_4,150.000000,123.519997,1,0,0.603175,0.507937
22.904762,18.793652,CPU2_4,150.000000,122.910004,1,0,0.619048,0.507937
23.492064,18.793652,CPU2_4,150.000000,122.190002,1,0,0.634921,0.507937
24.079365,18.793652,CPU2_4,150.000000,121.320000,1,0,0.650794,0.507937
24.666666,18.793652,CPU2_4,150.000000,120.230003,1,0,0.666667,0.507937
25.253969,18.793652,CPU2_4,150.000000,118.720001,1,0,0.682540,0.507937
25.841270,18.793652,CPU2_4,150.000000,116.900002,1,0,0.698413,0.507937
26.428572,18.793652,CPU2_4,150.000000,115.169998,1,0,0.714286,0.507937
27.015873,18.793652,CPU2_4,150.000000,113.199997,1,0,0.730159,0.507937
27.603174,18.793652,background,0.000000,110.320000,0,1,0.746032,0.507937
28.190475,18.793652,DRAM_0,20.000000,105.589996,1,1,0.761905,0.507937
28.777779,18.793652,DRAM_0,20.000000,101.410004,1,0,0.777778,0.507937
29.365080,18.793652,DRAM_0,20.000000,98.830002,1,0,0.793651,0.507937
29.952381,18.793652,DRAM_0,20.000000,96.900002,1,0,0.809524,0.507937
30.539682,18.793652,DRAM_0,20.000000,95.220001,1,0,0.825397,0.507937
31.126984,18.793652,DRAM_0,20.000000,93.629997,1,0,0.841270,0.507937
31.714285,18.793652,DRAM_0,20.000000,92.040001,1,0,0.857143,0.507937
32.301586,18.793652,DRAM_0,20.000000,90.440002,1,0,0.873016,0.507937
32.888889,18.793652,DRAM_0,20.000000,88.790001,1,0,0.888889,0.507937
33.476189,18.793652,DRAM_0,20.000000,87.019997,1,0,0.904762,0.507937
34.063492,18.793652,DRAM_0,20.000000,85.050003,1,0,0.920635,0.507937
34.650795,18.793652,DRAM_0,20.000000,82.730003,1,0,0.936508,0.507937
35.238094,18.793652,DRAM_0,20.000000,80.580002,1,0,0.952381,0.507937
35.825397,18.793652,DRAM_0,20.000000,78.739998,1,0,0.968254,0.507937
36.412697,18.793652,DRAM_0,20.000000,77.250000,1,0,0.984127,0.507937
37.000000,18.793652,DRAM_0,20.000000,76.250000,1,1,1.000000,0.507937
0.000000,19.380953,background,0.000000,75.529999,0,0,0.000000,0.523810
0.587302,19.380953,background,0.000000,76.660004,0,0,0.015873,0.523810
1.174603,19.380953,DRAM_3,20.000000,78.190002,1,1,0.031746,0.523810
1.761905,19.380953,DRAM_3,20.000000,80.110001,1,0,0.047619,0.523810
2.349206,19.380953,DRAM_3,20.000000,82.550003,1,0,0.063492,0.523810
2.936508,19.380953,DRAM_3,20.000000,85.510002,1,0,0.079365,0.523810
3.523809,19.380953,DRAM_3,20.000000,87.959999,1,0,0.095238,0.523810
4.111111,19.380953,DRAM_3,20.000000,89.949997,1,0,0.111111,0.523810
4.698413,19.380953,DRAM_3,20.000000,91.709999,1,0,0.126984,0.523810
5.285714,19.380953,DRAM_3,20.000000,93.370003,1,0,0.142857,0.523810
5.873016,19.380953,DRAM_3,20.000000,94.980003,1,0,0.158730,0.523810
6.460318,19.380953,DRAM_3,20.000000,96.580002,1,0,0.174603,0.523810
7.047619,19.380953,DRAM_3,20.000000,98.220001,1,0,0.190476,0.523810
7.634921,19.380953,DRAM_3,20.000000,100.010002,1,0,0.206349,0.523810
8.222222,19.380953,DRAM_3,20.000000,102.220001,1,0,0.222222,0.523810
8.809524,19.380953,DRAM_3,20.000000,105.580002,1,0,0.238095,0.523810
9.396826,19.380953,DRAM_3,20.000000,111.290001,1,0,0.253968,0.523810
9.984127,19.380953,DRAM_3,20.000000,114.639999,1,1,0.269841,0.523810
10.571428,19.380953,CPU2_5,150.000000,116.680000,1,1,0.285714,0.523810
11.158731,19.380953,CPU2_5,150.000000,118.160004,1,1,0.301587,0.523810
11.746032,19.380953,CPU2_5,150.000000,119.360001,1,1,0.317460,0.523810
12.333333,19.380953,CPU2_5,150.000000,120.389999,1,1,0.333333,0.523810
12.920635,19.380953,CPU2_5,150.000000,121.290001,1,1,0.349206,0.523810
13.507936,19.380953,CPU2_5,150.000000,122.089996,1,1,0.365079,0.523810
14.095238,19.380953,CPU2_5,150.000000,122.790001,1,1,0.380952,0.523810
14.682540,19.380953,CPU2_5,150.000000,123.400002,1,1,0.396825,0.523810
15.269841,19.380953,CPU2_5,150.000000,123.919998,1,1,0.412698,0.523810
15.857142,19.380953,CPU2_5,150.000000,124.349998,1,1,0.428571,0.523810
16.444445,19.380953,CPU2_5,150.000000,124.699997,1,1,0.444444,0.523810
17.031746,19.380953,CPU2_5,150.000000,124.959999,1,1,0.460317,0.523810
17.619047,19.380953,CPU2_5,150.000000,125.139999,1,1,0.476190,0.523810
18.206348,19.380953,CPU2_5,150.000000,125.239998,1,1,0.492063,0.523810
18.793652,19.380953,background,0.000000,125.250000,0,0,0.507937,0.523810
19.380953,19.380953,background,0.000000,125.180000,0,1,0.523810,0.523810
19.968254,19.380953,CPU2_4,150.000000,125.029999,1,0,0.539683,0.523810
20.555555,19.380953,CPU2_4,150.000000,124.800003,1,0,0.555556,0.523810
21.142857,19.380953,CPU2_4,150.000000,124.480003,1,0,0.571429,0.523810
21.730158,19.380953,CPU2_4,150.000000,124.070000,1,0,0.587302,0.523810
22.317461,19.380953,CPU2_4,150.000000,123.570000,1,0,0.603175,0.523810
22.904762,19.380953,CPU2_4,150.000000,122.980003,1,0,0.619048,0.523810
23.492064,19.380953,CPU2_4,150.000000,122.269997,1,0,0.634921,0.523810
24.079365,19.380953,CPU2_4,150.000000,121.410004,1,0,0.650794,0.523810
24.666666,19.380953,CPU2_4,150.000000,120.269997,1,0,0.666667,0.523810
25.253969,19.380953,CPU2_4,150.000000,118.459999,1,0,0.682540,0.523810
25.841270,19.380953,CPU2_4,150.000000,116.150002,1,0,0.698413,0.523810
26.428572,19.380953,CPU2_4,150.000000,114.320000,1,0,0.714286,0.523810
27.015873,19.380953,CPU2_4,150.000000,112.529999,1,0,0.730159,0.523810
27.603174,19.380953,background,0.000000,110.209999,0,1,0.746032,0.523810
28.190475,19.380953,DRAM_4,20.000000,107.019997,1,1,0.761905,0.523810
28.777779,19.380953,DRAM_4,20.000000,104.410004,1,1,0.777778,0.523810
29.365080,19.380953,DRAM_4,20.000000,102.430000,1,1,0.793651,0.523810
29.952381,19.380953,DRAM_4,20.000000,100.730003,1,1,0.809524,0.523810
30.539682,19.380953,DRAM_4,20.000000,99.129997,1,1,0.825397,0.523810
31.126984,19.380953,DRAM_4,20.000000,97.570000,1,1,0.841270,0.523810
31.714285,19.380953,DRAM_4,20.000000,95.989998,1,1,0.857143,0.523810
32.301586,19.380953,DRAM_4,20.000000,94.360001,1,1,0.873016,0.523810
32.888889,19.380953,DRAM_4,20.000000,92.639999,1,1,0.888889,0.523810
33.476189,19.380953,DRAM_4,20.000000,90.720001,1,1,0.904762,0.523810
34.063492,19.380953,DRAM_4,20.000000,88.320000,1,1,0.920635,0.523810
34.650795,19.380953,DRAM_4,20.000000,84.730003,1,1,0.936508,0.523810
35.238094,19.380953,DRAM_4,20.000000,81.599998,1,1,0.952381,0.523810
35.825397,19.380953,DRAM_4,20.000000,79.290001,1,1,0.968254,0.523810
36.412697,19.380953,DRAM_4,20.000000,77.599998,1,1,0.984127,0.523810
37.000000,19.380953,DRAM_4,20.000000,76.540001,1,1,1.000000,0.523810
0.000000,19.968254,background,0.000000,75.260002,0,0,0.000000,0.539683
0.587302,19.968254,background,0.000000,76.400002,0,0,0.015873,0.539683
1.174603,19.968254,DRAM_3,20.000000,77.820000,1,1,0.031746,0.539683
1.761905,19.968254,DRAM_3,20.000000,79.480003,1,0,0.047619,0.539683
2.349206,19.968254,DRAM_3,20.000000,81.349998,1,0,0.063492,0.539683
2.936508,19.968254,DRAM_3,20.000000,83.379997,1,0,0.079365,0.539683
3.523809,19.968254,DRAM_3,20.000000,85.300003,1,0,0.095238,0.539683
4.111111,19.968254,DRAM_3,20.000000,87.070000,1,0,0.111111,0.539683
4.698413,19.968254,DRAM_3,20.000000,88.730003,1,0,0.126984,0.539683
5.285714,19.968254,DRAM_3,20.000000,90.349998,1,0,0.142857,0.539683
5.873016,19.968254,DRAM_3,20.000000,91.940002,1,0,0.158730,0.539683
6.460318,19.968254,DRAM_3,20.000000,93.550003,1,0,0.174603,0.539683
7.047619,19.968254,DRAM_3,20.000000,95.230003,1,0,0.190476,0.539683
7.634921,19.968254,DRAM_3,20.000000,97.120003,1,0,0.206349,0.539683
8.222222,19.968254,DRAM_3,20.000000,99.540001,1,0,0.222222,0.539683
8.809524,19.968254,DRAM_3,20.000000,103.400002,1,0,0.238095,0.539683
9.396826,19.968254,DRAM_3,20.000000,110.059998,1,0,0.253968,0.539683
9.984127,19.968254,DRAM_3,20.000000,113.940002,1,1,0.269841,0.539683
10.571428,19.968254,CPU2_3,150.000000,116.220001,1,1,0.285714,0.539683
11.158731,19.968254,CPU2_3,150.000000,117.800003,1,0,0.301587,0.539683
11.746032,19.968254,CPU2_3,150.000000,119.059998,1,0,0.317460,0.539683
12.333333,19.968254,CPU2_3,150.000000,120.129997,1,0,0.333333,0.539683
12.920635,19.968254,CPU2_3,150.000000,121.059998,1,0,0.349206,0.539683
13.507936,19.968254,CPU2_3,150.000000,121.879997,1,0,0.365079,0.539683
14.095238,19.968254,CPU2_3,150.000000,122.589996,1,0,0.380952,0.539683
14.682540,19.968254,CPU2_3,150.000000,123.209999,1,0,0.396825,0.539683
15.269841,19.968254,CPU2_3,150.000000,123.739998,1,0,0.412698,0.539683
15.857142,19.968254,CPU2_3,150.000000,124.190002,1,0,0.428571,0.539683
16.444445,19.968254,CPU2_3,150.000000,124.540001,1,0,0.444444,0.539683
17.031746,19.968254,CPU2_3,150.000000,124.820000,1,0,0.460317,0.539683
17.619047,19.968254,CPU2_3,150.000000,125.010002,1,0,0.476190,0.539683
18.206348,19.968254,CPU2_3,150.000000,125.110001,1,0,0.492063,0.539683
18.793652,19.968254,background,0.000000,125.139999,0,0,0.507937,0.539683
19.380953,19.968254,background,0.000000,125.080002,0,1,0.523810,0.539683
19.968254,19.968254,CPU2_4,150.000000,124.940002,1,0,0.539683,0.539683
20.555555,19.968254,CPU2_4,150.000000,124.709999,1,0,0.555556,0.539683
21.142857,19.968254,CPU2_4,150.000000,124.400002,1,0,0.571429,0.539683
21.730158,19.968254,CPU2_4,150.000000,124.010002,1,0,0.587302,0.539683
22.317461,19.968254,CPU2_4,150.000000,123.529999,1,0,0.603175,0.539683
22.904762,19.968254,CPU2_4,150.000000,122.949997,1,0,0.619048,0.539683
23.492064,19.968254,CPU2_4,150.000000,122.269997,1,0,0.634921,0.539683
24.079365,19.968254,CPU2_4,150.000000,121.459999,1,0,0.650794,0.539683
24.666666,19.968254,CPU2_4,150.000000,120.470001,1,0,0.666667,0.539683
25.253969,19.968254,CPU2_4,150.000000,119.209999,1,0,0.682540,0.539683
25.841270,19.968254,CPU2_4,150.000000,117.790001,1,0,0.698413,0.539683
26.428572,19.968254,CPU2_4,150.000000,116.389999,1,0,0.714286,0.539683
27.015873,19.968254,CPU2_4,150.000000,114.949997,1,0,0.730159,0.539683
27.603174,19.968254,background,0.000000,113.260002,0,1,0.746032,0.539683
28.190475,19.968254,DRAM_4,20.000000,111.220001,1,1,0.761905,0.539683
28.777779,19.968254,DRAM_4,20.000000,109.279999,1,0,0.777778,0.539683
29.365080,19.968254,DRAM_4,20.000000,107.599998,1,0,0.793651,0.539683
29.952381,19.968254,DRAM_4,20.000000,106.040001,1,0,0.809524,0.539683
30.539682,19.968254,DRAM_4,20.000000,104.510002,1,0,0.825397,0.539683
31.126984,19.968254,DRAM_4,20.000000,102.970001,1,0,0.841270,0.539683
31.714285,19.968254,DRAM_4,20.000000,101.389999,1,0,0.857143,0.539683
32.301586,19.968254,DRAM_4,20.000000,99.739998,1,0,0.873016,0.539683
32.888889,19.968254,DRAM_4,20.000000,97.959999,1,0,0.888889,0.539683
33.476189,19.968254,DRAM_4,20.000000,95.919998,1,0,0.904762,0.539683
34.063492,19.968254,DRAM_4,20.000000,93.190002,1,0,0.920635,0.539683
34.650795,19.968254,DRAM_4,20.000000,88.199997,1,0,0.936508,0.539683
35.238094,19.968254,DRAM_4,20.000000,83.820000,1,0,0.952381,0.539683
35.825397,19.968254,DRAM_4,20.000000,80.660004,1,0,0.968254,0.539683
36.412697,19.968254,DRAM_4,20.000000,78.629997,1,0,0.984127,0.539683
37.000000,19.968254,DRAM_4,20.000000,77.540001,1,1,1.000000,0.539683
0.000000,20.555555,background,0.000000,74.989998,0,0,0.000000,0.555556
0.587302,20.555555,background,0.000000,76.110001,0,0,0.015873,0.555556
1.174603,20.555555,DRAM_3,20.000000,77.459999,1,1,0.031746,0.555556
1.761905,20.555555,DRAM_3,20.000000,78.989998,1,0,0.047619,0.555556
2.349206,20.555555,DRAM_3,20.000000,80.610001,1,0,0.063492,0.555556
2.936508,20.555555,DRAM_3,20.000000,82.300003,1,0,0.079365,0.555556
3.523809,20.555555,DRAM_3,20.000000,83.980003,1,0,0.095238,0.555556
4.111111,20.555555,DRAM_3,20.000000,85.599998,1,0,0.111111,0.555556
4.698413,20.555555,DRAM_3,20.000000,87.199997,1,0,0.126984,0.555556
5.285714,20.555555,DRAM_3,20.000000,88.769997,1,0,0.142857,0.555556
5.873016,20.555555,DRAM_3,20.000000,90.349998,1,0,0.158730,0.555556
6.460318,20.555555,DRAM_3,20.000000,91.959999,1,0,0.174603,0.555556
7.047619,20.555555,DRAM_3,20.000000,93.669998,1,0,0.190476,0.555556
7.634921,20.555555,DRAM_3,20.000000,95.610001,1,0,0.206349,0.555556
8.222222,20.555555,DRAM_3,20.000000,98.150002,1,0,0.222222,0.555556
8.809524,20.555555,DRAM_3,20.000000,102.220001,1,0,0.238095,0.555556
9.396826,20.555555,DRAM_3,20.000000,109.209999,1,0,0.253968,0.555556
9.984127,20.555555,DRAM_3,20.000000,113.309998,1,1,0.269841,0.555556
10.571428,20.555555,CPU2_3,150.000000,115.709999,1,1,0.285714,0.555556
11.158731,20.555555,CPU2_3,150.000000,117.370003,1,1,0.301587,0.555556
11.746032,20.555555,CPU2_3,150.000000,118.680000,1,1,0.317460,0.555556
12.333333,20.555555,CPU2_3,150.000000,119.779999,1,1,0.333333,0.555556
12.920635,20.555555,CPU2_3,150.000000,120.730003,1,1,0.349206,0.555556
13.507936,20.555555,CPU2_3,150.000000,121.559998,1,1,0.365079,0.555556
14.095238,20.555555,CPU2_3,150.000000,122.290001,1,1,0.380952,0.555556
14.682540,20.555555,CPU2_3,150.000000,122.919998,1,1,0.396825,0.555556
15.269841,20.555555,CPU2_3,150.000000,123.459999,1,1,0.412698,0.555556
15.857142,20.555555,CPU2_3,150.000000,123.910004,1,1,0.428571,0.555556
16.444445,20.555555,CPU2_3,150.000000,124.279999,1,1,0.444444,0.555556
17.031746,20.555555,CPU2_3,150.000000,124.559998,1,1,0.460317,0.555556
17.619047,20.555555,CPU2_3,150.000000,124.760002,1,1,0.476190,0.555556
18.206348,20.555555,CPU2_3,150.000000,124.870003,1,1,0.492063,0.555556
18.793652,20.555555,background,0.000000,124.910004,0,0,0.507937,0.555556
19.380953,20.555555,background,0.000000,124.860001,0,1,0.523810,0.555556
19.968254,20.555555,CPU2_4,150.000000,124.730003,1,0,0.539683,0.555556
20.555555,20.555555,CPU2_4,150.000000,124.510002,1,0,0.555556,0.555556
21.142857,20.555555,CPU2_4,150.000000,124.220001,1,0,0.571429,0.555556
21.730158,20.555555,CPU2_4,150.000000,123.830002,1,0,0.587302,0.555556
22.317461,20.555555,CPU2_4,150.000000,123.370003,1,0,0.603175,0.555556
22.904762,20.555555,CPU2_4,150.000000,122.809998,1,0,0.619048,0.555556
23.492064,20.555555,CPU2_4,150.000000,122.160004,1,0,0.634921,0.555556
24.079365,20.555555,CPU2_4,150.000000,121.410004,1,0,0.650794,0.555556
24.666666,20.555555,CPU2_4,150.000000,120.529999,1,0,0.666667,0.555556
25.253969,20.555555,CPU2_4,150.000000,119.510002,1,0,0.682540,0.555556
25.841270,20.555555,CPU2_4,150.000000,118.389999,1,0,0.698413,0.555556
26.428572,20.555555,CPU2_4,150.000000,117.209999,1,0,0.714286,0.555556
27.015873,20.555555,CPU2_4,150.000000,115.949997,1,0,0.730159,0.555556
27.603174,20.555555,background,0.000000,114.580002,0,1,0.746032,0.555556
28.190475,20.555555,DRAM_4,20.000000,113.070000,1,1,0.761905,0.555556
28.777779,20.555555,DRAM_4,20.000000,111.540001,1,0,0.777778,0.555556
29.365080,20.555555,DRAM_4,20.000000,110.059998,1,0,0.793651,0.555556
29.952381,20.555555,DRAM_4,20.000000,108.589996,1,0,0.809524,0.555556
30.539682,20.555555,DRAM_4,20.000000,107.110001,1,0,0.825397,0.555556
31.126984,20.555555,DRAM_4,20.000000,105.599998,1,0,0.841270,0.555556
31.714285,20.555555,DRAM_4,20.000000,104.019997,1,0,0.857143,0.555556
32.301586,20.555555,DRAM_4,20.000000,102.360001,1,0,0.873016,0.555556
32.888889,20.555555,DRAM_4,20.000000,100.550003,1,0,0.888889,0.555556
33.476189,20.555555,DRAM_4,20.000000,98.430000,1,0,0.904762,0.555556
34.063492,20.555555,DRAM_4,20.000000,95.570000,1,0,0.920635,0.555556
34.650795,20.555555,DRAM_4,20.000000,90.309998,1,0,0.936508,0.555556
35.238094,20.555555,DRAM_4,20.000000,85.699997,1,0,0.952381,0.555556
35.825397,20.555555,DRAM_4,20.000000,82.089996,1,0,0.968254,0.555556
36.412697,20.555555,DRAM_4,20.000000,79.779999,1,0,0.984127,0.555556
37.000000,20.555555,DRAM_4,20.000000,78.610001,1,1,1.000000,0.555556
0.000000,21.142857,background,0.000000,74.690002,0,0,0.000000,0.571429
0.587302,21.142857,background,0.000000,75.779999,0,0,0.015873,0.571429
1.174603,21.142857,DRAM_3,20.000000,77.089996,1,1,0.031746,0.571429
1.761905,21.142857,DRAM_3,20.000000,78.529999,1,0,0.047619,0.571429
2.349206,21.142857,DRAM_3,20.000000,80.040001,1,0,0.063492,0.571429
2.936508,21.142857,DRAM_3,20.000000,81.589996,1,0,0.079365,0.571429
3.523809,21.142857,DRAM_3,20.000000,83.139999,1,0,0.095238,0.571429
4.111111,21.142857,DRAM_3,20.000000,84.690002,1,0,0.111111,0.571429
4.698413,21.142857,DRAM_3,20.000000,86.230003,1,0,0.126984,0.571429
5.285714,21.142857,DRAM_3,20.000000,87.769997,1,0,0.142857,0.571429
5.873016,21.142857,DRAM_3,20.000000,89.330002,1,0,0.158730,0.571429
6.460318,21.142857,DRAM_3,20.000000,90.930000,1,0,0.174603,0.571429
7.047619,21.142857,DRAM_3,20.000000,92.650002,1,0,0.190476,0.571429
7.634921,21.142857,DRAM_3,20.000000,94.620003,1,0,0.206349,0.571429
8.222222,21.142857,DRAM_3,20.000000,97.220001,1,0,0.222222,0.571429
8.809524,21.142857,DRAM_3,20.000000,101.389999,1,0,0.238095,0.571429
9.396826,21.142857,DRAM_3,20.000000,108.489998,1,0,0.253968,0.571429
9.984127,21.142857,DRAM_3,20.000000,112.690002,1,1,0.269841,0.571429
10.571428,21.142857,CPU2_3,150.000000,115.160004,1,1,0.285714,0.571429
11.158731,21.142857,CPU2_3,150.000000,116.870003,1,0,0.301587,0.571429
11.746032,21.142857,CPU2_3,150.000000,118.209999,1,0,0.317460,0.571429
12.333333,21.142857,CPU2_3,150.000000,119.330002,1,0,0.333333,0.571429
12.920635,21.142857,CPU2_3,150.000000,120.290001,1,0,0.349206,0.571429
13.507936,21.142857,CPU2_3,150.000000,121.139999,1,0,0.365079,0.571429
14.095238,21.142857,CPU2_3,150.000000,121.879997,1,0,0.380952,0.571429
14.682540,21.142857,CPU2_3,150.000000,122.519997,1,0,0.396825,0.571429
15.269841,21.142857,CPU2_3,150.000000,123.070000,1,0,0.412698,0.571429
15.857142,21.142857,CPU2_3,150.000000,123.529999,1,0,0.428571,0.571429
16.444445,21.142857,CPU2_3,150.000000,123.900002,1,0,0.444444,0.571429
17.031746,21.142857,CPU2_3,150.000000,124.190002,1,0,0.460317,0.571429
17.619047,21.142857,CPU2_3,150.000000,124.400002,1,0,0.476190,0.571429
18.206348,21.142857,CPU2_3,150.000000,124.519997,1,0,0.492063,0.571429
18.793652,21.142857,background,0.000000,124.559998,0,0,0.507937,0.571429
19.380953,21.142857,background,0.000000,124.519997,0,1,0.523810,0.571429
19.968254,21.142857,CPU2_4,150.000000,124.400002,1,0,0.539683,0.571429
20.555555,21.142857,CPU2_4,150.000000,124.199997,1,0,0.555556,0.571429
21.142857,21.142857,CPU2_4,150.000000,123.910004,1,0,0.571429,0.571429
21.730158,21.142857,CPU2_4,150.000000,123.550003,1,0,0.587302,0.571429
22.317461,21.142857,CPU2_4,150.000000,123.099998,1,0,0.603175,0.571429
22.904762,21.142857,CPU2_4,150.000000,122.559998,1,0,0.619048,0.571429
23.492064,21.142857,CPU2_4,150.000000,121.940002,1,0,0.634921,0.571429
24.079365,21.142857,CPU2_4,150.000000,121.230003,1,0,0.650794,0.571429
24.666666,21.142857,CPU2_4,150.000000,120.419998,1,0,0.666667,0.571429
25.253969,21.142857,CPU2_4,150.000000,119.510002,1,0,0.682540,0.571429
25.841270,21.142857,CPU2_4,150.000000,118.519997,1,0,0.698413,0.571429
26.428572,21.142857,CPU2_4,150.000000,117.449997,1,0,0.714286,0.571429
27.015873,21.142857,CPU2_4,150.000000,116.309998,1,0,0.730159,0.571429
27.603174,21.142857,background,0.000000,115.080002,0,1,0.746032,0.571429
28.190475,21.142857,DRAM_4,20.000000,113.790001,1,1,0.761905,0.571429
28.777779,21.142857,DRAM_4,20.000000,112.440002,1,0,0.777778,0.571429
29.365080,21.142857,DRAM_4,20.000000,111.070000,1,0,0.793651,0.571429
29.952381,21.142857,DRAM_4,20.000000,109.669998,1,0,0.809524,0.571429
30.539682,21.142857,DRAM_4,20.000000,108.230003,1,0,0.825397,0.571429
31.126984,21.142857,DRAM_4,20.000000,106.739998,1,0,0.841270,0.571429
31.714285,21.142857,DRAM_4,20.000000,105.169998,1,0,0.857143,0.571429
32.301586,21.142857,DRAM_4,20.000000,103.500000,1,0,0.873016,0.571429
32.888889,21.142857,DRAM_4,20.000000,101.660004,1,0,0.888889,0.571429
33.476189,21.142857,DRAM_4,20.000000,99.510002,1,0,0.904762,0.571429
34.063492,21.142857,DRAM_4,20.000000,96.589996,1,0,0.920635,0.571429
34.650795,21.142857,DRAM_4,20.000000,91.290001,1,0,0.936508,0.571429
35.238094,21.142857,DRAM_4,20.000000,86.739998,1,0,0.952381,0.571429
35.825397,21.142857,DRAM_4,20.000000,83.019997,1,0,0.968254,0.571429
36.412697,21.142857,DRAM_4,20.000000,80.589996,1,0,0.984127,0.571429
37.000000,21.142857,DRAM_4,20.000000,79.360001,1,1,1.000000,0.571429
0.000000,21.730158,background,0.000000,74.360001,0,0,0.000000,0.587302
0.587302,21.730158,background,0.000000,75.430000,0,0,0.015873,0.587302
1.174603,21.730158,DRAM_3,20.000000,76.699997,1,1,0.031746,0.587302
1.761905,21.730158,DRAM_3,20.000000,78.080002,1,0,0.047619,0.587302
2.349206,21.730158,DRAM_3,20.000000,79.519997,1,0,0.063492,0.587302
2.936508,21.730158,DRAM_3,20.000000,81.000000,1,0,0.079365,0.587302
3.523809,21.730158,DRAM_3,20.000000,82.480003,1,0,0.095238,0.587302
4.111111,21.730158,DRAM_3,20.000000,83.970001,1,0,0.111111,0.587302
4.698413,21.730158,DRAM_3,20.000000,85.470001,1,0,0.126984,0.587302
5.285714,21.730158,DRAM_3,20.000000,86.980003,1,0,0.142857,0.587302
5.873016,21.730158,DRAM_3,20.000000,88.519997,1,0,0.158730,0.587302
6.460318,21.730158,DRAM_3,20.000000,90.120003,1,0,0.174603,0.587302
7.047619,21.730158,DRAM_3,20.000000,91.839996,1,0,0.190476,0.587302
7.634921,21.730158,DRAM_3,20.000000,93.820000,1,0,0.206349,0.587302
8.222222,21.730158,DRAM_3,20.000000,96.449997,1,0,0.222222,0.587302
8.809524,21.730158,DRAM_3,20.000000,100.650002,1,0,0.238095,0.587302
9.396826,21.730158,DRAM_3,20.000000,107.809998,1,0,0.253968,0.587302
9.984127,21.730158,DRAM_3,20.000000,112.050003,1,1,0.269841,0.587302
10.571428,21.730158,CPU2_3,150.000000,114.559998,1,1,0.285714,0.587302
11.158731,21.730158,CPU2_3,150.000000,116.290001,1,0,0.301587,0.587302
11.746032,21.730158,CPU2_3,150.000000,117.650002,1,0,0.317460,0.587302
12.333333,21.730158,CPU2_3,150.000000,118.779999,1,0,0.333333,0.587302
12.920635,21.730158,CPU2_3,150.000000,119.760002,1,0,0.349206,0.587302
13.507936,21.730158,CPU2_3,150.000000,120.620003,1,0,0.365079,0.587302
14.095238,21.730158,CPU2_3,150.000000,121.370003,1,0,0.380952,0.587302
14.682540,21.730158,CPU2_3,150.000000,122.019997,1,0,0.396825,0.587302
15.269841,21.730158,CPU2_3,150.000000,122.570000,1,0,0.412698,0.587302
15.857142,21.730158,CPU2_3,150.000000,123.040001,1,0,0.428571,0.587302
16.444445,21.730158,CPU2_3,150.000000,123.419998,1,0,0.444444,0.587302
17.031746,21.730158,CPU2_3,150.000000,123.709999,1,0,0.460317,0.587302
17.619047,21.730158,CPU2_3,150.000000,123.919998,1,0,0.476190,0.587302
18.206348,21.730158,CPU2_3,150.000000,124.050003,1,0,0.492063,0.587302
18.793652,21.730158,background,0.000000,124.099998,0,0,0.507937,0.587302
19.380953,21.730158,background,0.000000,124.070000,0,1,0.523810,0.587302
19.968254,21.730158,CPU2_4,150.000000,123.959999,1,0,0.539683,0.587302
20.555555,21.730158,CPU2_4,150.000000,123.769997,1,0,0.555556,0.587302
21.142857,21.730158,CPU2_4,150.000000,123.500000,1,0,0.571429,0.587302
21.730158,21.730158,CPU2_4,150.000000,123.150002,1,0,0.587302,0.587302
22.317461,21.730158,CPU2_4,150.000000,122.709999,1,0,0.603175,0.587302
22.904762,21.730158,CPU2_4,150.000000,122.199997,1,0,0.619048,0.587302
23.492064,21.730158,CPU2_4,150.000000,121.599998,1,0,0.634921,0.587302
24.079365,21.730158,CPU2_4,150.000000,120.919998,1,0,0.650794,0.587302
24.666666,21.730158,CPU2_4,150.000000,120.160004,1,0,0.666667,0.587302
25.253969,21.730158,CPU2_4,150.000000,119.309998,1,0,0.682540,0.587302
25.841270,21.730158,CPU2_4,150.000000,118.389999,1,0,0.698413,0.587302
26.428572,21.730158,CPU2_4,150.000000,117.389999,1,0,0.714286,0.587302
27.015873,21.730158,CPU2_4,150.000000,116.320000,1,0,0.730159,0.587302
27.603174,21.730158,background,0.000000,115.180000,0,1,0.746032,0.587302
28.190475,21.730158,DRAM_4,20.000000,113.980003,1,1,0.761905,0.587302
28.777779,21.730158,DRAM_4,20.000000,112.720001,1,0,0.777778,0.587302
29.365080,21.730158,DRAM_4,20.000000,111.419998,1,0,0.793651,0.587302
29.952381,21.730158,DRAM_4,20.000000,110.070000,1,0,0.809524,0.587302
30.539682,21.730158,DRAM_4,20.000000,108.660004,1,0,0.825397,0.587302
31.126984,21.730158,DRAM_4,20.000000,107.190002,1,0,0.841270,0.587302
31.714285,21.730158,DRAM_4,20.000000,105.629997,1,0,0.857143,0.587302
32.301586,21.730158,DRAM_4,20.000000,103.970001,1,0,0.873016,0.587302
32.888889,21.730158,DRAM_4,20.000000,102.120003,1,0,0.888889,0.587302
33.476189,21.730158,DRAM_4,20.000000,99.940002,1,0,0.904762,0.587302
34.063492,21.730158,DRAM_4,20.000000,97.000000,1,0,0.920635,0.587302
34.650795,21.730158,DRAM_4,20.000000,91.699997,1,0,0.936508,0.587302
35.238094,21.730158,DRAM_4,20.000000,87.250000,1,0,0.952381,0.587302
35.825397,21.730158,DRAM_4,20.000000,83.529999,1,0,0.968254,0.587302
36.412697,21.730158,DRAM_4,20.000000,81.070000,1,0,0.984127,0.587302
37.000000,21.730158,DRAM_4,20.000000,79.820000,1,1,1.000000,0.587302
0.000000,22.317461,background,0.000000,74.000000,0,0,0.000000,0.603175
0.587302,22.317461,background,0.000000,75.050003,0,0,0.015873,0.603175
1.174603,22.317461,DRAM_3,20.000000,76.279999,1,1,0.031746,0.603175
1.761905,22.317461,DRAM_3,20.000000,77.629997,1,0,0.047619,0.603175
2.349206,22.317461,DRAM_3,20.000000,79.019997,1,0,0.063492,0.603175
2.936508,22.317461,DRAM_3,20.000000,80.440002,1,0,0.079365,0.603175
3.523809,22.317461,DRAM_3,20.000000,81.879997,1,0,0.095238,0.603175
4.111111,22.317461,DRAM_3,20.000000,83.330002,1,0,0.111111,0.603175
4.698413,22.317461,DRAM_3,20.000000,84.790001,1,0,0.126984,0.603175
5.285714,22.317461,DRAM_3,20.000000,86.269997,1,0,0.142857,0.603175
5.873016,22.317461,DRAM_3,20.000000,87.790001,1,0,0.158730,0.603175
6.460318,22.317461,DRAM_3,20.000000,89.379997,1,0,0.174603,0.603175
7.047619,22.317461,DRAM_3,20.000000,91.089996,1,0,0.190476,0.603175
7.634921,22.317461,DRAM_3,20.000000,93.080002,1,0,0.206349,0.603175
8.222222,22.317461,DRAM_3,20.000000,95.709999,1,0,0.222222,0.603175
8.809524,22.317461,DRAM_3,20.000000,99.930000,1,0,0.238095,0.603175
9.396826,22.317461,DRAM_3,20.000000,107.099998,1,0,0.253968,0.603175
9.984127,22.317461,DRAM_3,20.000000,111.370003,1,1,0.269841,0.603175
10.571428,22.317461,CPU2_3,150.000000,113.889999,1,1,0.285714,0.603175
11.158731,22.317461,CPU2_3,150.000000,115.639999,1,0,0.301587,0.603175
11.746032,22.317461,CPU2_3,150.000000,117.000000,1,0,0.317460,0.603175
12.333333,22.317461,CPU2_3,150.000000,118.150002,1,0,0.333333,0.603175
12.920635,22.317461,CPU2_3,150.000000,119.129997,1,0,0.349206,0.603175
13.507936,22.317461,CPU2_3,150.000000,119.989998,1,0,0.365079,0.603175
14.095238,22.317461,CPU2_3,150.000000,120.750000,1,0,0.380952,0.603175
14.682540,22.317461,CPU2_3,150.000000,121.400002,1,0,0.396825,0.603175
15.269841,22.317461,CPU2_3,150.000000,121.959999,1,0,0.412698,0.603175
15.857142,22.317461,CPU2_3,150.000000,122.430000,1,0,0.428571,0.603175
16.444445,22.317461,CPU2_3,150.000000,122.820000,1,0,0.444444,0.603175
17.031746,22.317461,CPU2_3,150.000000,123.120003,1,0,0.460317,0.603175
17.619047,22.317461,CPU2_3,150.000000,123.330002,1,0,0.476190,0.603175
18.206348,22.317461,CPU2_3,150.000000,123.470001,1,0,0.492063,0.603175
18.793652,22.317461,background,0.000000,123.529999,0,0,0.507937,0.603175
19.380953,22.317461,background,0.000000,123.500000,0,1,0.523810,0.603175
19.968254,22.317461,CPU2_4,150.000000,123.400002,1,0,0.539683,0.603175
20.555555,22.317461,CPU2_4,150.000000,123.220001,1,0,0.555556,0.603175
21.142857,22.317461,CPU2_4,150.000000,122.959999,1,0,0.571429,0.603175
21.730158,22.317461,CPU2_4,150.000000,122.620003,1,0,0.587302,0.603175
22.317461,22.317461,CPU2_4,150.000000,122.209999,1,0,0.603175,0.603175
22.904762,22.317461,CPU2_4,150.000000,121.709999,1,0,0.619048,0.603175
23.492064,22.317461,CPU2_4,150.000000,121.139999,1,0,0.634921,0.603175
24.079365,22.317461,CPU2_4,150.000000,120.489998,1,0,0.650794,0.603175
24.666666,22.317461,CPU2_4,150.000000,119.760002,1,0,0.666667,0.603175
25.253969,22.317461,CPU2_4,150.000000,118.949997,1,0,0.682540,0.603175
25.841270,22.317461,CPU2_4,150.000000,118.080002,1,0,0.698413,0.603175
26.428572,22.317461,CPU2_4,150.000000,117.129997,1,0,0.714286,0.603175
27.015873,22.317461,CPU2_4,150.000000,116.110001,1,0,0.730159,0.603175
27.603174,22.317461,background,0.000000,115.029999,0,1,0.746032,0.603175
28.190475,22.317461,DRAM_4,20.000000,113.879997,1,1,0.761905,0.603175
28.777779,22.317461,DRAM_4,20.000000,112.680000,1,0,0.777778,0.603175
29.365080,22.317461,DRAM_4,20.000000,111.419998,1,0,0.793651,0.603175
29.952381,22.317461,DRAM_4,20.000000,110.099998,1,0,0.809524,0.603175
30.539682,22.317461,DRAM_4,20.000000,108.730003,1,0,0.825397,0.603175
31.126984,22.317461,DRAM_4,20.000000,107.279999,1,0,0.841270,0.603175
31.714285,22.317461,DRAM_4,20.000000,105.739998,1,0,0.857143,0.603175
32.301586,22.317461,DRAM_4,20.000000,104.080002,1,0,0.873016,0.603175
32.888889,22.317461,DRAM_4,20.000000,102.230003,1,0,0.888889,0.603175
33.476189,22.317461,DRAM_4,20.000000,100.050003,1,0,0.904762,0.603175
34.063492,22.317461,DRAM_4,20.000000,97.099998,1,0,0.920635,0.603175
34.650795,22.317461,DRAM_4,20.000000,91.820000,1,0,0.936508,0.603175
35.238094,22.317461,DRAM_4,20.000000,87.440002,1,0,0.952381,0.603175
35.825397,22.317461,DRAM_4,20.000000,83.750000,1,0,0.968254,0.603175
36.412697,22.317461,DRAM_4,20.000000,81.290001,1,0,0.984127,0.603175
37.000000,22.317461,DRAM_4,20.000000,80.029999,1,1,1.000000,0.603175
0.000000,22.904762,background,0.000000,73.610001,0,0,0.000000,0.619048
0.587302,22.904762,background,0.000000,74.639999,0,0,0.015873,0.619048
1.174603,22.904762,DRAM_3,20.000000,75.849998,1,1,0.031746,0.619048
1.761905,22.904762,DRAM_3,20.000000,77.160004,1,0,0.047619,0.619048
2.349206,22.904762,DRAM_3,20.000000,78.519997,1,0,0.063492,0.619048
2.936508,22.904762,DRAM_3,20.000000,79.900002,1,0,0.079365,0.619048
3.523809,22.904762,DRAM_3,20.000000,81.290001,1,0,0.095238,0.619048
4.111111,22.904762,DRAM_3,20.000000,82.699997,1,0,0.111111,0.619048
4.698413,22.904762,DRAM_3,20.000000,84.129997,1,0,0.126984,0.619048
5.285714,22.904762,DRAM_3,20.000000,85.589996,1,0,0.142857,0.619048
5.873016,22.904762,DRAM_3,20.000000,87.089996,1,0,0.158730,0.619048
6.460318,22.904762,DRAM_3,20.000000,88.650002,1,0,0.174603,0.619048
7.047619,22.904762,DRAM_3,20.000000,90.349998,1,0,0.190476,0.619048
7.634921,22.904762,DRAM_3,20.000000,92.330002,1,0,0.206349,0.619048
8.222222,22.904762,DRAM_3,20.000000,94.959999,1,0,0.222222,0.619048
8.809524,22.904762,DRAM_3,20.000000,99.180000,1,0,0.238095,0.619048
9.396826,22.904762,DRAM_3,20.000000,106.360001,1,0,0.253968,0.619048
9.984127,22.904762,DRAM_3,20.000000,110.620003,1,1,0.269841,0.619048
10.571428,22.904762,CPU2_3,150.000000,113.150002,1,1,0.285714,0.619048
11.158731,22.904762,CPU2_3,150.000000,114.900002,1,0,0.301587,0.619048
11.746032,22.904762,CPU2_3,150.000000,116.269997,1,0,0.317460,0.619048
12.333333,22.904762,CPU2_3,150.000000,117.419998,1,0,0.333333,0.619048
12.920635,22.904762,CPU2_3,150.000000,118.400002,1,0,0.349206,0.619048
13.507936,22.904762,CPU2_3,150.000000,119.269997,1,0,0.365079,0.619048
14.095238,22.904762,CPU2_3,150.000000,120.019997,1,0,0.380952,0.619048
14.682540,22.904762,CPU2_3,150.000000,120.669998,1,0,0.396825,0.619048
15.269841,22.904762,CPU2_3,150.000000,121.239998,1,0,0.412698,0.619048
15.857142,22.904762,CPU2_3,150.000000,121.709999,1,0,0.428571,0.619048
16.444445,22.904762,CPU2_3,150.000000,122.099998,1,0,0.444444,0.619048
17.031746,22.904762,CPU2_3,150.000000,122.400002,1,0,0.460317,0.619048
17.619047,22.904762,CPU2_3,150.000000,122.620003,1,0,0.476190,0.619048
18.206348,22.904762,CPU2_3,150.000000,122.769997,1,0,0.492063,0.619048
18.793652,22.904762,background,0.000000,122.830002,0,0,0.507937,0.619048
19.380953,22.904762,background,0.000000,122.809998,0,1,0.523810,0.619048
19.968254,22.904762,CPU2_4,150.000000,122.720001,1,0,0.539683,0.619048
20.555555,22.904762,CPU2_4,150.000000,122.550003,1,0,0.555556,0.619048
21.142857,22.904762,CPU2_4,150.000000,122.300003,1,0,0.571429,0.619048
21.730158,22.904762,CPU2_4,150.000000,121.980003,1,0,0.587302,0.619048
22.317461,22.904762,CPU2_4,150.000000,121.580002,1,0,0.603175,0.619048
22.904762,22.904762,CPU2_4,150.000000,121.099998,1,0,0.619048,0.619048
23.492064,22.904762,CPU2_4,150.000000,120.550003,1,0,0.634921,0.619048
24.079365,22.904762,CPU2_4,150.000000,119.919998,1,0,0.650794,0.619048
24.666666,22.904762,CPU2_4,150.000000,119.220001,1,0,0.666667,0.619048
25.253969,22.904762,CPU2_4,150.000000,118.449997,1,0,0.682540,0.619048
25.841270,22.904762,CPU2_4,150.000000,117.610001,1,0,0.698413,0.619048
26.428572,22.904762,CPU2_4,150.000000,116.690002,1,0,0.714286,0.619048
27.015873,22.904762,CPU2_4,150.000000,115.720001,1,0,0.730159,0.619048
27.603174,22.904762,background,0.000000,114.669998,0,1,0.746032,0.619048
28.190475,22.904762,DRAM_4,20.000000,113.570000,1,1,0.761905,0.619048
28.777779,22.904762,DRAM_4,20.000000,112.410004,1,0,0.777778,0.619048
29.365080,22.904762,DRAM_4,20.000000,111.190002,1,0,0.793651,0.619048
29.952381,22.904762,DRAM_4,20.000000,109.900002,1,0,0.809524,0.619048
30.539682,22.904762,DRAM_4,20.000000,108.550003,1,0,0.825397,0.619048
31.126984,22.904762,DRAM_4,20.000000,107.129997,1,0,0.841270,0.619048
31.714285,22.904762,DRAM_4,20.000000,105.610001,1,0,0.857143,0.619048
32.301586,22.904762,DRAM_4,20.000000,103.959999,1,0,0.873016,0.619048
32.888889,22.904762,DRAM_4,20.000000,102.120003,1,0,0.888889,0.619048
33.476189,22.904762,DRAM_4,20.000000,99.949997,1,0,0.904762,0.619048
34.063492,22.904762,DRAM_4,20.000000,97.010002,1,0,0.920635,0.619048
34.650795,22.904762,DRAM_4,20.000000,91.739998,1,0,0.936508,0.619048
35.238094,22.904762,DRAM_4,20.000000,87.410004,1,0,0.952381,0.619048
35.825397,22.904762,DRAM_4,20.000000,83.750000,1,0,0.968254,0.619048
36.412697,22.904762,DRAM_4,20.000000,81.309998,1,0,0.984127,0.619048
37.000000,22.904762,DRAM_4,20.000000,80.059998,1,1,1.000000,0.619048
0.000000,23.492064,background,0.000000,73.209999,0,0,0.000000,0.634921
0.587302,23.492064,background,0.000000,74.220001,0,0,0.015873,0.634921
1.174603,23.492064,DRAM_3,20.000000,75.400002,1,1,0.031746,0.634921
1.761905,23.492064,DRAM_3,20.000000,76.680000,1,0,0.047619,0.634921
2.349206,23.492064,DRAM_3,20.000000,77.989998,1,0,0.063492,0.634921
2.936508,23.492064,DRAM_3,20.000000,79.339996,1,0,0.079365,0.634921
3.523809,23.492064,DRAM_3,20.000000,80.699997,1,0,0.095238,0.634921
4.111111,23.492064,DRAM_3,20.000000,82.080002,1,0,0.111111,0.634921
4.698413,23.492064,DRAM_3,20.000000,83.480003,1,0,0.126984,0.634921
5.285714,23.492064,DRAM_3,20.000000,84.900002,1,0,0.142857,0.634921
5.873016,23.492064,DRAM_3,20.000000,86.370003,1,0,0.158730,0.634921
6.460318,23.492064,DRAM_3,20.000000,87.919998,1,0,0.174603,0.634921
7.047619,23.492064,DRAM_3,20.000000,89.599998,1,0,0.190476,0.634921
7.634921,23.492064,DRAM_3,20.000000,91.559998,1,0,0.206349,0.634921
8.222222,23.492064,DRAM_3,20.000000,94.180000,1,0,0.222222,0.634921
8.809524,23.492064,DRAM_3,20.000000,98.379997,1,0,0.238095,0.634921
9.396826,23.492064,DRAM_3,20.000000,105.550003,1,0,0.253968,0.634921
9.984127,23.492064,DRAM_3,20.000000,109.809998,1,1,0.269841,0.634921
10.571428,23.492064,CPU2_3,150.000000,112.339996,1,1,0.285714,0.634921
11.158731,23.492064,CPU2_3,150.000000,114.080002,1,0,0.301587,0.634921
11.746032,23.492064,CPU2_3,150.000000,115.440002,1,0,0.317460,0.634921
12.333333,23.492064,CPU2_3,150.000000,116.589996,1,0,0.333333,0.634921
12.920635,23.492064,CPU2_3,150.000000,117.570000,1,0,0.349206,0.634921
13.507936,23.492064,CPU2_3,150.000000,118.430000,1,0,0.365079,0.634921
14.095238,23.492064,CPU2_3,150.000000,119.180000,1,0,0.380952,0.634921
14.682540,23.492064,CPU2_3,150.000000,119.839996,1,0,0.396825,0.634921
15.269841,23.492064,CPU2_3,150.000000,120.400002,1,0,0.412698,0.634921
15.857142,23.492064,CPU2_3,150.000000,120.870003,1,0,0.428571,0.634921
16.444445,23.492064,CPU2_3,150.000000,121.260002,1,0,0.444444,0.634921
17.031746,23.492064,CPU2_3,150.000000,121.570000,1,0,0.460317,0.634921
17.619047,23.492064,CPU2_3,150.000000,121.790001,1,0,0.476190,0.634921
18.206348,23.492064,CPU2_3,150.000000,121.940002,1,0,0.492063,0.634921
18.793652,23.492064,background,0.000000,122.010002,0,0,0.507937,0.634921
19.380953,23.492064,background,0.000000,122.000000,0,1,0.523810,0.634921
19.968254,23.492064,CPU2_4,150.000000,121.919998,1,0,0.539683,0.634921
20.555555,23.492064,CPU2_4,150.000000,121.760002,1,0,0.555556,0.634921
21.142857,23.492064,CPU2_4,150.000000,121.519997,1,0,0.571429,0.634921
21.730158,23.492064,CPU2_4,150.000000,121.209999,1,0,0.587302,0.634921
22.317461,23.492064,CPU2_4,150.000000,120.820000,1,0,0.603175,0.634921
22.904762,23.492064,CPU2_4,150.000000,120.360001,1,0,0.619048,0.634921
23.492064,23.492064,CPU2_4,150.000000,119.830002,1,0,0.634921,0.634921
24.079365,23.492064,CPU2_4,150.000000,119.230003,1,0,0.650794,0.634921
24.666666,23.492064,CPU2_4,150.000000,118.550003,1,0,0.666667,0.634921
25.253969,23.492064,CPU2_4,150.000000,117.800003,1,0,0.682540,0.634921
25.841270,23.492064,CPU2_4,150.000000,116.989998,1,0,0.698413,0.634921
26.428572,23.492064,CPU2_4,150.000000,116.099998,1,0,0.714286,0.634921
27.015873,23.492064,CPU2_4,150.000000,115.160004,1,0,0.730159,0.634921
27.603174,23.492064,background,0.000000,114.150002,0,1,0.746032,0.634921
28.190475,23.492064,DRAM_4,20.000000,113.080002,1,1,0.761905,0.634921
28.777779,23.492064,DRAM_4,20.000000,111.959999,1,0,0.777778,0.634921
29.365080,23.492064,DRAM_4,20.000000,110.769997,1,0,0.793651,0.634921
29.952381,23.492064,DRAM_4,20.000000,109.510002,1,0,0.809524,0.634921
30.539682,23.492064,DRAM_4,20.000000,108.190002,1,0,0.825397,0.634921
31.126984,23.492064,DRAM_4,20.000000,106.790001,1,0,0.841270,0.634921
31.714285,23.492064,DRAM_4,20.000000,105.300003,1,0,0.857143,0.634921
32.301586,23.492064,DRAM_4,20.000000,103.669998,1,0,0.873016,0.634921
32.888889,23.492064,DRAM_4,20.000000,101.849998,1,0,0.888889,0.634921
33.476189,23.492064,DRAM_4,20.000000,99.690002,1,0,0.904762,0.634921
34.063492,23.492064,DRAM_4,20.000000,96.760002,1,0,0.920635,0.634921
34.650795,23.492064,DRAM_4,20.000000,91.519997,1,0,0.936508,0.634921
35.238094,23.492064,DRAM_4,20.000000,87.220001,1,0,0.952381,0.634921
35.825397,23.492064,DRAM_4,20.000000,83.589996,1,0,0.968254,0.634921
36.412697,23.492064,DRAM_4,20.000000,81.160004,1,0,0.984127,0.634921
37.000000,23.492064,DRAM_4,20.000000,79.919998,1,1,1.000000,0.634921
0.000000,24.079365,background,0.000000,72.779999,0,0,0.000000,0.650794
0.587302,24.079365,background,0.000000,73.769997,0,0,0.015873,0.650794
1.174603,24.079365,DRAM_3,20.000000,74.930000,1,1,0.031746,0.650794
1.761905,24.079365,DRAM_3,20.000000,76.169998,1,0,0.047619,0.650794
2.349206,24.079365,DRAM_3,20.000000,77.449997,1,0,0.063492,0.650794
2.936508,24.079365,DRAM_3,20.000000,78.760002,1,0,0.079365,0.650794
3.523809,24.079365,DRAM_3,20.000000,80.089996,1,0,0.095238,0.650794
4.111111,24.079365,DRAM_3,20.000000,81.430000,1,0,0.111111,0.650794
4.698413,24.079365,DRAM_3,20.000000,82.800003,1,0,0.126984,0.650794
5.285714,24.079365,DRAM_3,20.000000,84.199997,1,0,0.142857,0.650794
5.873016,24.079365,DRAM_3,20.000000,85.639999,1,0,0.158730,0.650794
6.460318,24.079365,DRAM_3,20.000000,87.160004,1,0,0.174603,0.650794
7.047619,24.079365,DRAM_3,20.000000,88.809998,1,0,0.190476,0.650794
7.634921,24.079365,DRAM_3,20.000000,90.750000,1,0,0.206349,0.650794
8.222222,24.079365,DRAM_3,20.000000,93.349998,1,0,0.222222,0.650794
8.809524,24.079365,DRAM_3,20.000000,97.529999,1,0,0.238095,0.650794
9.396826,24.079365,DRAM_3,20.000000,104.680000,1,0,0.253968,0.650794
9.984127,24.079365,DRAM_3,20.000000,108.930000,1,1,0.269841,0.650794
10.571428,24.079365,CPU2_3,150.000000,111.440002,1,1,0.285714,0.650794
11.158731,24.079365,CPU2_3,150.000000,113.169998,1,0,0.301587,0.650794
11.746032,24.079365,CPU2_3,150.000000,114.519997,1,0,0.317460,0.650794
12.333333,24.079365,CPU2_3,150.000000,115.650002,1,0,0.333333,0.650794
12.920635,24.079365,CPU2_3,150.000000,116.629997,1,0,0.349206,0.650794
13.507936,24.079365,CPU2_3,150.000000,117.480003,1,0,0.365079,0.650794
14.095238,24.079365,CPU2_3,150.000000,118.230003,1,0,0.380952,0.650794
14.682540,24.079365,CPU2_3,150.000000,118.879997,1,0,0.396825,0.650794
15.269841,24.079365,CPU2_3,150.000000,119.440002,1,0,0.412698,0.650794
15.857142,24.079365,CPU2_3,150.000000,119.910004,1,0,0.428571,0.650794
16.444445,24.079365,CPU2_3,150.000000,120.300003,1,0,0.444444,0.650794
17.031746,24.079365,CPU2_3,150.000000,120.610001,1,0,0.460317,0.650794
17.619047,24.079365,CPU2_3,150.000000,120.830002,1,0,0.476190,0.650794
18.206348,24.079365,CPU2_3,150.000000,120.980003,1,0,0.492063,0.650794
18.793652,24.079365,background,0.000000,121.059998,0,0,0.507937,0.650794
19.380953,24.079365,background,0.000000,121.059998,0,1,0.523810,0.650794
19.968254,24.079365,CPU2_4,150.000000,120.980003,1,0,0.539683,0.650794
20.555555,24.079365,CPU2_4,150.000000,120.830002,1,0,0.555556,0.650794
21.142857,24.079365,CPU2_4,150.000000,120.599998,1,0,0.571429,0.650794
21.730158,24.079365,CPU2_4,150.000000,120.300003,1,0,0.587302,0.650794
22.317461,24.079365,CPU2_4,150.000000,119.930000,1,0,0.603175,0.650794
22.904762,24.079365,CPU2_4,150.000000,119.489998,1,0,0.619048,0.650794
23.492064,24.079365,CPU2_4,150.000000,118.970001,1,0,0.634921,0.650794
24.079365,24.079365,CPU2_4,150.000000,118.389999,1,0,0.650794,0.650794
24.666666,24.079365,CPU2_4,150.000000,117.730003,1,0,0.666667,0.650794
25.253969,24.079365,CPU2_4,150.000000,117.000000,1,0,0.682540,0.650794
25.841270,24.079365,CPU2_4,150.000000,116.209999,1,0,0.698413,0.650794
26.428572,24.079365,CPU2_4,150.000000,115.360001,1,0,0.714286,0.650794
27.015873,24.079365,CPU2_4,150.000000,114.440002,1,0,0.730159,0.650794
27.603174,24.079365,background,0.000000,113.459999,0,1,0.746032,0.650794
28.190475,24.079365,DRAM_4,20.000000,112.419998,1,1,0.761905,0.650794
28.777779,24.079365,DRAM_4,20.000000,111.330002,1,0,0.777778,0.650794
29.365080,24.079365,DRAM_4,20.000000,110.169998,1,0,0.793651,0.650794
29.952381,24.079365,DRAM_4,20.000000,108.949997,1,0,0.809524,0.650794
30.539682,24.079365,DRAM_4,20.000000,107.650002,1,0,0.825397,0.650794
31.126984,24.079365,DRAM_4,20.000000,106.279999,1,0,0.841270,0.650794
31.714285,24.079365,DRAM_4,20.000000,104.809998,1,0,0.857143,0.650794
32.301586,24.079365,DRAM_4,20.000000,103.209999,1,0,0.873016,0.650794
32.888889,24.079365,DRAM_4,20.000000,101.419998,1,0,0.888889,0.650794
33.476189,24.079365,DRAM_4,20.000000,99.279999,1,0,0.904762,0.650794
34.063492,24.079365,DRAM_4,20.000000,96.379997,1,0,0.920635,0.650794
34.650795,24.079365,DRAM_4,20.000000,91.150002,1,0,0.936508,0.650794
35.238094,24.079365,DRAM_4,20.000000,86.879997,1,0,0.952381,0.650794
35.825397,24.079365,DRAM_4,20.000000,83.279999,1,0,0.968254,0.650794
36.412697,24.079365,DRAM_4,20.000000,80.870003,1,0,0.984127,0.650794
37.000000,24.079365,DRAM_4,20.000000,79.639999,1,1,1.000000,0.650794
0.000000,24.666666,background,0.000000,72.330002,0,0,0.000000,0.666667
0.587302,24.666666,background,0.000000,73.300003,0,0,0.015873,0.666667
1.174603,24.666666,DRAM_3,20.000000,74.430000,1,1,0.031746,0.666667
1.761905,24.666666,DRAM_3,20.000000,75.639999,1,0,0.047619,0.666667
2.349206,24.666666,DRAM_3,20.000000,76.889999,1,0,0.063492,0.666667
2.936508,24.666666,DRAM_3,20.000000,78.169998,1,0,0.079365,0.666667
3.523809,24.666666,DRAM_3,20.000000,79.459999,1,0,0.095238,0.666667
4.111111,24.666666,DRAM_3,20.000000,80.769997,1,0,0.111111,0.666667
4.698413,24.666666,DRAM_3,20.000000,82.099998,1,0,0.126984,0.666667
5.285714,24.666666,DRAM_3,20.000000,83.470001,1,0,0.142857,0.666667
5.873016,24.666666,DRAM_3,20.000000,84.879997,1,0,0.158730,0.666667
6.460318,24.666666,DRAM_3,20.000000,86.360001,1,0,0.174603,0.666667
7.047619,24.666666,DRAM_3,20.000000,87.989998,1,0,0.190476,0.666667
7.634921,24.666666,DRAM_3,20.000000,89.889999,1,0,0.206349,0.666667
8.222222,24.666666,DRAM_3,20.000000,92.459999,1,0,0.222222,0.666667
8.809524,24.666666,DRAM_3,20.000000,96.620003,1,0,0.238095,0.666667
9.396826,24.666666,DRAM_3,20.000000,103.739998,1,0,0.253968,0.666667
9.984127,24.666666,DRAM_3,20.000000,107.959999,1,1,0.269841,0.666667
10.571428,24.666666,CPU2_3,150.000000,110.440002,1,1,0.285714,0.666667
11.158731,24.666666,CPU2_3,150.000000,112.150002,1,0,0.301587,0.666667
11.746032,24.666666,CPU2_3,150.000000,113.480003,1,0,0.317460,0.666667
12.333333,24.666666,CPU2_3,150.000000,114.599998,1,0,0.333333,0.666667
12.920635,24.666666,CPU2_3,150.000000,115.559998,1,0,0.349206,0.666667
13.507936,24.666666,CPU2_3,150.000000,116.410004,1,0,0.365079,0.666667
14.095238,24.666666,CPU2_3,150.000000,117.139999,1,0,0.380952,0.666667
14.682540,24.666666,CPU2_3,150.000000,117.790001,1,0,0.396825,0.666667
15.269841,24.666666,CPU2_3,150.000000,118.339996,1,0,0.412698,0.666667
15.857142,24.666666,CPU2_3,150.000000,118.809998,1,0,0.428571,0.666667
16.444445,24.666666,CPU2_3,150.000000,119.199997,1,0,0.444444,0.666667
17.031746,24.666666,CPU2_3,150.000000,119.510002,1,0,0.460317,0.666667
17.619047,24.666666,CPU2_3,150.000000,119.739998,1,0,0.476190,0.666667
18.206348,24.666666,CPU2_3,150.000000,119.889999,1,0,0.492063,0.666667
18.793652,24.666666,background,0.000000,119.970001,0,0,0.507937,0.666667
19.380953,24.666666,background,0.000000,119.970001,0,1,0.523810,0.666667
19.968254,24.666666,CPU2_4,150.000000,119.900002,1,0,0.539683,0.666667
20.555555,24.666666,CPU2_4,150.000000,119.760002,1,0,0.555556,0.666667
21.142857,24.666666,CPU2_4,150.000000,119.540001,1,0,0.571429,0.666667
21.730158,24.666666,CPU2_4,150.000000,119.250000,1,0,0.587302,0.666667
22.317461,24.666666,CPU2_4,150.000000,118.900002,1,0,0.603175,0.666667
22.904762,24.666666,CPU2_4,150.000000,118.459999,1,0,0.619048,0.666667
23.492064,24.666666,CPU2_4,150.000000,117.959999,1,0,0.634921,0.666667
24.079365,24.666666,CPU2_4,150.000000,117.389999,1,0,0.650794,0.666667
24.666666,24.666666,CPU2_4,150.000000,116.750000,1,0,0.666667,0.666667
25.253969,24.666666,CPU2_4,150.000000,116.040001,1,0,0.682540,0.666667
25.841270,24.666666,CPU2_4,150.000000,115.269997,1,0,0.698413,0.666667
26.428572,24.666666,CPU2_4,150.000000,114.440002,1,0,0.714286,0.666667
27.015873,24.666666,CPU2_4,150.000000,113.550003,1,0,0.730159,0.666667
27.603174,24.666666,background,0.000000,112.589996,0,1,0.746032,0.666667
28.190475,24.666666,DRAM_4,20.000000,111.589996,1,1,0.761905,0.666667
28.777779,24.666666,DRAM_4,20.000000,110.519997,1,0,0.777778,0.666667
29.365080,24.666666,DRAM_4,20.000000,109.389999,1,0,0.793651,0.666667
29.952381,24.666666,DRAM_4,20.000000,108.199997,1,0,0.809524,0.666667
30.539682,24.666666,DRAM_4,20.000000,106.940002,1,0,0.825397,0.666667
31.126984,24.666666,DRAM_4,20.000000,105.599998,1,0,0.841270,0.666667
31.714285,24.666666,DRAM_4,20.000000,104.160004,1,0,0.857143,0.666667
32.301586,24.666666,DRAM_4,20.000000,102.599998,1,0,0.873016,0.666667
32.888889,24.666666,DRAM_4,20.000000,100.830002,1,0,0.888889,0.666667
33.476189,24.666666,DRAM_4,20.000000,98.730003,1,0,0.904762,0.666667
34.063492,24.666666,DRAM_4,20.000000,95.860001,1,0,0.920635,0.666667
34.650795,24.666666,DRAM_4,20.000000,90.660004,1,0,0.936508,0.666667
35.238094,24.666666,DRAM_4,20.000000,86.410004,1,0,0.952381,0.666667
35.825397,24.666666,DRAM_4,20.000000,82.830002,1,0,0.968254,0.666667
36.412697,24.666666,DRAM_4,20.000000,80.449997,1,0,0.984127,0.666667
37.000000,24.666666,DRAM_4,20.000000,79.239998,1,1,1.000000,0.666667
0.000000,25.253969,background,0.000000,71.860001,0,0,0.000000,0.682540
0.587302,25.253969,background,0.000000,72.809998,0,0,0.015873,0.682540
1.174603,25.253969,DRAM_3,20.000000,73.910004,1,1,0.031746,0.682540
1.761905,25.253969,DRAM_3,20.000000,75.089996,1,0,0.047619,0.682540
2.349206,25.253969,DRAM_3,20.000000,76.309998,1,0,0.063492,0.682540
2.936508,25.253969,DRAM_3,20.000000,77.540001,1,0,0.079365,0.682540
3.523809,25.253969,DRAM_3,20.000000,78.800003,1,0,0.095238,0.682540
4.111111,25.253969,DRAM_3,20.000000,80.080002,1,0,0.111111,0.682540
4.698413,25.253969,DRAM_3,20.000000,81.370003,1,0,0.126984,0.682540
5.285714,25.253969,DRAM_3,20.000000,82.699997,1,0,0.142857,0.682540
5.873016,25.253969,DRAM_3,20.000000,84.080002,1,0,0.158730,0.682540
6.460318,25.253969,DRAM_3,20.000000,85.529999,1,0,0.174603,0.682540
7.047619,25.253969,DRAM_3,20.000000,87.110001,1,0,0.190476,0.682540
7.634921,25.253969,DRAM_3,20.000000,88.980003,1,0,0.206349,0.682540
8.222222,25.253969,DRAM_3,20.000000,91.510002,1,0,0.222222,0.682540
8.809524,25.253969,DRAM_3,20.000000,95.629997,1,0,0.238095,0.682540
9.396826,25.253969,DRAM_3,20.000000,102.709999,1,0,0.253968,0.682540
9.984127,25.253969,DRAM_3,20.000000,106.879997,1,1,0.269841,0.682540
10.571428,25.253969,CPU2_3,150.000000,109.330002,1,1,0.285714,0.682540
11.158731,25.253969,CPU2_3,150.000000,111.010002,1,0,0.301587,0.682540
11.746032,25.253969,CPU2_3,150.000000,112.320000,1,0,0.317460,0.682540
12.333333,25.253969,CPU2_3,150.000000,113.410004,1,0,0.333333,0.682540
12.920635,25.253969,CPU2_3,150.000000,114.360001,1,0,0.349206,0.682540
13.507936,25.253969,CPU2_3,150.000000,115.180000,1,0,0.365079,0.682540
14.095238,25.253969,CPU2_3,150.000000,115.910004,1,0,0.380952,0.682540
14.682540,25.253969,CPU2_3,150.000000,116.540001,1,0,0.396825,0.682540
15.269841,25.253969,CPU2_3,150.000000,117.089996,1,0,0.412698,0.682540
15.857142,25.253969,CPU2_3,150.000000,117.559998,1,0,0.428571,0.682540
16.444445,25.253969,CPU2_3,150.000000,117.940002,1,0,0.444444,0.682540
17.031746,25.253969,CPU2_3,150.000000,118.239998,1,0,0.460317,0.682540
17.619047,25.253969,CPU2_3,150.000000,118.470001,1,0,0.476190,0.682540
18.206348,25.253969,CPU2_3,150.000000,118.629997,1,0,0.492063,0.682540
18.793652,25.253969,background,0.000000,118.709999,0,0,0.507937,0.682540
19.380953,25.253969,background,0.000000,118.720001,0,1,0.523810,0.682540
19.968254,25.253969,CPU2_4,150.000000,118.650002,1,1,0.539683,0.682540
20.555555,25.253969,CPU2_4,150.000000,118.519997,1,1,0.555556,0.682540
21.142857,25.253969,CPU2_4,150.000000,118.309998,1,1,0.571429,0.682540
21.730158,25.253969,CPU2_4,150.000000,118.040001,1,1,0.587302,0.682540
22.317461,25.253969,CPU2_4,150.000000,117.690002,1,1,0.603175,0.682540
22.904762,25.253969,CPU2_4,150.000000,117.269997,1,1,0.619048,0.682540
23.492064,25.253969,CPU2_4,150.000000,116.779999,1,1,0.634921,0.682540
24.079365,25.253969,CPU2_4,150.000000,116.220001,1,1,0.650794,0.682540
24.666666,25.253969,CPU2_4,150.000000,115.599998,1,1,0.666667,0.682540
25.253969,25.253969,CPU2_4,150.000000,114.900002,1,1,0.682540,0.682540
25.841270,25.253969,CPU2_4,150.000000,114.139999,1,1,0.698413,0.682540
26.428572,25.253969,CPU2_4,150.000000,113.320000,1,1,0.714286,0.682540
27.015873,25.253969,CPU2_4,150.000000,112.449997,1,1,0.730159,0.682540
27.603174,25.253969,background,0.000000,111.519997,0,1,0.746032,0.682540
28.190475,25.253969,DRAM_4,20.000000,110.540001,1,1,0.761905,0.682540
28.777779,25.253969,DRAM_4,20.000000,109.500000,1,0,0.777778,0.682540
29.365080,25.253969,DRAM_4,20.000000,108.410004,1,0,0.793651,0.682540
29.952381,25.253969,DRAM_4,20.000000,107.250000,1,0,0.809524,0.682540
30.539682,25.253969,DRAM_4,20.000000,106.029999,1,0,0.825397,0.682540
31.126984,25.253969,DRAM_4,20.000000,104.720001,1,0,0.841270,0.682540
31.714285,25.253969,DRAM_4,20.000000,103.320000,1,0,0.857143,0.682540
32.301586,25.253969,DRAM_4,20.000000,101.790001,1,0,0.873016,0.682540
32.888889,25.253969,DRAM_4,20.000000,100.070000,1,0,0.888889,0.682540
33.476189,25.253969,DRAM_4,20.000000,98.010002,1,0,0.904762,0.682540
34.063492,25.253969,DRAM_4,20.000000,95.180000,1,0,0.920635,0.682540
34.650795,25.253969,DRAM_4,20.000000,90.019997,1,0,0.936508,0.682540
35.238094,25.253969,DRAM_4,20.000000,85.790001,1,0,0.952381,0.682540
35.825397,25.253969,DRAM_4,20.000000,82.239998,1,0,0.968254,0.682540
36.412697,25.253969,DRAM_4,20.000000,79.889999,1,0,0.984127,0.682540
37.000000,25.253969,DRAM_4,20.000000,78.699997,1,1,1.000000,0.682540
0.000000,25.841270,background,0.000000,71.370003,0,0,0.000000,0.698413
0.587302,25.841270,background,0.000000,72.300003,0,0,0.015873,0.698413
1.174603,25.841270,DRAM_3,20.000000,73.360001,1,1,0.031746,0.698413
1.761905,25.841270,DRAM_3,20.000000,74.510002,1,0,0.047619,0.698413
2.349206,25.841270,DRAM_3,20.000000,75.690002,1,0,0.063492,0.698413
2.936508,25.841270,DRAM_3,20.000000,76.889999,1,0,0.079365,0.698413
3.523809,25.841270,DRAM_3,20.000000,78.110001,1,0,0.095238,0.698413
4.111111,25.841270,DRAM_3,20.000000,79.349998,1,0,0.111111,0.698413
4.698413,25.841270,DRAM_3,20.000000,80.610001,1,0,0.126984,0.698413
5.285714,25.841270,DRAM_3,20.000000,81.900002,1,0,0.142857,0.698413
5.873016,25.841270,DRAM_3,20.000000,83.239998,1,0,0.158730,0.698413
6.460318,25.841270,DRAM_3,20.000000,84.650002,1,0,0.174603,0.698413
7.047619,25.841270,DRAM_3,20.000000,86.190002,1,0,0.190476,0.698413
7.634921,25.841270,DRAM_3,20.000000,88.010002,1,0,0.206349,0.698413
8.222222,25.841270,DRAM_3,20.000000,90.489998,1,0,0.222222,0.698413
8.809524,25.841270,DRAM_3,20.000000,94.550003,1,0,0.238095,0.698413
9.396826,25.841270,DRAM_3,20.000000,101.559998,1,0,0.253968,0.698413
9.984127,25.841270,DRAM_3,20.000000,105.680000,1,1,0.269841,0.698413
10.571428,25.841270,CPU2_3,150.000000,108.070000,1,1,0.285714,0.698413
11.158731,25.841270,CPU2_3,150.000000,109.699997,1,0,0.301587,0.698413
11.746032,25.841270,CPU2_3,150.000000,110.970001,1,0,0.317460,0.698413
12.333333,25.841270,CPU2_3,150.000000,112.040001,1,0,0.333333,0.698413
12.920635,25.841270,CPU2_3,150.000000,112.959999,1,0,0.349206,0.698413
13.507936,25.841270,CPU2_3,150.000000,113.769997,1,0,0.365079,0.698413
14.095238,25.841270,CPU2_3,150.000000,114.480003,1,0,0.380952,0.698413
14.682540,25.841270,CPU2_3,150.000000,115.099998,1,0,0.396825,0.698413
15.269841,25.841270,CPU2_3,150.000000,115.639999,1,0,0.412698,0.698413
15.857142,25.841270,CPU2_3,150.000000,116.099998,1,0,0.428571,0.698413
16.444445,25.841270,CPU2_3,150.000000,116.470001,1,0,0.444444,0.698413
17.031746,25.841270,CPU2_3,150.000000,116.779999,1,0,0.460317,0.698413
17.619047,25.841270,CPU2_3,150.000000,117.010002,1,0,0.476190,0.698413
18.206348,25.841270,CPU2_3,150.000000,117.160004,1,0,0.492063,0.698413
18.793652,25.841270,background,0.000000,117.239998,0,0,0.507937,0.698413
19.380953,25.841270,background,0.000000,117.260002,0,1,0.523810,0.698413
19.968254,25.841270,CPU2_1,150.000000,117.199997,1,1,0.539683,0.698413
20.555555,25.841270,CPU2_1,150.000000,117.070000,1,1,0.555556,0.698413
21.142857,25.841270,CPU2_1,150.000000,116.870003,1,1,0.571429,0.698413
21.730158,25.841270,CPU2_1,150.000000,116.599998,1,1,0.587302,0.698413
22.317461,25.841270,CPU2_1,150.000000,116.269997,1,1,0.603175,0.698413
22.904762,25.841270,CPU2_1,150.000000,115.860001,1,1,0.619048,0.698413
23.492064,25.841270,CPU2_1,150.000000,115.379997,1,1,0.634921,0.698413
24.079365,25.841270,CPU2_1,150.000000,114.830002,1,1,0.650794,0.698413
24.666666,25.841270,CPU2_1,150.000000,114.199997,1,1,0.666667,0.698413
25.253969,25.841270,CPU2_1,150.000000,113.510002,1,1,0.682540,0.698413
25.841270,25.841270,CPU2_1,150.000000,112.739998,1,1,0.698413,0.698413
26.428572,25.841270,CPU2_1,150.000000,111.930000,1,1,0.714286,0.698413
27.015873,25.841270,CPU2_1,150.000000,111.070000,1,1,0.730159,0.698413
27.603174,25.841270,background,0.000000,110.169998,0,1,0.746032,0.698413
28.190475,25.841270,DRAM_4,20.000000,109.220001,1,1,0.761905,0.698413
28.777779,25.841270,DRAM_4,20.000000,108.220001,1,0,0.777778,0.698413
29.365080,25.841270,DRAM_4,20.000000,107.169998,1,0,0.793651,0.698413
29.952381,25.841270,DRAM_4,20.000000,106.050003,1,0,0.809524,0.698413
30.539682,25.841270,DRAM_4,20.000000,104.860001,1,0,0.825397,0.698413
31.126984,25.841270,DRAM_4,20.000000,103.589996,1,0,0.841270,0.698413
31.714285,25.841270,DRAM_4,20.000000,102.230003,1,0,0.857143,0.698413
32.301586,25.841270,DRAM_4,20.000000,100.750000,1,0,0.873016,0.698413
32.888889,25.841270,DRAM_4,20.000000,99.080002,1,0,0.888889,0.698413
33.476189,25.841270,DRAM_4,20.000000,97.080002,1,0,0.904762,0.698413
34.063492,25.841270,DRAM_4,20.000000,94.300003,1,0,0.920635,0.698413
34.650795,25.841270,DRAM_4,20.000000,89.190002,1,0,0.936508,0.698413
35.238094,25.841270,DRAM_4,20.000000,84.980003,1,0,0.952381,0.698413
35.825397,25.841270,DRAM_4,20.000000,81.480003,1,0,0.968254,0.698413
36.412697,25.841270,DRAM_4,20.000000,79.180000,1,0,0.984127,0.698413
37.000000,25.841270,DRAM_4,20.000000,78.019997,1,1,1.000000,0.698413
0.000000,26.428572,background,0.000000,70.849998,0,0,0.000000,0.714286
0.587302,26.428572,background,0.000000,71.750000,0,0,0.015873,0.714286
1.174603,26.428572,DRAM_3,20.000000,72.790001,1,1,0.031746,0.714286
1.761905,26.428572,DRAM_3,20.000000,73.900002,1,0,0.047619,0.714286
2.349206,26.428572,DRAM_3,20.000000,75.050003,1,0,0.063492,0.714286
2.936508,26.428572,DRAM_3,20.000000,76.209999,1,0,0.079365,0.714286
3.523809,26.428572,DRAM_3,20.000000,77.400002,1,0,0.095238,0.714286
4.111111,26.428572,DRAM_3,20.000000,78.599998,1,0,0.111111,0.714286
4.698413,26.428572,DRAM_3,20.000000,79.820000,1,0,0.126984,0.714286
5.285714,26.428572,DRAM_3,20.000000,81.070000,1,0,0.142857,0.714286
5.873016,26.428572,DRAM_3,20.000000,82.360001,1,0,0.158730,0.714286
6.460318,26.428572,DRAM_3,20.000000,83.730003,1,0,0.174603,0.714286
7.047619,26.428572,DRAM_3,20.000000,85.220001,1,0,0.190476,0.714286
7.634921,26.428572,DRAM_3,20.000000,86.980003,1,0,0.206349,0.714286
8.222222,26.428572,DRAM_3,20.000000,89.379997,1,0,0.222222,0.714286
8.809524,26.428572,DRAM_3,20.000000,93.349998,1,0,0.238095,0.714286
9.396826,26.428572,DRAM_3,20.000000,100.260002,1,0,0.253968,0.714286
9.984127,26.428572,DRAM_3,20.000000,104.260002,1,1,0.269841,0.714286
10.571428,26.428572,CPU2_3,150.000000,106.550003,1,1,0.285714,0.714286
11.158731,26.428572,CPU2_3,150.000000,108.110001,1,0,0.301587,0.714286
11.746032,26.428572,CPU2_3,150.000000,109.339996,1,0,0.317460,0.714286
12.333333,26.428572,CPU2_3,150.000000,110.360001,1,0,0.333333,0.714286
12.920635,26.428572,CPU2_3,150.000000,111.260002,1,0,0.349206,0.714286
13.507936,26.428572,CPU2_3,150.000000,112.050003,1,0,0.365079,0.714286
14.095238,26.428572,CPU2_3,150.000000,112.739998,1,0,0.380952,0.714286
14.682540,26.428572,CPU2_3,150.000000,113.349998,1,0,0.396825,0.714286
15.269841,26.428572,CPU2_3,150.000000,113.870003,1,0,0.412698,0.714286
15.857142,26.428572,CPU2_3,150.000000,114.320000,1,0,0.428571,0.714286
16.444445,26.428572,CPU2_3,150.000000,114.690002,1,0,0.444444,0.714286
17.031746,26.428572,CPU2_3,150.000000,114.989998,1,0,0.460317,0.714286
17.619047,26.428572,CPU2_3,150.000000,115.220001,1,0,0.476190,0.714286
18.206348,26.428572,CPU2_3,150.000000,115.370003,1,0,0.492063,0.714286
18.793652,26.428572,background,0.000000,115.459999,0,0,0.507937,0.714286
19.380953,26.428572,background,0.000000,115.470001,0,1,0.523810,0.714286
19.968254,26.428572,CPU2_1,150.000000,115.419998,1,0,0.539683,0.714286
20.555555,26.428572,CPU2_1,150.000000,115.300003,1,0,0.555556,0.714286
21.142857,26.428572,CPU2_1,150.000000,115.110001,1,0,0.571429,0.714286
21.730158,26.428572,CPU2_1,150.000000,114.849998,1,0,0.587302,0.714286
22.317461,26.428572,CPU2_1,150.000000,114.519997,1,0,0.603175,0.714286
22.904762,26.428572,CPU2_1,150.000000,114.120003,1,0,0.619048,0.714286
23.492064,26.428572,CPU2_1,150.000000,113.650002,1,0,0.634921,0.714286
24.079365,26.428572,CPU2_1,150.000000,113.099998,1,0,0.650794,0.714286
24.666666,26.428572,CPU2_1,150.000000,112.459999,1,0,0.666667,0.714286
25.253969,26.428572,CPU2_1,150.000000,111.730003,1,0,0.682540,0.714286
25.841270,26.428572,CPU2_1,150.000000,110.919998,1,0,0.698413,0.714286
26.428572,26.428572,CPU2_1,150.000000,110.089996,1,0,0.714286,0.714286
27.015873,26.428572,CPU2_1,150.000000,109.230003,1,0,0.730159,0.714286
27.603174,26.428572,background,0.000000,108.360001,0,1,0.746032,0.714286
28.190475,26.428572,DRAM_4,20.000000,107.459999,1,1,0.761905,0.714286
28.777779,26.428572,DRAM_4,20.000000,106.529999,1,0,0.777778,0.714286
29.365080,26.428572,DRAM_4,20.000000,105.529999,1,0,0.793651,0.714286
29.952381,26.428572,DRAM_4,20.000000,104.459999,1,0,0.809524,0.714286
30.539682,26.428572,DRAM_4,20.000000,103.309998,1,0,0.825397,0.714286
31.126984,26.428572,DRAM_4,20.000000,102.089996,1,0,0.841270,0.714286
31.714285,26.428572,DRAM_4,20.000000,100.769997,1,0,0.857143,0.714286
32.301586,26.428572,DRAM_4,20.000000,99.339996,1,0,0.873016,0.714286
32.888889,26.428572,DRAM_4,20.000000,97.730003,1,0,0.888889,0.714286
33.476189,26.428572,DRAM_4,20.000000,95.800003,1,0,0.904762,0.714286
34.063492,26.428572,DRAM_4,20.000000,93.099998,1,0,0.920635,0.714286
34.650795,26.428572,DRAM_4,20.000000,88.080002,1,0,0.936508,0.714286
35.238094,26.428572,DRAM_4,20.000000,83.919998,1,0,0.952381,0.714286
35.825397,26.428572,DRAM_4,20.000000,80.529999,1,0,0.968254,0.714286
36.412697,26.428572,DRAM_4,20.000000,78.320000,1,0,0.984127,0.714286
37.000000,26.428572,DRAM_4,20.000000,77.209999,1,1,1.000000,0.714286
0.000000,27.015873,background,0.000000,70.300003,0,0,0.000000,0.730159
0.587302,27.015873,background,0.000000,71.180000,0,0,0.015873,0.730159
1.174603,27.015873,background,0.000000,72.180000,0,1,0.031746,0.730159
1.761905,27.015873,background,0.000000,73.260002,0,1,0.047619,0.730159
2.349206,27.015873,background,0.000000,74.370003,0,1,0.063492,0.730159
2.936508,27.015873,background,0.000000,75.500000,0,1,0.079365,0.730159
3.523809,27.015873,background,0.000000,76.639999,0,1,0.095238,0.730159
4.111111,27.015873,background,0.000000,77.800003,0,1,0.111111,0.730159
4.698413,27.015873,background,0.000000,78.989998,0,1,0.126984,0.730159
5.285714,27.015873,background,0.000000,80.190002,0,1,0.142857,0.730159
5.873016,27.015873,background,0.000000,81.440002,0,1,0.158730,0.730159
6.460318,27.015873,background,0.000000,82.760002,0,1,0.174603,0.730159
7.047619,27.015873,background,0.000000,84.190002,0,1,0.190476,0.730159
7.634921,27.015873,background,0.000000,85.879997,0,1,0.206349,0.730159
8.222222,27.015873,background,0.000000,88.169998,0,1,0.222222,0.730159
8.809524,27.015873,background,0.000000,91.980003,0,1,0.238095,0.730159
9.396826,27.015873,background,0.000000,98.669998,0,1,0.253968,0.730159
9.984127,27.015873,background,0.000000,102.459999,0,1,0.269841,0.730159
10.571428,27.015873,CPU2_3,150.000000,104.550003,1,1,0.285714,0.730159
11.158731,27.015873,CPU2_3,150.000000,105.980003,1,0,0.301587,0.730159
11.746032,27.015873,CPU2_3,150.000000,107.129997,1,0,0.317460,0.730159
12.333333,27.015873,CPU2_3,150.000000,108.120003,1,0,0.333333,0.730159
12.920635,27.015873,CPU2_3,150.000000,108.980003,1,0,0.349206,0.730159
13.507936,27.015873,CPU2_3,150.000000,109.739998,1,0,0.365079,0.730159
14.095238,27.015873,CPU2_3,150.000000,110.410004,1,0,0.380952,0.730159
14.682540,27.015873,CPU2_3,150.000000,111.000000,1,0,0.396825,0.730159
15.269841,27.015873,CPU2_3,150.000000,111.519997,1,0,0.412698,0.730159
15.857142,27.015873,CPU2_3,150.000000,111.949997,1,0,0.428571,0.730159
16.444445,27.015873,CPU2_3,150.000000,112.320000,1,0,0.444444,0.730159
17.031746,27.015873,CPU2_3,150.000000,112.610001,1,0,0.460317,0.730159
17.619047,27.015873,CPU2_3,150.000000,112.830002,1,0,0.476190,0.730159
18.206348,27.015873,CPU2_3,150.000000,112.989998,1,0,0.492063,0.730159
18.793652,27.015873,background,0.000000,113.070000,0,0,0.507937,0.730159
19.380953,27.015873,background,0.000000,113.089996,0,1,0.523810,0.730159
19.968254,27.015873,CPU2_1,150.000000,113.040001,1,0,0.539683,0.730159
20.555555,27.015873,CPU2_1,150.000000,112.919998,1,0,0.555556,0.730159
21.142857,27.015873,CPU2_1,150.000000,112.739998,1,0,0.571429,0.730159
21.730158,27.015873,CPU2_1,150.000000,112.489998,1,0,0.587302,0.730159
22.317461,27.015873,CPU2_1,150.000000,112.180000,1,0,0.603175,0.730159
22.904762,27.015873,CPU2_1,150.000000,111.790001,1,0,0.619048,0.730159
23.492064,27.015873,CPU2_1,150.000000,111.320000,1,0,0.634921,0.730159
24.079365,27.015873,CPU2_1,150.000000,110.750000,1,0,0.650794,0.730159
24.666666,27.015873,CPU2_1,150.000000,110.050003,1,0,0.666667,0.730159
25.253969,27.015873,CPU2_1,150.000000,109.180000,1,0,0.682540,0.730159
25.841270,27.015873,CPU2_1,150.000000,108.209999,1,0,0.698413,0.730159
26.428572,27.015873,CPU2_1,150.000000,107.279999,1,0,0.714286,0.730159
27.015873,27.015873,CPU2_1,150.000000,106.400002,1,0,0.730159,0.730159
27.603174,27.015873,background,0.000000,105.559998,0,1,0.746032,0.730159
28.190475,27.015873,DRAM_4,20.000000,104.760002,1,1,0.761905,0.730159
28.777779,27.015873,DRAM_4,20.000000,104.019997,1,0,0.777778,0.730159
29.365080,27.015873,DRAM_4,20.000000,103.150002,1,0,0.793651,0.730159
29.952381,27.015873,DRAM_4,20.000000,102.139999,1,0,0.809524,0.730159
30.539682,27.015873,DRAM_4,20.000000,101.050003,1,0,0.825397,0.730159
31.126984,27.015873,DRAM_4,20.000000,99.870003,1,0,0.841270,0.730159
31.714285,27.015873,DRAM_4,20.000000,98.599998,1,0,0.857143,0.730159
32.301586,27.015873,DRAM_4,20.000000,97.220001,1,0,0.873016,0.730159
32.888889,27.015873,DRAM_4,20.000000,95.680000,1,0,0.888889,0.730159
33.476189,27.015873,DRAM_4,20.000000,93.830002,1,0,0.904762,0.730159
34.063492,27.015873,DRAM_4,20.000000,91.269997,1,0,0.920635,0.730159
34.650795,27.015873,DRAM_4,20.000000,86.480003,1,0,0.936508,0.730159
35.238094,27.015873,DRAM_4,20.000000,82.480003,1,0,0.952381,0.730159
35.825397,27.015873,DRAM_4,20.000000,79.320000,1,0,0.968254,0.730159
36.412697,27.015873,DRAM_4,20.000000,77.279999,1,0,0.984127,0.730159
37.000000,27.015873,DRAM_4,20.000000,76.250000,1,1,1.000000,0.730159
0.000000,27.603174,background,0.000000,69.709999,0,0,0.000000,0.746032
0.587302,27.603174,background,0.000000,70.550003,0,0,0.015873,0.746032
1.174603,27.603174,background,0.000000,71.519997,0,0,0.031746,0.746032
1.761905,27.603174,background,0.000000,72.550003,0,0,0.047619,0.746032
2.349206,27.603174,background,0.000000,73.620003,0,0,0.063492,0.746032
2.936508,27.603174,background,0.000000,74.720001,0,0,0.079365,0.746032
3.523809,27.603174,background,0.000000,75.820000,0,0,0.095238,0.746032
4.111111,27.603174,background,0.000000,76.949997,0,0,0.111111,0.746032
4.698413,27.603174,background,0.000000,78.089996,0,0,0.126984,0.746032
5.285714,27.603174,background,0.000000,79.260002,0,0,0.142857,0.746032
5.873016,27.603174,background,0.000000,80.470001,0,0,0.158730,0.746032
6.460318,27.603174,background,0.000000,81.730003,0,0,0.174603,0.746032
7.047619,27.603174,background,0.000000,83.099998,0,0,0.190476,0.746032
7.634921,27.603174,background,0.000000,84.699997,0,0,0.206349,0.746032
8.222222,27.603174,background,0.000000,86.839996,0,0,0.222222,0.746032
8.809524,27.603174,background,0.000000,90.349998,0,0,0.238095,0.746032
9.396826,27.603174,background,0.000000,96.470001,0,0,0.253968,0.746032
9.984127,27.603174,background,0.000000,99.760002,0,0,0.269841,0.746032
10.571428,27.603174,CPU2_3,150.000000,101.379997,1,1,0.285714,0.746032
11.158731,27.603174,CPU2_3,150.000000,102.610001,1,0,0.301587,0.746032
11.746032,27.603174,CPU2_3,150.000000,103.660004,1,0,0.317460,0.746032
12.333333,27.603174,CPU2_3,150.000000,104.589996,1,0,0.333333,0.746032
12.920635,27.603174,CPU2_3,150.000000,105.410004,1,0,0.349206,0.746032
13.507936,27.603174,CPU2_3,150.000000,106.150002,1,0,0.365079,0.746032
14.095238,27.603174,CPU2_3,150.000000,106.800003,1,0,0.380952,0.746032
14.682540,27.603174,CPU2_3,150.000000,107.370003,1,0,0.396825,0.746032
15.269841,27.603174,CPU2_3,150.000000,107.870003,1,0,0.412698,0.746032
15.857142,27.603174,CPU2_3,150.000000,108.290001,1,0,0.428571,0.746032
16.444445,27.603174,CPU2_3,150.000000,108.650002,1,0,0.444444,0.746032
17.031746,27.603174,CPU2_3,150.000000,108.930000,1,0,0.460317,0.746032
17.619047,27.603174,CPU2_3,150.000000,109.150002,1,0,0.476190,0.746032
18.206348,27.603174,CPU2_3,150.000000,109.300003,1,0,0.492063,0.746032
18.793652,27.603174,background,0.000000,109.389999,0,0,0.507937,0.746032
19.380953,27.603174,background,0.000000,109.410004,0,1,0.523810,0.746032
19.968254,27.603174,CPU2_1,150.000000,109.360001,1,0,0.539683,0.746032
20.555555,27.603174,CPU2_1,150.000000,109.250000,1,0,0.555556,0.746032
21.142857,27.603174,CPU2_1,150.000000,109.080002,1,0,0.571429,0.746032
21.730158,27.603174,CPU2_1,150.000000,108.839996,1,0,0.587302,0.746032
22.317461,27.603174,CPU2_1,150.000000,108.529999,1,0,0.603175,0.746032
22.904762,27.603174,CPU2_1,150.000000,108.150002,1,0,0.619048,0.746032
23.492064,27.603174,CPU2_1,150.000000,107.680000,1,0,0.634921,0.746032
24.079365,27.603174,CPU2_1,150.000000,107.089996,1,0,0.650794,0.746032
24.666666,27.603174,CPU2_1,150.000000,106.260002,1,0,0.666667,0.746032
25.253969,27.603174,CPU2_1,150.000000,104.919998,1,0,0.682540,0.746032
25.841270,27.603174,CPU2_1,150.000000,103.160004,1,0,0.698413,0.746032
26.428572,27.603174,CPU2_1,150.000000,101.940002,1,0,0.714286,0.746032
27.015873,27.603174,CPU2_1,150.000000,101.010002,1,0,0.730159,0.746032
27.603174,27.603174,background,0.000000,100.230003,0,1,0.746032,0.746032
28.190475,27.603174,DRAM_4,20.000000,99.680000,1,1,0.761905,0.746032
28.777779,27.603174,DRAM_4,20.000000,99.570000,1,0,0.777778,0.746032
29.365080,27.603174,DRAM_4,20.000000,99.010002,1,0,0.793651,0.746032
29.952381,27.603174,DRAM_4,20.000000,98.150002,1,0,0.809524,0.746032
30.539682,27.603174,DRAM_4,20.000000,97.129997,1,0,0.825397,0.746032
31.126984,27.603174,DRAM_4,20.000000,96.000000,1,0,0.841270,0.746032
31.714285,27.603174,DRAM_4,20.000000,94.779999,1,0,0.857143,0.746032
32.301586,27.603174,DRAM_4,20.000000,93.459999,1,0,0.873016,0.746032
32.888889,27.603174,DRAM_4,20.000000,91.980003,1,0,0.888889,0.746032
33.476189,27.603174,DRAM_4,20.000000,90.220001,1,0,0.904762,0.746032
34.063492,27.603174,DRAM_4,20.000000,87.870003,1,0,0.920635,0.746032
34.650795,27.603174,DRAM_4,20.000000,83.889999,1,0,0.936508,0.746032
35.238094,27.603174,DRAM_4,20.000000,80.500000,1,0,0.952381,0.746032
35.825397,27.603174,DRAM_4,20.000000,77.839996,1,0,0.968254,0.746032
36.412697,27.603174,DRAM_4,20.000000,76.080002,1,0,0.984127,0.746032
37.000000,27.603174,DRAM_4,20.000000,75.180000,1,1,1.000000,0.746032
0.000000,28.190475,background,0.000000,69.040001,0,0,0.000000,0.761905
0.587302,28.190475,background,0.000000,69.750000,0,0,0.015873,0.761905
1.174603,28.190475,background,0.000000,70.650002,0,0,0.031746,0.761905
1.761905,28.190475,background,0.000000,71.629997,0,0,0.047619,0.761905
2.349206,28.190475,background,0.000000,72.660004,0,0,0.063492,0.761905
2.936508,28.190475,background,0.000000,73.709999,0,0,0.079365,0.761905
3.523809,28.190475,background,0.000000,74.779999,0,0,0.095238,0.761905
4.111111,28.190475,background,0.000000,75.860001,0,0,0.111111,0.761905
4.698413,28.190475,background,0.000000,76.970001,0,0,0.126984,0.761905
5.285714,28.190475,background,0.000000,78.099998,0,0,0.142857,0.761905
5.873016,28.190475,background,0.000000,79.260002,0,0,0.158730,0.761905
6.460318,28.190475,background,0.000000,80.480003,0,0,0.174603,0.761905
7.047619,28.190475,background,0.000000,81.790001,0,0,0.190476,0.761905
7.634921,28.190475,background,0.000000,83.290001,0,0,0.206349,0.761905
8.222222,28.190475,background,0.000000,85.199997,0,0,0.222222,0.761905
8.809524,28.190475,background,0.000000,88.050003,0,0,0.238095,0.761905
9.396826,28.190475,background,0.000000,92.529999,0,0,0.253968,0.761905
9.984127,28.190475,background,0.000000,94.790001,0,0,0.269841,0.761905
10.571428,28.190475,CPU2_3,150.000000,95.800003,1,1,0.285714,0.761905
11.158731,28.190475,CPU2_3,150.000000,96.769997,1,1,0.301587,0.761905
11.746032,28.190475,CPU2_3,150.000000,97.720001,1,1,0.317460,0.761905
12.333333,28.190475,CPU2_3,150.000000,98.589996,1,1,0.333333,0.761905
12.920635,28.190475,CPU2_3,150.000000,99.370003,1,1,0.349206,0.761905
13.507936,28.190475,CPU2_3,150.000000,100.080002,1,1,0.365079,0.761905
14.095238,28.190475,CPU2_3,150.000000,100.699997,1,1,0.380952,0.761905
14.682540,28.190475,CPU2_3,150.000000,101.250000,1,1,0.396825,0.761905
15.269841,28.190475,CPU2_3,150.000000,101.739998,1,1,0.412698,0.761905
15.857142,28.190475,CPU2_3,150.000000,102.150002,1,1,0.428571,0.761905
16.444445,28.190475,CPU2_3,150.000000,102.489998,1,1,0.444444,0.761905
17.031746,28.190475,CPU2_3,150.000000,102.769997,1,1,0.460317,0.761905
17.619047,28.190475,CPU2_3,150.000000,102.980003,1,1,0.476190,0.761905
18.206348,28.190475,CPU2_3,150.000000,103.129997,1,1,0.492063,0.761905
18.793652,28.190475,DRAM_1,20.000000,103.220001,1,1,0.507937,0.761905
19.380953,28.190475,DRAM_1,20.000000,103.239998,1,1,0.523810,0.761905
19.968254,28.190475,CPU2_1,150.000000,103.199997,1,0,0.539683,0.761905
20.555555,28.190475,CPU2_1,150.000000,103.089996,1,0,0.555556,0.761905
21.142857,28.190475,CPU2_1,150.000000,102.930000,1,0,0.571429,0.761905
21.730158,28.190475,CPU2_1,150.000000,102.690002,1,0,0.587302,0.761905
22.317461,28.190475,CPU2_1,150.000000,102.400002,1,0,0.603175,0.761905
22.904762,28.190475,CPU2_1,150.000000,102.029999,1,0,0.619048,0.761905
23.492064,28.190475,CPU2_1,150.000000,101.570000,1,0,0.634921,0.761905
24.079365,28.190475,CPU2_1,150.000000,100.980003,1,0,0.650794,0.761905
24.666666,28.190475,CPU2_1,150.000000,100.099998,1,0,0.666667,0.761905
25.253969,28.190475,CPU2_1,150.000000,98.540001,1,0,0.682540,0.761905
25.841270,28.190475,CPU2_1,150.000000,96.379997,1,0,0.698413,0.761905
26.428572,28.190475,CPU2_1,150.000000,95.050003,1,0,0.714286,0.761905
27.015873,28.190475,CPU2_1,150.000000,94.120003,1,0,0.730159,0.761905
27.603174,28.190475,background,0.000000,93.410004,0,1,0.746032,0.761905
28.190475,28.190475,DRAM_4,20.000000,93.139999,1,1,0.761905,0.761905
28.777779,28.190475,DRAM_4,20.000000,94.199997,1,1,0.777778,0.761905
29.365080,28.190475,DRAM_4,20.000000,94.290001,1,1,0.793651,0.761905
29.952381,28.190475,DRAM_4,20.000000,93.709999,1,1,0.809524,0.761905
30.539682,28.190475,DRAM_4,20.000000,92.820000,1,1,0.825397,0.761905
31.126984,28.190475,DRAM_4,20.000000,91.760002,1,1,0.841270,0.761905
31.714285,28.190475,DRAM_4,20.000000,90.599998,1,1,0.857143,0.761905
32.301586,28.190475,DRAM_4,20.000000,89.309998,1,1,0.873016,0.761905
32.888889,28.190475,DRAM_4,20.000000,87.860001,1,1,0.888889,0.761905
33.476189,28.190475,DRAM_4,20.000000,86.150002,1,1,0.904762,0.761905
34.063492,28.190475,DRAM_4,20.000000,83.970001,1,1,0.920635,0.761905
34.650795,28.190475,DRAM_4,20.000000,80.980003,1,1,0.936508,0.761905
35.238094,28.190475,DRAM_4,20.000000,78.320000,1,1,0.952381,0.761905
35.825397,28.190475,DRAM_4,20.000000,76.239998,1,1,0.968254,0.761905
36.412697,28.190475,DRAM_4,20.000000,74.800003,1,1,0.984127,0.761905
37.000000,28.190475,DRAM_4,20.000000,74.040001,1,1,1.000000,0.761905
0.000000,28.777779,background,0.000000,68.610001,0,0,0.000000,0.777778
0.587302,28.777779,background,0.000000,69.129997,0,0,0.015873,0.777778
1.174603,28.777779,background,0.000000,69.889999,0,0,0.031746,0.777778
1.761905,28.777779,background,0.000000,70.769997,0,0,0.047619,0.777778
2.349206,28.777779,background,0.000000,71.730003,0,0,0.063492,0.777778
2.936508,28.777779,background,0.000000,72.720001,0,0,0.079365,0.777778
3.523809,28.777779,background,0.000000,73.739998,0,0,0.095238,0.777778
4.111111,28.777779,background,0.000000,74.779999,0,0,0.111111,0.777778
4.698413,28.777779,background,0.000000,75.839996,0,0,0.126984,0.777778
5.285714,28.777779,background,0.000000,76.930000,0,0,0.142857,0.777778
5.873016,28.777779,background,0.000000,78.059998,0,0,0.158730,0.777778
6.460318,28.777779,background,0.000000,79.250000,0,0,0.174603,0.777778
7.047619,28.777779,background,0.000000,80.519997,0,0,0.190476,0.777778
7.634921,28.777779,background,0.000000,81.959999,0,0,0.206349,0.777778
8.222222,28.777779,background,0.000000,83.690002,0,0,0.222222,0.777778
8.809524,28.777779,background,0.000000,85.870003,0,0,0.238095,0.777778
9.396826,28.777779,background,0.000000,88.379997,0,0,0.253968,0.777778
9.984127,28.777779,background,0.000000,89.500000,0,0,0.269841,0.777778
10.571428,28.777779,DRAM_1,20.000000,90.379997,1,1,0.285714,0.777778
11.158731,28.777779,DRAM_1,20.000000,91.260002,1,1,0.301587,0.777778
11.746032,28.777779,DRAM_1,20.000000,92.139999,1,1,0.317460,0.777778
12.333333,28.777779,DRAM_1,20.000000,92.959999,1,1,0.333333,0.777778
12.920635,28.777779,DRAM_1,20.000000,93.709999,1,1,0.349206,0.777778
13.507936,28.777779,DRAM_1,20.000000,94.379997,1,1,0.365079,0.777778
14.095238,28.777779,DRAM_1,20.000000,94.980003,1,1,0.380952,0.777778
14.682540,28.777779,DRAM_1,20.000000,95.519997,1,1,0.396825,0.777778
15.269841,28.777779,DRAM_1,20.000000,95.980003,1,1,0.412698,0.777778
15.857142,28.777779,DRAM_1,20.000000,96.379997,1,1,0.428571,0.777778
16.444445,28.777779,DRAM_1,20.000000,96.709999,1,1,0.444444,0.777778
17.031746,28.777779,DRAM_1,20.000000,96.980003,1,1,0.460317,0.777778
17.619047,28.777779,DRAM_1,20.000000,97.190002,1,1,0.476190,0.777778
18.206348,28.777779,DRAM_1,20.000000,97.339996,1,1,0.492063,0.777778
18.793652,28.777779,DRAM_1,20.000000,97.419998,1,0,0.507937,0.777778
19.380953,28.777779,DRAM_1,20.000000,97.440002,1,1,0.523810,0.777778
19.968254,28.777779,CPU2_1,150.000000,97.400002,1,0,0.539683,0.777778
20.555555,28.777779,CPU2_1,150.000000,97.300003,1,0,0.555556,0.777778
21.142857,28.777779,CPU2_1,150.000000,97.139999,1,0,0.571429,0.777778
21.730158,28.777779,CPU2_1,150.000000,96.919998,1,0,0.587302,0.777778
22.317461,28.777779,CPU2_1,150.000000,96.639999,1,0,0.603175,0.777778
22.904762,28.777779,CPU2_1,150.000000,96.279999,1,0,0.619048,0.777778
23.492064,28.777779,CPU2_1,150.000000,95.849998,1,0,0.634921,0.777778
24.079365,28.777779,CPU2_1,150.000000,95.300003,1,0,0.650794,0.777778
24.666666,28.777779,CPU2_1,150.000000,94.580002,1,0,0.666667,0.777778
25.253969,28.777779,CPU2_1,150.000000,93.519997,1,0,0.682540,0.777778
25.841270,28.777779,CPU2_1,150.000000,92.250000,1,0,0.698413,0.777778
26.428572,28.777779,CPU2_1,150.000000,91.250000,1,0,0.714286,0.777778
27.015873,28.777779,CPU2_1,150.000000,90.419998,1,0,0.730159,0.777778
27.603174,28.777779,background,0.000000,89.709999,0,1,0.746032,0.777778
28.190475,28.777779,background,0.000000,89.290001,0,0,0.761905,0.777778
28.777779,28.777779,background,0.000000,89.709999,0,0,0.777778,0.777778
29.365080,28.777779,background,0.000000,89.650002,0,0,0.793651,0.777778
29.952381,28.777779,background,0.000000,89.099998,0,0,0.809524,0.777778
30.539682,28.777779,background,0.000000,88.269997,0,0,0.825397,0.777778
31.126984,28.777779,background,0.000000,87.279999,0,0,0.841270,0.777778
31.714285,28.777779,background,0.000000,86.169998,0,0,0.857143,0.777778
32.301586,28.777779,background,0.000000,84.949997,0,0,0.873016,0.777778
32.888889,28.777779,background,0.000000,83.599998,0,0,0.888889,0.777778
33.476189,28.777779,background,0.000000,82.059998,0,0,0.904762,0.777778
34.063492,28.777779,background,0.000000,80.269997,0,0,0.920635,0.777778
34.650795,28.777779,background,0.000000,78.199997,0,0,0.936508,0.777778
35.238094,28.777779,background,0.000000,76.269997,0,0,0.952381,0.777778
35.825397,28.777779,background,0.000000,74.669998,0,0,0.968254,0.777778
36.412697,28.777779,background,0.000000,73.519997,0,0,0.984127,0.777778
37.000000,28.777779,background,0.000000,72.889999,0,0,1.000000,0.777778
0.000000,29.365080,background,0.000000,68.000000,0,0,0.000000,0.793651
0.587302,29.365080,background,0.000000,68.400002,0,0,0.015873,0.793651
1.174603,29.365080,background,0.000000,69.040001,0,0,0.031746,0.793651
1.761905,29.365080,background,0.000000,69.830002,0,0,0.047619,0.793651
2.349206,29.365080,background,0.000000,70.699997,0,0,0.063492,0.793651
2.936508,29.365080,background,0.000000,71.629997,0,0,0.079365,0.793651
3.523809,29.365080,background,0.000000,72.589996,0,0,0.095238,0.793651
4.111111,29.365080,background,0.000000,73.570000,0,0,0.111111,0.793651
4.698413,29.365080,background,0.000000,74.589996,0,0,0.126984,0.793651
5.285714,29.365080,background,0.000000,75.629997,0,0,0.142857,0.793651
5.873016,29.365080,background,0.000000,76.699997,0,0,0.158730,0.793651
6.460318,29.365080,background,0.000000,77.830002,0,0,0.174603,0.793651
7.047619,29.365080,background,0.000000,79.029999,0,0,0.190476,0.793651
7.634921,29.365080,background,0.000000,80.349998,0,0,0.206349,0.793651
8.222222,29.365080,background,0.000000,81.820000,0,0,0.222222,0.793651
8.809524,29.365080,background,0.000000,83.449997,0,0,0.238095,0.793651
9.396826,29.365080,background,0.000000,85.059998,0,0,0.253968,0.793651
9.984127,29.365080,background,0.000000,86.019997,0,0,0.269841,0.793651
10.571428,29.365080,DRAM_1,20.000000,87.059998,1,1,0.285714,0.793651
11.158731,29.365080,DRAM_1,20.000000,87.940002,1,0,0.301587,0.793651
11.746032,29.365080,DRAM_1,20.000000,88.779999,1,0,0.317460,0.793651
12.333333,29.365080,DRAM_1,20.000000,89.559998,1,0,0.333333,0.793651
12.920635,29.365080,DRAM_1,20.000000,90.269997,1,0,0.349206,0.793651
13.507936,29.365080,DRAM_1,20.000000,90.919998,1,0,0.365079,0.793651
14.095238,29.365080,DRAM_1,20.000000,91.489998,1,0,0.380952,0.793651
14.682540,29.365080,DRAM_1,20.000000,92.000000,1,0,0.396825,0.793651
15.269841,29.365080,DRAM_1,20.000000,92.449997,1,0,0.412698,0.793651
15.857142,29.365080,DRAM_1,20.000000,92.830002,1,0,0.428571,0.793651
16.444445,29.365080,DRAM_1,20.000000,93.160004,1,0,0.444444,0.793651
17.031746,29.365080,DRAM_1,20.000000,93.419998,1,0,0.460317,0.793651
17.619047,29.365080,DRAM_1,20.000000,93.620003,1,0,0.476190,0.793651
18.206348,29.365080,DRAM_1,20.000000,93.760002,1,0,0.492063,0.793651
18.793652,29.365080,DRAM_1,20.000000,93.839996,1,0,0.507937,0.793651
19.380953,29.365080,DRAM_1,20.000000,93.870003,1,1,0.523810,0.793651
19.968254,29.365080,CPU2_1,150.000000,93.830002,1,0,0.539683,0.793651
20.555555,29.365080,CPU2_1,150.000000,93.739998,1,0,0.555556,0.793651
21.142857,29.365080,CPU2_1,150.000000,93.580002,1,0,0.571429,0.793651
21.730158,29.365080,CPU2_1,150.000000,93.370003,1,0,0.587302,0.793651
22.317461,29.365080,CPU2_1,150.000000,93.099998,1,0,0.603175,0.793651
22.904762,29.365080,CPU2_1,150.000000,92.760002,1,0,0.619048,0.793651
23.492064,29.365080,CPU2_1,150.000000,92.360001,1,0,0.634921,0.793651
24.079365,29.365080,CPU2_1,150.000000,91.870003,1,0,0.650794,0.793651
24.666666,29.365080,CPU2_1,150.000000,91.269997,1,0,0.666667,0.793651
25.253969,29.365080,CPU2_1,150.000000,90.529999,1,0,0.682540,0.793651
25.841270,29.365080,CPU2_1,150.000000,89.699997,1,0,0.698413,0.793651
26.428572,29.365080,CPU2_1,150.000000,88.910004,1,0,0.714286,0.793651
27.015873,29.365080,CPU2_1,150.000000,88.160004,1,0,0.730159,0.793651
27.603174,29.365080,background,0.000000,87.449997,0,1,0.746032,0.793651
28.190475,29.365080,background,0.000000,86.879997,0,0,0.761905,0.793651
28.777779,29.365080,background,0.000000,86.709999,0,0,0.777778,0.793651
29.365080,29.365080,background,0.000000,86.260002,0,0,0.793651,0.793651
29.952381,29.365080,background,0.000000,85.580002,0,0,0.809524,0.793651
30.539682,29.365080,background,0.000000,84.730003,0,0,0.825397,0.793651
31.126984,29.365080,background,0.000000,83.769997,0,0,0.841270,0.793651
31.714285,29.365080,background,0.000000,82.709999,0,0,0.857143,0.793651
32.301586,29.365080,background,0.000000,81.570000,0,0,0.873016,0.793651
32.888889,29.365080,background,0.000000,80.339996,0,0,0.888889,0.793651
33.476189,29.365080,background,0.000000,78.989998,0,0,0.904762,0.793651
34.063492,29.365080,background,0.000000,77.519997,0,0,0.920635,0.793651
34.650795,29.365080,background,0.000000,75.959999,0,0,0.936508,0.793651
35.238094,29.365080,background,0.000000,74.489998,0,0,0.952381,0.793651
35.825397,29.365080,background,0.000000,73.239998,0,0,0.968254,0.793651
36.412697,29.365080,background,0.000000,72.300003,0,0,0.984127,0.793651
37.000000,29.365080,background,0.000000,71.769997,0,0,1.000000,0.793651
0.000000,29.952381,background,0.000000,67.349998,0,0,0.000000,0.809524
0.587302,29.952381,background,0.000000,67.690002,0,0,0.015873,0.809524
1.174603,29.952381,background,0.000000,68.250000,0,0,0.031746,0.809524
1.761905,29.952381,background,0.000000,68.970001,0,0,0.047619,0.809524
2.349206,29.952381,background,0.000000,69.769997,0,0,0.063492,0.809524
2.936508,29.952381,background,0.000000,70.639999,0,0,0.079365,0.809524
3.523809,29.952381,background,0.000000,71.540001,0,0,0.095238,0.809524
4.111111,29.952381,background,0.000000,72.480003,0,0,0.111111,0.809524
4.698413,29.952381,background,0.000000,73.440002,0,0,0.126984,0.809524
5.285714,29.952381,background,0.000000,74.419998,0,0,0.142857,0.809524
5.873016,29.952381,background,0.000000,75.440002,0,0,0.158730,0.809524
6.460318,29.952381,background,0.000000,76.500000,0,0,0.174603,0.809524
7.047619,29.952381,background,0.000000,77.620003,0,0,0.190476,0.809524
7.634921,29.952381,background,0.000000,78.809998,0,0,0.206349,0.809524
8.222222,29.952381,background,0.000000,80.089996,0,0,0.222222,0.809524
8.809524,29.952381,background,0.000000,81.419998,0,0,0.238095,0.809524
9.396826,29.952381,background,0.000000,82.720001,0,0,0.253968,0.809524
9.984127,29.952381,background,0.000000,83.730003,0,0,0.269841,0.809524
10.571428,29.952381,DRAM_1,20.000000,84.839996,1,1,0.285714,0.809524
11.158731,29.952381,DRAM_1,20.000000,85.699997,1,0,0.301587,0.809524
11.746032,29.952381,DRAM_1,20.000000,86.510002,1,0,0.317460,0.809524
12.333333,29.952381,DRAM_1,20.000000,87.250000,1,0,0.333333,0.809524
12.920635,29.952381,DRAM_1,20.000000,87.930000,1,0,0.349206,0.809524
13.507936,29.952381,DRAM_1,20.000000,88.540001,1,0,0.365079,0.809524
14.095238,29.952381,DRAM_1,20.000000,89.089996,1,0,0.380952,0.809524
14.682540,29.952381,DRAM_1,20.000000,89.580002,1,0,0.396825,0.809524
15.269841,29.952381,DRAM_1,20.000000,90.010002,1,0,0.412698,0.809524
15.857142,29.952381,DRAM_1,20.000000,90.379997,1,0,0.428571,0.809524
16.444445,29.952381,DRAM_1,20.000000,90.690002,1,0,0.444444,0.809524
17.031746,29.952381,DRAM_1,20.000000,90.940002,1,0,0.460317,0.809524
17.619047,29.952381,DRAM_1,20.000000,91.139999,1,0,0.476190,0.809524
18.206348,29.952381,DRAM_1,20.000000,91.269997,1,0,0.492063,0.809524
18.793652,29.952381,DRAM_1,20.000000,91.349998,1,0,0.507937,0.809524
19.380953,29.952381,DRAM_1,20.000000,91.379997,1,1,0.523810,0.809524
19.968254,29.952381,CPU2_1,150.000000,91.349998,1,0,0.539683,0.809524
20.555555,29.952381,CPU2_1,150.000000,91.260002,1,0,0.555556,0.809524
21.142857,29.952381,CPU2_1,150.000000,91.110001,1,0,0.571429,0.809524
21.730158,29.952381,CPU2_1,150.000000,90.910004,1,0,0.587302,0.809524
22.317461,29.952381,CPU2_1,150.000000,90.650002,1,0,0.603175,0.809524
22.904762,29.952381,CPU2_1,150.000000,90.330002,1,0,0.619048,0.809524
23.492064,29.952381,CPU2_1,150.000000,89.949997,1,0,0.634921,0.809524
24.079365,29.952381,CPU2_1,150.000000,89.500000,1,0,0.650794,0.809524
24.666666,29.952381,CPU2_1,150.000000,88.980003,1,0,0.666667,0.809524
25.253969,29.952381,CPU2_1,150.000000,88.379997,1,0,0.682540,0.809524
25.841270,29.952381,CPU2_1,150.000000,87.720001,1,0,0.698413,0.809524
26.428572,29.952381,CPU2_1,150.000000,87.029999,1,0,0.714286,0.809524
27.015873,29.952381,CPU2_1,150.000000,86.330002,1,0,0.730159,0.809524
27.603174,29.952381,background,0.000000,85.620003,0,1,0.746032,0.809524
28.190475,29.952381,background,0.000000,84.970001,0,0,0.761905,0.809524
28.777779,29.952381,background,0.000000,84.470001,0,0,0.777778,0.809524
29.365080,29.952381,background,0.000000,83.720001,0,0,0.793651,0.809524
29.952381,29.952381,background,0.000000,82.900002,0,0,0.809524,0.809524
30.539682,29.952381,background,0.000000,82.010002,0,0,0.825397,0.809524
31.126984,29.952381,background,0.000000,81.059998,0,0,0.841270,0.809524
31.714285,29.952381,background,0.000000,80.050003,0,0,0.857143,0.809524
32.301586,29.952381,background,0.000000,78.980003,0,0,0.873016,0.809524
32.888889,29.952381,background,0.000000,77.849998,0,0,0.888889,0.809524
33.476189,29.952381,background,0.000000,76.660004,0,0,0.904762,0.809524
34.063492,29.952381,background,0.000000,75.419998,0,0,0.920635,0.809524
34.650795,29.952381,background,0.000000,74.160004,0,0,0.936508,0.809524
35.238094,29.952381,background,0.000000,72.970001,0,0,0.952381,0.809524
35.825397,29.952381,background,0.000000,71.940002,0,0,0.968254,0.809524
36.412697,29.952381,background,0.000000,71.160004,0,0,0.984127,0.809524
37.000000,29.952381,background,0.000000,70.709999,0,0,1.000000,0.809524
0.000000,30.539682,background,0.000000,66.690002,0,0,0.000000,0.825397
0.587302,30.539682,background,0.000000,67.000000,0,0,0.015873,0.825397
1.174603,30.539682,background,0.000000,67.519997,0,0,0.031746,0.825397
1.761905,30.539682,background,0.000000,68.169998,0,0,0.047619,0.825397
2.349206,30.539682,background,0.000000,68.930000,0,0,0.063492,0.825397
2.936508,30.539682,background,0.000000,69.739998,0,0,0.079365,0.825397
3.523809,30.539682,background,0.000000,70.589996,0,0,0.095238,0.825397
4.111111,30.539682,background,0.000000,71.470001,0,0,0.111111,0.825397
4.698413,30.539682,background,0.000000,72.379997,0,0,0.126984,0.825397
5.285714,30.539682,background,0.000000,73.320000,0,0,0.142857,0.825397
5.873016,30.539682,background,0.000000,74.279999,0,0,0.158730,0.825397
6.460318,30.539682,background,0.000000,75.279999,0,0,0.174603,0.825397
7.047619,30.539682,background,0.000000,76.309998,0,0,0.190476,0.825397
7.634921,30.539682,background,0.000000,77.400002,0,0,0.206349,0.825397
8.222222,30.539682,background,0.000000,78.540001,0,0,0.222222,0.825397
8.809524,30.539682,background,0.000000,79.730003,0,0,0.238095,0.825397
9.396826,30.539682,background,0.000000,80.919998,0,0,0.253968,0.825397
9.984127,30.539682,background,0.000000,81.970001,0,0,0.269841,0.825397
10.571428,30.539682,DRAM_1,20.000000,83.099998,1,1,0.285714,0.825397
11.158731,30.539682,DRAM_1,20.000000,83.940002,1,0,0.301587,0.825397
11.746032,30.539682,DRAM_1,20.000000,84.699997,1,0,0.317460,0.825397
12.333333,30.539682,DRAM_1,20.000000,85.410004,1,0,0.333333,0.825397
12.920635,30.539682,DRAM_1,20.000000,86.059998,1,0,0.349206,0.825397
13.507936,30.539682,DRAM_1,20.000000,86.639999,1,0,0.365079,0.825397
14.095238,30.539682,DRAM_1,20.000000,87.169998,1,0,0.380952,0.825397
14.682540,30.539682,DRAM_1,20.000000,87.629997,1,0,0.396825,0.825397
15.269841,30.539682,DRAM_1,20.000000,88.040001,1,0,0.412698,0.825397
15.857142,30.539682,DRAM_1,20.000000,88.400002,1,0,0.428571,0.825397
16.444445,30.539682,DRAM_1,20.000000,88.699997,1,0,0.444444,0.825397
17.031746,30.539682,DRAM_1,20.000000,88.940002,1,0,0.460317,0.825397
17.619047,30.539682,DRAM_1,20.000000,89.120003,1,0,0.476190,0.825397
18.206348,30.539682,DRAM_1,20.000000,89.260002,1,0,0.492063,0.825397
18.793652,30.539682,DRAM_1,20.000000,89.330002,1,0,0.507937,0.825397
19.380953,30.539682,DRAM_1,20.000000,89.360001,1,1,0.523810,0.825397
19.968254,30.539682,CPU2_1,150.000000,89.330002,1,0,0.539683,0.825397
20.555555,30.539682,CPU2_1,150.000000,89.239998,1,0,0.555556,0.825397
21.142857,30.539682,CPU2_1,150.000000,89.110001,1,0,0.571429,0.825397
21.730158,30.539682,CPU2_1,150.000000,88.919998,1,0,0.587302,0.825397
22.317461,30.539682,CPU2_1,150.000000,88.669998,1,0,0.603175,0.825397
22.904762,30.539682,CPU2_1,150.000000,88.370003,1,0,0.619048,0.825397
23.492064,30.539682,CPU2_1,150.000000,88.010002,1,0,0.634921,0.825397
24.079365,30.539682,CPU2_1,150.000000,87.589996,1,0,0.650794,0.825397
24.666666,30.539682,CPU2_1,150.000000,87.120003,1,0,0.666667,0.825397
25.253969,30.539682,CPU2_1,150.000000,86.580002,1,0,0.682540,0.825397
25.841270,30.539682,CPU2_1,150.000000,85.989998,1,0,0.698413,0.825397
26.428572,30.539682,CPU2_1,150.000000,85.360001,1,0,0.714286,0.825397
27.015873,30.539682,CPU2_1,150.000000,84.690002,1,0,0.730159,0.825397
27.603174,30.539682,background,0.000000,84.000000,0,1,0.746032,0.825397
28.190475,30.539682,background,0.000000,83.320000,0,0,0.761905,0.825397
28.777779,30.539682,background,0.000000,82.629997,0,0,0.777778,0.825397
29.365080,30.539682,background,0.000000,81.699997,0,0,0.793651,0.825397
29.952381,30.539682,background,0.000000,80.769997,0,0,0.809524,0.825397
30.539682,30.539682,background,0.000000,79.839996,0,0,0.825397,0.825397
31.126984,30.539682,background,0.000000,78.900002,0,0,0.841270,0.825397
31.714285,30.539682,background,0.000000,77.930000,0,0,0.857143,0.825397
32.301586,30.539682,background,0.000000,76.930000,0,0,0.873016,0.825397
32.888889,30.539682,background,0.000000,75.889999,0,0,0.888889,0.825397
33.476189,30.539682,background,0.000000,74.820000,0,0,0.904762,0.825397
34.063492,30.539682,background,0.000000,73.739998,0,0,0.920635,0.825397
34.650795,30.539682,background,0.000000,72.669998,0,0,0.936508,0.825397
35.238094,30.539682,background,0.000000,71.660004,0,0,0.952381,0.825397
35.825397,30.539682,background,0.000000,70.779999,0,0,0.968254,0.825397
36.412697,30.539682,background,0.000000,70.099998,0,0,0.984127,0.825397
37.000000,30.539682,background,0.000000,69.709999,0,0,1.000000,0.825397
0.000000,31.126984,background,0.000000,66.050003,0,0,0.000000,0.841270
0.587302,31.126984,background,0.000000,66.330002,0,0,0.015873,0.841270
1.174603,31.126984,background,0.000000,66.809998,0,0,0.031746,0.841270
1.761905,31.126984,background,0.000000,67.430000,0,0,0.047619,0.841270
2.349206,31.126984,background,0.000000,68.139999,0,0,0.063492,0.841270
2.936508,31.126984,background,0.000000,68.900002,0,0,0.079365,0.841270
3.523809,31.126984,background,0.000000,69.709999,0,0,0.095238,0.841270
4.111111,31.126984,background,0.000000,70.540001,0,0,0.111111,0.841270
4.698413,31.126984,background,0.000000,71.400002,0,0,0.126984,0.841270
5.285714,31.126984,background,0.000000,72.290001,0,0,0.142857,0.841270
5.873016,31.126984,background,0.000000,73.190002,0,0,0.158730,0.841270
6.460318,31.126984,background,0.000000,74.129997,0,0,0.174603,0.841270
7.047619,31.126984,background,0.000000,75.089996,0,0,0.190476,0.841270
7.634921,31.126984,background,0.000000,76.099998,0,0,0.206349,0.841270
8.222222,31.126984,background,0.000000,77.150002,0,0,0.222222,0.841270
8.809524,31.126984,background,0.000000,78.250000,0,0,0.238095,0.841270
9.396826,31.126984,background,0.000000,79.389999,0,0,0.253968,0.841270
9.984127,31.126984,background,0.000000,80.459999,0,0,0.269841,0.841270
10.571428,31.126984,DRAM_1,20.000000,81.570000,1,1,0.285714,0.841270
11.158731,31.126984,DRAM_1,20.000000,82.379997,1,0,0.301587,0.841270
11.746032,31.126984,DRAM_1,20.000000,83.120003,1,0,0.317460,0.841270
12.333333,31.126984,DRAM_1,20.000000,83.790001,1,0,0.333333,0.841270
12.920635,31.126984,DRAM_1,20.000000,84.400002,1,0,0.349206,0.841270
13.507936,31.126984,DRAM_1,20.000000,84.959999,1,0,0.365079,0.841270
14.095238,31.126984,DRAM_1,20.000000,85.459999,1,0,0.380952,0.841270
14.682540,31.126984,DRAM_1,20.000000,85.910004,1,0,0.396825,0.841270
15.269841,31.126984,DRAM_1,20.000000,86.300003,1,0,0.412698,0.841270
15.857142,31.126984,DRAM_1,20.000000,86.639999,1,0,0.428571,0.841270
16.444445,31.126984,DRAM_1,20.000000,86.919998,1,0,0.444444,0.841270
17.031746,31.126984,DRAM_1,20.000000,87.150002,1,0,0.460317,0.841270
17.619047,31.126984,DRAM_1,20.000000,87.330002,1,0,0.476190,0.841270
18.206348,31.126984,DRAM_1,20.000000,87.459999,1,0,0.492063,0.841270
18.793652,31.126984,DRAM_1,20.000000,87.529999,1,0,0.507937,0.841270
19.380953,31.126984,DRAM_1,20.000000,87.559998,1,1,0.523810,0.841270
19.968254,31.126984,CPU2_1,150.000000,87.529999,1,0,0.539683,0.841270
20.555555,31.126984,CPU2_1,150.000000,87.449997,1,0,0.555556,0.841270
21.142857,31.126984,CPU2_1,150.000000,87.320000,1,0,0.571429,0.841270
21.730158,31.126984,CPU2_1,150.000000,87.139999,1,0,0.587302,0.841270
22.317461,31.126984,CPU2_1,150.000000,86.900002,1,0,0.603175,0.841270
22.904762,31.126984,CPU2_1,150.000000,86.620003,1,0,0.619048,0.841270
23.492064,31.126984,CPU2_1,150.000000,86.279999,1,0,0.634921,0.841270
24.079365,31.126984,CPU2_1,150.000000,85.889999,1,0,0.650794,0.841270
24.666666,31.126984,CPU2_1,150.000000,85.449997,1,0,0.666667,0.841270
25.253969,31.126984,CPU2_1,150.000000,84.949997,1,0,0.682540,0.841270
25.841270,31.126984,CPU2_1,150.000000,84.400002,1,0,0.698413,0.841270
26.428572,31.126984,CPU2_1,150.000000,83.809998,1,0,0.714286,0.841270
27.015873,31.126984,CPU2_1,150.000000,83.169998,1,0,0.730159,0.841270
27.603174,31.126984,background,0.000000,82.500000,0,1,0.746032,0.841270
28.190475,31.126984,background,0.000000,81.800003,0,0,0.761905,0.841270
28.777779,31.126984,background,0.000000,81.029999,0,0,0.777778,0.841270
29.365080,31.126984,background,0.000000,79.980003,0,0,0.793651,0.841270
29.952381,31.126984,background,0.000000,78.989998,0,0,0.809524,0.841270
30.539682,31.126984,background,0.000000,78.050003,0,0,0.825397,0.841270
31.126984,31.126984,background,0.000000,77.120003,0,0,0.841270,0.841270
31.714285,31.126984,background,0.000000,76.190002,0,0,0.857143,0.841270
32.301586,31.126984,background,0.000000,75.239998,0,0,0.873016,0.841270
32.888889,31.126984,background,0.000000,74.279999,0,0,0.888889,0.841270
33.476189,31.126984,background,0.000000,73.309998,0,0,0.904762,0.841270
34.063492,31.126984,background,0.000000,72.339996,0,0,0.920635,0.841270
34.650795,31.126984,background,0.000000,71.389999,0,0,0.936508,0.841270
35.238094,31.126984,background,0.000000,70.510002,0,0,0.952381,0.841270
35.825397,31.126984,background,0.000000,69.730003,0,0,0.968254,0.841270
36.412697,31.126984,background,0.000000,69.129997,0,0,0.984127,0.841270
37.000000,31.126984,background,0.000000,68.779999,0,0,1.000000,0.841270
0.000000,31.714285,background,0.000000,65.419998,0,0,0.000000,0.857143
0.587302,31.714285,background,0.000000,65.690002,0,0,0.015873,0.857143
1.174603,31.714285,background,0.000000,66.139999,0,0,0.031746,0.857143
1.761905,31.714285,background,0.000000,66.720001,0,0,0.047619,0.857143
2.349206,31.714285,background,0.000000,67.389999,0,0,0.063492,0.857143
2.936508,31.714285,background,0.000000,68.110001,0,0,0.079365,0.857143
3.523809,31.714285,background,0.000000,68.870003,0,0,0.095238,0.857143
4.111111,31.714285,background,0.000000,69.660004,0,0,0.111111,0.857143
4.698413,31.714285,background,0.000000,70.480003,0,0,0.126984,0.857143
5.285714,31.714285,background,0.000000,71.309998,0,0,0.142857,0.857143
5.873016,31.714285,background,0.000000,72.169998,0,0,0.158730,0.857143
6.460318,31.714285,background,0.000000,73.040001,0,0,0.174603,0.857143
7.047619,31.714285,background,0.000000,73.949997,0,0,0.190476,0.857143
7.634921,31.714285,background,0.000000,74.889999,0,0,0.206349,0.857143
8.222222,31.714285,background,0.000000,75.870003,0,0,0.222222,0.857143
8.809524,31.714285,background,0.000000,76.910004,0,0,0.238095,0.857143
9.396826,31.714285,background,0.000000,78.019997,0,0,0.253968,0.857143
9.984127,31.714285,background,0.000000,79.080002,0,0,0.269841,0.857143
10.571428,31.714285,DRAM_1,20.000000,80.169998,1,1,0.285714,0.857143
11.158731,31.714285,DRAM_1,20.000000,80.949997,1,0,0.301587,0.857143
11.746032,31.714285,DRAM_1,20.000000,81.650002,1,0,0.317460,0.857143
12.333333,31.714285,DRAM_1,20.000000,82.290001,1,0,0.333333,0.857143
12.920635,31.714285,DRAM_1,20.000000,82.870003,1,0,0.349206,0.857143
13.507936,31.714285,DRAM_1,20.000000,83.400002,1,0,0.365079,0.857143
14.095238,31.714285,DRAM_1,20.000000,83.870003,1,0,0.380952,0.857143
14.682540,31.714285,DRAM_1,20.000000,84.300003,1,0,0.396825,0.857143
15.269841,31.714285,DRAM_1,20.000000,84.669998,1,0,0.412698,0.857143
15.857142,31.714285,DRAM_1,20.000000,84.989998,1,0,0.428571,0.857143
16.444445,31.714285,DRAM_1,20.000000,85.269997,1,0,0.444444,0.857143
17.031746,31.714285,DRAM_1,20.000000,85.489998,1,0,0.460317,0.857143
17.619047,31.714285,DRAM_1,20.000000,85.660004,1,0,0.476190,0.857143
18.206348,31.714285,DRAM_1,20.000000,85.779999,1,0,0.492063,0.857143
18.793652,31.714285,DRAM_1,20.000000,85.860001,1,0,0.507937,0.857143
19.380953,31.714285,DRAM_1,20.000000,85.879997,1,1,0.523810,0.857143
19.968254,31.714285,CPU2_1,150.000000,85.849998,1,0,0.539683,0.857143
20.555555,31.714285,CPU2_1,150.000000,85.779999,1,0,0.555556,0.857143
21.142857,31.714285,CPU2_1,150.000000,85.650002,1,0,0.571429,0.857143
21.730158,31.714285,CPU2_1,150.000000,85.480003,1,0,0.587302,0.857143
22.317461,31.714285,CPU2_1,150.000000,85.260002,1,0,0.603175,0.857143
22.904762,31.714285,CPU2_1,150.000000,84.989998,1,0,0.619048,0.857143
23.492064,31.714285,CPU2_1,150.000000,84.669998,1,0,0.634921,0.857143
24.079365,31.714285,CPU2_1,150.000000,84.300003,1,0,0.650794,0.857143
24.666666,31.714285,CPU2_1,150.000000,83.879997,1,0,0.666667,0.857143
25.253969,31.714285,CPU2_1,150.000000,83.410004,1,0,0.682540,0.857143
25.841270,31.714285,CPU2_1,150.000000,82.900002,1,0,0.698413,0.857143
26.428572,31.714285,CPU2_1,150.000000,82.330002,1,0,0.714286,0.857143
27.015873,31.714285,CPU2_1,150.000000,81.720001,1,0,0.730159,0.857143
27.603174,31.714285,background,0.000000,81.070000,0,1,0.746032,0.857143
28.190475,31.714285,background,0.000000,80.379997,0,0,0.761905,0.857143
28.777779,31.714285,background,0.000000,79.559998,0,0,0.777778,0.857143
29.365080,31.714285,background,0.000000,78.470001,0,0,0.793651,0.857143
29.952381,31.714285,background,0.000000,77.449997,0,0,0.809524,0.857143
30.539682,31.714285,background,0.000000,76.500000,0,0,0.825397,0.857143
31.126984,31.714285,background,0.000000,75.589996,0,0,0.841270,0.857143
31.714285,31.714285,background,0.000000,74.699997,0,0,0.857143,0.857143
32.301586,31.714285,background,0.000000,73.800003,0,0,0.873016,0.857143
32.888889,31.714285,background,0.000000,72.900002,0,0,0.888889,0.857143
33.476189,31.714285,background,0.000000,72.010002,0,0,0.904762,0.857143
34.063492,31.714285,background,0.000000,71.120003,0,0,0.920635,0.857143
34.650795,31.714285,background,0.000000,70.269997,0,0,0.936508,0.857143
35.238094,31.714285,background,0.000000,69.470001,0,0,0.952381,0.857143
35.825397,31.714285,background,0.000000,68.769997,0,0,0.968254,0.857143
36.412697,31.714285,background,0.000000,68.230003,0,0,0.984127,0.857143
37.000000,31.714285,background,0.000000,67.910004,0,0,1.000000,0.857143
0.000000,32.301586,background,0.000000,64.820000,0,0,0.000000,0.873016
0.587302,32.301586,background,0.000000,65.070000,0,0,0.015873,0.873016
1.174603,32.301586,background,0.000000,65.500000,0,0,0.031746,0.873016
1.761905,32.301586,background,0.000000,66.050003,0,0,0.047619,0.873016
2.349206,32.301586,background,0.000000,66.669998,0,0,0.063492,0.873016
2.936508,32.301586,background,0.000000,67.360001,0,0,0.079365,0.873016
3.523809,32.301586,background,0.000000,68.080002,0,0,0.095238,0.873016
4.111111,32.301586,background,0.000000,68.820000,0,0,0.111111,0.873016
4.698413,32.301586,background,0.000000,69.589996,0,0,0.126984,0.873016
5.285714,32.301586,background,0.000000,70.379997,0,0,0.142857,0.873016
5.873016,32.301586,background,0.000000,71.190002,0,0,0.158730,0.873016
6.460318,32.301586,background,0.000000,72.019997,0,0,0.174603,0.873016
7.047619,32.301586,background,0.000000,72.870003,0,0,0.190476,0.873016
7.634921,32.301586,background,0.000000,73.750000,0,0,0.206349,0.873016
8.222222,32.301586,background,0.000000,74.680000,0,0,0.222222,0.873016
8.809524,32.301586,background,0.000000,75.669998,0,0,0.238095,0.873016
9.396826,32.301586,background,0.000000,76.739998,0,0,0.253968,0.873016
9.984127,32.301586,background,0.000000,77.779999,0,0,0.269841,0.873016
10.571428,32.301586,DRAM_1,20.000000,78.839996,1,1,0.285714,0.873016
11.158731,32.301586,DRAM_1,20.000000,79.589996,1,0,0.301587,0.873016
11.746032,32.301586,DRAM_1,20.000000,80.250000,1,0,0.317460,0.873016
12.333333,32.301586,DRAM_1,20.000000,80.860001,1,0,0.333333,0.873016
12.920635,32.301586,DRAM_1,20.000000,81.410004,1,0,0.349206,0.873016
13.507936,32.301586,DRAM_1,20.000000,81.910004,1,0,0.365079,0.873016
14.095238,32.301586,DRAM_1,20.000000,82.370003,1,0,0.380952,0.873016
14.682540,32.301586,DRAM_1,20.000000,82.769997,1,0,0.396825,0.873016
15.269841,32.301586,DRAM_1,20.000000,83.120003,1,0,0.412698,0.873016
15.857142,32.301586,DRAM_1,20.000000,83.430000,1,0,0.428571,0.873016
16.444445,32.301586,DRAM_1,20.000000,83.690002,1,0,0.444444,0.873016
17.031746,32.301586,DRAM_1,20.000000,83.900002,1,0,0.460317,0.873016
17.619047,32.301586,DRAM_1,20.000000,84.070000,1,0,0.476190,0.873016
18.206348,32.301586,DRAM_1,20.000000,84.180000,1,0,0.492063,0.873016
18.793652,32.301586,DRAM_1,20.000000,84.250000,1,0,0.507937,0.873016
19.380953,32.301586,DRAM_1,20.000000,84.279999,1,1,0.523810,0.873016
19.968254,32.301586,CPU2_1,150.000000,84.250000,1,0,0.539683,0.873016
20.555555,32.301586,CPU2_1,150.000000,84.180000,1,0,0.555556,0.873016
21.142857,32.301586,CPU2_1,150.000000,84.059998,1,0,0.571429,0.873016
21.730158,32.301586,CPU2_1,150.000000,83.900002,1,0,0.587302,0.873016
22.317461,32.301586,CPU2_1,150.000000,83.690002,1,0,0.603175,0.873016
22.904762,32.301586,CPU2_1,150.000000,83.430000,1,0,0.619048,0.873016
23.492064,32.301586,CPU2_1,150.000000,83.129997,1,0,0.634921,0.873016
24.079365,32.301586,CPU2_1,150.000000,82.779999,1,0,0.650794,0.873016
24.666666,32.301586,CPU2_1,150.000000,82.379997,1,0,0.666667,0.873016
25.253969,32.301586,CPU2_1,150.000000,81.940002,1,0,0.682540,0.873016
25.841270,32.301586,CPU2_1,150.000000,81.449997,1,0,0.698413,0.873016
26.428572,32.301586,CPU2_1,150.000000,80.910004,1,0,0.714286,0.873016
27.015873,32.301586,CPU2_1,150.000000,80.330002,1,0,0.730159,0.873016
27.603174,32.301586,background,0.000000,79.699997,0,1,0.746032,0.873016
28.190475,32.301586,background,0.000000,79.029999,0,0,0.761905,0.873016
28.777779,32.301586,background,0.000000,78.190002,0,0,0.777778,0.873016
29.365080,32.301586,background,0.000000,77.080002,0,0,0.793651,0.873016
29.952381,32.301586,background,0.000000,76.059998,0,0,0.809524,0.873016
30.539682,32.301586,background,0.000000,75.129997,0,0,0.825397,0.873016
31.126984,32.301586,background,0.000000,74.239998,0,0,0.841270,0.873016
31.714285,32.301586,background,0.000000,73.379997,0,0,0.857143,0.873016
32.301586,32.301586,background,0.000000,72.529999,0,0,0.873016,0.873016
32.888889,32.301586,background,0.000000,71.690002,0,0,0.888889,0.873016
33.476189,32.301586,background,0.000000,70.860001,0,0,0.904762,0.873016
34.063492,32.301586,background,0.000000,70.040001,0,0,0.920635,0.873016
34.650795,32.301586,background,0.000000,69.260002,0,0,0.936508,0.873016
35.238094,32.301586,background,0.000000,68.529999,0,0,0.952381,0.873016
35.825397,32.301586,background,0.000000,67.889999,0,0,0.968254,0.873016
36.412697,32.301586,background,0.000000,67.389999,0,0,0.984127,0.873016
37.000000,32.301586,background,0.000000,67.089996,0,0,1.000000,0.873016
0.000000,32.888889,background,0.000000,64.239998,0,0,0.000000,0.888889
0.587302,32.888889,background,0.000000,64.470001,0,0,0.015873,0.888889
1.174603,32.888889,background,0.000000,64.879997,0,0,0.031746,0.888889
1.761905,32.888889,background,0.000000,65.400002,0,0,0.047619,0.888889
2.349206,32.888889,background,0.000000,65.989998,0,0,0.063492,0.888889
2.936508,32.888889,background,0.000000,66.629997,0,0,0.079365,0.888889
3.523809,32.888889,background,0.000000,67.309998,0,0,0.095238,0.888889
4.111111,32.888889,background,0.000000,68.019997,0,0,0.111111,0.888889
4.698413,32.888889,background,0.000000,68.750000,0,0,0.126984,0.888889
5.285714,32.888889,background,0.000000,69.489998,0,0,0.142857,0.888889
5.873016,32.888889,background,0.000000,70.250000,0,0,0.158730,0.888889
6.460318,32.888889,background,0.000000,71.029999,0,0,0.174603,0.888889
7.047619,32.888889,background,0.000000,71.839996,0,0,0.190476,0.888889
7.634921,32.888889,background,0.000000,72.669998,0,0,0.206349,0.888889
8.222222,32.888889,background,0.000000,73.550003,0,0,0.222222,0.888889
8.809524,32.888889,background,0.000000,74.489998,0,0,0.238095,0.888889
9.396826,32.888889,background,0.000000,75.519997,0,0,0.253968,0.888889
9.984127,32.888889,background,0.000000,76.529999,0,0,0.269841,0.888889
10.571428,32.888889,DRAM_1,20.000000,77.559998,1,1,0.285714,0.888889
11.158731,32.888889,DRAM_1,20.000000,78.279999,1,0,0.301587,0.888889
11.746032,32.888889,DRAM_1,20.000000,78.910004,1,0,0.317460,0.888889
12.333333,32.888889,DRAM_1,20.000000,79.480003,1,0,0.333333,0.888889
12.920635,32.888889,DRAM_1,20.000000,80.010002,1,0,0.349206,0.888889
13.507936,32.888889,DRAM_1,20.000000,80.489998,1,0,0.365079,0.888889
14.095238,32.888889,DRAM_1,20.000000,80.910004,1,0,0.380952,0.888889
14.682540,32.888889,DRAM_1,20.000000,81.300003,1,0,0.396825,0.888889
15.269841,32.888889,DRAM_1,20.000000,81.629997,1,0,0.412698,0.888889
15.857142,32.888889,DRAM_1,20.000000,81.930000,1,0,0.428571,0.888889
16.444445,32.888889,DRAM_1,20.000000,82.169998,1,0,0.444444,0.888889
17.031746,32.888889,DRAM_1,20.000000,82.370003,1,0,0.460317,0.888889
17.619047,32.888889,DRAM_1,20.000000,82.529999,1,0,0.476190,0.888889
18.206348,32.888889,DRAM_1,20.000000,82.639999,1,0,0.492063,0.888889
18.793652,32.888889,DRAM_1,20.000000,82.709999,1,0,0.507937,0.888889
19.380953,32.888889,DRAM_1,20.000000,82.730003,1,1,0.523810,0.888889
19.968254,32.888889,CPU2_1,150.000000,82.709999,1,0,0.539683,0.888889
20.555555,32.888889,CPU2_1,150.000000,82.639999,1,0,0.555556,0.888889
21.142857,32.888889,CPU2_1,150.000000,82.529999,1,0,0.571429,0.888889
21.730158,32.888889,CPU2_1,150.000000,82.379997,1,0,0.587302,0.888889
22.317461,32.888889,CPU2_1,150.000000,82.180000,1,0,0.603175,0.888889
22.904762,32.888889,CPU2_1,150.000000,81.930000,1,0,0.619048,0.888889
23.492064,32.888889,CPU2_1,150.000000,81.650002,1,0,0.634921,0.888889
24.079365,32.888889,CPU2_1,150.000000,81.309998,1,0,0.650794,0.888889
24.666666,32.888889,CPU2_1,150.000000,80.940002,1,0,0.666667,0.888889
25.253969,32.888889,CPU2_1,150.000000,80.519997,1,0,0.682540,0.888889
25.841270,32.888889,CPU2_1,150.000000,80.050003,1,0,0.698413,0.888889
26.428572,32.888889,CPU2_1,150.000000,79.540001,1,0,0.714286,0.888889
27.015873,32.888889,CPU2_1,150.000000,78.980003,1,0,0.730159,0.888889
27.603174,32.888889,background,0.000000,78.379997,0,1,0.746032,0.888889
28.190475,32.888889,background,0.000000,77.720001,0,0,0.761905,0.888889
28.777779,32.888889,background,0.000000,76.889999,0,0,0.777778,0.888889
29.365080,32.888889,background,0.000000,75.790001,0,0,0.793651,0.888889
29.952381,32.888889,background,0.000000,74.790001,0,0,0.809524,0.888889
30.539682,32.888889,background,0.000000,73.870003,0,0,0.825397,0.888889
31.126984,32.888889,background,0.000000,73.019997,0,0,0.841270,0.888889
31.714285,32.888889,background,0.000000,72.190002,0,0,0.857143,0.888889
32.301586,32.888889,background,0.000000,71.389999,0,0,0.873016,0.888889
32.888889,32.888889,background,0.000000,70.599998,0,0,0.888889,0.888889
33.476189,32.888889,background,0.000000,69.820000,0,0,0.904762,0.888889
34.063492,32.888889,background,0.000000,69.059998,0,0,0.920635,0.888889
34.650795,32.888889,background,0.000000,68.330002,0,0,0.936508,0.888889
35.238094,32.888889,background,0.000000,67.660004,0,0,0.952381,0.888889
35.825397,32.888889,background,0.000000,67.059998,0,0,0.968254,0.888889
36.412697,32.888889,background,0.000000,66.599998,0,0,0.984127,0.888889
37.000000,32.888889,background,0.000000,66.320000,0,0,1.000000,0.888889
0.000000,33.476189,background,0.000000,63.680000,0,0,0.000000,0.904762
0.587302,33.476189,background,0.000000,63.900002,0,0,0.015873,0.904762
1.174603,33.476189,background,0.000000,64.279999,0,0,0.031746,0.904762
1.761905,33.476189,background,0.000000,64.769997,0,0,0.047619,0.904762
2.349206,33.476189,background,0.000000,65.330002,0,0,0.063492,0.904762
2.936508,33.476189,background,0.000000,65.940002,0,0,0.079365,0.904762
3.523809,33.476189,background,0.000000,66.580002,0,0,0.095238,0.904762
4.111111,33.476189,background,0.000000,67.250000,0,0,0.111111,0.904762
4.698413,33.476189,background,0.000000,67.940002,0,0,0.126984,0.904762
5.285714,33.476189,background,0.000000,68.639999,0,0,0.142857,0.904762
5.873016,33.476189,background,0.000000,69.360001,0,0,0.158730,0.904762
6.460318,33.476189,background,0.000000,70.099998,0,0,0.174603,0.904762
7.047619,33.476189,background,0.000000,70.860001,0,0,0.190476,0.904762
7.634921,33.476189,background,0.000000,71.639999,0,0,0.206349,0.904762
8.222222,33.476189,background,0.000000,72.470001,0,0,0.222222,0.904762
8.809524,33.476189,background,0.000000,73.370003,0,0,0.238095,0.904762
9.396826,33.476189,background,0.000000,74.349998,0,0,0.253968,0.904762
9.984127,33.476189,background,0.000000,75.320000,0,0,0.269841,0.904762
10.571428,33.476189,DRAM_1,20.000000,76.320000,1,1,0.285714,0.904762
11.158731,33.476189,DRAM_1,20.000000,77.010002,1,0,0.301587,0.904762
11.746032,33.476189,DRAM_1,20.000000,77.610001,1,0,0.317460,0.904762
12.333333,33.476189,DRAM_1,20.000000,78.150002,1,0,0.333333,0.904762
12.920635,33.476189,DRAM_1,20.000000,78.650002,1,0,0.349206,0.904762
13.507936,33.476189,DRAM_1,20.000000,79.099998,1,0,0.365079,0.904762
14.095238,33.476189,DRAM_1,20.000000,79.510002,1,0,0.380952,0.904762
14.682540,33.476189,DRAM_1,20.000000,79.870003,1,0,0.396825,0.904762
15.269841,33.476189,DRAM_1,20.000000,80.190002,1,0,0.412698,0.904762
15.857142,33.476189,DRAM_1,20.000000,80.470001,1,0,0.428571,0.904762
16.444445,33.476189,DRAM_1,20.000000,80.699997,1,0,0.444444,0.904762
17.031746,33.476189,DRAM_1,20.000000,80.889999,1,0,0.460317,0.904762
17.619047,33.476189,DRAM_1,20.000000,81.040001,1,0,0.476190,0.904762
18.206348,33.476189,DRAM_1,20.000000,81.139999,1,0,0.492063,0.904762
18.793652,33.476189,DRAM_1,20.000000,81.209999,1,0,0.507937,0.904762
19.380953,33.476189,DRAM_1,20.000000,81.230003,1,1,0.523810,0.904762
19.968254,33.476189,CPU2_1,150.000000,81.209999,1,0,0.539683,0.904762
20.555555,33.476189,CPU2_1,150.000000,81.150002,1,0,0.555556,0.904762
21.142857,33.476189,CPU2_1,150.000000,81.040001,1,0,0.571429,0.904762
21.730158,33.476189,CPU2_1,150.000000,80.889999,1,0,0.587302,0.904762
22.317461,33.476189,CPU2_1,150.000000,80.709999,1,0,0.603175,0.904762
22.904762,33.476189,CPU2_1,150.000000,80.480003,1,0,0.619048,0.904762
23.492064,33.476189,CPU2_1,150.000000,80.199997,1,0,0.634921,0.904762
24.079365,33.476189,CPU2_1,150.000000,79.889999,1,0,0.650794,0.904762
24.666666,33.476189,CPU2_1,150.000000,79.529999,1,0,0.666667,0.904762
25.253969,33.476189,CPU2_1,150.000000,79.139999,1,0,0.682540,0.904762
25.841270,33.476189,CPU2_1,150.000000,78.690002,1,0,0.698413,0.904762
26.428572,33.476189,CPU2_1,150.000000,78.209999,1,0,0.714286,0.904762
27.015873,33.476189,CPU2_1,150.000000,77.669998,1,0,0.730159,0.904762
27.603174,33.476189,background,0.000000,77.099998,0,1,0.746032,0.904762
28.190475,33.476189,background,0.000000,76.459999,0,0,0.761905,0.904762
28.777779,33.476189,background,0.000000,75.650002,0,0,0.777778,0.904762
29.365080,33.476189,background,0.000000,74.570000,0,0,0.793651,0.904762
29.952381,33.476189,background,0.000000,73.599998,0,0,0.809524,0.904762
30.539682,33.476189,background,0.000000,72.709999,0,0,0.825397,0.904762
31.126984,33.476189,background,0.000000,71.889999,0,0,0.841270,0.904762
31.714285,33.476189,background,0.000000,71.110001,0,0,0.857143,0.904762
32.301586,33.476189,background,0.000000,70.339996,0,0,0.873016,0.904762
32.888889,33.476189,background,0.000000,69.599998,0,0,0.888889,0.904762
33.476189,33.476189,background,0.000000,68.860001,0,0,0.904762,0.904762
34.063492,33.476189,background,0.000000,68.150002,0,0,0.920635,0.904762
34.650795,33.476189,background,0.000000,67.470001,0,0,0.936508,0.904762
35.238094,33.476189,background,0.000000,66.839996,0,0,0.952381,0.904762
35.825397,33.476189,background,0.000000,66.290001,0,0,0.968254,0.904762
36.412697,33.476189,background,0.000000,65.860001,0,0,0.984127,0.904762
37.000000,33.476189,background,0.000000,65.599998,0,0,1.000000,0.904762
0.000000,34.063492,background,0.000000,63.139999,0,0,0.000000,0.920635
0.587302,34.063492,background,0.000000,63.349998,0,0,0.015873,0.920635
1.174603,34.063492,background,0.000000,63.709999,0,0,0.031746,0.920635
1.761905,34.063492,background,0.000000,64.180000,0,0,0.047619,0.920635
2.349206,34.063492,background,0.000000,64.709999,0,0,0.063492,0.920635
2.936508,34.063492,background,0.000000,65.279999,0,0,0.079365,0.920635
3.523809,34.063492,background,0.000000,65.889999,0,0,0.095238,0.920635
4.111111,34.063492,background,0.000000,66.519997,0,0,0.111111,0.920635
4.698413,34.063492,background,0.000000,67.169998,0,0,0.126984,0.920635
5.285714,34.063492,background,0.000000,67.839996,0,0,0.142857,0.920635
5.873016,34.063492,background,0.000000,68.519997,0,0,0.158730,0.920635
6.460318,34.063492,background,0.000000,69.209999,0,0,0.174603,0.920635
7.047619,34.063492,background,0.000000,69.919998,0,0,0.190476,0.920635
7.634921,34.063492,background,0.000000,70.669998,0,0,0.206349,0.920635
8.222222,34.063492,background,0.000000,71.449997,0,0,0.222222,0.920635
8.809524,34.063492,background,0.000000,72.290001,0,0,0.238095,0.920635
9.396826,34.063492,background,0.000000,73.220001,0,0,0.253968,0.920635
9.984127,34.063492,background,0.000000,74.150002,0,0,0.269841,0.920635
10.571428,34.063492,DRAM_1,20.000000,75.110001,1,1,0.285714,0.920635
11.158731,34.063492,DRAM_1,20.000000,75.769997,1,0,0.301587,0.920635
11.746032,34.063492,DRAM_1,20.000000,76.339996,1,0,0.317460,0.920635
12.333333,34.063492,DRAM_1,20.000000,76.860001,1,0,0.333333,0.920635
12.920635,34.063492,DRAM_1,20.000000,77.330002,1,0,0.349206,0.920635
13.507936,34.063492,DRAM_1,20.000000,77.750000,1,0,0.365079,0.920635
14.095238,34.063492,DRAM_1,20.000000,78.139999,1,0,0.380952,0.920635
14.682540,34.063492,DRAM_1,20.000000,78.480003,1,0,0.396825,0.920635
15.269841,34.063492,DRAM_1,20.000000,78.779999,1,0,0.412698,0.920635
15.857142,34.063492,DRAM_1,20.000000,79.040001,1,0,0.428571,0.920635
16.444445,34.063492,DRAM_1,20.000000,79.269997,1,0,0.444444,0.920635
17.031746,34.063492,DRAM_1,20.000000,79.449997,1,0,0.460317,0.920635
17.619047,34.063492,DRAM_1,20.000000,79.589996,1,0,0.476190,0.920635
18.206348,34.063492,DRAM_1,20.000000,79.690002,1,0,0.492063,0.920635
18.793652,34.063492,DRAM_1,20.000000,79.750000,1,0,0.507937,0.920635
19.380953,34.063492,DRAM_1,20.000000,79.769997,1,1,0.523810,0.920635
19.968254,34.063492,CPU2_1,150.000000,79.750000,1,1,0.539683,0.920635
20.555555,34.063492,CPU2_1,150.000000,79.690002,1,1,0.555556,0.920635
21.142857,34.063492,CPU2_1,150.000000,79.589996,1,1,0.571429,0.920635
21.730158,34.063492,CPU2_1,150.000000,79.449997,1,1,0.587302,0.920635
22.317461,34.063492,CPU2_1,150.000000,79.269997,1,1,0.603175,0.920635
22.904762,34.063492,CPU2_1,150.000000,79.059998,1,1,0.619048,0.920635
23.492064,34.063492,CPU2_1,150.000000,78.800003,1,1,0.634921,0.920635
24.079365,34.063492,CPU2_1,150.000000,78.500000,1,1,0.650794,0.920635
24.666666,34.063492,CPU2_1,150.000000,78.169998,1,1,0.666667,0.920635
25.253969,34.063492,CPU2_1,150.000000,77.790001,1,1,0.682540,0.920635
25.841270,34.063492,CPU2_1,150.000000,77.370003,1,1,0.698413,0.920635
26.428572,34.063492,CPU2_1,150.000000,76.910004,1,1,0.714286,0.920635
27.015873,34.063492,CPU2_1,150.000000,76.400002,1,1,0.730159,0.920635
27.603174,34.063492,background,0.000000,75.849998,0,1,0.746032,0.920635
28.190475,34.063492,background,0.000000,75.239998,0,0,0.761905,0.920635
28.777779,34.063492,background,0.000000,74.449997,0,0,0.777778,0.920635
29.365080,34.063492,background,0.000000,73.410004,0,0,0.793651,0.920635
29.952381,34.063492,background,0.000000,72.480003,0,0,0.809524,0.920635
30.539682,34.063492,background,0.000000,71.629997,0,0,0.825397,0.920635
31.126984,34.063492,background,0.000000,70.849998,0,0,0.841270,0.920635
31.714285,34.063492,background,0.000000,70.099998,0,0,0.857143,0.920635
32.301586,34.063492,background,0.000000,69.379997,0,0,0.873016,0.920635
32.888889,34.063492,background,0.000000,68.669998,0,0,0.888889,0.920635
33.476189,34.063492,background,0.000000,67.989998,0,0,0.904762,0.920635
34.063492,34.063492,background,0.000000,67.320000,0,0,0.920635,0.920635
34.650795,34.063492,background,0.000000,66.680000,0,0,0.936508,0.920635
35.238094,34.063492,background,0.000000,66.089996,0,0,0.952381,0.920635
35.825397,34.063492,background,0.000000,65.570000,0,0,0.968254,0.920635
36.412697,34.063492,background,0.000000,65.169998,0,0,0.984127,0.920635
37.000000,34.063492,background,0.000000,64.930000,0,0,1.000000,0.920635
0.000000,34.650795,background,0.000000,62.639999,0,0,0.000000,0.936508
0.587302,34.650795,background,0.000000,62.840000,0,0,0.015873,0.936508
1.174603,34.650795,background,0.000000,63.180000,0,0,0.031746,0.936508
1.761905,34.650795,background,0.000000,63.619999,0,0,0.047619,0.936508
2.349206,34.650795,background,0.000000,64.120003,0,0,0.063492,0.936508
2.936508,34.650795,background,0.000000,64.660004,0,0,0.079365,0.936508
3.523809,34.650795,background,0.000000,65.239998,0,0,0.095238,0.936508
4.111111,34.650795,background,0.000000,65.839996,0,0,0.111111,0.936508
4.698413,34.650795,background,0.000000,66.449997,0,0,0.126984,0.936508
5.285714,34.650795,background,0.000000,67.080002,0,0,0.142857,0.936508
5.873016,34.650795,background,0.000000,67.720001,0,0,0.158730,0.936508
6.460318,34.650795,background,0.000000,68.379997,0,0,0.174603,0.936508
7.047619,34.650795,background,0.000000,69.050003,0,0,0.190476,0.936508
7.634921,34.650795,background,0.000000,69.750000,0,0,0.206349,0.936508
8.222222,34.650795,background,0.000000,70.489998,0,0,0.222222,0.936508
8.809524,34.650795,background,0.000000,71.279999,0,0,0.238095,0.936508
9.396826,34.650795,background,0.000000,72.139999,0,0,0.253968,0.936508
9.984127,34.650795,background,0.000000,73.010002,0,0,0.269841,0.936508
10.571428,34.650795,DRAM_1,20.000000,73.940002,1,1,0.285714,0.936508
11.158731,34.650795,DRAM_1,20.000000,74.559998,1,0,0.301587,0.936508
11.746032,34.650795,DRAM_1,20.000000,75.110001,1,0,0.317460,0.936508
12.333333,34.650795,DRAM_1,20.000000,75.599998,1,0,0.333333,0.936508
12.920635,34.650795,DRAM_1,20.000000,76.040001,1,0,0.349206,0.936508
13.507936,34.650795,DRAM_1,20.000000,76.440002,1,0,0.365079,0.936508
14.095238,34.650795,DRAM_1,20.000000,76.800003,1,0,0.380952,0.936508
14.682540,34.650795,DRAM_1,20.000000,77.129997,1,0,0.396825,0.936508
15.269841,34.650795,DRAM_1,20.000000,77.410004,1,0,0.412698,0.936508
15.857142,34.650795,DRAM_1,20.000000,77.660004,1,0,0.428571,0.936508
16.444445,34.650795,DRAM_1,20.000000,77.870003,1,0,0.444444,0.936508
17.031746,34.650795,DRAM_1,20.000000,78.040001,1,0,0.460317,0.936508
17.619047,34.650795,DRAM_1,20.000000,78.169998,1,0,0.476190,0.936508
18.206348,34.650795,DRAM_1,20.000000,78.269997,1,0,0.492063,0.936508
18.793652,34.650795,DRAM_1,20.000000,78.320000,1,0,0.507937,0.936508
19.380953,34.650795,DRAM_1,20.000000,78.339996,1,1,0.523810,0.936508
19.968254,34.650795,background,0.000000,78.330002,0,0,0.539683,0.936508
20.555555,34.650795,background,0.000000,78.269997,0,0,0.555556,0.936508
21.142857,34.650795,background,0.000000,78.180000,0,0,0.571429,0.936508
21.730158,34.650795,background,0.000000,78.050003,0,0,0.587302,0.936508
22.317461,34.650795,background,0.000000,77.879997,0,0,0.603175,0.936508
22.904762,34.650795,background,0.000000,77.669998,0,0,0.619048,0.936508
23.492064,34.650795,background,0.000000,77.430000,0,0,0.634921,0.936508
24.079365,34.650795,background,0.000000,77.150002,0,0,0.650794,0.936508
24.666666,34.650795,background,0.000000,76.830002,0,0,0.666667,0.936508
25.253969,34.650795,background,0.000000,76.470001,0,0,0.682540,0.936508
25.841270,34.650795,background,0.000000,76.080002,0,0,0.698413,0.936508
26.428572,34.650795,background,0.000000,75.639999,0,0,0.714286,0.936508
27.015873,34.650795,background,0.000000,75.160004,0,0,0.730159,0.936508
27.603174,34.650795,background,0.000000,74.629997,0,0,0.746032,0.936508
28.190475,34.650795,background,0.000000,74.050003,0,0,0.761905,0.936508
28.777779,34.650795,background,0.000000,73.309998,0,0,0.777778,0.936508
29.365080,34.650795,background,0.000000,72.320000,0,0,0.793651,0.936508
29.952381,34.650795,background,0.000000,71.440002,0,0,0.809524,0.936508
30.539682,34.650795,background,0.000000,70.629997,0,0,0.825397,0.936508
31.126984,34.650795,background,0.000000,69.889999,0,0,0.841270,0.936508
31.714285,34.650795,background,0.000000,69.180000,0,0,0.857143,0.936508
32.301586,34.650795,background,0.000000,68.500000,0,0,0.873016,0.936508
32.888889,34.650795,background,0.000000,67.830002,0,0,0.888889,0.936508
33.476189,34.650795,background,0.000000,67.180000,0,0,0.904762,0.936508
34.063492,34.650795,background,0.000000,66.550003,0,0,0.920635,0.936508
34.650795,34.650795,background,0.000000,65.949997,0,0,0.936508,0.936508
35.238094,34.650795,background,0.000000,65.400002,0,0,0.952381,0.936508
35.825397,34.650795,background,0.000000,64.910004,0,0,0.968254,0.936508
36.412697,34.650795,background,0.000000,64.529999,0,0,0.984127,0.936508
37.000000,34.650795,background,0.000000,64.309998,0,0,1.000000,0.936508
0.000000,35.238094,background,0.000000,62.180000,0,0,0.000000,0.952381
0.587302,35.238094,background,0.000000,62.369999,0,0,0.015873,0.952381
1.174603,35.238094,background,0.000000,62.700001,0,0,0.031746,0.952381
1.761905,35.238094,background,0.000000,63.110001,0,0,0.047619,0.952381
2.349206,35.238094,background,0.000000,63.580002,0,0,0.063492,0.952381
2.936508,35.238094,background,0.000000,64.099998,0,0,0.079365,0.952381
3.523809,35.238094,background,0.000000,64.650002,0,0,0.095238,0.952381
4.111111,35.238094,background,0.000000,65.209999,0,0,0.111111,0.952381
4.698413,35.238094,background,0.000000,65.800003,0,0,0.126984,0.952381
5.285714,35.238094,background,0.000000,66.389999,0,0,0.142857,0.952381
5.873016,35.238094,background,0.000000,67.000000,0,0,0.158730,0.952381
6.460318,35.238094,background,0.000000,67.620003,0,0,0.174603,0.952381
7.047619,35.238094,background,0.000000,68.260002,0,0,0.190476,0.952381
7.634921,35.238094,background,0.000000,68.910004,0,0,0.206349,0.952381
8.222222,35.238094,background,0.000000,69.599998,0,0,0.222222,0.952381
8.809524,35.238094,background,0.000000,70.330002,0,0,0.238095,0.952381
9.396826,35.238094,background,0.000000,71.120003,0,0,0.253968,0.952381
9.984127,35.238094,background,0.000000,71.919998,0,0,0.269841,0.952381
10.571428,35.238094,DRAM_1,20.000000,72.800003,1,1,0.285714,0.952381
11.158731,35.238094,DRAM_1,20.000000,73.400002,1,0,0.301587,0.952381
11.746032,35.238094,DRAM_1,20.000000,73.910004,1,0,0.317460,0.952381
12.333333,35.238094,DRAM_1,20.000000,74.370003,1,0,0.333333,0.952381
12.920635,35.238094,DRAM_1,20.000000,74.790001,1,0,0.349206,0.952381
13.507936,35.238094,DRAM_1,20.000000,75.169998,1,0,0.365079,0.952381
14.095238,35.238094,DRAM_1,20.000000,75.510002,1,0,0.380952,0.952381
14.682540,35.238094,DRAM_1,20.000000,75.809998,1,0,0.396825,0.952381
15.269841,35.238094,DRAM_1,20.000000,76.080002,1,0,0.412698,0.952381
15.857142,35.238094,DRAM_1,20.000000,76.320000,1,0,0.428571,0.952381
16.444445,35.238094,DRAM_1,20.000000,76.510002,1,0,0.444444,0.952381
17.031746,35.238094,DRAM_1,20.000000,76.669998,1,0,0.460317,0.952381
17.619047,35.238094,DRAM_1,20.000000,76.800003,1,0,0.476190,0.952381
18.206348,35.238094,DRAM_1,20.000000,76.889999,1,0,0.492063,0.952381
18.793652,35.238094,DRAM_1,20.000000,76.940002,1,0,0.507937,0.952381
19.380953,35.238094,DRAM_1,20.000000,76.959999,1,1,0.523810,0.952381
19.968254,35.238094,background,0.000000,76.940002,0,0,0.539683,0.952381
20.555555,35.238094,background,0.000000,76.889999,0,0,0.555556,0.952381
21.142857,35.238094,background,0.000000,76.800003,0,0,0.571429,0.952381
21.730158,35.238094,background,0.000000,76.680000,0,0,0.587302,0.952381
22.317461,35.238094,background,0.000000,76.519997,0,0,0.603175,0.952381
22.904762,35.238094,background,0.000000,76.330002,0,0,0.619048,0.952381
23.492064,35.238094,background,0.000000,76.099998,0,0,0.634921,0.952381
24.079365,35.238094,background,0.000000,75.839996,0,0,0.650794,0.952381
24.666666,35.238094,background,0.000000,75.540001,0,0,0.666667,0.952381
25.253969,35.238094,background,0.000000,75.199997,0,0,0.682540,0.952381
25.841270,35.238094,background,0.000000,74.820000,0,0,0.698413,0.952381
26.428572,35.238094,background,0.000000,74.410004,0,0,0.714286,0.952381
27.015873,35.238094,background,0.000000,73.949997,0,0,0.730159,0.952381
27.603174,35.238094,background,0.000000,73.459999,0,0,0.746032,0.952381
28.190475,35.238094,background,0.000000,72.910004,0,0,0.761905,0.952381
28.777779,35.238094,background,0.000000,72.220001,0,0,0.777778,0.952381
29.365080,35.238094,background,0.000000,71.309998,0,0,0.793651,0.952381
29.952381,35.238094,background,0.000000,70.480003,0,0,0.809524,0.952381
30.539682,35.238094,background,0.000000,69.730003,0,0,0.825397,0.952381
31.126984,35.238094,background,0.000000,69.029999,0,0,0.841270,0.952381
31.714285,35.238094,background,0.000000,68.349998,0,0,0.857143,0.952381
32.301586,35.238094,background,0.000000,67.709999,0,0,0.873016,0.952381
32.888889,35.238094,background,0.000000,67.070000,0,0,0.888889,0.952381
33.476189,35.238094,background,0.000000,66.459999,0,0,0.904762,0.952381
34.063492,35.238094,background,0.000000,65.860001,0,0,0.920635,0.952381
34.650795,35.238094,background,0.000000,65.300003,0,0,0.936508,0.952381
35.238094,35.238094,background,0.000000,64.769997,0,0,0.952381,0.952381
35.825397,35.238094,background,0.000000,64.320000,0,0,0.968254,0.952381
36.412697,35.238094,background,0.000000,63.959999,0,0,0.984127,0.952381
37.000000,35.238094,background,0.000000,63.750000,0,0,1.000000,0.952381
0.000000,35.825397,background,0.000000,61.790001,0,0,0.000000,0.968254
0.587302,35.825397,background,0.000000,61.970001,0,0,0.015873,0.968254
1.174603,35.825397,background,0.000000,62.270000,0,0,0.031746,0.968254
1.761905,35.825397,background,0.000000,62.669998,0,0,0.047619,0.968254
2.349206,35.825397,background,0.000000,63.119999,0,0,0.063492,0.968254
2.936508,35.825397,background,0.000000,63.610001,0,0,0.079365,0.968254
3.523809,35.825397,background,0.000000,64.129997,0,0,0.095238,0.968254
4.111111,35.825397,background,0.000000,64.669998,0,0,0.111111,0.968254
4.698413,35.825397,background,0.000000,65.230003,0,0,0.126984,0.968254
5.285714,35.825397,background,0.000000,65.800003,0,0,0.142857,0.968254
5.873016,35.825397,background,0.000000,66.379997,0,0,0.158730,0.968254
6.460318,35.825397,background,0.000000,66.970001,0,0,0.174603,0.968254
7.047619,35.825397,background,0.000000,67.570000,0,0,0.190476,0.968254
7.634921,35.825397,background,0.000000,68.190002,0,0,0.206349,0.968254
8.222222,35.825397,background,0.000000,68.820000,0,0,0.222222,0.968254
8.809524,35.825397,background,0.000000,69.489998,0,0,0.238095,0.968254
9.396826,35.825397,background,0.000000,70.199997,0,0,0.253968,0.968254
9.984127,35.825397,background,0.000000,70.889999,0,0,0.269841,0.968254
10.571428,35.825397,DRAM_1,20.000000,71.720001,1,1,0.285714,0.968254
11.158731,35.825397,DRAM_1,20.000000,72.279999,1,0,0.301587,0.968254
11.746032,35.825397,DRAM_1,20.000000,72.769997,1,0,0.317460,0.968254
12.333333,35.825397,DRAM_1,20.000000,73.199997,1,0,0.333333,0.968254
12.920635,35.825397,DRAM_1,20.000000,73.599998,1,0,0.349206,0.968254
13.507936,35.825397,DRAM_1,20.000000,73.959999,1,0,0.365079,0.968254
14.095238,35.825397,DRAM_1,20.000000,74.279999,1,0,0.380952,0.968254
14.682540,35.825397,DRAM_1,20.000000,74.559998,1,0,0.396825,0.968254
15.269841,35.825397,DRAM_1,20.000000,74.820000,1,0,0.412698,0.968254
15.857142,35.825397,DRAM_1,20.000000,75.029999,1,0,0.428571,0.968254
16.444445,35.825397,DRAM_1,20.000000,75.220001,1,0,0.444444,0.968254
17.031746,35.825397,DRAM_1,20.000000,75.370003,1,0,0.460317,0.968254
17.619047,35.825397,DRAM_1,20.000000,75.489998,1,0,0.476190,0.968254
18.206348,35.825397,DRAM_1,20.000000,75.570000,1,0,0.492063,0.968254
18.793652,35.825397,DRAM_1,20.000000,75.620003,1,0,0.507937,0.968254
19.380953,35.825397,DRAM_1,20.000000,75.639999,1,1,0.523810,0.968254
19.968254,35.825397,background,0.000000,75.629997,0,0,0.539683,0.968254
20.555555,35.825397,background,0.000000,75.580002,0,0,0.555556,0.968254
21.142857,35.825397,background,0.000000,75.489998,0,0,0.571429,0.968254
21.730158,35.825397,background,0.000000,75.379997,0,0,0.587302,0.968254
22.317461,35.825397,background,0.000000,75.230003,0,0,0.603175,0.968254
22.904762,35.825397,background,0.000000,75.050003,0,0,0.619048,0.968254
23.492064,35.825397,background,0.000000,74.830002,0,0,0.634921,0.968254
24.079365,35.825397,background,0.000000,74.580002,0,0,0.650794,0.968254
24.666666,35.825397,background,0.000000,74.300003,0,0,0.666667,0.968254
25.253969,35.825397,background,0.000000,73.980003,0,0,0.682540,0.968254
25.841270,35.825397,background,0.000000,73.629997,0,0,0.698413,0.968254
26.428572,35.825397,background,0.000000,73.239998,0,0,0.714286,0.968254
27.015873,35.825397,background,0.000000,72.809998,0,0,0.730159,0.968254
27.603174,35.825397,background,0.000000,72.339996,0,0,0.746032,0.968254
28.190475,35.825397,background,0.000000,71.830002,0,0,0.761905,0.968254
28.777779,35.825397,background,0.000000,71.230003,0,0,0.777778,0.968254
29.365080,35.825397,background,0.000000,70.410004,0,0,0.793651,0.968254
29.952381,35.825397,background,0.000000,69.650002,0,0,0.809524,0.968254
30.539682,35.825397,background,0.000000,68.949997,0,0,0.825397,0.968254
31.126984,35.825397,background,0.000000,68.279999,0,0,0.841270,0.968254
31.714285,35.825397,background,0.000000,67.650002,0,0,0.857143,0.968254
32.301586,35.825397,background,0.000000,67.029999,0,0,0.873016,0.968254
32.888889,35.825397,background,0.000000,66.430000,0,0,0.888889,0.968254
33.476189,35.825397,background,0.000000,65.839996,0,0,0.904762,0.968254
34.063492,35.825397,background,0.000000,65.269997,0,0,0.920635,0.968254
34.650795,35.825397,background,0.000000,64.739998,0,0,0.936508,0.968254
35.238094,35.825397,background,0.000000,64.239998,0,0,0.952381,0.968254
35.825397,35.825397,background,0.000000,63.810001,0,0,0.968254,0.968254
36.412697,35.825397,background,0.000000,63.470001,0,0,0.984127,0.968254
37.000000,35.825397,background,0.000000,63.270000,0,0,1.000000,0.968254
0.000000,36.412697,background,0.000000,61.480000,0,0,0.000000,0.984127
0.587302,36.412697,background,0.000000,61.650002,0,0,0.015873,0.984127
1.174603,36.412697,background,0.000000,61.950001,0,0,0.031746,0.984127
1.761905,36.412697,background,0.000000,62.330002,0,0,0.047619,0.984127
2.349206,36.412697,background,0.000000,62.759998,0,0,0.063492,0.984127
2.936508,36.412697,background,0.000000,63.230000,0,0,0.079365,0.984127
3.523809,36.412697,background,0.000000,63.730000,0,0,0.095238,0.984127
4.111111,36.412697,background,0.000000,64.250000,0,0,0.111111,0.984127
4.698413,36.412697,background,0.000000,64.790001,0,0,0.126984,0.984127
5.285714,36.412697,background,0.000000,65.339996,0,0,0.142857,0.984127
5.873016,36.412697,background,0.000000,65.889999,0,0,0.158730,0.984127
6.460318,36.412697,background,0.000000,66.459999,0,0,0.174603,0.984127
7.047619,36.412697,background,0.000000,67.029999,0,0,0.190476,0.984127
7.634921,36.412697,background,0.000000,67.620003,0,0,0.206349,0.984127
8.222222,36.412697,background,0.000000,68.220001,0,0,0.222222,0.984127
8.809524,36.412697,background,0.000000,68.820000,0,0,0.238095,0.984127
9.396826,36.412697,background,0.000000,69.430000,0,0,0.253968,0.984127
9.984127,36.412697,background,0.000000,69.989998,0,0,0.269841,0.984127
10.571428,36.412697,DRAM_1,20.000000,70.750000,1,1,0.285714,0.984127
11.158731,36.412697,DRAM_1,20.000000,71.290001,1,0,0.301587,0.984127
11.746032,36.412697,DRAM_1,20.000000,71.739998,1,0,0.317460,0.984127
12.333333,36.412697,DRAM_1,20.000000,72.160004,1,0,0.333333,0.984127
12.920635,36.412697,DRAM_1,20.000000,72.529999,1,0,0.349206,0.984127
13.507936,36.412697,DRAM_1,20.000000,72.870003,1,0,0.365079,0.984127
14.095238,36.412697,DRAM_1,20.000000,73.169998,1,0,0.380952,0.984127
14.682540,36.412697,DRAM_1,20.000000,73.440002,1,0,0.396825,0.984127
15.269841,36.412697,DRAM_1,20.000000,73.680000,1,0,0.412698,0.984127
15.857142,36.412697,DRAM_1,20.000000,73.879997,1,0,0.428571,0.984127
16.444445,36.412697,DRAM_1,20.000000,74.059998,1,0,0.444444,0.984127
17.031746,36.412697,DRAM_1,20.000000,74.199997,1,0,0.460317,0.984127
17.619047,36.412697,DRAM_1,20.000000,74.309998,1,0,0.476190,0.984127
18.206348,36.412697,DRAM_1,20.000000,74.389999,1,0,0.492063,0.984127
18.793652,36.412697,DRAM_1,20.000000,74.440002,1,0,0.507937,0.984127
19.380953,36.412697,DRAM_1,20.000000,74.459999,1,1,0.523810,0.984127
19.968254,36.412697,background,0.000000,74.440002,0,0,0.539683,0.984127
20.555555,36.412697,background,0.000000,74.400002,0,0,0.555556,0.984127
21.142857,36.412697,background,0.000000,74.320000,0,0,0.571429,0.984127
21.730158,36.412697,background,0.000000,74.209999,0,0,0.587302,0.984127
22.317461,36.412697,background,0.000000,74.070000,0,0,0.603175,0.984127
22.904762,36.412697,background,0.000000,73.900002,0,0,0.619048,0.984127
23.492064,36.412697,background,0.000000,73.690002,0,0,0.634921,0.984127
24.079365,36.412697,background,0.000000,73.459999,0,0,0.650794,0.984127
24.666666,36.412697,background,0.000000,73.190002,0,0,0.666667,0.984127
25.253969,36.412697,background,0.000000,72.889999,0,0,0.682540,0.984127
25.841270,36.412697,background,0.000000,72.559998,0,0,0.698413,0.984127
26.428572,36.412697,background,0.000000,72.190002,0,0,0.714286,0.984127
27.015873,36.412697,background,0.000000,71.779999,0,0,0.730159,0.984127
27.603174,36.412697,background,0.000000,71.339996,0,0,0.746032,0.984127
28.190475,36.412697,background,0.000000,70.879997,0,0,0.761905,0.984127
28.777779,36.412697,background,0.000000,70.400002,0,0,0.777778,0.984127
29.365080,36.412697,background,0.000000,69.690002,0,0,0.793651,0.984127
29.952381,36.412697,background,0.000000,69.000000,0,0,0.809524,0.984127
30.539682,36.412697,background,0.000000,68.339996,0,0,0.825397,0.984127
31.126984,36.412697,background,0.000000,67.709999,0,0,0.841270,0.984127
31.714285,36.412697,background,0.000000,67.099998,0,0,0.857143,0.984127
32.301586,36.412697,background,0.000000,66.510002,0,0,0.873016,0.984127
32.888889,36.412697,background,0.000000,65.930000,0,0,0.888889,0.984127
33.476189,36.412697,background,0.000000,65.360001,0,0,0.904762,0.984127
34.063492,36.412697,background,0.000000,64.820000,0,0,0.920635,0.984127
34.650795,36.412697,background,0.000000,64.300003,0,0,0.936508,0.984127
35.238094,36.412697,background,0.000000,63.830002,0,0,0.952381,0.984127
35.825397,36.412697,background,0.000000,63.410000,0,0,0.968254,0.984127
36.412697,36.412697,background,0.000000,63.090000,0,0,0.984127,0.984127
37.000000,36.412697,background,0.000000,62.900002,0,0,1.000000,0.984127
0.000000,37.000000,background,0.000000,61.310001,0,0,0.000000,1.000000
0.587302,37.000000,background,0.000000,61.470001,0,0,0.015873,1.000000
1.174603,37.000000,background,0.000000,61.759998,0,0,0.031746,1.000000
1.761905,37.000000,background,0.000000,62.130001,0,0,0.047619,1.000000
2.349206,37.000000,background,0.000000,62.549999,0,0,0.063492,1.000000
2.936508,37.000000,background,0.000000,63.009998,0,0,0.079365,1.000000
3.523809,37.000000,background,0.000000,63.500000,0,0,0.095238,1.000000
4.111111,37.000000,background,0.000000,64.010002,0,0,0.111111,1.000000
4.698413,37.000000,background,0.000000,64.529999,0,0,0.126984,1.000000
5.285714,37.000000,background,0.000000,65.059998,0,0,0.142857,1.000000
5.873016,37.000000,background,0.000000,65.610001,0,0,0.158730,1.000000
6.460318,37.000000,background,0.000000,66.160004,0,0,0.174603,1.000000
7.047619,37.000000,background,0.000000,66.720001,0,0,0.190476,1.000000
7.634921,37.000000,background,0.000000,67.290001,0,0,0.206349,1.000000
8.222222,37.000000,background,0.000000,67.860001,0,0,0.222222,1.000000
8.809524,37.000000,background,0.000000,68.419998,0,0,0.238095,1.000000
9.396826,37.000000,background,0.000000,68.949997,0,0,0.253968,1.000000
9.984127,37.000000,background,0.000000,69.370003,0,0,0.269841,1.000000
10.571428,37.000000,DRAM_1,20.000000,70.080002,1,1,0.285714,1.000000
11.158731,37.000000,DRAM_1,20.000000,70.580002,1,1,0.301587,1.000000
11.746032,37.000000,DRAM_1,20.000000,71.019997,1,1,0.317460,1.000000
12.333333,37.000000,DRAM_1,20.000000,71.419998,1,1,0.333333,1.000000
12.920635,37.000000,DRAM_1,20.000000,71.779999,1,1,0.349206,1.000000
13.507936,37.000000,DRAM_1,20.000000,72.099998,1,1,0.365079,1.000000
14.095238,37.000000,DRAM_1,20.000000,72.389999,1,1,0.380952,1.000000
14.682540,37.000000,DRAM_1,20.000000,72.650002,1,1,0.396825,1.000000
15.269841,37.000000,DRAM_1,20.000000,72.879997,1,1,0.412698,1.000000
15.857142,37.000000,DRAM_1,20.000000,73.070000,1,1,0.428571,1.000000
16.444445,37.000000,DRAM_1,20.000000,73.239998,1,1,0.444444,1.000000
17.031746,37.000000,DRAM_1,20.000000,73.379997,1,1,0.460317,1.000000
17.619047,37.000000,DRAM_1,20.000000,73.480003,1,1,0.476190,1.000000
18.206348,37.000000,DRAM_1,20.000000,73.559998,1,1,0.492063,1.000000
18.793652,37.000000,DRAM_1,20.000000,73.610001,1,1,0.507937,1.000000
19.380953,37.000000,DRAM_1,20.000000,73.620003,1,1,0.523810,1.000000
19.968254,37.000000,background,0.000000,73.610001,0,0,0.539683,1.000000
20.555555,37.000000,background,0.000000,73.570000,0,0,0.555556,1.000000
21.142857,37.000000,background,0.000000,73.489998,0,0,0.571429,1.000000
21.730158,37.000000,background,0.000000,73.389999,0,0,0.587302,1.000000
22.317461,37.000000,background,0.000000,73.250000,0,0,0.603175,1.000000
22.904762,37.000000,background,0.000000,73.089996,0,0,0.619048,1.000000
23.492064,37.000000,background,0.000000,72.889999,0,0,0.634921,1.000000
24.079365,37.000000,background,0.000000,72.669998,0,0,0.650794,1.000000
24.666666,37.000000,background,0.000000,72.410004,0,0,0.666667,1.000000
25.253969,37.000000,background,0.000000,72.120003,0,0,0.682540,1.000000
25.841270,37.000000,background,0.000000,71.800003,0,0,0.698413,1.000000
26.428572,37.000000,background,0.000000,71.449997,0,0,0.714286,1.000000
27.015873,37.000000,background,0.000000,71.059998,0,0,0.730159,1.000000
27.603174,37.000000,background,0.000000,70.639999,0,0,0.746032,1.000000
28.190475,37.000000,background,0.000000,70.220001,0,0,0.761905,1.000000
28.777779,37.000000,background,0.000000,69.870003,0,0,0.777778,1.000000
29.365080,37.000000,background,0.000000,69.260002,0,0,0.793651,1.000000
29.952381,37.000000,background,0.000000,68.610001,0,0,0.809524,1.000000
30.539682,37.000000,background,0.000000,67.980003,0,0,0.825397,1.000000
31.126984,37.000000,background,0.000000,67.370003,0,0,0.841270,1.000000
31.714285,37.000000,background,0.000000,66.779999,0,0,0.857143,1.000000
32.301586,37.000000,background,0.000000,66.199997,0,0,0.873016,1.000000
32.888889,37.000000,background,0.000000,65.639999,0,0,0.888889,1.000000
33.476189,37.000000,background,0.000000,65.089996,0,0,0.904762,1.000000
34.063492,37.000000,background,0.000000,64.559998,0,0,0.920635,1.000000
34.650795,37.000000,background,0.000000,64.050003,0,0,0.936508,1.000000
35.238094,37.000000,background,0.000000,63.590000,0,0,0.952381,1.000000
35.825397,37.000000,background,0.000000,63.189999,0,0,0.968254,1.000000
36.412697,37.000000,background,0.000000,62.869999,0,0,0.984127,1.000000
37.000000,37.000000,background,0.000000,62.689999,0,0,1.000000,1.000000
