grid_x,grid_y,chiplet_id,chiplet_power,temperature,occupancy_mask,edge_mask,coord_x_norm,coord_y_norm
0.000000,0.000000,background,0.000000,32.639999,0,0,0.000000,0.000000
0.873016,0.000000,background,0.000000,32.709999,0,0,0.015873,0.000000
1.746032,0.000000,background,0.000000,32.830002,0,0,0.031746,0.000000
2.619048,0.000000,background,0.000000,32.959999,0,0,0.047619,0.000000
3.492064,0.000000,background,0.000000,33.110001,0,0,0.063492,0.000000
4.365079,0.000000,background,0.000000,33.270000,0,0,0.079365,0.000000
5.238095,0.000000,background,0.000000,33.430000,0,0,0.095238,0.000000
6.111111,0.000000,background,0.000000,33.599998,0,0,0.111111,0.000000
6.984127,0.000000,background,0.000000,33.770000,0,0,0.126984,0.000000
7.857143,0.000000,background,0.000000,33.939999,0,0,0.142857,0.000000
8.730159,0.000000,background,0.000000,34.119999,0,0,0.158730,0.000000
9.603174,0.000000,background,0.000000,34.299999,0,0,0.174603,0.000000
10.476191,0.000000,background,0.000000,34.470001,0,0,0.190476,0.000000
11.349206,0.000000,background,0.000000,34.660000,0,0,0.206349,0.000000
12.222222,0.000000,background,0.000000,34.840000,0,0,0.222222,0.000000
13.095238,0.000000,background,0.000000,35.029999,0,0,0.238095,0.000000
13.968254,0.000000,background,0.000000,35.220001,0,0,0.253968,0.000000
14.841269,0.000000,background,0.000000,35.410000,0,0,0.269841,0.000000
15.714286,0.000000,background,0.000000,35.599998,0,0,0.285714,0.000000
16.587301,0.000000,background,0.000000,35.799999,0,0,0.301587,0.000000
17.460318,0.000000,background,0.000000,36.000000,0,0,0.317460,0.000000
18.333334,0.000000,background,0.000000,36.209999,0,0,0.333333,0.000000
19.206348,0.000000,background,0.000000,36.430000,0,0,0.349206,0.000000
20.079365,0.000000,background,0.000000,36.660000,0,0,0.365079,0.000000
20.952381,0.000000,background,0.000000,36.889999,0,0,0.380952,0.000000
21.825397,0.000000,background,0.000000,37.060001,0,0,0.396825,0.000000
22.698412,0.000000,background,0.000000,37.360001,0,0,0.412698,0.000000
23.571428,0.000000,background,0.000000,37.560001,0,0,0.428571,0.000000
24.444445,0.000000,background,0.000000,37.709999,0,0,0.444444,0.000000
25.317461,0.000000,background,0.000000,37.830002,0,0,0.460317,0.000000
26.190475,0.000000,background,0.000000,37.939999,0,0,0.476190,0.000000
27.063492,0.000000,background,0.000000,38.020000,0,0,0.492063,0.000000
27.936508,0.000000,background,0.000000,38.090000,0,0,0.507937,0.000000
28.809525,0.000000,background,0.000000,38.130001,0,0,0.523810,0.000000
29.682539,0.000000,background,0.000000,38.160000,0,0,0.539683,0.000000
30.555555,0.000000,background,0.000000,38.169998,0,0,0.555556,0.000000
31.428572,0.000000,background,0.000000,38.160000,0,0,0.571429,0.000000
32.301586,0.000000,background,0.000000,38.119999,0,0,0.587302,0.000000
33.174603,0.000000,background,0.000000,38.070000,0,0,0.603175,0.000000
34.047619,0.000000,background,0.000000,38.000000,0,0,0.619048,0.000000
34.920635,0.000000,background,0.000000,37.910000,0,0,0.634921,0.000000
35.793652,0.000000,background,0.000000,37.799999,0,0,0.650794,0.000000
36.666668,0.000000,background,0.000000,37.669998,0,0,0.666667,0.000000
37.539684,0.000000,background,0.000000,37.509998,0,0,0.682540,0.000000
38.412697,0.000000,background,0.000000,37.320000,0,0,0.698413,0.000000
39.285713,0.000000,background,0.000000,36.980000,0,0,0.714286,0.000000
40.158730,0.000000,background,0.000000,36.799999,0,0,0.730159,0.000000
41.031746,0.000000,background,0.000000,36.580002,0,0,0.746032,0.000000
41.904762,0.000000,background,0.000000,36.360001,0,0,0.761905,0.000000
42.777779,0.000000,background,0.000000,36.150002,0,0,0.777778,0.000000
43.650795,0.000000,background,0.000000,35.939999,0,0,0.793651,0.000000
44.523811,0.000000,background,0.000000,35.740002,0,0,0.809524,0.000000
45.396824,0.000000,background,0.000000,35.540001,0,0,0.825397,0.000000
46.269840,0.000000,background,0.000000,35.349998,0,0,0.841270,0.000000
47.142857,0.000000,background,0.000000,35.150002,0,0,0.857143,0.000000
48.015873,0.000000,background,0.000000,34.970001,0,0,0.873016,0.000000
48.888889,0.000000,background,0.000000,34.779999,0,0,0.888889,0.000000
49.761906,0.000000,background,0.000000,34.599998,0,0,0.904762,0.000000
50.634922,0.000000,background,0.000000,34.430000,0,0,0.920635,0.000000
51.507938,0.000000,background,0.000000,34.259998,0,0,0.936508,0.000000
52.380951,0.000000,background,0.000000,34.099998,0,0,0.952381,0.000000
53.253967,0.000000,background,0.000000,33.959999,0,0,0.968254,0.000000
54.126984,0.000000,background,0.000000,33.840000,0,0,0.984127,0.000000
55.000000,0.000000,background,0.000000,33.770000,0,0,1.000000,0.000000
0.000000,0.825397,background,0.000000,32.700001,0,0,0.000000,0.015873
0.873016,0.825397,background,0.000000,32.779999,0,0,0.015873,0.015873
1.746032,0.825397,background,0.000000,32.889999,0,0,0.031746,0.015873
2.619048,0.825397,background,0.000000,33.029999,0,0,0.047619,0.015873
3.492064,0.825397,background,0.000000,33.189999,0,0,0.063492,0.015873
4.365079,0.825397,background,0.000000,33.349998,0,0,0.079365,0.015873
5.238095,0.825397,background,0.000000,33.520000,0,0,0.095238,0.015873
6.111111,0.825397,background,0.000000,33.689999,0,0,0.111111,0.015873
6.984127,0.825397,background,0.000000,33.869999,0,0,0.126984,0.015873
7.857143,0.825397,background,0.000000,34.049999,0,0,0.142857,0.015873
8.730159,0.825397,background,0.000000,34.230000,0,0,0.158730,0.015873
9.603174,0.825397,background,0.000000,34.410000,0,0,0.174603,0.015873
10.476191,0.825397,background,0.000000,34.599998,0,0,0.190476,0.015873
11.349206,0.825397,background,0.000000,34.779999,0,0,0.206349,0.015873
12.222222,0.825397,background,0.000000,34.970001,0,0,0.222222,0.015873
13.095238,0.825397,background,0.000000,35.169998,0,0,0.238095,0.015873
13.968254,0.825397,background,0.000000,35.360001,0,0,0.253968,0.015873
14.841269,0.825397,background,0.000000,35.560001,0,0,0.269841,0.015873
15.714286,0.825397,background,0.000000,35.759998,0,0,0.285714,0.015873
16.587301,0.825397,background,0.000000,35.970001,0,0,0.301587,0.015873
17.460318,0.825397,background,0.000000,36.180000,0,0,0.317460,0.015873
18.333334,0.825397,background,0.000000,36.400002,0,0,0.333333,0.015873
19.206348,0.825397,background,0.000000,36.630001,0,0,0.349206,0.015873
20.079365,0.825397,background,0.000000,36.869999,0,0,0.365079,0.015873
20.952381,0.825397,background,0.000000,37.150002,0,0,0.380952,0.015873
21.825397,0.825397,background,0.000000,37.389999,0,0,0.396825,0.015873
22.698412,0.825397,background,0.000000,37.709999,0,0,0.412698,0.015873
23.571428,0.825397,background,0.000000,37.910000,0,0,0.428571,0.015873
24.444445,0.825397,background,0.000000,38.070000,0,0,0.444444,0.015873
25.317461,0.825397,background,0.000000,38.209999,0,0,0.460317,0.015873
26.190475,0.825397,background,0.000000,38.320000,0,0,0.476190,0.015873
27.063492,0.825397,background,0.000000,38.410000,0,0,0.492063,0.015873
27.936508,0.825397,background,0.000000,38.480000,0,0,0.507937,0.015873
28.809525,0.825397,background,0.000000,38.529999,0,0,0.523810,0.015873
29.682539,0.825397,background,0.000000,38.560001,0,0,0.539683,0.015873
30.555555,0.825397,background,0.000000,38.560001,0,0,0.555556,0.015873
31.428572,0.825397,background,0.000000,38.549999,0,0,0.571429,0.015873
32.301586,0.825397,background,0.000000,38.520000,0,0,0.587302,0.015873
33.174603,0.825397,background,0.000000,38.459999,0,0,0.603175,0.015873
34.047619,0.825397,background,0.000000,38.389999,0,0,0.619048,0.015873
34.920635,0.825397,background,0.000000,38.290001,0,0,0.634921,0.015873
35.793652,0.825397,background,0.000000,38.169998,0,0,0.650794,0.015873
36.666668,0.825397,background,0.000000,38.040001,0,0,0.666667,0.015873
37.539684,0.825397,background,0.000000,37.869999,0,0,0.682540,0.015873
38.412697,0.825397,background,0.000000,37.660000,0,0,0.698413,0.015873
39.285713,0.825397,background,0.000000,37.299999,0,0,0.714286,0.015873
40.158730,0.825397,background,0.000000,37.049999,0,0,0.730159,0.015873
41.031746,0.825397,background,0.000000,36.790001,0,0,0.746032,0.015873
41.904762,0.825397,background,0.000000,36.549999,0,0,0.761905,0.015873
42.777779,0.825397,background,0.000000,36.330002,0,0,0.777778,0.015873
43.650795,0.825397,background,0.000000,36.110001,0,0,0.793651,0.015873
44.523811,0.825397,background,0.000000,35.900002,0,0,0.809524,0.015873
45.396824,0.825397,background,0.000000,35.700001,0,0,0.825397,0.015873
46.269840,0.825397,background,0.000000,35.500000,0,0,0.841270,0.015873
47.142857,0.825397,background,0.000000,35.299999,0,0,0.857143,0.015873
48.015873,0.825397,background,0.000000,35.099998,0,0,0.873016,0.015873
48.888889,0.825397,background,0.000000,34.910000,0,0,0.888889,0.015873
49.761906,0.825397,background,0.000000,34.730000,0,0,0.904762,0.015873
50.634922,0.825397,background,0.000000,34.540001,0,0,0.920635,0.015873
51.507938,0.825397,background,0.000000,34.369999,0,0,0.936508,0.015873
52.380951,0.825397,background,0.000000,34.209999,0,0,0.952381,0.015873
53.253967,0.825397,background,0.000000,34.060001,0,0,0.968254,0.015873
54.126984,0.825397,background,0.000000,33.939999,0,0,0.984127,0.015873
55.000000,0.825397,background,0.000000,33.860001,0,0,1.000000,0.015873
0.000000,1.650794,background,0.000000,32.799999,0,0,0.000000,0.031746
0.873016,1.650794,background,0.000000,32.880001,0,0,0.015873,0.031746
1.746032,1.650794,background,0.000000,33.000000,0,0,0.031746,0.031746
2.619048,1.650794,background,0.000000,33.150002,0,0,0.047619,0.031746
3.492064,1.650794,background,0.000000,33.310001,0,0,0.063492,0.031746
4.365079,1.650794,background,0.000000,33.480000,0,0,0.079365,0.031746
5.238095,1.650794,background,0.000000,33.660000,0,0,0.095238,0.031746
6.111111,1.650794,background,0.000000,33.840000,0,0,0.111111,0.031746
6.984127,1.650794,background,0.000000,34.020000,0,0,0.126984,0.031746
7.857143,1.650794,background,0.000000,34.209999,0,0,0.142857,0.031746
8.730159,1.650794,background,0.000000,34.400002,0,0,0.158730,0.031746
9.603174,1.650794,background,0.000000,34.590000,0,0,0.174603,0.031746
10.476191,1.650794,background,0.000000,34.790001,0,0,0.190476,0.031746
11.349206,1.650794,background,0.000000,34.990002,0,0,0.206349,0.031746
12.222222,1.650794,background,0.000000,35.189999,0,0,0.222222,0.031746
13.095238,1.650794,background,0.000000,35.389999,0,0,0.238095,0.031746
13.968254,1.650794,background,0.000000,35.590000,0,0,0.253968,0.031746
14.841269,1.650794,background,0.000000,35.799999,0,0,0.269841,0.031746
15.714286,1.650794,background,0.000000,36.009998,0,0,0.285714,0.031746
16.587301,1.650794,background,0.000000,36.230000,0,0,0.301587,0.031746
17.460318,1.650794,background,0.000000,36.450001,0,0,0.317460,0.031746
18.333334,1.650794,background,0.000000,36.680000,0,0,0.333333,0.031746
19.206348,1.650794,background,0.000000,36.930000,0,0,0.349206,0.031746
20.079365,1.650794,background,0.000000,37.200001,0,0,0.365079,0.031746
20.952381,1.650794,background,0.000000,37.520000,0,0,0.380952,0.031746
21.825397,1.650794,background,0.000000,37.810001,0,0,0.396825,0.031746
22.698412,1.650794,background,0.000000,38.160000,0,0,0.412698,0.031746
23.571428,1.650794,background,0.000000,38.369999,0,0,0.428571,0.031746
24.444445,1.650794,background,0.000000,38.540001,0,0,0.444444,0.031746
25.317461,1.650794,background,0.000000,38.680000,0,0,0.460317,0.031746
26.190475,1.650794,background,0.000000,38.799999,0,0,0.476190,0.031746
27.063492,1.650794,background,0.000000,38.900002,0,0,0.492063,0.031746
27.936508,1.650794,background,0.000000,38.980000,0,0,0.507937,0.031746
28.809525,1.650794,background,0.000000,39.029999,0,0,0.523810,0.031746
29.682539,1.650794,background,0.000000,39.060001,0,0,0.539683,0.031746
30.555555,1.650794,background,0.000000,39.070000,0,0,0.555556,0.031746
31.428572,1.650794,background,0.000000,39.049999,0,0,0.571429,0.031746
32.301586,1.650794,background,0.000000,39.020000,0,0,0.587302,0.031746
33.174603,1.650794,background,0.000000,38.959999,0,0,0.603175,0.031746
34.047619,1.650794,background,0.000000,38.880001,0,0,0.619048,0.031746
34.920635,1.650794,background,0.000000,38.770000,0,0,0.634921,0.031746
35.793652,1.650794,background,0.000000,38.650002,0,0,0.650794,0.031746
36.666668,1.650794,background,0.000000,38.500000,0,0,0.666667,0.031746
37.539684,1.650794,background,0.000000,38.320000,0,0,0.682540,0.031746
38.412697,1.650794,background,0.000000,38.099998,0,0,0.698413,0.031746
39.285713,1.650794,background,0.000000,37.720001,0,0,0.714286,0.031746
40.158730,1.650794,background,0.000000,37.410000,0,0,0.730159,0.031746
41.031746,1.650794,background,0.000000,37.119999,0,0,0.746032,0.031746
41.904762,1.650794,background,0.000000,36.849998,0,0,0.761905,0.031746
42.777779,1.650794,background,0.000000,36.610001,0,0,0.777778,0.031746
43.650795,1.650794,background,0.000000,36.380001,0,0,0.793651,0.031746
44.523811,1.650794,background,0.000000,36.160000,0,0,0.809524,0.031746
45.396824,1.650794,background,0.000000,35.939999,0,0,0.825397,0.031746
46.269840,1.650794,background,0.000000,35.730000,0,0,0.841270,0.031746
47.142857,1.650794,background,0.000000,35.529999,0,0,0.857143,0.031746
48.015873,1.650794,background,0.000000,35.320000,0,0,0.873016,0.031746
48.888889,1.650794,background,0.000000,35.119999,0,0,0.888889,0.031746
49.761906,1.650794,background,0.000000,34.919998,0,0,0.904762,0.031746
50.634922,1.650794,background,0.000000,34.730000,0,0,0.920635,0.031746
51.507938,1.650794,background,0.000000,34.549999,0,0,0.936508,0.031746
52.380951,1.650794,background,0.000000,34.380001,0,0,0.952381,0.031746
53.253967,1.650794,background,0.000000,34.220001,0,0,0.968254,0.031746
54.126984,1.650794,background,0.000000,34.090000,0,0,0.984127,0.031746
55.000000,1.650794,background,0.000000,34.009998,0,0,1.000000,0.031746
0.000000,2.476191,background,0.000000,32.919998,0,0,0.000000,0.047619
0.873016,2.476191,background,0.000000,33.000000,0,0,0.015873,0.047619
1.746032,2.476191,background,0.000000,33.130001,0,0,0.031746,0.047619
2.619048,2.476191,background,0.000000,33.279999,0,0,0.047619,0.047619
3.492064,2.476191,background,0.000000,33.450001,0,0,0.063492,0.047619
4.365079,2.476191,background,0.000000,33.639999,0,0,0.079365,0.047619
5.238095,2.476191,background,0.000000,33.820000,0,0,0.095238,0.047619
6.111111,2.476191,background,0.000000,34.009998,0,0,0.111111,0.047619
6.984127,2.476191,background,0.000000,34.209999,0,0,0.126984,0.047619
7.857143,2.476191,background,0.000000,34.410000,0,0,0.142857,0.047619
8.730159,2.476191,background,0.000000,34.610001,0,0,0.158730,0.047619
9.603174,2.476191,background,0.000000,34.810001,0,0,0.174603,0.047619
10.476191,2.476191,background,0.000000,35.020000,0,0,0.190476,0.047619
11.349206,2.476191,background,0.000000,35.230000,0,0,0.206349,0.047619
12.222222,2.476191,background,0.000000,35.439999,0,0,0.222222,0.047619
13.095238,2.476191,background,0.000000,35.650002,0,0,0.238095,0.047619
13.968254,2.476191,background,0.000000,35.869999,0,0,0.253968,0.047619
14.841269,2.476191,background,0.000000,36.090000,0,0,0.269841,0.047619
15.714286,2.476191,background,0.000000,36.320000,0,0,0.285714,0.047619
16.587301,2.476191,background,0.000000,36.549999,0,0,0.301587,0.047619
17.460318,2.476191,background,0.000000,36.779999,0,0,0.317460,0.047619
18.333334,2.476191,background,0.000000,37.029999,0,0,0.333333,0.047619
19.206348,2.476191,background,0.000000,37.299999,0,0,0.349206,0.047619
20.079365,2.476191,background,0.000000,37.599998,0,0,0.365079,0.047619
20.952381,2.476191,background,0.000000,37.939999,0,0,0.380952,0.047619
21.825397,2.476191,background,0.000000,38.270000,0,0,0.396825,0.047619
22.698412,2.476191,background,0.000000,38.630001,0,0,0.412698,0.047619
23.571428,2.476191,background,0.000000,38.860001,0,0,0.428571,0.047619
24.444445,2.476191,background,0.000000,39.040001,0,0,0.444444,0.047619
25.317461,2.476191,background,0.000000,39.189999,0,0,0.460317,0.047619
26.190475,2.476191,background,0.000000,39.320000,0,0,0.476190,0.047619
27.063492,2.476191,background,0.000000,39.430000,0,0,0.492063,0.047619
27.936508,2.476191,background,0.000000,39.509998,0,0,0.507937,0.047619
28.809525,2.476191,background,0.000000,39.570000,0,0,0.523810,0.047619
29.682539,2.476191,background,0.000000,39.599998,0,0,0.539683,0.047619
30.555555,2.476191,background,0.000000,39.610001,0,0,0.555556,0.047619
31.428572,2.476191,background,0.000000,39.590000,0,0,0.571429,0.047619
32.301586,2.476191,background,0.000000,39.549999,0,0,0.587302,0.047619
33.174603,2.476191,background,0.000000,39.490002,0,0,0.603175,0.047619
34.047619,2.476191,background,0.000000,39.400002,0,0,0.619048,0.047619
34.920635,2.476191,background,0.000000,39.290001,0,0,0.634921,0.047619
35.793652,2.476191,background,0.000000,39.160000,0,0,0.650794,0.047619
36.666668,2.476191,background,0.000000,38.990002,0,0,0.666667,0.047619
37.539684,2.476191,background,0.000000,38.810001,0,0,0.682540,0.047619
38.412697,2.476191,background,0.000000,38.570000,0,0,0.698413,0.047619
39.285713,2.476191,background,0.000000,38.169998,0,0,0.714286,0.047619
40.158730,2.476191,background,0.000000,37.830002,0,0,0.730159,0.047619
41.031746,2.476191,background,0.000000,37.500000,0,0,0.746032,0.047619
41.904762,2.476191,background,0.000000,37.209999,0,0,0.761905,0.047619
42.777779,2.476191,background,0.000000,36.950001,0,0,0.777778,0.047619
43.650795,2.476191,background,0.000000,36.709999,0,0,0.793651,0.047619
44.523811,2.476191,background,0.000000,36.470001,0,0,0.809524,0.047619
45.396824,2.476191,background,0.000000,36.240002,0,0,0.825397,0.047619
46.269840,2.476191,background,0.000000,36.020000,0,0,0.841270,0.047619
47.142857,2.476191,background,0.000000,35.799999,0,0,0.857143,0.047619
48.015873,2.476191,background,0.000000,35.580002,0,0,0.873016,0.047619
48.888889,2.476191,background,0.000000,35.369999,0,0,0.888889,0.047619
49.761906,2.476191,background,0.000000,35.160000,0,0,0.904762,0.047619
50.634922,2.476191,background,0.000000,34.959999,0,0,0.920635,0.047619
51.507938,2.476191,background,0.000000,34.759998,0,0,0.936508,0.047619
52.380951,2.476191,background,0.000000,34.580002,0,0,0.952381,0.047619
53.253967,2.476191,background,0.000000,34.410000,0,0,0.968254,0.047619
54.126984,2.476191,background,0.000000,34.279999,0,0,0.984127,0.047619
55.000000,2.476191,background,0.000000,34.189999,0,0,1.000000,0.047619
0.000000,3.301587,background,0.000000,33.060001,0,0,0.000000,0.063492
0.873016,3.301587,background,0.000000,33.139999,0,0,0.015873,0.063492
1.746032,3.301587,background,0.000000,33.270000,0,0,0.031746,0.063492
2.619048,3.301587,background,0.000000,33.439999,0,0,0.047619,0.063492
3.492064,3.301587,background,0.000000,33.619999,0,0,0.063492,0.063492
4.365079,3.301587,background,0.000000,33.810001,0,0,0.079365,0.063492
5.238095,3.301587,background,0.000000,34.009998,0,0,0.095238,0.063492
6.111111,3.301587,background,0.000000,34.209999,0,0,0.111111,0.063492
6.984127,3.301587,background,0.000000,34.410000,0,0,0.126984,0.063492
7.857143,3.301587,background,0.000000,34.619999,0,0,0.142857,0.063492
8.730159,3.301587,background,0.000000,34.840000,0,0,0.158730,0.063492
9.603174,3.301587,background,0.000000,35.049999,0,0,0.174603,0.063492
10.476191,3.301587,background,0.000000,35.270000,0,0,0.190476,0.063492
11.349206,3.301587,background,0.000000,35.490002,0,0,0.206349,0.063492
12.222222,3.301587,background,0.000000,35.720001,0,0,0.222222,0.063492
13.095238,3.301587,background,0.000000,35.950001,0,0,0.238095,0.063492
13.968254,3.301587,background,0.000000,36.180000,0,0,0.253968,0.063492
14.841269,3.301587,background,0.000000,36.410000,0,0,0.269841,0.063492
15.714286,3.301587,background,0.000000,36.650002,0,0,0.285714,0.063492
16.587301,3.301587,background,0.000000,36.900002,0,0,0.301587,0.063492
17.460318,3.301587,background,0.000000,37.150002,0,0,0.317460,0.063492
18.333334,3.301587,background,0.000000,37.410000,0,0,0.333333,0.063492
19.206348,3.301587,background,0.000000,37.700001,0,0,0.349206,0.063492
20.079365,3.301587,background,0.000000,38.020000,0,0,0.365079,0.063492
20.952381,3.301587,background,0.000000,38.389999,0,1,0.380952,0.063492
21.825397,3.301587,background,0.000000,38.740002,0,1,0.396825,0.063492
22.698412,3.301587,background,0.000000,39.119999,0,1,0.412698,0.063492
23.571428,3.301587,background,0.000000,39.360001,0,1,0.428571,0.063492
24.444445,3.301587,background,0.000000,39.549999,0,1,0.444444,0.063492
25.317461,3.301587,background,0.000000,39.720001,0,1,0.460317,0.063492
26.190475,3.301587,background,0.000000,39.860001,0,1,0.476190,0.063492
27.063492,3.301587,background,0.000000,39.970001,0,1,0.492063,0.063492
27.936508,3.301587,background,0.000000,40.060001,0,1,0.507937,0.063492
28.809525,3.301587,background,0.000000,40.119999,0,1,0.523810,0.063492
29.682539,3.301587,background,0.000000,40.160000,0,0,0.539683,0.063492
30.555555,3.301587,background,0.000000,40.169998,0,0,0.555556,0.063492
31.428572,3.301587,background,0.000000,40.150002,0,0,0.571429,0.063492
32.301586,3.301587,background,0.000000,40.110001,0,0,0.587302,0.063492
33.174603,3.301587,background,0.000000,40.040001,0,0,0.603175,0.063492
34.047619,3.301587,background,0.000000,39.950001,0,0,0.619048,0.063492
34.920635,3.301587,background,0.000000,39.830002,0,0,0.634921,0.063492
35.793652,3.301587,background,0.000000,39.680000,0,0,0.650794,0.063492
36.666668,3.301587,background,0.000000,39.509998,0,0,0.666667,0.063492
37.539684,3.301587,background,0.000000,39.310001,0,0,0.682540,0.063492
38.412697,3.301587,background,0.000000,39.060001,0,0,0.698413,0.063492
39.285713,3.301587,background,0.000000,38.639999,0,0,0.714286,0.063492
40.158730,3.301587,background,0.000000,38.270000,0,0,0.730159,0.063492
41.031746,3.301587,background,0.000000,37.919998,0,0,0.746032,0.063492
41.904762,3.301587,background,0.000000,37.610001,0,0,0.761905,0.063492
42.777779,3.301587,background,0.000000,37.330002,0,0,0.777778,0.063492
43.650795,3.301587,background,0.000000,37.070000,0,0,0.793651,0.063492
44.523811,3.301587,background,0.000000,36.820000,0,0,0.809524,0.063492
45.396824,3.301587,background,0.000000,36.570000,0,0,0.825397,0.063492
46.269840,3.301587,background,0.000000,36.330002,0,0,0.841270,0.063492
47.142857,3.301587,background,0.000000,36.099998,0,0,0.857143,0.063492
48.015873,3.301587,background,0.000000,35.869999,0,0,0.873016,0.063492
48.888889,3.301587,background,0.000000,35.639999,0,0,0.888889,0.063492
49.761906,3.301587,background,0.000000,35.419998,0,0,0.904762,0.063492
50.634922,3.301587,background,0.000000,35.200001,0,0,0.920635,0.063492
51.507938,3.301587,background,0.000000,35.000000,0,0,0.936508,0.063492
52.380951,3.301587,background,0.000000,34.799999,0,0,0.952381,0.063492
53.253967,3.301587,background,0.000000,34.630001,0,0,0.968254,0.063492
54.126984,3.301587,background,0.000000,34.480000,0,0,0.984127,0.063492
55.000000,3.301587,background,0.000000,34.389999,0,0,1.000000,0.063492
0.000000,4.126984,background,0.000000,33.200001,0,0,0.000000,0.079365
0.873016,4.126984,background,0.000000,33.290001,0,0,0.015873,0.079365
1.746032,4.126984,background,0.000000,33.430000,0,0,0.031746,0.079365
2.619048,4.126984,background,0.000000,33.599998,0,0,0.047619,0.079365
3.492064,4.126984,background,0.000000,33.790001,0,0,0.063492,0.079365
4.365079,4.126984,background,0.000000,33.990002,0,0,0.079365,0.079365
5.238095,4.126984,background,0.000000,34.200001,0,0,0.095238,0.079365
6.111111,4.126984,background,0.000000,34.410000,0,0,0.111111,0.079365
6.984127,4.126984,background,0.000000,34.630001,0,0,0.126984,0.079365
7.857143,4.126984,background,0.000000,34.849998,0,0,0.142857,0.079365
8.730159,4.126984,background,0.000000,35.080002,0,0,0.158730,0.079365
9.603174,4.126984,background,0.000000,35.310001,0,0,0.174603,0.079365
10.476191,4.126984,background,0.000000,35.540001,0,0,0.190476,0.079365
11.349206,4.126984,background,0.000000,35.770000,0,0,0.206349,0.079365
12.222222,4.126984,background,0.000000,36.009998,0,0,0.222222,0.079365
13.095238,4.126984,background,0.000000,36.250000,0,0,0.238095,0.079365
13.968254,4.126984,background,0.000000,36.500000,0,0,0.253968,0.079365
14.841269,4.126984,background,0.000000,36.750000,0,0,0.269841,0.079365
15.714286,4.126984,background,0.000000,37.000000,0,0,0.285714,0.079365
16.587301,4.126984,background,0.000000,37.259998,0,0,0.301587,0.079365
17.460318,4.126984,background,0.000000,37.529999,0,0,0.317460,0.079365
18.333334,4.126984,background,0.000000,37.820000,0,0,0.333333,0.079365
19.206348,4.126984,background,0.000000,38.119999,0,0,0.349206,0.079365
20.079365,4.126984,background,0.000000,38.459999,0,0,0.365079,0.079365
20.952381,4.126984,HBM_0,25.000000,38.860001,1,1,0.380952,0.079365
21.825397,4.126984,HBM_0,25.000000,39.230000,1,0,0.396825,0.079365
22.698412,4.126984,HBM_0,25.000000,39.619999,1,0,0.412698,0.079365
23.571428,4.126984,HBM_0,25.000000,39.880001,1,0,0.428571,0.079365
24.444445,4.126984,HBM_0,25.000000,40.090000,1,0,0.444444,0.079365
25.317461,4.126984,HBM_0,25.000000,40.270000,1,0,0.460317,0.079365
26.190475,4.126984,HBM_0,25.000000,40.419998,1,0,0.476190,0.079365
27.063492,4.126984,HBM_0,25.000000,40.540001,1,0,0.492063,0.079365
27.936508,4.126984,HBM_0,25.000000,40.639999,1,0,0.507937,0.079365
28.809525,4.126984,HBM_0,25.000000,40.700001,1,1,0.523810,0.079365
29.682539,4.126984,background,0.000000,40.740002,0,0,0.539683,0.079365
30.555555,4.126984,background,0.000000,40.750000,0,0,0.555556,0.079365
31.428572,4.126984,background,0.000000,40.730000,0,0,0.571429,0.079365
32.301586,4.126984,background,0.000000,40.689999,0,0,0.587302,0.079365
33.174603,4.126984,background,0.000000,40.610001,0,0,0.603175,0.079365
34.047619,4.126984,background,0.000000,40.509998,0,0,0.619048,0.079365
34.920635,4.126984,background,0.000000,40.380001,0,0,0.634921,0.079365
35.793652,4.126984,background,0.000000,40.220001,0,0,0.650794,0.079365
36.666668,4.126984,background,0.000000,40.040001,0,0,0.666667,0.079365
37.539684,4.126984,background,0.000000,39.820000,0,0,0.682540,0.079365
38.412697,4.126984,background,0.000000,39.560001,0,0,0.698413,0.079365
39.285713,4.126984,background,0.000000,39.119999,0,0,0.714286,0.079365
40.158730,4.126984,background,0.000000,38.730000,0,0,0.730159,0.079365
41.031746,4.126984,background,0.000000,38.360001,0,0,0.746032,0.079365
41.904762,4.126984,background,0.000000,38.029999,0,0,0.761905,0.079365
42.777779,4.126984,background,0.000000,37.730000,0,0,0.777778,0.079365
43.650795,4.126984,background,0.000000,37.450001,0,0,0.793651,0.079365
44.523811,4.126984,background,0.000000,37.180000,0,0,0.809524,0.079365
45.396824,4.126984,background,0.000000,36.919998,0,0,0.825397,0.079365
46.269840,4.126984,background,0.000000,36.669998,0,0,0.841270,0.079365
47.142857,4.126984,background,0.000000,36.419998,0,0,0.857143,0.079365
48.015873,4.126984,background,0.000000,36.169998,0,0,0.873016,0.079365
48.888889,4.126984,background,0.000000,35.930000,0,0,0.888889,0.079365
49.761906,4.126984,background,0.000000,35.689999,0,0,0.904762,0.079365
50.634922,4.126984,background,0.000000,35.459999,0,0,0.920635,0.079365
51.507938,4.126984,background,0.000000,35.240002,0,0,0.936508,0.079365
52.380951,4.126984,background,0.000000,35.040001,0,0,0.952381,0.079365
53.253967,4.126984,background,0.000000,34.849998,0,0,0.968254,0.079365
54.126984,4.126984,background,0.000000,34.700001,0,0,0.984127,0.079365
55.000000,4.126984,background,0.000000,34.599998,0,0,1.000000,0.079365
0.000000,4.952381,background,0.000000,33.349998,0,0,0.000000,0.095238
0.873016,4.952381,background,0.000000,33.439999,0,0,0.015873,0.095238
1.746032,4.952381,background,0.000000,33.590000,0,0,0.031746,0.095238
2.619048,4.952381,background,0.000000,33.770000,0,0,0.047619,0.095238
3.492064,4.952381,background,0.000000,33.970001,0,0,0.063492,0.095238
4.365079,4.952381,background,0.000000,34.180000,0,0,0.079365,0.095238
5.238095,4.952381,background,0.000000,34.400002,0,0,0.095238,0.095238
6.111111,4.952381,background,0.000000,34.630001,0,0,0.111111,0.095238
6.984127,4.952381,background,0.000000,34.860001,0,0,0.126984,0.095238
7.857143,4.952381,background,0.000000,35.090000,0,0,0.142857,0.095238
8.730159,4.952381,background,0.000000,35.330002,0,0,0.158730,0.095238
9.603174,4.952381,background,0.000000,35.570000,0,0,0.174603,0.095238
10.476191,4.952381,background,0.000000,35.810001,0,0,0.190476,0.095238
11.349206,4.952381,background,0.000000,36.060001,0,0,0.206349,0.095238
12.222222,4.952381,background,0.000000,36.310001,0,0,0.222222,0.095238
13.095238,4.952381,background,0.000000,36.570000,0,0,0.238095,0.095238
13.968254,4.952381,background,0.000000,36.830002,0,0,0.253968,0.095238
14.841269,4.952381,background,0.000000,37.099998,0,0,0.269841,0.095238
15.714286,4.952381,background,0.000000,37.369999,0,0,0.285714,0.095238
16.587301,4.952381,background,0.000000,37.650002,0,0,0.301587,0.095238
17.460318,4.952381,background,0.000000,37.930000,0,0,0.317460,0.095238
18.333334,4.952381,background,0.000000,38.240002,0,0,0.333333,0.095238
19.206348,4.952381,background,0.000000,38.560001,0,0,0.349206,0.095238
20.079365,4.952381,background,0.000000,38.919998,0,0,0.365079,0.095238
20.952381,4.952381,HBM_0,25.000000,39.340000,1,1,0.380952,0.095238
21.825397,4.952381,HBM_0,25.000000,39.730000,1,0,0.396825,0.095238
22.698412,4.952381,HBM_0,25.000000,40.139999,1,0,0.412698,0.095238
23.571428,4.952381,HBM_0,25.000000,40.410000,1,0,0.428571,0.095238
24.444445,4.952381,HBM_0,25.000000,40.639999,1,0,0.444444,0.095238
25.317461,4.952381,HBM_0,25.000000,40.830002,1,0,0.460317,0.095238
26.190475,4.952381,HBM_0,25.000000,41.000000,1,0,0.476190,0.095238
27.063492,4.952381,HBM_0,25.000000,41.130001,1,0,0.492063,0.095238
27.936508,4.952381,HBM_0,25.000000,41.230000,1,0,0.507937,0.095238
28.809525,4.952381,HBM_0,25.000000,41.310001,1,1,0.523810,0.095238
29.682539,4.952381,background,0.000000,41.349998,0,0,0.539683,0.095238
30.555555,4.952381,background,0.000000,41.360001,0,0,0.555556,0.095238
31.428572,4.952381,background,0.000000,41.340000,0,0,0.571429,0.095238
32.301586,4.952381,background,0.000000,41.290001,0,0,0.587302,0.095238
33.174603,4.952381,background,0.000000,41.209999,0,0,0.603175,0.095238
34.047619,4.952381,background,0.000000,41.099998,0,0,0.619048,0.095238
34.920635,4.952381,background,0.000000,40.959999,0,0,0.634921,0.095238
35.793652,4.952381,background,0.000000,40.779999,0,0,0.650794,0.095238
36.666668,4.952381,background,0.000000,40.580002,0,0,0.666667,0.095238
37.539684,4.952381,background,0.000000,40.349998,0,0,0.682540,0.095238
38.412697,4.952381,background,0.000000,40.070000,0,0,0.698413,0.095238
39.285713,4.952381,background,0.000000,39.619999,0,0,0.714286,0.095238
40.158730,4.952381,background,0.000000,39.209999,0,0,0.730159,0.095238
41.031746,4.952381,background,0.000000,38.810001,0,0,0.746032,0.095238
41.904762,4.952381,background,0.000000,38.459999,0,0,0.761905,0.095238
42.777779,4.952381,background,0.000000,38.139999,0,0,0.777778,0.095238
43.650795,4.952381,background,0.000000,37.840000,0,0,0.793651,0.095238
44.523811,4.952381,background,0.000000,37.560001,0,0,0.809524,0.095238
45.396824,4.952381,background,0.000000,37.279999,0,0,0.825397,0.095238
46.269840,4.952381,background,0.000000,37.009998,0,0,0.841270,0.095238
47.142857,4.952381,background,0.000000,36.740002,0,0,0.857143,0.095238
48.015873,4.952381,background,0.000000,36.480000,0,0,0.873016,0.095238
48.888889,4.952381,background,0.000000,36.230000,0,0,0.888889,0.095238
49.761906,4.952381,background,0.000000,35.980000,0,0,0.904762,0.095238
50.634922,4.952381,background,0.000000,35.730000,0,0,0.920635,0.095238
51.507938,4.952381,background,0.000000,35.500000,0,0,0.936508,0.095238
52.380951,4.952381,background,0.000000,35.279999,0,0,0.952381,0.095238
53.253967,4.952381,background,0.000000,35.080002,0,0,0.968254,0.095238
54.126984,4.952381,background,0.000000,34.919998,0,0,0.984127,0.095238
55.000000,4.952381,background,0.000000,34.810001,0,0,1.000000,0.095238
0.000000,5.777778,background,0.000000,33.500000,0,0,0.000000,0.111111
0.873016,5.777778,background,0.000000,33.590000,0,0,0.015873,0.111111
1.746032,5.777778,background,0.000000,33.750000,0,0,0.031746,0.111111
2.619048,5.777778,background,0.000000,33.939999,0,0,0.047619,0.111111
3.492064,5.777778,background,0.000000,34.150002,0,0,0.063492,0.111111
4.365079,5.777778,background,0.000000,34.369999,0,0,0.079365,0.111111
5.238095,5.777778,background,0.000000,34.610001,0,0,0.095238,0.111111
6.111111,5.777778,background,0.000000,34.840000,0,0,0.111111,0.111111
6.984127,5.777778,background,0.000000,35.090000,0,0,0.126984,0.111111
7.857143,5.777778,background,0.000000,35.330002,0,0,0.142857,0.111111
8.730159,5.777778,background,0.000000,35.580002,0,0,0.158730,0.111111
9.603174,5.777778,background,0.000000,35.840000,0,0,0.174603,0.111111
10.476191,5.777778,background,0.000000,36.099998,0,0,0.190476,0.111111
11.349206,5.777778,background,0.000000,36.360001,0,0,0.206349,0.111111
12.222222,5.777778,background,0.000000,36.619999,0,0,0.222222,0.111111
13.095238,5.777778,background,0.000000,36.900002,0,0,0.238095,0.111111
13.968254,5.777778,background,0.000000,37.169998,0,0,0.253968,0.111111
14.841269,5.777778,background,0.000000,37.450001,0,0,0.269841,0.111111
15.714286,5.777778,background,0.000000,37.740002,0,0,0.285714,0.111111
16.587301,5.777778,background,0.000000,38.040001,0,0,0.301587,0.111111
17.460318,5.777778,background,0.000000,38.340000,0,0,0.317460,0.111111
18.333334,5.777778,background,0.000000,38.660000,0,0,0.333333,0.111111
19.206348,5.777778,background,0.000000,39.009998,0,0,0.349206,0.111111
20.079365,5.777778,background,0.000000,39.400002,0,0,0.365079,0.111111
20.952381,5.777778,HBM_0,25.000000,39.840000,1,1,0.380952,0.111111
21.825397,5.777778,HBM_0,25.000000,40.250000,1,0,0.396825,0.111111
22.698412,5.777778,HBM_0,25.000000,40.680000,1,0,0.412698,0.111111
23.571428,5.777778,HBM_0,25.000000,40.970001,1,0,0.428571,0.111111
24.444445,5.777778,HBM_0,25.000000,41.209999,1,0,0.444444,0.111111
25.317461,5.777778,HBM_0,25.000000,41.419998,1,0,0.460317,0.111111
26.190475,5.777778,HBM_0,25.000000,41.599998,1,0,0.476190,0.111111
27.063492,5.777778,HBM_0,25.000000,41.750000,1,0,0.492063,0.111111
27.936508,5.777778,HBM_0,25.000000,41.860001,1,0,0.507937,0.111111
28.809525,5.777778,HBM_0,25.000000,41.939999,1,1,0.523810,0.111111
29.682539,5.777778,background,0.000000,41.980000,0,0,0.539683,0.111111
30.555555,5.777778,background,0.000000,42.000000,0,0,0.555556,0.111111
31.428572,5.777778,background,0.000000,41.970001,0,0,0.571429,0.111111
32.301586,5.777778,background,0.000000,41.919998,0,0,0.587302,0.111111
33.174603,5.777778,background,0.000000,41.830002,0,0,0.603175,0.111111
34.047619,5.777778,background,0.000000,41.709999,0,0,0.619048,0.111111
34.920635,5.777778,background,0.000000,41.560001,0,0,0.634921,0.111111
35.793652,5.777778,background,0.000000,41.369999,0,0,0.650794,0.111111
36.666668,5.777778,background,0.000000,41.150002,0,0,0.666667,0.111111
37.539684,5.777778,background,0.000000,40.900002,0,0,0.682540,0.111111
38.412697,5.777778,background,0.000000,40.599998,0,0,0.698413,0.111111
39.285713,5.777778,background,0.000000,40.130001,0,0,0.714286,0.111111
40.158730,5.777778,background,0.000000,39.700001,0,0,0.730159,0.111111
41.031746,5.777778,background,0.000000,39.279999,0,0,0.746032,0.111111
41.904762,5.777778,background,0.000000,38.910000,0,0,0.761905,0.111111
42.777779,5.777778,background,0.000000,38.570000,0,0,0.777778,0.111111
43.650795,5.777778,background,0.000000,38.250000,0,0,0.793651,0.111111
44.523811,5.777778,background,0.000000,37.939999,0,0,0.809524,0.111111
45.396824,5.777778,background,0.000000,37.650002,0,0,0.825397,0.111111
46.269840,5.777778,background,0.000000,37.360001,0,0,0.841270,0.111111
47.142857,5.777778,background,0.000000,37.080002,0,0,0.857143,0.111111
48.015873,5.777778,background,0.000000,36.799999,0,0,0.873016,0.111111
48.888889,5.777778,background,0.000000,36.529999,0,0,0.888889,0.111111
49.761906,5.777778,background,0.000000,36.259998,0,0,0.904762,0.111111
50.634922,5.777778,background,0.000000,36.009998,0,0,0.920635,0.111111
51.507938,5.777778,background,0.000000,35.759998,0,0,0.936508,0.111111
52.380951,5.777778,background,0.000000,35.529999,0,0,0.952381,0.111111
53.253967,5.777778,background,0.000000,35.320000,0,0,0.968254,0.111111
54.126984,5.777778,background,0.000000,35.139999,0,0,0.984127,0.111111
55.000000,5.777778,background,0.000000,35.029999,0,0,1.000000,0.111111
0.000000,6.603175,background,0.000000,33.650002,0,0,0.000000,0.126984
0.873016,6.603175,background,0.000000,33.750000,0,0,0.015873,0.126984
1.746032,6.603175,background,0.000000,33.919998,0,0,0.031746,0.126984
2.619048,6.603175,background,0.000000,34.119999,0,0,0.047619,0.126984
3.492064,6.603175,background,0.000000,34.340000,0,0,0.063492,0.126984
4.365079,6.603175,background,0.000000,34.570000,0,0,0.079365,0.126984
5.238095,6.603175,background,0.000000,34.810001,0,0,0.095238,0.126984
6.111111,6.603175,background,0.000000,35.060001,0,0,0.111111,0.126984
6.984127,6.603175,background,0.000000,35.320000,0,0,0.126984,0.126984
7.857143,6.603175,background,0.000000,35.580002,0,0,0.142857,0.126984
8.730159,6.603175,background,0.000000,35.840000,0,0,0.158730,0.126984
9.603174,6.603175,background,0.000000,36.110001,0,0,0.174603,0.126984
10.476191,6.603175,background,0.000000,36.380001,0,0,0.190476,0.126984
11.349206,6.603175,background,0.000000,36.660000,0,0,0.206349,0.126984
12.222222,6.603175,background,0.000000,36.939999,0,0,0.222222,0.126984
13.095238,6.603175,background,0.000000,37.230000,0,0,0.238095,0.126984
13.968254,6.603175,background,0.000000,37.520000,0,0,0.253968,0.126984
14.841269,6.603175,background,0.000000,37.810001,0,0,0.269841,0.126984
15.714286,6.603175,background,0.000000,38.119999,0,0,0.285714,0.126984
16.587301,6.603175,background,0.000000,38.430000,0,0,0.301587,0.126984
17.460318,6.603175,background,0.000000,38.759998,0,0,0.317460,0.126984
18.333334,6.603175,background,0.000000,39.099998,0,0,0.333333,0.126984
19.206348,6.603175,background,0.000000,39.470001,0,0,0.349206,0.126984
20.079365,6.603175,background,0.000000,39.889999,0,0,0.365079,0.126984
20.952381,6.603175,HBM_0,25.000000,40.349998,1,1,0.380952,0.126984
21.825397,6.603175,HBM_0,25.000000,40.779999,1,0,0.396825,0.126984
22.698412,6.603175,HBM_0,25.000000,41.240002,1,0,0.412698,0.126984
23.571428,6.603175,HBM_0,25.000000,41.549999,1,0,0.428571,0.126984
24.444445,6.603175,HBM_0,25.000000,41.820000,1,0,0.444444,0.126984
25.317461,6.603175,HBM_0,25.000000,42.049999,1,0,0.460317,0.126984
26.190475,6.603175,HBM_0,25.000000,42.240002,1,0,0.476190,0.126984
27.063492,6.603175,HBM_0,25.000000,42.400002,1,0,0.492063,0.126984
27.936508,6.603175,HBM_0,25.000000,42.520000,1,0,0.507937,0.126984
28.809525,6.603175,HBM_0,25.000000,42.610001,1,1,0.523810,0.126984
29.682539,6.603175,background,0.000000,42.660000,0,0,0.539683,0.126984
30.555555,6.603175,background,0.000000,42.669998,0,0,0.555556,0.126984
31.428572,6.603175,background,0.000000,42.650002,0,0,0.571429,0.126984
32.301586,6.603175,background,0.000000,42.590000,0,0,0.587302,0.126984
33.174603,6.603175,background,0.000000,42.490002,0,0,0.603175,0.126984
34.047619,6.603175,background,0.000000,42.360001,0,0,0.619048,0.126984
34.920635,6.603175,background,0.000000,42.200001,0,0,0.634921,0.126984
35.793652,6.603175,background,0.000000,41.990002,0,0,0.650794,0.126984
36.666668,6.603175,background,0.000000,41.750000,0,0,0.666667,0.126984
37.539684,6.603175,background,0.000000,41.480000,0,0,0.682540,0.126984
38.412697,6.603175,background,0.000000,41.160000,0,0,0.698413,0.126984
39.285713,6.603175,background,0.000000,40.660000,0,0,0.714286,0.126984
40.158730,6.603175,background,0.000000,40.209999,0,0,0.730159,0.126984
41.031746,6.603175,background,0.000000,39.759998,0,0,0.746032,0.126984
41.904762,6.603175,background,0.000000,39.360001,0,0,0.761905,0.126984
42.777779,6.603175,background,0.000000,39.000000,0,0,0.777778,0.126984
43.650795,6.603175,background,0.000000,38.660000,0,0,0.793651,0.126984
44.523811,6.603175,background,0.000000,38.330002,0,0,0.809524,0.126984
45.396824,6.603175,background,0.000000,38.020000,0,0,0.825397,0.126984
46.269840,6.603175,background,0.000000,37.709999,0,0,0.841270,0.126984
47.142857,6.603175,background,0.000000,37.410000,0,0,0.857143,0.126984
48.015873,6.603175,background,0.000000,37.119999,0,0,0.873016,0.126984
48.888889,6.603175,background,0.000000,36.840000,0,0,0.888889,0.126984
49.761906,6.603175,background,0.000000,36.560001,0,0,0.904762,0.126984
50.634922,6.603175,background,0.000000,36.290001,0,0,0.920635,0.126984
51.507938,6.603175,background,0.000000,36.020000,0,0,0.936508,0.126984
52.380951,6.603175,background,0.000000,35.779999,0,0,0.952381,0.126984
53.253967,6.603175,background,0.000000,35.560001,0,0,0.968254,0.126984
54.126984,6.603175,background,0.000000,35.369999,0,0,0.984127,0.126984
55.000000,6.603175,background,0.000000,35.259998,0,0,1.000000,0.126984
0.000000,7.428571,background,0.000000,33.810001,0,0,0.000000,0.142857
0.873016,7.428571,background,0.000000,33.919998,0,0,0.015873,0.142857
1.746032,7.428571,background,0.000000,34.090000,0,0,0.031746,0.142857
2.619048,7.428571,background,0.000000,34.299999,0,0,0.047619,0.142857
3.492064,7.428571,background,0.000000,34.529999,0,0,0.063492,0.142857
4.365079,7.428571,background,0.000000,34.770000,0,0,0.079365,0.142857
5.238095,7.428571,background,0.000000,35.029999,0,0,0.095238,0.142857
6.111111,7.428571,background,0.000000,35.290001,0,0,0.111111,0.142857
6.984127,7.428571,background,0.000000,35.560001,0,0,0.126984,0.142857
7.857143,7.428571,background,0.000000,35.830002,0,0,0.142857,0.142857
8.730159,7.428571,background,0.000000,36.099998,0,0,0.158730,0.142857
9.603174,7.428571,background,0.000000,36.389999,0,0,0.174603,0.142857
10.476191,7.428571,background,0.000000,36.669998,0,0,0.190476,0.142857
11.349206,7.428571,background,0.000000,36.959999,0,0,0.206349,0.142857
12.222222,7.428571,background,0.000000,37.259998,0,0,0.222222,0.142857
13.095238,7.428571,background,0.000000,37.560001,0,0,0.238095,0.142857
13.968254,7.428571,background,0.000000,37.869999,0,0,0.253968,0.142857
14.841269,7.428571,background,0.000000,38.180000,0,0,0.269841,0.142857
15.714286,7.428571,background,0.000000,38.500000,0,0,0.285714,0.142857
16.587301,7.428571,background,0.000000,38.840000,0,0,0.301587,0.142857
17.460318,7.428571,background,0.000000,39.180000,0,0,0.317460,0.142857
18.333334,7.428571,background,0.000000,39.549999,0,0,0.333333,0.142857
19.206348,7.428571,background,0.000000,39.950001,0,0,0.349206,0.142857
20.079365,7.428571,background,0.000000,40.389999,0,0,0.365079,0.142857
20.952381,7.428571,HBM_0,25.000000,40.889999,1,1,0.380952,0.142857
21.825397,7.428571,HBM_0,25.000000,41.340000,1,0,0.396825,0.142857
22.698412,7.428571,HBM_0,25.000000,41.830002,1,0,0.412698,0.142857
23.571428,7.428571,HBM_0,25.000000,42.180000,1,0,0.428571,0.142857
24.444445,7.428571,HBM_0,25.000000,42.480000,1,0,0.444444,0.142857
25.317461,7.428571,HBM_0,25.000000,42.730000,1,0,0.460317,0.142857
26.190475,7.428571,HBM_0,25.000000,42.950001,1,0,0.476190,0.142857
27.063492,7.428571,HBM_0,25.000000,43.119999,1,0,0.492063,0.142857
27.936508,7.428571,HBM_0,25.000000,43.250000,1,0,0.507937,0.142857
28.809525,7.428571,HBM_0,25.000000,43.349998,1,1,0.523810,0.142857
29.682539,7.428571,background,0.000000,43.400002,0,0,0.539683,0.142857
30.555555,7.428571,background,0.000000,43.419998,0,0,0.555556,0.142857
31.428572,7.428571,background,0.000000,43.389999,0,0,0.571429,0.142857
32.301586,7.428571,background,0.000000,43.330002,0,0,0.587302,0.142857
33.174603,7.428571,background,0.000000,43.220001,0,0,0.603175,0.142857
34.047619,7.428571,background,0.000000,43.080002,0,0,0.619048,0.142857
34.920635,7.428571,background,0.000000,42.900002,0,0,0.634921,0.142857
35.793652,7.428571,background,0.000000,42.669998,0,0,0.650794,0.142857
36.666668,7.428571,background,0.000000,42.410000,0,0,0.666667,0.142857
37.539684,7.428571,background,0.000000,42.099998,0,0,0.682540,0.142857
38.412697,7.428571,background,0.000000,41.740002,0,0,0.698413,0.142857
39.285713,7.428571,background,0.000000,41.209999,0,0,0.714286,0.142857
40.158730,7.428571,background,0.000000,40.730000,0,0,0.730159,0.142857
41.031746,7.428571,background,0.000000,40.250000,0,0,0.746032,0.142857
41.904762,7.428571,background,0.000000,39.830002,0,0,0.761905,0.142857
42.777779,7.428571,background,0.000000,39.439999,0,0,0.777778,0.142857
43.650795,7.428571,background,0.000000,39.070000,0,0,0.793651,0.142857
44.523811,7.428571,background,0.000000,38.730000,0,0,0.809524,0.142857
45.396824,7.428571,background,0.000000,38.400002,0,0,0.825397,0.142857
46.269840,7.428571,background,0.000000,38.070000,0,0,0.841270,0.142857
47.142857,7.428571,background,0.000000,37.759998,0,0,0.857143,0.142857
48.015873,7.428571,background,0.000000,37.450001,0,0,0.873016,0.142857
48.888889,7.428571,background,0.000000,37.150002,0,0,0.888889,0.142857
49.761906,7.428571,background,0.000000,36.849998,0,0,0.904762,0.142857
50.634922,7.428571,background,0.000000,36.570000,0,0,0.920635,0.142857
51.507938,7.428571,background,0.000000,36.290001,0,0,0.936508,0.142857
52.380951,7.428571,background,0.000000,36.029999,0,0,0.952381,0.142857
53.253967,7.428571,background,0.000000,35.799999,0,0,0.968254,0.142857
54.126984,7.428571,background,0.000000,35.610001,0,0,0.984127,0.142857
55.000000,7.428571,background,0.000000,35.490002,0,0,1.000000,0.142857
0.000000,8.253968,background,0.000000,33.970001,0,0,0.000000,0.158730
0.873016,8.253968,background,0.000000,34.080002,0,0,0.015873,0.158730
1.746032,8.253968,background,0.000000,34.259998,0,0,0.031746,0.158730
2.619048,8.253968,background,0.000000,34.480000,0,0,0.047619,0.158730
3.492064,8.253968,background,0.000000,34.720001,0,0,0.063492,0.158730
4.365079,8.253968,background,0.000000,34.970001,0,0,0.079365,0.158730
5.238095,8.253968,background,0.000000,35.240002,0,0,0.095238,0.158730
6.111111,8.253968,background,0.000000,35.509998,0,0,0.111111,0.158730
6.984127,8.253968,background,0.000000,35.790001,0,0,0.126984,0.158730
7.857143,8.253968,background,0.000000,36.080002,0,0,0.142857,0.158730
8.730159,8.253968,background,0.000000,36.369999,0,0,0.158730,0.158730
9.603174,8.253968,background,0.000000,36.660000,0,0,0.174603,0.158730
10.476191,8.253968,background,0.000000,36.959999,0,0,0.190476,0.158730
11.349206,8.253968,background,0.000000,37.270000,0,0,0.206349,0.158730
12.222222,8.253968,background,0.000000,37.580002,0,0,0.222222,0.158730
13.095238,8.253968,background,0.000000,37.900002,0,0,0.238095,0.158730
13.968254,8.253968,background,0.000000,38.220001,0,0,0.253968,0.158730
14.841269,8.253968,background,0.000000,38.549999,0,0,0.269841,0.158730
15.714286,8.253968,background,0.000000,38.889999,0,0,0.285714,0.158730
16.587301,8.253968,background,0.000000,39.240002,0,0,0.301587,0.158730
17.460318,8.253968,background,0.000000,39.610001,0,0,0.317460,0.158730
18.333334,8.253968,background,0.000000,40.009998,0,0,0.333333,0.158730
19.206348,8.253968,background,0.000000,40.430000,0,0,0.349206,0.158730
20.079365,8.253968,background,0.000000,40.910000,0,0,0.365079,0.158730
20.952381,8.253968,HBM_0,25.000000,41.459999,1,1,0.380952,0.158730
21.825397,8.253968,HBM_0,25.000000,41.939999,1,0,0.396825,0.158730
22.698412,8.253968,HBM_0,25.000000,42.500000,1,0,0.412698,0.158730
23.571428,8.253968,HBM_0,25.000000,42.919998,1,0,0.428571,0.158730
24.444445,8.253968,HBM_0,25.000000,43.259998,1,0,0.444444,0.158730
25.317461,8.253968,HBM_0,25.000000,43.549999,1,0,0.460317,0.158730
26.190475,8.253968,HBM_0,25.000000,43.790001,1,0,0.476190,0.158730
27.063492,8.253968,HBM_0,25.000000,43.980000,1,0,0.492063,0.158730
27.936508,8.253968,HBM_0,25.000000,44.119999,1,0,0.507937,0.158730
28.809525,8.253968,HBM_0,25.000000,44.230000,1,1,0.523810,0.158730
29.682539,8.253968,background,0.000000,44.290001,0,0,0.539683,0.158730
30.555555,8.253968,background,0.000000,44.299999,0,0,0.555556,0.158730
31.428572,8.253968,background,0.000000,44.270000,0,0,0.571429,0.158730
32.301586,8.253968,background,0.000000,44.200001,0,0,0.587302,0.158730
33.174603,8.253968,background,0.000000,44.090000,0,0,0.603175,0.158730
34.047619,8.253968,background,0.000000,43.930000,0,0,0.619048,0.158730
34.920635,8.253968,background,0.000000,43.730000,0,0,0.634921,0.158730
35.793652,8.253968,background,0.000000,43.480000,0,0,0.650794,0.158730
36.666668,8.253968,background,0.000000,43.180000,0,0,0.666667,0.158730
37.539684,8.253968,background,0.000000,42.820000,0,0,0.682540,0.158730
38.412697,8.253968,background,0.000000,42.389999,0,0,0.698413,0.158730
39.285713,8.253968,background,0.000000,41.799999,0,0,0.714286,0.158730
40.158730,8.253968,background,0.000000,41.290001,0,0,0.730159,0.158730
41.031746,8.253968,background,0.000000,40.770000,0,0,0.746032,0.158730
41.904762,8.253968,background,0.000000,40.299999,0,0,0.761905,0.158730
42.777779,8.253968,background,0.000000,39.880001,0,0,0.777778,0.158730
43.650795,8.253968,background,0.000000,39.500000,0,0,0.793651,0.158730
44.523811,8.253968,background,0.000000,39.130001,0,0,0.809524,0.158730
45.396824,8.253968,background,0.000000,38.779999,0,0,0.825397,0.158730
46.269840,8.253968,background,0.000000,38.439999,0,0,0.841270,0.158730
47.142857,8.253968,background,0.000000,38.099998,0,0,0.857143,0.158730
48.015873,8.253968,background,0.000000,37.779999,0,0,0.873016,0.158730
48.888889,8.253968,background,0.000000,37.459999,0,0,0.888889,0.158730
49.761906,8.253968,background,0.000000,37.160000,0,0,0.904762,0.158730
50.634922,8.253968,background,0.000000,36.849998,0,0,0.920635,0.158730
51.507938,8.253968,background,0.000000,36.570000,0,0,0.936508,0.158730
52.380951,8.253968,background,0.000000,36.290001,0,0,0.952381,0.158730
53.253967,8.253968,background,0.000000,36.049999,0,0,0.968254,0.158730
54.126984,8.253968,background,0.000000,35.840000,0,0,0.984127,0.158730
55.000000,8.253968,background,0.000000,35.720001,0,0,1.000000,0.158730
0.000000,9.079365,background,0.000000,34.130001,0,0,0.000000,0.174603
0.873016,9.079365,background,0.000000,34.240002,0,0,0.015873,0.174603
1.746032,9.079365,background,0.000000,34.430000,0,0,0.031746,0.174603
2.619048,9.079365,background,0.000000,34.660000,0,0,0.047619,0.174603
3.492064,9.079365,background,0.000000,34.910000,0,0,0.063492,0.174603
4.365079,9.079365,background,0.000000,35.180000,0,0,0.079365,0.174603
5.238095,9.079365,background,0.000000,35.459999,0,0,0.095238,0.174603
6.111111,9.079365,background,0.000000,35.740002,0,0,0.111111,0.174603
6.984127,9.079365,background,0.000000,36.040001,0,0,0.126984,0.174603
7.857143,9.079365,background,0.000000,36.340000,0,0,0.142857,0.174603
8.730159,9.079365,background,0.000000,36.639999,0,0,0.158730,0.174603
9.603174,9.079365,background,0.000000,36.950001,0,0,0.174603,0.174603
10.476191,9.079365,background,0.000000,37.259998,0,0,0.190476,0.174603
11.349206,9.079365,background,0.000000,37.580002,0,0,0.206349,0.174603
12.222222,9.079365,background,0.000000,37.900002,0,0,0.222222,0.174603
13.095238,9.079365,background,0.000000,38.230000,0,0,0.238095,0.174603
13.968254,9.079365,background,0.000000,38.570000,0,0,0.253968,0.174603
14.841269,9.079365,background,0.000000,38.919998,0,0,0.269841,0.174603
15.714286,9.079365,background,0.000000,39.279999,0,0,0.285714,0.174603
16.587301,9.079365,background,0.000000,39.650002,0,0,0.301587,0.174603
17.460318,9.079365,background,0.000000,40.049999,0,0,0.317460,0.174603
18.333334,9.079365,background,0.000000,40.470001,0,0,0.333333,0.174603
19.206348,9.079365,background,0.000000,40.939999,0,0,0.349206,0.174603
20.079365,9.079365,background,0.000000,41.459999,0,0,0.365079,0.174603
20.952381,9.079365,HBM_0,25.000000,42.070000,1,1,0.380952,0.174603
21.825397,9.079365,HBM_0,25.000000,42.630001,1,0,0.396825,0.174603
22.698412,9.079365,HBM_0,25.000000,43.380001,1,0,0.412698,0.174603
23.571428,9.079365,HBM_0,25.000000,44.009998,1,0,0.428571,0.174603
24.444445,9.079365,HBM_0,25.000000,44.450001,1,0,0.444444,0.174603
25.317461,9.079365,HBM_0,25.000000,44.779999,1,0,0.460317,0.174603
26.190475,9.079365,HBM_0,25.000000,45.049999,1,0,0.476190,0.174603
27.063492,9.079365,HBM_0,25.000000,45.259998,1,0,0.492063,0.174603
27.936508,9.079365,HBM_0,25.000000,45.419998,1,0,0.507937,0.174603
28.809525,9.079365,HBM_0,25.000000,45.529999,1,1,0.523810,0.174603
29.682539,9.079365,background,0.000000,45.590000,0,0,0.539683,0.174603
30.555555,9.079365,background,0.000000,45.610001,0,0,0.555556,0.174603
31.428572,9.079365,background,0.000000,45.580002,0,0,0.571429,0.174603
32.301586,9.079365,background,0.000000,45.500000,0,0,0.587302,0.174603
33.174603,9.079365,background,0.000000,45.380001,0,0,0.603175,0.174603
34.047619,9.079365,background,0.000000,45.209999,0,0,0.619048,0.174603
34.920635,9.079365,background,0.000000,44.990002,0,0,0.634921,0.174603
35.793652,9.079365,background,0.000000,44.709999,0,0,0.650794,0.174603
36.666668,9.079365,background,0.000000,44.360001,0,0,0.666667,0.174603
37.539684,9.079365,background,0.000000,43.889999,0,0,0.682540,0.174603
38.412697,9.079365,background,0.000000,43.189999,0,0,0.698413,0.174603
39.285713,9.079365,background,0.000000,42.459999,0,0,0.714286,0.174603
40.158730,9.079365,background,0.000000,41.880001,0,0,0.730159,0.174603
41.031746,9.079365,background,0.000000,41.299999,0,0,0.746032,0.174603
41.904762,9.079365,background,0.000000,40.790001,0,0,0.761905,0.174603
42.777779,9.079365,background,0.000000,40.340000,0,0,0.777778,0.174603
43.650795,9.079365,background,0.000000,39.919998,0,0,0.793651,0.174603
44.523811,9.079365,background,0.000000,39.529999,0,0,0.809524,0.174603
45.396824,9.079365,background,0.000000,39.160000,0,0,0.825397,0.174603
46.269840,9.079365,background,0.000000,38.799999,0,0,0.841270,0.174603
47.142857,9.079365,background,0.000000,38.450001,0,0,0.857143,0.174603
48.015873,9.079365,background,0.000000,38.110001,0,0,0.873016,0.174603
48.888889,9.079365,background,0.000000,37.779999,0,0,0.888889,0.174603
49.761906,9.079365,background,0.000000,37.459999,0,0,0.904762,0.174603
50.634922,9.079365,background,0.000000,37.139999,0,0,0.920635,0.174603
51.507938,9.079365,background,0.000000,36.840000,0,0,0.936508,0.174603
52.380951,9.079365,background,0.000000,36.560001,0,0,0.952381,0.174603
53.253967,9.079365,background,0.000000,36.299999,0,0,0.968254,0.174603
54.126984,9.079365,background,0.000000,36.090000,0,0,0.984127,0.174603
55.000000,9.079365,background,0.000000,35.950001,0,0,1.000000,0.174603
0.000000,9.904762,background,0.000000,34.290001,0,0,0.000000,0.190476
0.873016,9.904762,background,0.000000,34.410000,0,0,0.015873,0.190476
1.746032,9.904762,background,0.000000,34.599998,0,0,0.031746,0.190476
2.619048,9.904762,background,0.000000,34.840000,0,0,0.047619,0.190476
3.492064,9.904762,background,0.000000,35.110001,0,0,0.063492,0.190476
4.365079,9.904762,background,0.000000,35.389999,0,0,0.079365,0.190476
5.238095,9.904762,background,0.000000,35.680000,0,0,0.095238,0.190476
6.111111,9.904762,background,0.000000,35.980000,0,0,0.111111,0.190476
6.984127,9.904762,background,0.000000,36.279999,0,0,0.126984,0.190476
7.857143,9.904762,background,0.000000,36.590000,0,0,0.142857,0.190476
8.730159,9.904762,background,0.000000,36.910000,0,0,0.158730,0.190476
9.603174,9.904762,background,0.000000,37.230000,0,0,0.174603,0.190476
10.476191,9.904762,background,0.000000,37.560001,0,0,0.190476,0.190476
11.349206,9.904762,background,0.000000,37.889999,0,0,0.206349,0.190476
12.222222,9.904762,background,0.000000,38.230000,0,0,0.222222,0.190476
13.095238,9.904762,background,0.000000,38.570000,0,0,0.238095,0.190476
13.968254,9.904762,background,0.000000,38.930000,0,0,0.253968,0.190476
14.841269,9.904762,background,0.000000,39.290001,0,0,0.269841,0.190476
15.714286,9.904762,background,0.000000,39.669998,0,0,0.285714,0.190476
16.587301,9.904762,background,0.000000,40.060001,0,0,0.301587,0.190476
17.460318,9.904762,background,0.000000,40.480000,0,0,0.317460,0.190476
18.333334,9.904762,background,0.000000,40.939999,0,0,0.333333,0.190476
19.206348,9.904762,background,0.000000,41.450001,0,0,0.349206,0.190476
20.079365,9.904762,background,0.000000,42.049999,0,0,0.365079,0.190476
20.952381,9.904762,HBM_0,25.000000,42.770000,1,1,0.380952,0.190476
21.825397,9.904762,HBM_0,25.000000,43.630001,1,0,0.396825,0.190476
22.698412,9.904762,HBM_0,25.000000,45.049999,1,0,0.412698,0.190476
23.571428,9.904762,HBM_0,25.000000,46.290001,1,0,0.428571,0.190476
24.444445,9.904762,HBM_0,25.000000,46.880001,1,0,0.444444,0.190476
25.317461,9.904762,HBM_0,25.000000,47.270000,1,0,0.460317,0.190476
26.190475,9.904762,HBM_0,25.000000,47.560001,1,0,0.476190,0.190476
27.063492,9.904762,HBM_0,25.000000,47.790001,1,0,0.492063,0.190476
27.936508,9.904762,HBM_0,25.000000,47.959999,1,0,0.507937,0.190476
28.809525,9.904762,HBM_0,25.000000,48.080002,1,1,0.523810,0.190476
29.682539,9.904762,background,0.000000,48.150002,0,0,0.539683,0.190476
30.555555,9.904762,background,0.000000,48.169998,0,0,0.555556,0.190476
31.428572,9.904762,background,0.000000,48.139999,0,0,0.571429,0.190476
32.301586,9.904762,background,0.000000,48.060001,0,0,0.587302,0.190476
33.174603,9.904762,background,0.000000,47.930000,0,0,0.603175,0.190476
34.047619,9.904762,background,0.000000,47.740002,0,0,0.619048,0.190476
34.920635,9.904762,background,0.000000,47.500000,0,0,0.634921,0.190476
35.793652,9.904762,background,0.000000,47.189999,0,0,0.650794,0.190476
36.666668,9.904762,background,0.000000,46.770000,0,0,0.666667,0.190476
37.539684,9.904762,background,0.000000,46.119999,0,0,0.682540,0.190476
38.412697,9.904762,background,0.000000,44.599998,0,0,0.698413,0.190476
39.285713,9.904762,background,0.000000,43.369999,0,0,0.714286,0.190476
40.158730,9.904762,background,0.000000,42.540001,0,0,0.730159,0.190476
41.031746,9.904762,background,0.000000,41.860001,0,0,0.746032,0.190476
41.904762,9.904762,background,0.000000,41.290001,0,0,0.761905,0.190476
42.777779,9.904762,background,0.000000,40.799999,0,0,0.777778,0.190476
43.650795,9.904762,background,0.000000,40.349998,0,0,0.793651,0.190476
44.523811,9.904762,background,0.000000,39.939999,0,0,0.809524,0.190476
45.396824,9.904762,background,0.000000,39.549999,0,0,0.825397,0.190476
46.269840,9.904762,background,0.000000,39.169998,0,0,0.841270,0.190476
47.142857,9.904762,background,0.000000,38.799999,0,0,0.857143,0.190476
48.015873,9.904762,background,0.000000,38.450001,0,0,0.873016,0.190476
48.888889,9.904762,background,0.000000,38.099998,0,0,0.888889,0.190476
49.761906,9.904762,background,0.000000,37.770000,0,0,0.904762,0.190476
50.634922,9.904762,background,0.000000,37.439999,0,0,0.920635,0.190476
51.507938,9.904762,background,0.000000,37.119999,0,0,0.936508,0.190476
52.380951,9.904762,background,0.000000,36.820000,0,0,0.952381,0.190476
53.253967,9.904762,background,0.000000,36.549999,0,0,0.968254,0.190476
54.126984,9.904762,background,0.000000,36.330002,0,0,0.984127,0.190476
55.000000,9.904762,background,0.000000,36.189999,0,0,1.000000,0.190476
0.000000,10.730159,background,0.000000,34.450001,0,0,0.000000,0.206349
0.873016,10.730159,background,0.000000,34.580002,0,0,0.015873,0.206349
1.746032,10.730159,background,0.000000,34.779999,0,0,0.031746,0.206349
2.619048,10.730159,background,0.000000,35.029999,0,0,0.047619,0.206349
3.492064,10.730159,background,0.000000,35.299999,0,0,0.063492,0.206349
4.365079,10.730159,background,0.000000,35.590000,0,0,0.079365,0.206349
5.238095,10.730159,background,0.000000,35.900002,0,0,0.095238,0.206349
6.111111,10.730159,background,0.000000,36.209999,0,0,0.111111,0.206349
6.984127,10.730159,background,0.000000,36.529999,0,0,0.126984,0.206349
7.857143,10.730159,background,0.000000,36.860001,0,0,0.142857,0.206349
8.730159,10.730159,background,0.000000,37.189999,0,0,0.158730,0.206349
9.603174,10.730159,background,0.000000,37.520000,0,0,0.174603,0.206349
10.476191,10.730159,background,0.000000,37.860001,0,0,0.190476,0.206349
11.349206,10.730159,background,0.000000,38.209999,0,0,0.206349,0.206349
12.222222,10.730159,background,0.000000,38.560001,0,0,0.222222,0.206349
13.095238,10.730159,background,0.000000,38.919998,0,0,0.238095,0.206349
13.968254,10.730159,background,0.000000,39.290001,0,0,0.253968,0.206349
14.841269,10.730159,background,0.000000,39.660000,0,0,0.269841,0.206349
15.714286,10.730159,background,0.000000,40.060001,0,0,0.285714,0.206349
16.587301,10.730159,background,0.000000,40.470001,0,0,0.301587,0.206349
17.460318,10.730159,background,0.000000,40.919998,0,0,0.317460,0.206349
18.333334,10.730159,background,0.000000,41.400002,0,0,0.333333,0.206349
19.206348,10.730159,background,0.000000,41.970001,0,0,0.349206,0.206349
20.079365,10.730159,background,0.000000,42.650002,0,0,0.365079,0.206349
20.952381,10.730159,HBM_0,25.000000,43.549999,1,1,0.380952,0.206349
21.825397,10.730159,HBM_0,25.000000,44.820000,1,0,0.396825,0.206349
22.698412,10.730159,HBM_0,25.000000,46.380001,1,0,0.412698,0.206349
23.571428,10.730159,HBM_0,25.000000,47.820000,1,0,0.428571,0.206349
24.444445,10.730159,HBM_0,25.000000,48.490002,1,0,0.444444,0.206349
25.317461,10.730159,HBM_0,25.000000,48.919998,1,0,0.460317,0.206349
26.190475,10.730159,HBM_0,25.000000,49.240002,1,0,0.476190,0.206349
27.063492,10.730159,HBM_0,25.000000,49.490002,1,0,0.492063,0.206349
27.936508,10.730159,HBM_0,25.000000,49.669998,1,0,0.507937,0.206349
28.809525,10.730159,HBM_0,25.000000,49.799999,1,1,0.523810,0.206349
29.682539,10.730159,background,0.000000,49.869999,0,0,0.539683,0.206349
30.555555,10.730159,background,0.000000,49.889999,0,0,0.555556,0.206349
31.428572,10.730159,background,0.000000,49.860001,0,0,0.571429,0.206349
32.301586,10.730159,background,0.000000,49.770000,0,0,0.587302,0.206349
33.174603,10.730159,background,0.000000,49.630001,0,0,0.603175,0.206349
34.047619,10.730159,background,0.000000,49.430000,0,0,0.619048,0.206349
34.920635,10.730159,background,0.000000,49.169998,0,0,0.634921,0.206349
35.793652,10.730159,background,0.000000,48.830002,0,0,0.650794,0.206349
36.666668,10.730159,background,0.000000,48.369999,0,0,0.666667,0.206349
37.539684,10.730159,background,0.000000,47.630001,0,0,0.682540,0.206349
38.412697,10.730159,background,0.000000,45.849998,0,0,0.698413,0.206349
39.285713,10.730159,background,0.000000,44.369999,0,0,0.714286,0.206349
40.158730,10.730159,background,0.000000,43.250000,0,0,0.730159,0.206349
41.031746,10.730159,background,0.000000,42.430000,0,0,0.746032,0.206349
41.904762,10.730159,background,0.000000,41.790001,0,0,0.761905,0.206349
42.777779,10.730159,background,0.000000,41.250000,0,0,0.777778,0.206349
43.650795,10.730159,background,0.000000,40.779999,0,0,0.793651,0.206349
44.523811,10.730159,background,0.000000,40.340000,0,0,0.809524,0.206349
45.396824,10.730159,background,0.000000,39.930000,0,0,0.825397,0.206349
46.269840,10.730159,background,0.000000,39.540001,0,0,0.841270,0.206349
47.142857,10.730159,background,0.000000,39.160000,0,0,0.857143,0.206349
48.015873,10.730159,background,0.000000,38.790001,0,0,0.873016,0.206349
48.888889,10.730159,background,0.000000,38.430000,0,0,0.888889,0.206349
49.761906,10.730159,background,0.000000,38.080002,0,0,0.904762,0.206349
50.634922,10.730159,background,0.000000,37.740002,0,0,0.920635,0.206349
51.507938,10.730159,background,0.000000,37.410000,0,0,0.936508,0.206349
52.380951,10.730159,background,0.000000,37.099998,0,0,0.952381,0.206349
53.253967,10.730159,background,0.000000,36.810001,0,0,0.968254,0.206349
54.126984,10.730159,background,0.000000,36.580002,0,0,0.984127,0.206349
55.000000,10.730159,background,0.000000,36.439999,0,0,1.000000,0.206349
0.000000,11.555555,background,0.000000,34.610001,0,0,0.000000,0.222222
0.873016,11.555555,background,0.000000,34.740002,0,0,0.015873,0.222222
1.746032,11.555555,background,0.000000,34.959999,0,0,0.031746,0.222222
2.619048,11.555555,background,0.000000,35.209999,0,0,0.047619,0.222222
3.492064,11.555555,background,0.000000,35.500000,0,0,0.063492,0.222222
4.365079,11.555555,background,0.000000,35.810001,0,0,0.079365,0.222222
5.238095,11.555555,background,0.000000,36.119999,0,0,0.095238,0.222222
6.111111,11.555555,background,0.000000,36.450001,0,0,0.111111,0.222222
6.984127,11.555555,background,0.000000,36.779999,0,0,0.126984,0.222222
7.857143,11.555555,background,0.000000,37.119999,0,0,0.142857,0.222222
8.730159,11.555555,background,0.000000,37.470001,0,0,0.158730,0.222222
9.603174,11.555555,background,0.000000,37.820000,0,0,0.174603,0.222222
10.476191,11.555555,background,0.000000,38.169998,0,0,0.190476,0.222222
11.349206,11.555555,background,0.000000,38.529999,0,0,0.206349,0.222222
12.222222,11.555555,background,0.000000,38.889999,0,0,0.222222,0.222222
13.095238,11.555555,background,0.000000,39.270000,0,0,0.238095,0.222222
13.968254,11.555555,background,0.000000,39.650002,0,0,0.253968,0.222222
14.841269,11.555555,background,0.000000,40.040001,0,0,0.269841,0.222222
15.714286,11.555555,background,0.000000,40.450001,0,0,0.285714,0.222222
16.587301,11.555555,background,0.000000,40.880001,0,0,0.301587,0.222222
17.460318,11.555555,background,0.000000,41.349998,0,0,0.317460,0.222222
18.333334,11.555555,background,0.000000,41.860001,0,0,0.333333,0.222222
19.206348,11.555555,background,0.000000,42.470001,0,0,0.349206,0.222222
20.079365,11.555555,background,0.000000,43.220001,0,0,0.365079,0.222222
20.952381,11.555555,HBM_0,25.000000,44.220001,1,1,0.380952,0.222222
21.825397,11.555555,HBM_0,25.000000,45.639999,1,0,0.396825,0.222222
22.698412,11.555555,HBM_0,25.000000,47.189999,1,0,0.412698,0.222222
23.571428,11.555555,HBM_0,25.000000,48.680000,1,1,0.428571,0.222222
24.444445,11.555555,HBM_0,25.000000,49.389999,1,1,0.444444,0.222222
25.317461,11.555555,HBM_0,25.000000,49.849998,1,1,0.460317,0.222222
26.190475,11.555555,HBM_0,25.000000,50.200001,1,1,0.476190,0.222222
27.063492,11.555555,HBM_0,25.000000,50.459999,1,1,0.492063,0.222222
27.936508,11.555555,HBM_0,25.000000,50.660000,1,1,0.507937,0.222222
28.809525,11.555555,HBM_0,25.000000,50.790001,1,1,0.523810,0.222222
29.682539,11.555555,HBM_1,25.000000,50.869999,1,1,0.539683,0.222222
30.555555,11.555555,HBM_1,25.000000,50.889999,1,1,0.555556,0.222222
31.428572,11.555555,HBM_1,25.000000,50.860001,1,1,0.571429,0.222222
32.301586,11.555555,background,0.000000,50.759998,0,0,0.587302,0.222222
33.174603,11.555555,background,0.000000,50.610001,0,0,0.603175,0.222222
34.047619,11.555555,background,0.000000,50.400002,0,0,0.619048,0.222222
34.920635,11.555555,background,0.000000,50.119999,0,0,0.634921,0.222222
35.793652,11.555555,background,0.000000,49.759998,0,0,0.650794,0.222222
36.666668,11.555555,background,0.000000,49.270000,0,0,0.666667,0.222222
37.539684,11.555555,background,0.000000,48.490002,0,0,0.682540,0.222222
38.412697,11.555555,background,0.000000,46.639999,0,0,0.698413,0.222222
39.285713,11.555555,background,0.000000,45.119999,0,0,0.714286,0.222222
40.158730,11.555555,background,0.000000,43.869999,0,0,0.730159,0.222222
41.031746,11.555555,background,0.000000,42.970001,0,0,0.746032,0.222222
41.904762,11.555555,background,0.000000,42.279999,0,0,0.761905,0.222222
42.777779,11.555555,background,0.000000,41.700001,0,0,0.777778,0.222222
43.650795,11.555555,background,0.000000,41.200001,0,0,0.793651,0.222222
44.523811,11.555555,background,0.000000,40.750000,0,0,0.809524,0.222222
45.396824,11.555555,background,0.000000,40.320000,0,0,0.825397,0.222222
46.269840,11.555555,background,0.000000,39.910000,0,0,0.841270,0.222222
47.142857,11.555555,background,0.000000,39.520000,0,0,0.857143,0.222222
48.015873,11.555555,background,0.000000,39.130001,0,0,0.873016,0.222222
48.888889,11.555555,background,0.000000,38.759998,0,0,0.888889,0.222222
49.761906,11.555555,background,0.000000,38.400002,0,0,0.904762,0.222222
50.634922,11.555555,background,0.000000,38.040001,0,0,0.920635,0.222222
51.507938,11.555555,background,0.000000,37.700001,0,0,0.936508,0.222222
52.380951,11.555555,background,0.000000,37.380001,0,0,0.952381,0.222222
53.253967,11.555555,background,0.000000,37.080002,0,0,0.968254,0.222222
54.126984,11.555555,background,0.000000,36.840000,0,0,0.984127,0.222222
55.000000,11.555555,background,0.000000,36.689999,0,0,1.000000,0.222222
0.000000,12.380953,background,0.000000,34.770000,0,0,0.000000,0.238095
0.873016,12.380953,background,0.000000,34.910000,0,0,0.015873,0.238095
1.746032,12.380953,background,0.000000,35.130001,0,0,0.031746,0.238095
2.619048,12.380953,background,0.000000,35.400002,0,0,0.047619,0.238095
3.492064,12.380953,background,0.000000,35.700001,0,0,0.063492,0.238095
4.365079,12.380953,background,0.000000,36.020000,0,0,0.079365,0.238095
5.238095,12.380953,background,0.000000,36.360001,0,0,0.095238,0.238095
6.111111,12.380953,background,0.000000,36.700001,0,0,0.111111,0.238095
6.984127,12.380953,background,0.000000,37.049999,0,0,0.126984,0.238095
7.857143,12.380953,background,0.000000,37.400002,0,0,0.142857,0.238095
8.730159,12.380953,background,0.000000,37.759998,0,0,0.158730,0.238095
9.603174,12.380953,background,0.000000,38.119999,0,0,0.174603,0.238095
10.476191,12.380953,background,0.000000,38.490002,0,0,0.190476,0.238095
11.349206,12.380953,background,0.000000,38.860001,0,0,0.206349,0.238095
12.222222,12.380953,background,0.000000,39.230000,0,0,0.222222,0.238095
13.095238,12.380953,background,0.000000,39.619999,0,0,0.238095,0.238095
13.968254,12.380953,background,0.000000,40.009998,0,0,0.253968,0.238095
14.841269,12.380953,background,0.000000,40.419998,0,0,0.269841,0.238095
15.714286,12.380953,background,0.000000,40.840000,0,0,0.285714,0.238095
16.587301,12.380953,background,0.000000,41.290001,0,0,0.301587,0.238095
17.460318,12.380953,background,0.000000,41.770000,0,0,0.317460,0.238095
18.333334,12.380953,background,0.000000,42.310001,0,0,0.333333,0.238095
19.206348,12.380953,background,0.000000,42.950001,0,0,0.349206,0.238095
20.079365,12.380953,background,0.000000,43.740002,0,0,0.365079,0.238095
20.952381,12.380953,HBM_0,25.000000,44.790001,1,1,0.380952,0.238095
21.825397,12.380953,HBM_0,25.000000,46.259998,1,0,0.396825,0.238095
22.698412,12.380953,HBM_0,25.000000,47.810001,1,0,0.412698,0.238095
23.571428,12.380953,HBM_0,25.000000,49.330002,1,1,0.428571,0.238095
24.444445,12.380953,HBM_0,25.000000,50.060001,1,0,0.444444,0.238095
25.317461,12.380953,HBM_0,25.000000,50.549999,1,0,0.460317,0.238095
26.190475,12.380953,HBM_0,25.000000,50.910000,1,0,0.476190,0.238095
27.063492,12.380953,HBM_0,25.000000,51.189999,1,0,0.492063,0.238095
27.936508,12.380953,HBM_0,25.000000,51.389999,1,0,0.507937,0.238095
28.809525,12.380953,HBM_0,25.000000,51.529999,1,1,0.523810,0.238095
29.682539,12.380953,HBM_1,25.000000,51.619999,1,0,0.539683,0.238095
30.555555,12.380953,HBM_1,25.000000,51.639999,1,0,0.555556,0.238095
31.428572,12.380953,HBM_1,25.000000,51.599998,1,1,0.571429,0.238095
32.301586,12.380953,background,0.000000,51.509998,0,0,0.587302,0.238095
33.174603,12.380953,background,0.000000,51.349998,0,0,0.603175,0.238095
34.047619,12.380953,background,0.000000,51.130001,0,0,0.619048,0.238095
34.920635,12.380953,background,0.000000,50.830002,0,0,0.634921,0.238095
35.793652,12.380953,background,0.000000,50.450001,0,0,0.650794,0.238095
36.666668,12.380953,background,0.000000,49.930000,0,0,0.666667,0.238095
37.539684,12.380953,background,0.000000,49.119999,0,0,0.682540,0.238095
38.412697,12.380953,background,0.000000,47.240002,0,0,0.698413,0.238095
39.285713,12.380953,background,0.000000,45.720001,0,0,0.714286,0.238095
40.158730,12.380953,background,0.000000,44.419998,0,0,0.730159,0.238095
41.031746,12.380953,background,0.000000,43.480000,0,0,0.746032,0.238095
41.904762,12.380953,background,0.000000,42.750000,0,0,0.761905,0.238095
42.777779,12.380953,background,0.000000,42.139999,0,0,0.777778,0.238095
43.650795,12.380953,background,0.000000,41.619999,0,0,0.793651,0.238095
44.523811,12.380953,background,0.000000,41.150002,0,0,0.809524,0.238095
45.396824,12.380953,background,0.000000,40.700001,0,0,0.825397,0.238095
46.269840,12.380953,background,0.000000,40.279999,0,0,0.841270,0.238095
47.142857,12.380953,background,0.000000,39.880001,0,0,0.857143,0.238095
48.015873,12.380953,background,0.000000,39.490002,0,0,0.873016,0.238095
48.888889,12.380953,background,0.000000,39.099998,0,0,0.888889,0.238095
49.761906,12.380953,background,0.000000,38.730000,0,0,0.904762,0.238095
50.634922,12.380953,background,0.000000,38.360001,0,0,0.920635,0.238095
51.507938,12.380953,background,0.000000,38.000000,0,0,0.936508,0.238095
52.380951,12.380953,background,0.000000,37.669998,0,0,0.952381,0.238095
53.253967,12.380953,background,0.000000,37.360001,0,0,0.968254,0.238095
54.126984,12.380953,background,0.000000,37.110001,0,0,0.984127,0.238095
55.000000,12.380953,background,0.000000,36.950001,0,0,1.000000,0.238095
0.000000,13.206349,background,0.000000,34.939999,0,0,0.000000,0.253968
0.873016,13.206349,background,0.000000,35.080002,0,0,0.015873,0.253968
1.746032,13.206349,background,0.000000,35.310001,0,0,0.031746,0.253968
2.619048,13.206349,background,0.000000,35.590000,0,0,0.047619,0.253968
3.492064,13.206349,background,0.000000,35.910000,0,0,0.063492,0.253968
4.365079,13.206349,background,0.000000,36.240002,0,0,0.079365,0.253968
5.238095,13.206349,background,0.000000,36.599998,0,0,0.095238,0.253968
6.111111,13.206349,background,0.000000,36.959999,0,0,0.111111,0.253968
6.984127,13.206349,background,0.000000,37.320000,0,0,0.126984,0.253968
7.857143,13.206349,background,0.000000,37.689999,0,0,0.142857,0.253968
8.730159,13.206349,background,0.000000,38.070000,0,0,0.158730,0.253968
9.603174,13.206349,background,0.000000,38.439999,0,0,0.174603,0.253968
10.476191,13.206349,background,0.000000,38.820000,0,0,0.190476,0.253968
11.349206,13.206349,background,0.000000,39.200001,0,0,0.206349,0.253968
12.222222,13.206349,background,0.000000,39.590000,0,0,0.222222,0.253968
13.095238,13.206349,background,0.000000,39.980000,0,0,0.238095,0.253968
13.968254,13.206349,background,0.000000,40.380001,0,0,0.253968,0.253968
14.841269,13.206349,background,0.000000,40.799999,0,0,0.269841,0.253968
15.714286,13.206349,background,0.000000,41.230000,0,0,0.285714,0.253968
16.587301,13.206349,background,0.000000,41.689999,0,0,0.301587,0.253968
17.460318,13.206349,background,0.000000,42.189999,0,0,0.317460,0.253968
18.333334,13.206349,background,0.000000,42.750000,0,0,0.333333,0.253968
19.206348,13.206349,background,0.000000,43.400002,0,0,0.349206,0.253968
20.079365,13.206349,background,0.000000,44.220001,0,0,0.365079,0.253968
20.952381,13.206349,HBM_0,25.000000,45.299999,1,1,0.380952,0.253968
21.825397,13.206349,HBM_0,25.000000,46.799999,1,0,0.396825,0.253968
22.698412,13.206349,HBM_0,25.000000,48.340000,1,0,0.412698,0.253968
23.571428,13.206349,HBM_0,25.000000,49.880001,1,1,0.428571,0.253968
24.444445,13.206349,HBM_0,25.000000,50.639999,1,0,0.444444,0.253968
25.317461,13.206349,HBM_0,25.000000,51.139999,1,0,0.460317,0.253968
26.190475,13.206349,HBM_0,25.000000,51.520000,1,0,0.476190,0.253968
27.063492,13.206349,HBM_0,25.000000,51.799999,1,0,0.492063,0.253968
27.936508,13.206349,HBM_0,25.000000,52.020000,1,0,0.507937,0.253968
28.809525,13.206349,HBM_0,25.000000,52.169998,1,1,0.523810,0.253968
29.682539,13.206349,HBM_1,25.000000,52.250000,1,0,0.539683,0.253968
30.555555,13.206349,HBM_1,25.000000,52.279999,1,0,0.555556,0.253968
31.428572,13.206349,HBM_1,25.000000,52.240002,1,1,0.571429,0.253968
32.301586,13.206349,background,0.000000,52.139999,0,0,0.587302,0.253968
33.174603,13.206349,background,0.000000,51.970001,0,0,0.603175,0.253968
34.047619,13.206349,background,0.000000,51.740002,0,0,0.619048,0.253968
34.920635,13.206349,background,0.000000,51.439999,0,0,0.634921,0.253968
35.793652,13.206349,background,0.000000,51.040001,0,0,0.650794,0.253968
36.666668,13.206349,background,0.000000,50.500000,0,0,0.666667,0.253968
37.539684,13.206349,background,0.000000,49.680000,0,0,0.682540,0.253968
38.412697,13.206349,background,0.000000,47.779999,0,0,0.698413,0.253968
39.285713,13.206349,background,0.000000,46.240002,0,0,0.714286,0.253968
40.158730,13.206349,background,0.000000,44.919998,0,0,0.730159,0.253968
41.031746,13.206349,background,0.000000,43.950001,0,0,0.746032,0.253968
41.904762,13.206349,background,0.000000,43.200001,0,0,0.761905,0.253968
42.777779,13.206349,background,0.000000,42.570000,0,0,0.777778,0.253968
43.650795,13.206349,background,0.000000,42.029999,0,0,0.793651,0.253968
44.523811,13.206349,background,0.000000,41.549999,0,0,0.809524,0.253968
45.396824,13.206349,background,0.000000,41.090000,0,0,0.825397,0.253968
46.269840,13.206349,background,0.000000,40.660000,0,0,0.841270,0.253968
47.142857,13.206349,background,0.000000,40.250000,0,0,0.857143,0.253968
48.015873,13.206349,background,0.000000,39.849998,0,0,0.873016,0.253968
48.888889,13.206349,background,0.000000,39.459999,0,0,0.888889,0.253968
49.761906,13.206349,background,0.000000,39.070000,0,0,0.904762,0.253968
50.634922,13.206349,background,0.000000,38.689999,0,0,0.920635,0.253968
51.507938,13.206349,background,0.000000,38.320000,0,0,0.936508,0.253968
52.380951,13.206349,background,0.000000,37.980000,0,0,0.952381,0.253968
53.253967,13.206349,background,0.000000,37.660000,0,0,0.968254,0.253968
54.126984,13.206349,background,0.000000,37.400002,0,0,0.984127,0.253968
55.000000,13.206349,background,0.000000,37.230000,0,0,1.000000,0.253968
0.000000,14.031746,background,0.000000,35.099998,0,0,0.000000,0.269841
0.873016,14.031746,background,0.000000,35.250000,0,0,0.015873,0.269841
1.746032,14.031746,background,0.000000,35.490002,0,0,0.031746,0.269841
2.619048,14.031746,background,0.000000,35.779999,0,0,0.047619,0.269841
3.492064,14.031746,background,0.000000,36.119999,0,0,0.063492,0.269841
4.365079,14.031746,background,0.000000,36.480000,0,0,0.079365,0.269841
5.238095,14.031746,background,0.000000,36.849998,0,0,0.095238,0.269841
6.111111,14.031746,background,0.000000,37.230000,0,0,0.111111,0.269841
6.984127,14.031746,background,0.000000,37.619999,0,0,0.126984,0.269841
7.857143,14.031746,background,0.000000,38.009998,0,0,0.142857,0.269841
8.730159,14.031746,background,0.000000,38.400002,0,0,0.158730,0.269841
9.603174,14.031746,background,0.000000,38.790001,0,0,0.174603,0.269841
10.476191,14.031746,background,0.000000,39.180000,0,0,0.190476,0.269841
11.349206,14.031746,background,0.000000,39.570000,0,0,0.206349,0.269841
12.222222,14.031746,background,0.000000,39.970001,0,0,0.222222,0.269841
13.095238,14.031746,background,0.000000,40.360001,0,0,0.238095,0.269841
13.968254,14.031746,background,0.000000,40.770000,0,0,0.253968,0.269841
14.841269,14.031746,background,0.000000,41.189999,0,0,0.269841,0.269841
15.714286,14.031746,background,0.000000,41.619999,0,0,0.285714,0.269841
16.587301,14.031746,background,0.000000,42.090000,0,0,0.301587,0.269841
17.460318,14.031746,background,0.000000,42.599998,0,0,0.317460,0.269841
18.333334,14.031746,background,0.000000,43.169998,0,0,0.333333,0.269841
19.206348,14.031746,background,0.000000,43.840000,0,0,0.349206,0.269841
20.079365,14.031746,background,0.000000,44.680000,0,0,0.365079,0.269841
20.952381,14.031746,HBM_0,25.000000,45.779999,1,1,0.380952,0.269841
21.825397,14.031746,HBM_0,25.000000,47.290001,1,0,0.396825,0.269841
22.698412,14.031746,HBM_0,25.000000,48.840000,1,0,0.412698,0.269841
23.571428,14.031746,HBM_0,25.000000,50.389999,1,1,0.428571,0.269841
24.444445,14.031746,HBM_0,25.000000,51.160000,1,0,0.444444,0.269841
25.317461,14.031746,HBM_0,25.000000,51.669998,1,0,0.460317,0.269841
26.190475,14.031746,HBM_0,25.000000,52.060001,1,0,0.476190,0.269841
27.063492,14.031746,HBM_0,25.000000,52.360001,1,0,0.492063,0.269841
27.936508,14.031746,HBM_0,25.000000,52.580002,1,0,0.507937,0.269841
28.809525,14.031746,HBM_0,25.000000,52.730000,1,1,0.523810,0.269841
29.682539,14.031746,HBM_1,25.000000,52.820000,1,0,0.539683,0.269841
30.555555,14.031746,HBM_1,25.000000,52.840000,1,0,0.555556,0.269841
31.428572,14.031746,HBM_1,25.000000,52.799999,1,1,0.571429,0.269841
32.301586,14.031746,background,0.000000,52.700001,0,0,0.587302,0.269841
33.174603,14.031746,background,0.000000,52.529999,0,0,0.603175,0.269841
34.047619,14.031746,background,0.000000,52.290001,0,0,0.619048,0.269841
34.920635,14.031746,background,0.000000,51.980000,0,0,0.634921,0.269841
35.793652,14.031746,background,0.000000,51.570000,0,0,0.650794,0.269841
36.666668,14.031746,background,0.000000,51.020000,0,0,0.666667,0.269841
37.539684,14.031746,background,0.000000,50.180000,0,0,0.682540,0.269841
38.412697,14.031746,background,0.000000,48.270000,0,0,0.698413,0.269841
39.285713,14.031746,background,0.000000,46.720001,0,0,0.714286,0.269841
40.158730,14.031746,background,0.000000,45.389999,0,0,0.730159,0.269841
41.031746,14.031746,background,0.000000,44.400002,0,0,0.746032,0.269841
41.904762,14.031746,background,0.000000,43.630001,0,0,0.761905,0.269841
42.777779,14.031746,background,0.000000,43.000000,0,0,0.777778,0.269841
43.650795,14.031746,background,0.000000,42.439999,0,0,0.793651,0.269841
44.523811,14.031746,background,0.000000,41.950001,0,0,0.809524,0.269841
45.396824,14.031746,background,0.000000,41.490002,0,0,0.825397,0.269841
46.269840,14.031746,background,0.000000,41.060001,0,0,0.841270,0.269841
47.142857,14.031746,background,0.000000,40.639999,0,0,0.857143,0.269841
48.015873,14.031746,background,0.000000,40.230000,0,0,0.873016,0.269841
48.888889,14.031746,background,0.000000,39.830002,0,0,0.888889,0.269841
49.761906,14.031746,background,0.000000,39.439999,0,0,0.904762,0.269841
50.634922,14.031746,background,0.000000,39.049999,0,0,0.920635,0.269841
51.507938,14.031746,background,0.000000,38.669998,0,0,0.936508,0.269841
52.380951,14.031746,background,0.000000,38.310001,0,0,0.952381,0.269841
53.253967,14.031746,background,0.000000,37.980000,0,0,0.968254,0.269841
54.126984,14.031746,background,0.000000,37.709999,0,0,0.984127,0.269841
55.000000,14.031746,background,0.000000,37.540001,0,0,1.000000,0.269841
0.000000,14.857142,background,0.000000,35.259998,0,0,0.000000,0.285714
0.873016,14.857142,background,0.000000,35.410000,0,0,0.015873,0.285714
1.746032,14.857142,background,0.000000,35.669998,0,0,0.031746,0.285714
2.619048,14.857142,background,0.000000,35.980000,0,0,0.047619,0.285714
3.492064,14.857142,background,0.000000,36.340000,0,0,0.063492,0.285714
4.365079,14.857142,background,0.000000,36.730000,0,0,0.079365,0.285714
5.238095,14.857142,background,0.000000,37.130001,0,0,0.095238,0.285714
6.111111,14.857142,background,0.000000,37.549999,0,0,0.111111,0.285714
6.984127,14.857142,background,0.000000,37.959999,0,0,0.126984,0.285714
7.857143,14.857142,background,0.000000,38.369999,0,0,0.142857,0.285714
8.730159,14.857142,background,0.000000,38.779999,0,0,0.158730,0.285714
9.603174,14.857142,background,0.000000,39.189999,0,0,0.174603,0.285714
10.476191,14.857142,background,0.000000,39.590000,0,0,0.190476,0.285714
11.349206,14.857142,background,0.000000,39.990002,0,0,0.206349,0.285714
12.222222,14.857142,background,0.000000,40.389999,0,0,0.222222,0.285714
13.095238,14.857142,background,0.000000,40.779999,0,0,0.238095,0.285714
13.968254,14.857142,background,0.000000,41.180000,0,0,0.253968,0.285714
14.841269,14.857142,background,0.000000,41.590000,0,0,0.269841,0.285714
15.714286,14.857142,background,0.000000,42.029999,0,0,0.285714,0.285714
16.587301,14.857142,background,0.000000,42.500000,0,0,0.301587,0.285714
17.460318,14.857142,background,0.000000,43.009998,0,0,0.317460,0.285714
18.333334,14.857142,background,0.000000,43.590000,0,0,0.333333,0.285714
19.206348,14.857142,background,0.000000,44.270000,0,0,0.349206,0.285714
20.079365,14.857142,background,0.000000,45.110001,0,0,0.365079,0.285714
20.952381,14.857142,HBM_0,25.000000,46.220001,1,1,0.380952,0.285714
21.825397,14.857142,HBM_0,25.000000,47.740002,1,0,0.396825,0.285714
22.698412,14.857142,HBM_0,25.000000,49.299999,1,0,0.412698,0.285714
23.571428,14.857142,HBM_0,25.000000,50.860001,1,1,0.428571,0.285714
24.444445,14.857142,HBM_0,25.000000,51.639999,1,0,0.444444,0.285714
25.317461,14.857142,HBM_0,25.000000,52.160000,1,0,0.460317,0.285714
26.190475,14.857142,HBM_0,25.000000,52.560001,1,0,0.476190,0.285714
27.063492,14.857142,HBM_0,25.000000,52.860001,1,0,0.492063,0.285714
27.936508,14.857142,HBM_0,25.000000,53.090000,1,0,0.507937,0.285714
28.809525,14.857142,HBM_0,25.000000,53.250000,1,1,0.523810,0.285714
29.682539,14.857142,HBM_1,25.000000,53.340000,1,0,0.539683,0.285714
30.555555,14.857142,HBM_1,25.000000,53.360001,1,0,0.555556,0.285714
31.428572,14.857142,HBM_1,25.000000,53.320000,1,1,0.571429,0.285714
32.301586,14.857142,background,0.000000,53.209999,0,0,0.587302,0.285714
33.174603,14.857142,background,0.000000,53.040001,0,0,0.603175,0.285714
34.047619,14.857142,background,0.000000,52.799999,0,0,0.619048,0.285714
34.920635,14.857142,background,0.000000,52.470001,0,0,0.634921,0.285714
35.793652,14.857142,background,0.000000,52.060001,0,0,0.650794,0.285714
36.666668,14.857142,background,0.000000,51.500000,0,0,0.666667,0.285714
37.539684,14.857142,background,0.000000,50.650002,0,0,0.682540,0.285714
38.412697,14.857142,background,0.000000,48.730000,0,0,0.698413,0.285714
39.285713,14.857142,background,0.000000,47.180000,0,0,0.714286,0.285714
40.158730,14.857142,background,0.000000,45.840000,0,0,0.730159,0.285714
41.031746,14.857142,background,0.000000,44.840000,0,0,0.746032,0.285714
41.904762,14.857142,background,0.000000,44.060001,0,0,0.761905,0.285714
42.777779,14.857142,background,0.000000,43.410000,0,0,0.777778,0.285714
43.650795,14.857142,background,0.000000,42.860001,0,0,0.793651,0.285714
44.523811,14.857142,background,0.000000,42.360001,0,0,0.809524,0.285714
45.396824,14.857142,background,0.000000,41.900002,0,0,0.825397,0.285714
46.269840,14.857142,background,0.000000,41.470001,0,0,0.841270,0.285714
47.142857,14.857142,background,0.000000,41.060001,0,0,0.857143,0.285714
48.015873,14.857142,background,0.000000,40.660000,0,0,0.873016,0.285714
48.888889,14.857142,background,0.000000,40.259998,0,0,0.888889,0.285714
49.761906,14.857142,background,0.000000,39.860001,0,0,0.904762,0.285714
50.634922,14.857142,background,0.000000,39.459999,0,0,0.920635,0.285714
51.507938,14.857142,background,0.000000,39.070000,0,0,0.936508,0.285714
52.380951,14.857142,background,0.000000,38.700001,0,0,0.952381,0.285714
53.253967,14.857142,background,0.000000,38.349998,0,0,0.968254,0.285714
54.126984,14.857142,background,0.000000,38.070000,0,0,0.984127,0.285714
55.000000,14.857142,background,0.000000,37.880001,0,0,1.000000,0.285714
0.000000,15.682540,background,0.000000,35.410000,0,0,0.000000,0.301587
0.873016,15.682540,background,0.000000,35.580002,0,0,0.015873,0.301587
1.746032,15.682540,background,0.000000,35.849998,0,0,0.031746,0.301587
2.619048,15.682540,background,0.000000,36.180000,0,0,0.047619,0.301587
3.492064,15.682540,background,0.000000,36.570000,0,0,0.063492,0.301587
4.365079,15.682540,background,0.000000,37.000000,0,0,0.079365,0.301587
5.238095,15.682540,background,0.000000,37.459999,0,0,0.095238,0.301587
6.111111,15.682540,background,0.000000,37.930000,0,0,0.111111,0.301587
6.984127,15.682540,background,0.000000,38.380001,0,0,0.126984,0.301587
7.857143,15.682540,background,0.000000,38.820000,0,0,0.142857,0.301587
8.730159,15.682540,background,0.000000,39.250000,0,0,0.158730,0.301587
9.603174,15.682540,background,0.000000,39.669998,0,0,0.174603,0.301587
10.476191,15.682540,background,0.000000,40.080002,0,0,0.190476,0.301587
11.349206,15.682540,background,0.000000,40.490002,0,0,0.206349,0.301587
12.222222,15.682540,background,0.000000,40.889999,0,0,0.222222,0.301587
13.095238,15.682540,background,0.000000,41.279999,0,0,0.238095,0.301587
13.968254,15.682540,background,0.000000,41.650002,0,0,0.253968,0.301587
14.841269,15.682540,background,0.000000,42.040001,0,0,0.269841,0.301587
15.714286,15.682540,background,0.000000,42.450001,0,0,0.285714,0.301587
16.587301,15.682540,background,0.000000,42.910000,0,0,0.301587,0.301587
17.460318,15.682540,background,0.000000,43.419998,0,0,0.317460,0.301587
18.333334,15.682540,background,0.000000,44.000000,0,0,0.333333,0.301587
19.206348,15.682540,background,0.000000,44.689999,0,0,0.349206,0.301587
20.079365,15.682540,background,0.000000,45.540001,0,0,0.365079,0.301587
20.952381,15.682540,background,0.000000,46.650002,0,1,0.380952,0.301587
21.825397,15.682540,background,0.000000,48.169998,0,1,0.396825,0.301587
22.698412,15.682540,background,0.000000,49.730000,0,1,0.412698,0.301587
23.571428,15.682540,HBM_1,25.000000,51.299999,1,1,0.428571,0.301587
24.444445,15.682540,HBM_1,25.000000,52.080002,1,1,0.444444,0.301587
25.317461,15.682540,HBM_1,25.000000,52.610001,1,1,0.460317,0.301587
26.190475,15.682540,HBM_1,25.000000,53.009998,1,1,0.476190,0.301587
27.063492,15.682540,HBM_1,25.000000,53.320000,1,1,0.492063,0.301587
27.936508,15.682540,HBM_1,25.000000,53.549999,1,1,0.507937,0.301587
28.809525,15.682540,HBM_1,25.000000,53.709999,1,1,0.523810,0.301587
29.682539,15.682540,HBM_1,25.000000,53.799999,1,0,0.539683,0.301587
30.555555,15.682540,HBM_1,25.000000,53.830002,1,0,0.555556,0.301587
31.428572,15.682540,HBM_1,25.000000,53.790001,1,1,0.571429,0.301587
32.301586,15.682540,background,0.000000,53.680000,0,0,0.587302,0.301587
33.174603,15.682540,background,0.000000,53.500000,0,0,0.603175,0.301587
34.047619,15.682540,background,0.000000,53.259998,0,0,0.619048,0.301587
34.920635,15.682540,background,0.000000,52.930000,0,0,0.634921,0.301587
35.793652,15.682540,background,0.000000,52.509998,0,0,0.650794,0.301587
36.666668,15.682540,background,0.000000,51.939999,0,0,0.666667,0.301587
37.539684,15.682540,background,0.000000,51.080002,0,0,0.682540,0.301587
38.412697,15.682540,background,0.000000,49.160000,0,0,0.698413,0.301587
39.285713,15.682540,background,0.000000,47.610001,0,0,0.714286,0.301587
40.158730,15.682540,background,0.000000,46.259998,0,0,0.730159,0.301587
41.031746,15.682540,background,0.000000,45.259998,0,0,0.746032,0.301587
41.904762,15.682540,background,0.000000,44.480000,0,0,0.761905,0.301587
42.777779,15.682540,background,0.000000,43.830002,0,0,0.777778,0.301587
43.650795,15.682540,background,0.000000,43.270000,0,0,0.793651,0.301587
44.523811,15.682540,background,0.000000,42.779999,0,0,0.809524,0.301587
45.396824,15.682540,background,0.000000,42.330002,0,0,0.825397,0.301587
46.269840,15.682540,background,0.000000,41.919998,0,0,0.841270,0.301587
47.142857,15.682540,background,0.000000,41.540001,0,0,0.857143,0.301587
48.015873,15.682540,background,0.000000,41.160000,0,0,0.873016,0.301587
48.888889,15.682540,background,0.000000,40.770000,0,0,0.888889,0.301587
49.761906,15.682540,background,0.000000,40.369999,0,0,0.904762,0.301587
50.634922,15.682540,background,0.000000,39.959999,0,0,0.920635,0.301587
51.507938,15.682540,background,0.000000,39.560001,0,0,0.936508,0.301587
52.380951,15.682540,background,0.000000,39.169998,0,0,0.952381,0.301587
53.253967,15.682540,background,0.000000,38.799999,0,0,0.968254,0.301587
54.126984,15.682540,background,0.000000,38.500000,0,0,0.984127,0.301587
55.000000,15.682540,background,0.000000,38.299999,0,0,1.000000,0.301587
0.000000,16.507936,background,0.000000,35.560001,0,0,0.000000,0.317460
0.873016,16.507936,background,0.000000,35.740002,0,0,0.015873,0.317460
1.746032,16.507936,background,0.000000,36.029999,0,0,0.031746,0.317460
2.619048,16.507936,background,0.000000,36.389999,0,0,0.047619,0.317460
3.492064,16.507936,background,0.000000,36.830002,0,0,0.063492,0.317460
4.365079,16.507936,background,0.000000,37.320000,0,0,0.079365,0.317460
5.238095,16.507936,background,0.000000,37.869999,0,0,0.095238,0.317460
6.111111,16.507936,background,0.000000,38.439999,0,0,0.111111,0.317460
6.984127,16.507936,background,0.000000,38.950001,0,0,0.126984,0.317460
7.857143,16.507936,background,0.000000,39.419998,0,0,0.142857,0.317460
8.730159,16.507936,background,0.000000,39.860001,0,0,0.158730,0.317460
9.603174,16.507936,background,0.000000,40.299999,0,0,0.174603,0.317460
10.476191,16.507936,background,0.000000,40.720001,0,0,0.190476,0.317460
11.349206,16.507936,background,0.000000,41.139999,0,0,0.206349,0.317460
12.222222,16.507936,background,0.000000,41.540001,0,0,0.222222,0.317460
13.095238,16.507936,background,0.000000,41.900002,0,0,0.238095,0.317460
13.968254,16.507936,background,0.000000,42.220001,0,0,0.253968,0.317460
14.841269,16.507936,background,0.000000,42.529999,0,0,0.269841,0.317460
15.714286,16.507936,background,0.000000,42.910000,0,0,0.285714,0.317460
16.587301,16.507936,background,0.000000,43.349998,0,0,0.301587,0.317460
17.460318,16.507936,background,0.000000,43.849998,0,0,0.317460,0.317460
18.333334,16.507936,background,0.000000,44.430000,0,0,0.333333,0.317460
19.206348,16.507936,background,0.000000,45.110001,0,0,0.349206,0.317460
20.079365,16.507936,background,0.000000,45.959999,0,0,0.365079,0.317460
20.952381,16.507936,background,0.000000,47.070000,0,0,0.380952,0.317460
21.825397,16.507936,background,0.000000,48.580002,0,0,0.396825,0.317460
22.698412,16.507936,background,0.000000,50.139999,0,0,0.412698,0.317460
23.571428,16.507936,HBM_1,25.000000,51.700001,1,1,0.428571,0.317460
24.444445,16.507936,HBM_1,25.000000,52.490002,1,0,0.444444,0.317460
25.317461,16.507936,HBM_1,25.000000,53.029999,1,0,0.460317,0.317460
26.190475,16.507936,HBM_1,25.000000,53.430000,1,0,0.476190,0.317460
27.063492,16.507936,HBM_1,25.000000,53.740002,1,0,0.492063,0.317460
27.936508,16.507936,HBM_1,25.000000,53.970001,1,0,0.507937,0.317460
28.809525,16.507936,HBM_1,25.000000,54.139999,1,0,0.523810,0.317460
29.682539,16.507936,HBM_1,25.000000,54.230000,1,0,0.539683,0.317460
30.555555,16.507936,HBM_1,25.000000,54.250000,1,0,0.555556,0.317460
31.428572,16.507936,HBM_1,25.000000,54.209999,1,1,0.571429,0.317460
32.301586,16.507936,background,0.000000,54.099998,0,0,0.587302,0.317460
33.174603,16.507936,background,0.000000,53.930000,0,0,0.603175,0.317460
34.047619,16.507936,background,0.000000,53.680000,0,0,0.619048,0.317460
34.920635,16.507936,background,0.000000,53.349998,0,0,0.634921,0.317460
35.793652,16.507936,background,0.000000,52.919998,0,0,0.650794,0.317460
36.666668,16.507936,background,0.000000,52.349998,0,0,0.666667,0.317460
37.539684,16.507936,background,0.000000,51.490002,0,0,0.682540,0.317460
38.412697,16.507936,background,0.000000,49.560001,0,0,0.698413,0.317460
39.285713,16.507936,background,0.000000,48.020000,0,0,0.714286,0.317460
40.158730,16.507936,background,0.000000,46.680000,0,0,0.730159,0.317460
41.031746,16.507936,background,0.000000,45.680000,0,0,0.746032,0.317460
41.904762,16.507936,background,0.000000,44.900002,0,0,0.761905,0.317460
42.777779,16.507936,background,0.000000,44.259998,0,0,0.777778,0.317460
43.650795,16.507936,background,0.000000,43.709999,0,0,0.793651,0.317460
44.523811,16.507936,background,0.000000,43.220001,0,0,0.809524,0.317460
45.396824,16.507936,background,0.000000,42.799999,0,0,0.825397,0.317460
46.269840,16.507936,background,0.000000,42.439999,0,0,0.841270,0.317460
47.142857,16.507936,background,0.000000,42.139999,0,0,0.857143,0.317460
48.015873,16.507936,background,0.000000,41.799999,0,0,0.873016,0.317460
48.888889,16.507936,background,0.000000,41.430000,0,0,0.888889,0.317460
49.761906,16.507936,background,0.000000,41.029999,0,0,0.904762,0.317460
50.634922,16.507936,background,0.000000,40.610001,0,0,0.920635,0.317460
51.507938,16.507936,background,0.000000,40.189999,0,0,0.936508,0.317460
52.380951,16.507936,background,0.000000,39.779999,0,0,0.952381,0.317460
53.253967,16.507936,background,0.000000,39.389999,0,0,0.968254,0.317460
54.126984,16.507936,background,0.000000,39.049999,0,0,0.984127,0.317460
55.000000,16.507936,background,0.000000,38.820000,0,0,1.000000,0.317460
0.000000,17.333334,background,0.000000,35.709999,0,0,0.000000,0.333333
0.873016,17.333334,background,0.000000,35.889999,0,0,0.015873,0.333333
1.746032,17.333334,background,0.000000,36.200001,0,0,0.031746,0.333333
2.619048,17.333334,background,0.000000,36.599998,0,0,0.047619,0.333333
3.492064,17.333334,background,0.000000,37.099998,0,0,0.063492,0.333333
4.365079,17.333334,background,0.000000,37.700001,0,0,0.079365,0.333333
5.238095,17.333334,background,0.000000,38.400002,0,0,0.095238,0.333333
6.111111,17.333334,background,0.000000,39.160000,0,0,0.111111,0.333333
6.984127,17.333334,background,0.000000,39.720001,0,0,0.126984,0.333333
7.857143,17.333334,background,0.000000,40.209999,0,0,0.142857,0.333333
8.730159,17.333334,background,0.000000,40.669998,0,0,0.158730,0.333333
9.603174,17.333334,background,0.000000,41.119999,0,0,0.174603,0.333333
10.476191,17.333334,background,0.000000,41.560001,0,0,0.190476,0.333333
11.349206,17.333334,background,0.000000,41.990002,0,0,0.206349,0.333333
12.222222,17.333334,background,0.000000,42.380001,0,0,0.222222,0.333333
13.095238,17.333334,background,0.000000,42.720001,0,0,0.238095,0.333333
13.968254,17.333334,background,0.000000,42.919998,0,0,0.253968,0.333333
14.841269,17.333334,background,0.000000,43.099998,0,0,0.269841,0.333333
15.714286,17.333334,background,0.000000,43.410000,0,0,0.285714,0.333333
16.587301,17.333334,background,0.000000,43.820000,0,0,0.301587,0.333333
17.460318,17.333334,background,0.000000,44.310001,0,0,0.317460,0.333333
18.333334,17.333334,background,0.000000,44.880001,0,0,0.333333,0.333333
19.206348,17.333334,background,0.000000,45.560001,0,0,0.349206,0.333333
20.079365,17.333334,background,0.000000,46.389999,0,0,0.365079,0.333333
20.952381,17.333334,background,0.000000,47.480000,0,0,0.380952,0.333333
21.825397,17.333334,background,0.000000,48.980000,0,0,0.396825,0.333333
22.698412,17.333334,background,0.000000,50.520000,0,0,0.412698,0.333333
23.571428,17.333334,HBM_1,25.000000,52.080002,1,1,0.428571,0.333333
24.444445,17.333334,HBM_1,25.000000,52.869999,1,0,0.444444,0.333333
25.317461,17.333334,HBM_1,25.000000,53.410000,1,0,0.460317,0.333333
26.190475,17.333334,HBM_1,25.000000,53.810001,1,0,0.476190,0.333333
27.063492,17.333334,HBM_1,25.000000,54.119999,1,0,0.492063,0.333333
27.936508,17.333334,HBM_1,25.000000,54.360001,1,0,0.507937,0.333333
28.809525,17.333334,HBM_1,25.000000,54.520000,1,0,0.523810,0.333333
29.682539,17.333334,HBM_1,25.000000,54.610001,1,0,0.539683,0.333333
30.555555,17.333334,HBM_1,25.000000,54.639999,1,0,0.555556,0.333333
31.428572,17.333334,HBM_1,25.000000,54.599998,1,1,0.571429,0.333333
32.301586,17.333334,background,0.000000,54.490002,0,0,0.587302,0.333333
33.174603,17.333334,background,0.000000,54.310001,0,0,0.603175,0.333333
34.047619,17.333334,background,0.000000,54.060001,0,0,0.619048,0.333333
34.920635,17.333334,background,0.000000,53.730000,0,0,0.634921,0.333333
35.793652,17.333334,background,0.000000,53.299999,0,0,0.650794,0.333333
36.666668,17.333334,background,0.000000,52.730000,0,0,0.666667,0.333333
37.539684,17.333334,background,0.000000,51.869999,0,0,0.682540,0.333333
38.412697,17.333334,background,0.000000,49.950001,0,0,0.698413,0.333333
39.285713,17.333334,background,0.000000,48.419998,0,0,0.714286,0.333333
40.158730,17.333334,background,0.000000,47.099998,0,0,0.730159,0.333333
41.031746,17.333334,background,0.000000,46.119999,0,0,0.746032,0.333333
41.904762,17.333334,background,0.000000,45.349998,0,0,0.761905,0.333333
42.777779,17.333334,background,0.000000,44.709999,0,0,0.777778,0.333333
43.650795,17.333334,background,0.000000,44.169998,0,0,0.793651,0.333333
44.523811,17.333334,background,0.000000,43.709999,0,0,0.809524,0.333333
45.396824,17.333334,background,0.000000,43.330002,0,0,0.825397,0.333333
46.269840,17.333334,background,0.000000,43.060001,0,0,0.841270,0.333333
47.142857,17.333334,background,0.000000,42.919998,0,0,0.857143,0.333333
48.015873,17.333334,background,0.000000,42.669998,0,0,0.873016,0.333333
48.888889,17.333334,background,0.000000,42.310001,0,0,0.888889,0.333333
49.761906,17.333334,background,0.000000,41.900002,0,0,0.904762,0.333333
50.634922,17.333334,background,0.000000,41.470001,0,0,0.920635,0.333333
51.507938,17.333334,background,0.000000,41.040001,0,0,0.936508,0.333333
52.380951,17.333334,background,0.000000,40.599998,0,0,0.952381,0.333333
53.253967,17.333334,background,0.000000,40.169998,0,0,0.968254,0.333333
54.126984,17.333334,background,0.000000,39.770000,0,0,0.984127,0.333333
55.000000,17.333334,background,0.000000,39.470001,0,0,1.000000,0.333333
0.000000,18.158730,background,0.000000,35.849998,0,0,0.000000,0.349206
0.873016,18.158730,background,0.000000,36.040001,0,0,0.015873,0.349206
1.746032,18.158730,background,0.000000,36.360001,0,0,0.031746,0.349206
2.619048,18.158730,background,0.000000,36.799999,0,0,0.047619,0.349206
3.492064,18.158730,background,0.000000,37.360001,0,0,0.063492,0.349206
4.365079,18.158730,background,0.000000,38.099998,0,0,0.079365,0.349206
5.238095,18.158730,background,0.000000,39.009998,0,0,0.095238,0.349206
6.111111,18.158730,background,0.000000,40.099998,0,0,0.111111,0.349206
6.984127,18.158730,background,0.000000,40.700001,0,0,0.126984,0.349206
7.857143,18.158730,background,0.000000,41.209999,0,0,0.142857,0.349206
8.730159,18.158730,background,0.000000,41.689999,0,0,0.158730,0.349206
9.603174,18.158730,background,0.000000,42.150002,0,0,0.174603,0.349206
10.476191,18.158730,background,0.000000,42.599998,0,0,0.190476,0.349206
11.349206,18.158730,background,0.000000,43.029999,0,0,0.206349,0.349206
12.222222,18.158730,background,0.000000,43.430000,0,0,0.222222,0.349206
13.095238,18.158730,background,0.000000,43.730000,0,0,0.238095,0.349206
13.968254,18.158730,background,0.000000,43.740002,0,0,0.253968,0.349206
14.841269,18.158730,background,0.000000,43.730000,0,0,0.269841,0.349206
15.714286,18.158730,background,0.000000,43.970001,0,0,0.285714,0.349206
16.587301,18.158730,background,0.000000,44.360001,0,0,0.301587,0.349206
17.460318,18.158730,background,0.000000,44.840000,0,0,0.317460,0.349206
18.333334,18.158730,background,0.000000,45.400002,0,0,0.333333,0.349206
19.206348,18.158730,background,0.000000,46.060001,0,0,0.349206,0.349206
20.079365,18.158730,background,0.000000,46.869999,0,0,0.365079,0.349206
20.952381,18.158730,background,0.000000,47.919998,0,0,0.380952,0.349206
21.825397,18.158730,background,0.000000,49.369999,0,0,0.396825,0.349206
22.698412,18.158730,background,0.000000,50.880001,0,0,0.412698,0.349206
23.571428,18.158730,HBM_1,25.000000,52.439999,1,1,0.428571,0.349206
24.444445,18.158730,HBM_1,25.000000,53.220001,1,0,0.444444,0.349206
25.317461,18.158730,HBM_1,25.000000,53.750000,1,0,0.460317,0.349206
26.190475,18.158730,HBM_1,25.000000,54.150002,1,0,0.476190,0.349206
27.063492,18.158730,HBM_1,25.000000,54.470001,1,0,0.492063,0.349206
27.936508,18.158730,HBM_1,25.000000,54.700001,1,0,0.507937,0.349206
28.809525,18.158730,HBM_1,25.000000,54.860001,1,0,0.523810,0.349206
29.682539,18.158730,HBM_1,25.000000,54.959999,1,0,0.539683,0.349206
30.555555,18.158730,HBM_1,25.000000,54.980000,1,0,0.555556,0.349206
31.428572,18.158730,HBM_1,25.000000,54.939999,1,1,0.571429,0.349206
32.301586,18.158730,background,0.000000,54.830002,0,0,0.587302,0.349206
33.174603,18.158730,background,0.000000,54.650002,0,0,0.603175,0.349206
34.047619,18.158730,background,0.000000,54.400002,0,0,0.619048,0.349206
34.920635,18.158730,background,0.000000,54.070000,0,0,0.634921,0.349206
35.793652,18.158730,background,0.000000,53.639999,0,0,0.650794,0.349206
36.666668,18.158730,background,0.000000,53.080002,0,0,0.666667,0.349206
37.539684,18.158730,background,0.000000,52.220001,0,0,0.682540,0.349206
38.412697,18.158730,background,0.000000,50.320000,0,0,0.698413,0.349206
39.285713,18.158730,background,0.000000,48.830002,0,0,0.714286,0.349206
40.158730,18.158730,background,0.000000,47.549999,0,0,0.730159,0.349206
41.031746,18.158730,background,0.000000,46.599998,0,0,0.746032,0.349206
41.904762,18.158730,background,0.000000,45.860001,0,0,0.761905,0.349206
42.777779,18.158730,background,0.000000,45.230000,0,0,0.777778,0.349206
43.650795,18.158730,background,0.000000,44.700001,0,0,0.793651,0.349206
44.523811,18.158730,background,0.000000,44.250000,0,0,0.809524,0.349206
45.396824,18.158730,background,0.000000,43.910000,0,0,0.825397,0.349206
46.269840,18.158730,background,0.000000,43.750000,0,0,0.841270,0.349206
47.142857,18.158730,background,0.000000,43.840000,0,0,0.857143,0.349206
48.015873,18.158730,background,0.000000,43.680000,0,0,0.873016,0.349206
48.888889,18.158730,background,0.000000,43.330002,0,0,0.888889,0.349206
49.761906,18.158730,background,0.000000,42.919998,0,0,0.904762,0.349206
50.634922,18.158730,background,0.000000,42.480000,0,0,0.920635,0.349206
51.507938,18.158730,background,0.000000,42.040001,0,0,0.936508,0.349206
52.380951,18.158730,background,0.000000,41.580002,0,0,0.952381,0.349206
53.253967,18.158730,background,0.000000,41.130001,0,0,0.968254,0.349206
54.126984,18.158730,background,0.000000,40.689999,0,0,0.984127,0.349206
55.000000,18.158730,background,0.000000,40.340000,0,0,1.000000,0.349206
0.000000,18.984127,background,0.000000,35.970001,0,0,0.000000,0.365079
0.873016,18.984127,background,0.000000,36.169998,0,0,0.015873,0.365079
1.746032,18.984127,background,0.000000,36.509998,0,0,0.031746,0.365079
2.619048,18.984127,background,0.000000,36.980000,0,0,0.047619,0.365079
3.492064,18.984127,background,0.000000,37.580002,0,0,0.063492,0.365079
4.365079,18.984127,background,0.000000,38.380001,0,0,0.079365,0.365079
5.238095,18.984127,background,0.000000,39.320000,0,0,0.095238,0.365079
6.111111,18.984127,background,0.000000,40.450001,0,0,0.111111,0.365079
6.984127,18.984127,background,0.000000,41.080002,0,0,0.126984,0.365079
7.857143,18.984127,background,0.000000,41.610001,0,0,0.142857,0.365079
8.730159,18.984127,background,0.000000,42.099998,0,0,0.158730,0.365079
9.603174,18.984127,background,0.000000,42.580002,0,0,0.174603,0.365079
10.476191,18.984127,background,0.000000,43.040001,0,0,0.190476,0.365079
11.349206,18.984127,background,0.000000,43.480000,0,0,0.206349,0.365079
12.222222,18.984127,background,0.000000,43.880001,0,0,0.222222,0.365079
13.095238,18.984127,background,0.000000,44.189999,0,0,0.238095,0.365079
13.968254,18.984127,background,0.000000,44.220001,0,0,0.253968,0.365079
14.841269,18.984127,background,0.000000,44.310001,0,0,0.269841,0.365079
15.714286,18.984127,background,0.000000,44.610001,0,0,0.285714,0.365079
16.587301,18.984127,background,0.000000,45.009998,0,0,0.301587,0.365079
17.460318,18.984127,background,0.000000,45.500000,0,0,0.317460,0.365079
18.333334,18.984127,background,0.000000,46.049999,0,0,0.333333,0.365079
19.206348,18.984127,background,0.000000,46.680000,0,0,0.349206,0.365079
20.079365,18.984127,background,0.000000,47.439999,0,0,0.365079,0.365079
20.952381,18.984127,background,0.000000,48.419998,0,0,0.380952,0.365079
21.825397,18.984127,background,0.000000,49.779999,0,0,0.396825,0.365079
22.698412,18.984127,background,0.000000,51.230000,0,0,0.412698,0.365079
23.571428,18.984127,HBM_1,25.000000,52.759998,1,1,0.428571,0.365079
24.444445,18.984127,HBM_1,25.000000,53.540001,1,0,0.444444,0.365079
25.317461,18.984127,HBM_1,25.000000,54.060001,1,0,0.460317,0.365079
26.190475,18.984127,HBM_1,25.000000,54.459999,1,0,0.476190,0.365079
27.063492,18.984127,HBM_1,25.000000,54.770000,1,0,0.492063,0.365079
27.936508,18.984127,HBM_1,25.000000,55.000000,1,0,0.507937,0.365079
28.809525,18.984127,HBM_1,25.000000,55.169998,1,0,0.523810,0.365079
29.682539,18.984127,HBM_1,25.000000,55.259998,1,0,0.539683,0.365079
30.555555,18.984127,HBM_1,25.000000,55.279999,1,0,0.555556,0.365079
31.428572,18.984127,HBM_1,25.000000,55.240002,1,1,0.571429,0.365079
32.301586,18.984127,background,0.000000,55.130001,0,0,0.587302,0.365079
33.174603,18.984127,background,0.000000,54.959999,0,0,0.603175,0.365079
34.047619,18.984127,background,0.000000,54.709999,0,0,0.619048,0.365079
34.920635,18.984127,background,0.000000,54.380001,0,0,0.634921,0.365079
35.793652,18.984127,background,0.000000,53.959999,0,0,0.650794,0.365079
36.666668,18.984127,background,0.000000,53.400002,0,0,0.666667,0.365079
37.539684,18.984127,background,0.000000,52.560001,0,0,0.682540,0.365079
38.412697,18.984127,background,0.000000,50.680000,0,0,0.698413,0.365079
39.285713,18.984127,background,0.000000,49.270000,0,0,0.714286,0.365079
40.158730,18.984127,background,0.000000,48.080002,0,0,0.730159,0.365079
41.031746,18.984127,background,0.000000,47.189999,0,0,0.746032,0.365079
41.904762,18.984127,background,0.000000,46.480000,0,0,0.761905,0.365079
42.777779,18.984127,background,0.000000,45.880001,0,0,0.777778,0.365079
43.650795,18.984127,background,0.000000,45.349998,0,0,0.793651,0.365079
44.523811,18.984127,background,0.000000,44.900002,0,0,0.809524,0.365079
45.396824,18.984127,background,0.000000,44.529999,0,0,0.825397,0.365079
46.269840,18.984127,background,0.000000,44.320000,0,0,0.841270,0.365079
47.142857,18.984127,background,0.000000,44.320000,0,0,0.857143,0.365079
48.015873,18.984127,background,0.000000,44.139999,0,0,0.873016,0.365079
48.888889,18.984127,background,0.000000,43.790001,0,0,0.888889,0.365079
49.761906,18.984127,background,0.000000,43.369999,0,0,0.904762,0.365079
50.634922,18.984127,background,0.000000,42.919998,0,0,0.920635,0.365079
51.507938,18.984127,background,0.000000,42.470001,0,0,0.936508,0.365079
52.380951,18.984127,background,0.000000,42.000000,0,0,0.952381,0.365079
53.253967,18.984127,background,0.000000,41.540001,0,0,0.968254,0.365079
54.126984,18.984127,background,0.000000,41.080002,0,0,0.984127,0.365079
55.000000,18.984127,background,0.000000,40.720001,0,0,1.000000,0.365079
0.000000,19.809525,background,0.000000,36.070000,0,0,0.000000,0.380952
0.873016,19.809525,background,0.000000,36.279999,0,0,0.015873,0.380952
1.746032,19.809525,background,0.000000,36.639999,0,0,0.031746,0.380952
2.619048,19.809525,background,0.000000,37.119999,0,0,0.047619,0.380952
3.492064,19.809525,background,0.000000,37.750000,0,0,0.063492,0.380952
4.365079,19.809525,background,0.000000,38.570000,0,0,0.079365,0.380952
5.238095,19.809525,background,0.000000,39.520000,0,0,0.095238,0.380952
6.111111,19.809525,background,0.000000,40.680000,0,0,0.111111,0.380952
6.984127,19.809525,background,0.000000,41.330002,0,0,0.126984,0.380952
7.857143,19.809525,background,0.000000,41.869999,0,0,0.142857,0.380952
8.730159,19.809525,background,0.000000,42.380001,0,0,0.158730,0.380952
9.603174,19.809525,background,0.000000,42.869999,0,0,0.174603,0.380952
10.476191,19.809525,background,0.000000,43.340000,0,0,0.190476,0.380952
11.349206,19.809525,background,0.000000,43.790001,0,0,0.206349,0.380952
12.222222,19.809525,background,0.000000,44.220001,0,0,0.222222,0.380952
13.095238,19.809525,background,0.000000,44.560001,0,0,0.238095,0.380952
13.968254,19.809525,background,0.000000,44.689999,0,0,0.253968,0.380952
14.841269,19.809525,background,0.000000,45.009998,0,0,0.269841,0.380952
15.714286,19.809525,background,0.000000,45.430000,0,0,0.285714,0.380952
16.587301,19.809525,background,0.000000,45.889999,0,0,0.301587,0.380952
17.460318,19.809525,background,0.000000,46.380001,0,0,0.317460,0.380952
18.333334,19.809525,background,0.000000,46.919998,0,0,0.333333,0.380952
19.206348,19.809525,background,0.000000,47.500000,0,0,0.349206,0.380952
20.079365,19.809525,background,0.000000,48.180000,0,0,0.365079,0.380952
20.952381,19.809525,background,0.000000,49.020000,0,0,0.380952,0.380952
21.825397,19.809525,background,0.000000,50.189999,0,0,0.396825,0.380952
22.698412,19.809525,background,0.000000,51.580002,0,0,0.412698,0.380952
23.571428,19.809525,HBM_1,25.000000,53.060001,1,1,0.428571,0.380952
24.444445,19.809525,HBM_1,25.000000,53.820000,1,0,0.444444,0.380952
25.317461,19.809525,HBM_1,25.000000,54.340000,1,0,0.460317,0.380952
26.190475,19.809525,HBM_1,25.000000,54.730000,1,0,0.476190,0.380952
27.063492,19.809525,HBM_1,25.000000,55.040001,1,0,0.492063,0.380952
27.936508,19.809525,HBM_1,25.000000,55.270000,1,0,0.507937,0.380952
28.809525,19.809525,HBM_1,25.000000,55.430000,1,0,0.523810,0.380952
29.682539,19.809525,HBM_1,25.000000,55.520000,1,0,0.539683,0.380952
30.555555,19.809525,HBM_1,25.000000,55.549999,1,0,0.555556,0.380952
31.428572,19.809525,HBM_1,25.000000,55.509998,1,1,0.571429,0.380952
32.301586,19.809525,background,0.000000,55.400002,0,0,0.587302,0.380952
33.174603,19.809525,background,0.000000,55.220001,0,0,0.603175,0.380952
34.047619,19.809525,background,0.000000,54.970001,0,0,0.619048,0.380952
34.920635,19.809525,background,0.000000,54.650002,0,0,0.634921,0.380952
35.793652,19.809525,background,0.000000,54.230000,0,0,0.650794,0.380952
36.666668,19.809525,background,0.000000,53.680000,0,0,0.666667,0.380952
37.539684,19.809525,background,0.000000,52.860001,0,0,0.682540,0.380952
38.412697,19.809525,background,0.000000,51.070000,0,0,0.698413,0.380952
39.285713,19.809525,background,0.000000,49.759998,0,0,0.714286,0.380952
40.158730,19.809525,background,0.000000,48.730000,0,0,0.730159,0.380952
41.031746,19.809525,background,0.000000,47.959999,0,0,0.746032,0.380952
41.904762,19.809525,background,0.000000,47.310001,0,0,0.761905,0.380952
42.777779,19.809525,background,0.000000,46.740002,0,0,0.777778,0.380952
43.650795,19.809525,background,0.000000,46.220001,0,0,0.793651,0.380952
44.523811,19.809525,background,0.000000,45.750000,0,0,0.809524,0.380952
45.396824,19.809525,background,0.000000,45.320000,0,0,0.825397,0.380952
46.269840,19.809525,background,0.000000,44.959999,0,0,0.841270,0.380952
47.142857,19.809525,background,0.000000,44.750000,0,0,0.857143,0.380952
48.015873,19.809525,background,0.000000,44.500000,0,0,0.873016,0.380952
48.888889,19.809525,background,0.000000,44.119999,0,0,0.888889,0.380952
49.761906,19.809525,background,0.000000,43.689999,0,0,0.904762,0.380952
50.634922,19.809525,background,0.000000,43.230000,0,0,0.920635,0.380952
51.507938,19.809525,background,0.000000,42.759998,0,0,0.936508,0.380952
52.380951,19.809525,background,0.000000,42.290001,0,0,0.952381,0.380952
53.253967,19.809525,background,0.000000,41.810001,0,0,0.968254,0.380952
54.126984,19.809525,background,0.000000,41.349998,0,0,0.984127,0.380952
55.000000,19.809525,background,0.000000,40.980000,0,0,1.000000,0.380952
0.000000,20.634920,background,0.000000,36.160000,0,1,0.000000,0.396825
0.873016,20.634920,background,0.000000,36.369999,0,1,0.015873,0.396825
1.746032,20.634920,background,0.000000,36.740002,0,1,0.031746,0.396825
2.619048,20.634920,background,0.000000,37.240002,0,1,0.047619,0.396825
3.492064,20.634920,background,0.000000,37.880001,0,1,0.063492,0.396825
4.365079,20.634920,background,0.000000,38.709999,0,1,0.079365,0.396825
5.238095,20.634920,background,0.000000,39.680000,0,1,0.095238,0.396825
6.111111,20.634920,background,0.000000,40.849998,0,1,0.111111,0.396825
6.984127,20.634920,background,0.000000,41.509998,0,1,0.126984,0.396825
7.857143,20.634920,background,0.000000,42.070000,0,1,0.142857,0.396825
8.730159,20.634920,background,0.000000,42.590000,0,1,0.158730,0.396825
9.603174,20.634920,background,0.000000,43.080002,0,1,0.174603,0.396825
10.476191,20.634920,background,0.000000,43.570000,0,1,0.190476,0.396825
11.349206,20.634920,background,0.000000,44.040001,0,0,0.206349,0.396825
12.222222,20.634920,background,0.000000,44.490002,0,0,0.222222,0.396825
13.095238,20.634920,background,0.000000,44.910000,0,0,0.238095,0.396825
13.968254,20.634920,background,0.000000,45.290001,0,0,0.253968,0.396825
14.841269,20.634920,background,0.000000,45.709999,0,0,0.269841,0.396825
15.714286,20.634920,background,0.000000,46.160000,0,0,0.285714,0.396825
16.587301,20.634920,background,0.000000,46.639999,0,0,0.301587,0.396825
17.460318,20.634920,background,0.000000,47.139999,0,0,0.317460,0.396825
18.333334,20.634920,background,0.000000,47.660000,0,0,0.333333,0.396825
19.206348,20.634920,background,0.000000,48.209999,0,0,0.349206,0.396825
20.079365,20.634920,background,0.000000,48.810001,0,0,0.365079,0.396825
20.952381,20.634920,background,0.000000,49.500000,0,0,0.380952,0.396825
21.825397,20.634920,background,0.000000,50.419998,0,0,0.396825,0.396825
22.698412,20.634920,background,0.000000,51.910000,0,0,0.412698,0.396825
23.571428,20.634920,HBM_1,25.000000,53.299999,1,1,0.428571,0.396825
24.444445,20.634920,HBM_1,25.000000,54.060001,1,0,0.444444,0.396825
25.317461,20.634920,HBM_1,25.000000,54.580002,1,0,0.460317,0.396825
26.190475,20.634920,HBM_1,25.000000,54.959999,1,0,0.476190,0.396825
27.063492,20.634920,HBM_1,25.000000,55.270000,1,0,0.492063,0.396825
27.936508,20.634920,HBM_1,25.000000,55.490002,1,0,0.507937,0.396825
28.809525,20.634920,HBM_1,25.000000,55.650002,1,0,0.523810,0.396825
29.682539,20.634920,HBM_1,25.000000,55.750000,1,0,0.539683,0.396825
30.555555,20.634920,HBM_1,25.000000,55.770000,1,0,0.555556,0.396825
31.428572,20.634920,HBM_1,25.000000,55.730000,1,1,0.571429,0.396825
32.301586,20.634920,background,0.000000,55.619999,0,0,0.587302,0.396825
33.174603,20.634920,background,0.000000,55.450001,0,0,0.603175,0.396825
34.047619,20.634920,background,0.000000,55.200001,0,0,0.619048,0.396825
34.920635,20.634920,background,0.000000,54.880001,0,0,0.634921,0.396825
35.793652,20.634920,background,0.000000,54.470001,0,0,0.650794,0.396825
36.666668,20.634920,background,0.000000,53.919998,0,0,0.666667,0.396825
37.539684,20.634920,background,0.000000,53.080002,0,0,0.682540,0.396825
38.412697,20.634920,background,0.000000,51.439999,0,0,0.698413,0.396825
39.285713,20.634920,background,0.000000,50.119999,0,0,0.714286,0.396825
40.158730,20.634920,background,0.000000,49.279999,0,0,0.730159,0.396825
41.031746,20.634920,background,0.000000,48.619999,0,0,0.746032,0.396825
41.904762,20.634920,background,0.000000,48.040001,0,0,0.761905,0.396825
42.777779,20.634920,background,0.000000,47.500000,0,0,0.777778,0.396825
43.650795,20.634920,background,0.000000,46.980000,0,0,0.793651,0.396825
44.523811,20.634920,background,0.000000,46.490002,0,0,0.809524,0.396825
45.396824,20.634920,background,0.000000,46.020000,0,0,0.825397,0.396825
46.269840,20.634920,background,0.000000,45.580002,0,0,0.841270,0.396825
47.142857,20.634920,background,0.000000,45.209999,0,0,0.857143,0.396825
48.015873,20.634920,background,0.000000,44.820000,0,0,0.873016,0.396825
48.888889,20.634920,background,0.000000,44.389999,0,0,0.888889,0.396825
49.761906,20.634920,background,0.000000,43.930000,0,0,0.904762,0.396825
50.634922,20.634920,background,0.000000,43.470001,0,0,0.920635,0.396825
51.507938,20.634920,background,0.000000,42.990002,0,0,0.936508,0.396825
52.380951,20.634920,background,0.000000,42.509998,0,0,0.952381,0.396825
53.253967,20.634920,background,0.000000,42.020000,0,0,0.968254,0.396825
54.126984,20.634920,background,0.000000,41.549999,0,0,0.984127,0.396825
55.000000,20.634920,background,0.000000,41.160000,0,0,1.000000,0.396825
0.000000,21.460318,Nimbus_0,14.000000,36.230000,1,1,0.000000,0.412698
0.873016,21.460318,Nimbus_0,14.000000,36.450001,1,0,0.015873,0.412698
1.746032,21.460318,Nimbus_0,14.000000,36.820000,1,0,0.031746,0.412698
2.619048,21.460318,Nimbus_0,14.000000,37.320000,1,0,0.047619,0.412698
3.492064,21.460318,Nimbus_0,14.000000,37.980000,1,0,0.063492,0.412698
4.365079,21.460318,Nimbus_0,14.000000,38.820000,1,0,0.079365,0.412698
5.238095,21.460318,Nimbus_0,14.000000,39.790001,1,0,0.095238,0.412698
6.111111,21.460318,Nimbus_0,14.000000,40.970001,1,0,0.111111,0.412698
6.984127,21.460318,Nimbus_0,14.000000,41.639999,1,0,0.126984,0.412698
7.857143,21.460318,Nimbus_0,14.000000,42.209999,1,0,0.142857,0.412698
8.730159,21.460318,Nimbus_0,14.000000,42.740002,1,0,0.158730,0.412698
9.603174,21.460318,Nimbus_0,14.000000,43.250000,1,0,0.174603,0.412698
10.476191,21.460318,Nimbus_0,14.000000,43.740002,1,1,0.190476,0.412698
11.349206,21.460318,background,0.000000,44.230000,0,1,0.206349,0.412698
12.222222,21.460318,background,0.000000,44.700001,0,1,0.222222,0.412698
13.095238,21.460318,background,0.000000,45.160000,0,1,0.238095,0.412698
13.968254,21.460318,background,0.000000,45.619999,0,1,0.253968,0.412698
14.841269,21.460318,background,0.000000,46.080002,0,1,0.269841,0.412698
15.714286,21.460318,background,0.000000,46.560001,0,1,0.285714,0.412698
16.587301,21.460318,background,0.000000,47.049999,0,1,0.301587,0.412698
17.460318,21.460318,background,0.000000,47.549999,0,1,0.317460,0.412698
18.333334,21.460318,background,0.000000,48.070000,0,1,0.333333,0.412698
19.206348,21.460318,background,0.000000,48.619999,0,1,0.349206,0.412698
20.079365,21.460318,background,0.000000,49.200001,0,1,0.365079,0.412698
20.952381,21.460318,background,0.000000,49.849998,0,1,0.380952,0.412698
21.825397,21.460318,background,0.000000,50.720001,0,1,0.396825,0.412698
22.698412,21.460318,background,0.000000,52.169998,0,1,0.412698,0.412698
23.571428,21.460318,HBM_1,25.000000,53.520000,1,1,0.428571,0.412698
24.444445,21.460318,HBM_1,25.000000,54.270000,1,1,0.444444,0.412698
25.317461,21.460318,HBM_1,25.000000,54.770000,1,1,0.460317,0.412698
26.190475,21.460318,HBM_1,25.000000,55.160000,1,1,0.476190,0.412698
27.063492,21.460318,HBM_1,25.000000,55.450001,1,1,0.492063,0.412698
27.936508,21.460318,HBM_1,25.000000,55.680000,1,1,0.507937,0.412698
28.809525,21.460318,HBM_1,25.000000,55.840000,1,1,0.523810,0.412698
29.682539,21.460318,HBM_1,25.000000,55.930000,1,1,0.539683,0.412698
30.555555,21.460318,HBM_1,25.000000,55.950001,1,1,0.555556,0.412698
31.428572,21.460318,HBM_1,25.000000,55.910000,1,1,0.571429,0.412698
32.301586,21.460318,background,0.000000,55.810001,0,1,0.587302,0.412698
33.174603,21.460318,background,0.000000,55.630001,0,1,0.603175,0.412698
34.047619,21.460318,background,0.000000,55.389999,0,1,0.619048,0.412698
34.920635,21.460318,background,0.000000,55.070000,0,1,0.634921,0.412698
35.793652,21.460318,background,0.000000,54.669998,0,1,0.650794,0.412698
36.666668,21.460318,background,0.000000,54.130001,0,1,0.666667,0.412698
37.539684,21.460318,background,0.000000,53.299999,0,1,0.682540,0.412698
38.412697,21.460318,background,0.000000,51.730000,0,1,0.698413,0.412698
39.285713,21.460318,background,0.000000,50.470001,0,1,0.714286,0.412698
40.158730,21.460318,background,0.000000,49.669998,0,1,0.730159,0.412698
41.031746,21.460318,background,0.000000,49.040001,0,1,0.746032,0.412698
41.904762,21.460318,background,0.000000,48.470001,0,1,0.761905,0.412698
42.777779,21.460318,background,0.000000,47.939999,0,0,0.777778,0.412698
43.650795,21.460318,background,0.000000,47.419998,0,0,0.793651,0.412698
44.523811,21.460318,background,0.000000,46.919998,0,0,0.809524,0.412698
45.396824,21.460318,background,0.000000,46.430000,0,0,0.825397,0.412698
46.269840,21.460318,background,0.000000,45.959999,0,0,0.841270,0.412698
47.142857,21.460318,background,0.000000,45.509998,0,0,0.857143,0.412698
48.015873,21.460318,background,0.000000,45.060001,0,0,0.873016,0.412698
48.888889,21.460318,background,0.000000,44.599998,0,0,0.888889,0.412698
49.761906,21.460318,background,0.000000,44.130001,0,0,0.904762,0.412698
50.634922,21.460318,background,0.000000,43.650002,0,0,0.920635,0.412698
51.507938,21.460318,background,0.000000,43.160000,0,0,0.936508,0.412698
52.380951,21.460318,background,0.000000,42.669998,0,0,0.952381,0.412698
53.253967,21.460318,background,0.000000,42.180000,0,0,0.968254,0.412698
54.126984,21.460318,background,0.000000,41.689999,0,0,0.984127,0.412698
55.000000,21.460318,background,0.000000,41.310001,0,0,1.000000,0.412698
0.000000,22.285715,Nimbus_0,14.000000,36.279999,1,1,0.000000,0.428571
0.873016,22.285715,Nimbus_0,14.000000,36.500000,1,0,0.015873,0.428571
1.746032,22.285715,Nimbus_0,14.000000,36.880001,1,0,0.031746,0.428571
2.619048,22.285715,Nimbus_0,14.000000,37.389999,1,0,0.047619,0.428571
3.492064,22.285715,Nimbus_0,14.000000,38.049999,1,0,0.063492,0.428571
4.365079,22.285715,Nimbus_0,14.000000,38.900002,1,0,0.079365,0.428571
5.238095,22.285715,Nimbus_0,14.000000,39.880001,1,0,0.095238,0.428571
6.111111,22.285715,Nimbus_0,14.000000,41.060001,1,0,0.111111,0.428571
6.984127,22.285715,Nimbus_0,14.000000,41.740002,1,0,0.126984,0.428571
7.857143,22.285715,Nimbus_0,14.000000,42.320000,1,0,0.142857,0.428571
8.730159,22.285715,Nimbus_0,14.000000,42.849998,1,0,0.158730,0.428571
9.603174,22.285715,Nimbus_0,14.000000,43.369999,1,0,0.174603,0.428571
10.476191,22.285715,Nimbus_0,14.000000,43.869999,1,1,0.190476,0.428571
11.349206,22.285715,Virtuvian_0,256.000000,44.369999,1,0,0.206349,0.428571
12.222222,22.285715,Virtuvian_0,256.000000,44.860001,1,0,0.222222,0.428571
13.095238,22.285715,Virtuvian_0,256.000000,45.340000,1,0,0.238095,0.428571
13.968254,22.285715,Virtuvian_0,256.000000,45.820000,1,0,0.253968,0.428571
14.841269,22.285715,Virtuvian_0,256.000000,46.299999,1,0,0.269841,0.428571
15.714286,22.285715,Virtuvian_0,256.000000,46.790001,1,0,0.285714,0.428571
16.587301,22.285715,Virtuvian_0,256.000000,47.290001,1,0,0.301587,0.428571
17.460318,22.285715,Virtuvian_0,256.000000,47.799999,1,0,0.317460,0.428571
18.333334,22.285715,Virtuvian_0,256.000000,48.330002,1,0,0.333333,0.428571
19.206348,22.285715,Virtuvian_0,256.000000,48.869999,1,0,0.349206,0.428571
20.079365,22.285715,Virtuvian_0,256.000000,49.439999,1,0,0.365079,0.428571
20.952381,22.285715,Virtuvian_0,256.000000,50.090000,1,0,0.380952,0.428571
21.825397,22.285715,Virtuvian_0,256.000000,50.930000,1,0,0.396825,0.428571
22.698412,22.285715,Virtuvian_0,256.000000,52.360001,1,0,0.412698,0.428571
23.571428,22.285715,HBM_1,25.000000,53.700001,1,1,0.428571,0.428571
24.444445,22.285715,HBM_1,25.000000,54.430000,1,0,0.444444,0.428571
25.317461,22.285715,HBM_1,25.000000,54.930000,1,0,0.460317,0.428571
26.190475,22.285715,HBM_1,25.000000,55.299999,1,0,0.476190,0.428571
27.063492,22.285715,HBM_1,25.000000,55.599998,1,0,0.492063,0.428571
27.936508,22.285715,HBM_1,25.000000,55.820000,1,0,0.507937,0.428571
28.809525,22.285715,HBM_1,25.000000,55.980000,1,0,0.523810,0.428571
29.682539,22.285715,HBM_1,25.000000,56.070000,1,0,0.539683,0.428571
30.555555,22.285715,HBM_1,25.000000,56.090000,1,0,0.555556,0.428571
31.428572,22.285715,HBM_1,25.000000,56.049999,1,1,0.571429,0.428571
32.301586,22.285715,Virtuvian_0,256.000000,55.950001,1,0,0.587302,0.428571
33.174603,22.285715,Virtuvian_0,256.000000,55.779999,1,0,0.603175,0.428571
34.047619,22.285715,Virtuvian_0,256.000000,55.540001,1,0,0.619048,0.428571
34.920635,22.285715,Virtuvian_0,256.000000,55.230000,1,0,0.634921,0.428571
35.793652,22.285715,Virtuvian_0,256.000000,54.830002,1,0,0.650794,0.428571
36.666668,22.285715,Virtuvian_0,256.000000,54.299999,1,0,0.666667,0.428571
37.539684,22.285715,Virtuvian_0,256.000000,53.480000,1,0,0.682540,0.428571
38.412697,22.285715,Virtuvian_0,256.000000,51.939999,1,0,0.698413,0.428571
39.285713,22.285715,Virtuvian_0,256.000000,50.700001,1,0,0.714286,0.428571
40.158730,22.285715,Virtuvian_0,256.000000,49.919998,1,0,0.730159,0.428571
41.031746,22.285715,Virtuvian_0,256.000000,49.299999,1,0,0.746032,0.428571
41.904762,22.285715,background,0.000000,48.740002,0,1,0.761905,0.428571
42.777779,22.285715,background,0.000000,48.200001,0,0,0.777778,0.428571
43.650795,22.285715,background,0.000000,47.680000,0,0,0.793651,0.428571
44.523811,22.285715,background,0.000000,47.169998,0,0,0.809524,0.428571
45.396824,22.285715,background,0.000000,46.669998,0,0,0.825397,0.428571
46.269840,22.285715,background,0.000000,46.189999,0,0,0.841270,0.428571
47.142857,22.285715,background,0.000000,45.709999,0,0,0.857143,0.428571
48.015873,22.285715,background,0.000000,45.230000,0,0,0.873016,0.428571
48.888889,22.285715,background,0.000000,44.750000,0,0,0.888889,0.428571
49.761906,22.285715,background,0.000000,44.270000,0,0,0.904762,0.428571
50.634922,22.285715,background,0.000000,43.779999,0,0,0.920635,0.428571
51.507938,22.285715,background,0.000000,43.290001,0,0,0.936508,0.428571
52.380951,22.285715,background,0.000000,42.790001,0,0,0.952381,0.428571
53.253967,22.285715,background,0.000000,42.290001,0,0,0.968254,0.428571
54.126984,22.285715,background,0.000000,41.799999,0,0,0.984127,0.428571
55.000000,22.285715,background,0.000000,41.410000,0,0,1.000000,0.428571
0.000000,23.111111,Nimbus_0,14.000000,36.320000,1,1,0.000000,0.444444
0.873016,23.111111,Nimbus_0,14.000000,36.540001,1,0,0.015873,0.444444
1.746032,23.111111,Nimbus_0,14.000000,36.910000,1,0,0.031746,0.444444
2.619048,23.111111,Nimbus_0,14.000000,37.430000,1,0,0.047619,0.444444
3.492064,23.111111,Nimbus_0,14.000000,38.090000,1,0,0.063492,0.444444
4.365079,23.111111,Nimbus_0,14.000000,38.950001,1,0,0.079365,0.444444
5.238095,23.111111,Nimbus_0,14.000000,39.930000,1,0,0.095238,0.444444
6.111111,23.111111,Nimbus_0,14.000000,41.119999,1,0,0.111111,0.444444
6.984127,23.111111,Nimbus_0,14.000000,41.799999,1,0,0.126984,0.444444
7.857143,23.111111,Nimbus_0,14.000000,42.380001,1,0,0.142857,0.444444
8.730159,23.111111,Nimbus_0,14.000000,42.919998,1,0,0.158730,0.444444
9.603174,23.111111,Nimbus_0,14.000000,43.450001,1,0,0.174603,0.444444
10.476191,23.111111,Nimbus_0,14.000000,43.959999,1,1,0.190476,0.444444
11.349206,23.111111,Virtuvian_0,256.000000,44.459999,1,0,0.206349,0.444444
12.222222,23.111111,Virtuvian_0,256.000000,44.959999,1,0,0.222222,0.444444
13.095238,23.111111,Virtuvian_0,256.000000,45.450001,1,0,0.238095,0.444444
13.968254,23.111111,Virtuvian_0,256.000000,45.939999,1,0,0.253968,0.444444
14.841269,23.111111,Virtuvian_0,256.000000,46.439999,1,0,0.269841,0.444444
15.714286,23.111111,Virtuvian_0,256.000000,46.939999,1,0,0.285714,0.444444
16.587301,23.111111,Virtuvian_0,256.000000,47.450001,1,0,0.301587,0.444444
17.460318,23.111111,Virtuvian_0,256.000000,47.959999,1,0,0.317460,0.444444
18.333334,23.111111,Virtuvian_0,256.000000,48.490002,1,0,0.333333,0.444444
19.206348,23.111111,Virtuvian_0,256.000000,49.029999,1,0,0.349206,0.444444
20.079365,23.111111,Virtuvian_0,256.000000,49.599998,1,0,0.365079,0.444444
20.952381,23.111111,Virtuvian_0,256.000000,50.240002,1,0,0.380952,0.444444
21.825397,23.111111,Virtuvian_0,256.000000,51.070000,1,0,0.396825,0.444444
22.698412,23.111111,Virtuvian_0,256.000000,52.500000,1,0,0.412698,0.444444
23.571428,23.111111,HBM_1,25.000000,53.820000,1,1,0.428571,0.444444
24.444445,23.111111,HBM_1,25.000000,54.549999,1,1,0.444444,0.444444
25.317461,23.111111,HBM_1,25.000000,55.040001,1,1,0.460317,0.444444
26.190475,23.111111,HBM_1,25.000000,55.410000,1,1,0.476190,0.444444
27.063492,23.111111,HBM_1,25.000000,55.700001,1,1,0.492063,0.444444
27.936508,23.111111,HBM_1,25.000000,55.919998,1,1,0.507937,0.444444
28.809525,23.111111,HBM_1,25.000000,56.080002,1,1,0.523810,0.444444
29.682539,23.111111,HBM_1,25.000000,56.169998,1,1,0.539683,0.444444
30.555555,23.111111,HBM_1,25.000000,56.189999,1,1,0.555556,0.444444
31.428572,23.111111,HBM_1,25.000000,56.150002,1,1,0.571429,0.444444
32.301586,23.111111,Virtuvian_0,256.000000,56.049999,1,0,0.587302,0.444444
33.174603,23.111111,Virtuvian_0,256.000000,55.880001,1,0,0.603175,0.444444
34.047619,23.111111,Virtuvian_0,256.000000,55.639999,1,0,0.619048,0.444444
34.920635,23.111111,Virtuvian_0,256.000000,55.330002,1,0,0.634921,0.444444
35.793652,23.111111,Virtuvian_0,256.000000,54.939999,1,0,0.650794,0.444444
36.666668,23.111111,Virtuvian_0,256.000000,54.419998,1,0,0.666667,0.444444
37.539684,23.111111,Virtuvian_0,256.000000,53.610001,1,0,0.682540,0.444444
38.412697,23.111111,Virtuvian_0,256.000000,52.070000,1,0,0.698413,0.444444
39.285713,23.111111,Virtuvian_0,256.000000,50.849998,1,0,0.714286,0.444444
40.158730,23.111111,Virtuvian_0,256.000000,50.080002,1,0,0.730159,0.444444
41.031746,23.111111,Virtuvian_0,256.000000,49.459999,1,0,0.746032,0.444444
41.904762,23.111111,background,0.000000,48.900002,0,1,0.761905,0.444444
42.777779,23.111111,background,0.000000,48.360001,0,0,0.777778,0.444444
43.650795,23.111111,background,0.000000,47.840000,0,0,0.793651,0.444444
44.523811,23.111111,background,0.000000,47.330002,0,0,0.809524,0.444444
45.396824,23.111111,background,0.000000,46.820000,0,0,0.825397,0.444444
46.269840,23.111111,background,0.000000,46.330002,0,0,0.841270,0.444444
47.142857,23.111111,background,0.000000,45.840000,0,0,0.857143,0.444444
48.015873,23.111111,background,0.000000,45.349998,0,0,0.873016,0.444444
48.888889,23.111111,background,0.000000,44.860001,0,0,0.888889,0.444444
49.761906,23.111111,background,0.000000,44.360001,0,0,0.904762,0.444444
50.634922,23.111111,background,0.000000,43.869999,0,0,0.920635,0.444444
51.507938,23.111111,background,0.000000,43.369999,0,0,0.936508,0.444444
52.380951,23.111111,background,0.000000,42.860001,0,0,0.952381,0.444444
53.253967,23.111111,background,0.000000,42.360001,0,0,0.968254,0.444444
54.126984,23.111111,background,0.000000,41.860001,0,0,0.984127,0.444444
55.000000,23.111111,background,0.000000,41.470001,0,0,1.000000,0.444444
0.000000,23.936508,Nimbus_0,14.000000,36.330002,1,1,0.000000,0.460317
0.873016,23.936508,Nimbus_0,14.000000,36.549999,1,0,0.015873,0.460317
1.746032,23.936508,Nimbus_0,14.000000,36.930000,1,0,0.031746,0.460317
2.619048,23.936508,Nimbus_0,14.000000,37.439999,1,0,0.047619,0.460317
3.492064,23.936508,Nimbus_0,14.000000,38.099998,1,0,0.063492,0.460317
4.365079,23.936508,Nimbus_0,14.000000,38.959999,1,0,0.079365,0.460317
5.238095,23.936508,Nimbus_0,14.000000,39.939999,1,0,0.095238,0.460317
6.111111,23.936508,Nimbus_0,14.000000,41.139999,1,0,0.111111,0.460317
6.984127,23.936508,Nimbus_0,14.000000,41.820000,1,0,0.126984,0.460317
7.857143,23.936508,Nimbus_0,14.000000,42.410000,1,0,0.142857,0.460317
8.730159,23.936508,Nimbus_0,14.000000,42.950001,1,0,0.158730,0.460317
9.603174,23.936508,Nimbus_0,14.000000,43.480000,1,0,0.174603,0.460317
10.476191,23.936508,Nimbus_0,14.000000,44.000000,1,1,0.190476,0.460317
11.349206,23.936508,Virtuvian_0,256.000000,44.500000,1,0,0.206349,0.460317
12.222222,23.936508,Virtuvian_0,256.000000,45.009998,1,0,0.222222,0.460317
13.095238,23.936508,Virtuvian_0,256.000000,45.509998,1,0,0.238095,0.460317
13.968254,23.936508,Virtuvian_0,256.000000,46.009998,1,0,0.253968,0.460317
14.841269,23.936508,Virtuvian_0,256.000000,46.520000,1,0,0.269841,0.460317
15.714286,23.936508,Virtuvian_0,256.000000,47.020000,1,0,0.285714,0.460317
16.587301,23.936508,Virtuvian_0,256.000000,47.540001,1,0,0.301587,0.460317
17.460318,23.936508,Virtuvian_0,256.000000,48.060001,1,0,0.317460,0.460317
18.333334,23.936508,Virtuvian_0,256.000000,48.590000,1,0,0.333333,0.460317
19.206348,23.936508,Virtuvian_0,256.000000,49.130001,1,0,0.349206,0.460317
20.079365,23.936508,Virtuvian_0,256.000000,49.700001,1,0,0.365079,0.460317
20.952381,23.936508,Virtuvian_0,256.000000,50.330002,1,0,0.380952,0.460317
21.825397,23.936508,Virtuvian_0,256.000000,51.160000,1,0,0.396825,0.460317
22.698412,23.936508,Virtuvian_0,256.000000,52.570000,1,0,0.412698,0.460317
23.571428,23.936508,Virtuvian_0,256.000000,53.900002,1,0,0.428571,0.460317
24.444445,23.936508,Virtuvian_0,256.000000,54.619999,1,0,0.444444,0.460317
25.317461,23.936508,Virtuvian_0,256.000000,55.099998,1,0,0.460317,0.460317
26.190475,23.936508,Virtuvian_0,256.000000,55.470001,1,0,0.476190,0.460317
27.063492,23.936508,Virtuvian_0,256.000000,55.759998,1,0,0.492063,0.460317
27.936508,23.936508,Virtuvian_0,256.000000,55.980000,1,0,0.507937,0.460317
28.809525,23.936508,Virtuvian_0,256.000000,56.130001,1,0,0.523810,0.460317
29.682539,23.936508,Virtuvian_0,256.000000,56.220001,1,0,0.539683,0.460317
30.555555,23.936508,Virtuvian_0,256.000000,56.250000,1,0,0.555556,0.460317
31.428572,23.936508,Virtuvian_0,256.000000,56.209999,1,0,0.571429,0.460317
32.301586,23.936508,Virtuvian_0,256.000000,56.099998,1,0,0.587302,0.460317
33.174603,23.936508,Virtuvian_0,256.000000,55.930000,1,0,0.603175,0.460317
34.047619,23.936508,Virtuvian_0,256.000000,55.700001,1,0,0.619048,0.460317
34.920635,23.936508,Virtuvian_0,256.000000,55.389999,1,0,0.634921,0.460317
35.793652,23.936508,Virtuvian_0,256.000000,55.009998,1,0,0.650794,0.460317
36.666668,23.936508,Virtuvian_0,256.000000,54.490002,1,0,0.666667,0.460317
37.539684,23.936508,Virtuvian_0,256.000000,53.680000,1,0,0.682540,0.460317
38.412697,23.936508,Virtuvian_0,256.000000,52.160000,1,0,0.698413,0.460317
39.285713,23.936508,Virtuvian_0,256.000000,50.930000,1,0,0.714286,0.460317
40.158730,23.936508,Virtuvian_0,256.000000,50.169998,1,0,0.730159,0.460317
41.031746,23.936508,Virtuvian_0,256.000000,49.560001,1,0,0.746032,0.460317
41.904762,23.936508,background,0.000000,49.000000,0,1,0.761905,0.460317
42.777779,23.936508,background,0.000000,48.459999,0,0,0.777778,0.460317
43.650795,23.936508,background,0.000000,47.930000,0,0,0.793651,0.460317
44.523811,23.936508,background,0.000000,47.419998,0,0,0.809524,0.460317
45.396824,23.936508,background,0.000000,46.910000,0,0,0.825397,0.460317
46.269840,23.936508,background,0.000000,46.400002,0,0,0.841270,0.460317
47.142857,23.936508,background,0.000000,45.900002,0,0,0.857143,0.460317
48.015873,23.936508,background,0.000000,45.400002,0,0,0.873016,0.460317
48.888889,23.936508,background,0.000000,44.910000,0,0,0.888889,0.460317
49.761906,23.936508,background,0.000000,44.410000,0,0,0.904762,0.460317
50.634922,23.936508,background,0.000000,43.910000,0,0,0.920635,0.460317
51.507938,23.936508,background,0.000000,43.400002,0,0,0.936508,0.460317
52.380951,23.936508,background,0.000000,42.889999,0,0,0.952381,0.460317
53.253967,23.936508,background,0.000000,42.380001,0,0,0.968254,0.460317
54.126984,23.936508,background,0.000000,41.889999,0,0,0.984127,0.460317
55.000000,23.936508,background,0.000000,41.490002,0,0,1.000000,0.460317
0.000000,24.761906,Nimbus_0,14.000000,36.320000,1,1,0.000000,0.476191
0.873016,24.761906,Nimbus_0,14.000000,36.540001,1,0,0.015873,0.476191
1.746032,24.761906,Nimbus_0,14.000000,36.919998,1,0,0.031746,0.476191
2.619048,24.761906,Nimbus_0,14.000000,37.430000,1,0,0.047619,0.476191
3.492064,24.761906,Nimbus_0,14.000000,38.090000,1,0,0.063492,0.476191
4.365079,24.761906,Nimbus_0,14.000000,38.950001,1,0,0.079365,0.476191
5.238095,24.761906,Nimbus_0,14.000000,39.930000,1,0,0.095238,0.476191
6.111111,24.761906,Nimbus_0,14.000000,41.119999,1,0,0.111111,0.476191
6.984127,24.761906,Nimbus_0,14.000000,41.810001,1,0,0.126984,0.476191
7.857143,24.761906,Nimbus_0,14.000000,42.389999,1,0,0.142857,0.476191
8.730159,24.761906,Nimbus_0,14.000000,42.939999,1,0,0.158730,0.476191
9.603174,24.761906,Nimbus_0,14.000000,43.470001,1,0,0.174603,0.476191
10.476191,24.761906,Nimbus_0,14.000000,43.990002,1,1,0.190476,0.476191
11.349206,24.761906,Virtuvian_0,256.000000,44.500000,1,0,0.206349,0.476191
12.222222,24.761906,Virtuvian_0,256.000000,45.009998,1,0,0.222222,0.476191
13.095238,24.761906,Virtuvian_0,256.000000,45.520000,1,0,0.238095,0.476191
13.968254,24.761906,Virtuvian_0,256.000000,46.029999,1,0,0.253968,0.476191
14.841269,24.761906,Virtuvian_0,256.000000,46.540001,1,0,0.269841,0.476191
15.714286,24.761906,Virtuvian_0,256.000000,47.049999,1,0,0.285714,0.476191
16.587301,24.761906,Virtuvian_0,256.000000,47.570000,1,0,0.301587,0.476191
17.460318,24.761906,Virtuvian_0,256.000000,48.090000,1,0,0.317460,0.476191
18.333334,24.761906,Virtuvian_0,256.000000,48.619999,1,0,0.333333,0.476191
19.206348,24.761906,Virtuvian_0,256.000000,49.160000,1,0,0.349206,0.476191
20.079365,24.761906,Virtuvian_0,256.000000,49.730000,1,0,0.365079,0.476191
20.952381,24.761906,Virtuvian_0,256.000000,50.360001,1,0,0.380952,0.476191
21.825397,24.761906,Virtuvian_0,256.000000,51.189999,1,0,0.396825,0.476191
22.698412,24.761906,Virtuvian_0,256.000000,52.599998,1,0,0.412698,0.476191
23.571428,24.761906,Virtuvian_0,256.000000,53.919998,1,0,0.428571,0.476191
24.444445,24.761906,Virtuvian_0,256.000000,54.639999,1,0,0.444444,0.476191
25.317461,24.761906,Virtuvian_0,256.000000,55.119999,1,0,0.460317,0.476191
26.190475,24.761906,Virtuvian_0,256.000000,55.490002,1,0,0.476190,0.476191
27.063492,24.761906,Virtuvian_0,256.000000,55.779999,1,0,0.492063,0.476191
27.936508,24.761906,Virtuvian_0,256.000000,55.990002,1,0,0.507937,0.476191
28.809525,24.761906,Virtuvian_0,256.000000,56.150002,1,0,0.523810,0.476191
29.682539,24.761906,Virtuvian_0,256.000000,56.230000,1,0,0.539683,0.476191
30.555555,24.761906,Virtuvian_0,256.000000,56.259998,1,0,0.555556,0.476191
31.428572,24.761906,Virtuvian_0,256.000000,56.220001,1,0,0.571429,0.476191
32.301586,24.761906,Virtuvian_0,256.000000,56.119999,1,0,0.587302,0.476191
33.174603,24.761906,Virtuvian_0,256.000000,55.950001,1,0,0.603175,0.476191
34.047619,24.761906,Virtuvian_0,256.000000,55.720001,1,0,0.619048,0.476191
34.920635,24.761906,Virtuvian_0,256.000000,55.410000,1,0,0.634921,0.476191
35.793652,24.761906,Virtuvian_0,256.000000,55.029999,1,0,0.650794,0.476191
36.666668,24.761906,Virtuvian_0,256.000000,54.509998,1,0,0.666667,0.476191
37.539684,24.761906,Virtuvian_0,256.000000,53.709999,1,0,0.682540,0.476191
38.412697,24.761906,Virtuvian_0,256.000000,52.189999,1,0,0.698413,0.476191
39.285713,24.761906,Virtuvian_0,256.000000,50.970001,1,0,0.714286,0.476191
40.158730,24.761906,Virtuvian_0,256.000000,50.209999,1,0,0.730159,0.476191
41.031746,24.761906,Virtuvian_0,256.000000,49.599998,1,0,0.746032,0.476191
41.904762,24.761906,background,0.000000,49.040001,0,1,0.761905,0.476191
42.777779,24.761906,background,0.000000,48.500000,0,0,0.777778,0.476191
43.650795,24.761906,background,0.000000,47.970001,0,0,0.793651,0.476191
44.523811,24.761906,background,0.000000,47.450001,0,0,0.809524,0.476191
45.396824,24.761906,background,0.000000,46.930000,0,0,0.825397,0.476191
46.269840,24.761906,background,0.000000,46.419998,0,0,0.841270,0.476191
47.142857,24.761906,background,0.000000,45.919998,0,0,0.857143,0.476191
48.015873,24.761906,background,0.000000,45.410000,0,0,0.873016,0.476191
48.888889,24.761906,background,0.000000,44.910000,0,0,0.888889,0.476191
49.761906,24.761906,background,0.000000,44.400002,0,0,0.904762,0.476191
50.634922,24.761906,background,0.000000,43.900002,0,0,0.920635,0.476191
51.507938,24.761906,background,0.000000,43.389999,0,0,0.936508,0.476191
52.380951,24.761906,background,0.000000,42.880001,0,0,0.952381,0.476191
53.253967,24.761906,background,0.000000,42.369999,0,0,0.968254,0.476191
54.126984,24.761906,background,0.000000,41.869999,0,0,0.984127,0.476191
55.000000,24.761906,background,0.000000,41.480000,0,0,1.000000,0.476191
0.000000,25.587301,Nimbus_0,14.000000,36.290001,1,1,0.000000,0.492063
0.873016,25.587301,Nimbus_0,14.000000,36.509998,1,0,0.015873,0.492063
1.746032,25.587301,Nimbus_0,14.000000,36.880001,1,0,0.031746,0.492063
2.619048,25.587301,Nimbus_0,14.000000,37.389999,1,0,0.047619,0.492063
3.492064,25.587301,Nimbus_0,14.000000,38.049999,1,0,0.063492,0.492063
4.365079,25.587301,Nimbus_0,14.000000,38.900002,1,0,0.079365,0.492063
5.238095,25.587301,Nimbus_0,14.000000,39.880001,1,0,0.095238,0.492063
6.111111,25.587301,Nimbus_0,14.000000,41.070000,1,0,0.111111,0.492063
6.984127,25.587301,Nimbus_0,14.000000,41.750000,1,0,0.126984,0.492063
7.857143,25.587301,Nimbus_0,14.000000,42.340000,1,0,0.142857,0.492063
8.730159,25.587301,Nimbus_0,14.000000,42.880001,1,0,0.158730,0.492063
9.603174,25.587301,Nimbus_0,14.000000,43.410000,1,0,0.174603,0.492063
10.476191,25.587301,Nimbus_0,14.000000,43.930000,1,1,0.190476,0.492063
11.349206,25.587301,Virtuvian_0,256.000000,44.450001,1,0,0.206349,0.492063
12.222222,25.587301,Virtuvian_0,256.000000,44.959999,1,0,0.222222,0.492063
13.095238,25.587301,Virtuvian_0,256.000000,45.470001,1,0,0.238095,0.492063
13.968254,25.587301,Virtuvian_0,256.000000,45.990002,1,0,0.253968,0.492063
14.841269,25.587301,Virtuvian_0,256.000000,46.500000,1,0,0.269841,0.492063
15.714286,25.587301,Virtuvian_0,256.000000,47.020000,1,0,0.285714,0.492063
16.587301,25.587301,Virtuvian_0,256.000000,47.540001,1,0,0.301587,0.492063
17.460318,25.587301,Virtuvian_0,256.000000,48.070000,1,0,0.317460,0.492063
18.333334,25.587301,Virtuvian_0,256.000000,48.599998,1,0,0.333333,0.492063
19.206348,25.587301,Virtuvian_0,256.000000,49.139999,1,0,0.349206,0.492063
20.079365,25.587301,Virtuvian_0,256.000000,49.709999,1,0,0.365079,0.492063
20.952381,25.587301,Virtuvian_0,256.000000,50.340000,1,0,0.380952,0.492063
21.825397,25.587301,Virtuvian_0,256.000000,51.169998,1,0,0.396825,0.492063
22.698412,25.587301,Virtuvian_0,256.000000,52.580002,1,0,0.412698,0.492063
23.571428,25.587301,Virtuvian_0,256.000000,53.900002,1,0,0.428571,0.492063
24.444445,25.587301,Virtuvian_0,256.000000,54.610001,1,0,0.444444,0.492063
25.317461,25.587301,Virtuvian_0,256.000000,55.090000,1,0,0.460317,0.492063
26.190475,25.587301,Virtuvian_0,256.000000,55.459999,1,0,0.476190,0.492063
27.063492,25.587301,Virtuvian_0,256.000000,55.750000,1,0,0.492063,0.492063
27.936508,25.587301,Virtuvian_0,256.000000,55.959999,1,0,0.507937,0.492063
28.809525,25.587301,Virtuvian_0,256.000000,56.110001,1,0,0.523810,0.492063
29.682539,25.587301,Virtuvian_0,256.000000,56.200001,1,0,0.539683,0.492063
30.555555,25.587301,Virtuvian_0,256.000000,56.230000,1,0,0.555556,0.492063
31.428572,25.587301,Virtuvian_0,256.000000,56.189999,1,0,0.571429,0.492063
32.301586,25.587301,Virtuvian_0,256.000000,56.090000,1,0,0.587302,0.492063
33.174603,25.587301,Virtuvian_0,256.000000,55.919998,1,0,0.603175,0.492063
34.047619,25.587301,Virtuvian_0,256.000000,55.689999,1,0,0.619048,0.492063
34.920635,25.587301,Virtuvian_0,256.000000,55.380001,1,0,0.634921,0.492063
35.793652,25.587301,Virtuvian_0,256.000000,55.000000,1,0,0.650794,0.492063
36.666668,25.587301,Virtuvian_0,256.000000,54.490002,1,0,0.666667,0.492063
37.539684,25.587301,Virtuvian_0,256.000000,53.689999,1,0,0.682540,0.492063
38.412697,25.587301,Virtuvian_0,256.000000,52.169998,1,0,0.698413,0.492063
39.285713,25.587301,Virtuvian_0,256.000000,50.950001,1,0,0.714286,0.492063
40.158730,25.587301,Virtuvian_0,256.000000,50.189999,1,0,0.730159,0.492063
41.031746,25.587301,Virtuvian_0,256.000000,49.580002,1,0,0.746032,0.492063
41.904762,25.587301,background,0.000000,49.020000,0,1,0.761905,0.492063
42.777779,25.587301,background,0.000000,48.480000,0,0,0.777778,0.492063
43.650795,25.587301,background,0.000000,47.950001,0,0,0.793651,0.492063
44.523811,25.587301,background,0.000000,47.419998,0,0,0.809524,0.492063
45.396824,25.587301,background,0.000000,46.900002,0,0,0.825397,0.492063
46.269840,25.587301,background,0.000000,46.389999,0,0,0.841270,0.492063
47.142857,25.587301,background,0.000000,45.880001,0,0,0.857143,0.492063
48.015873,25.587301,background,0.000000,45.360001,0,0,0.873016,0.492063
48.888889,25.587301,background,0.000000,44.860001,0,0,0.888889,0.492063
49.761906,25.587301,background,0.000000,44.349998,0,0,0.904762,0.492063
50.634922,25.587301,background,0.000000,43.840000,0,0,0.920635,0.492063
51.507938,25.587301,background,0.000000,43.330002,0,0,0.936508,0.492063
52.380951,25.587301,background,0.000000,42.820000,0,0,0.952381,0.492063
53.253967,25.587301,background,0.000000,42.310001,0,0,0.968254,0.492063
54.126984,25.587301,background,0.000000,41.820000,0,0,0.984127,0.492063
55.000000,25.587301,background,0.000000,41.419998,0,0,1.000000,0.492063
0.000000,26.412699,Nimbus_0,14.000000,36.240002,1,1,0.000000,0.507937
0.873016,26.412699,Nimbus_0,14.000000,36.459999,1,0,0.015873,0.507937
1.746032,26.412699,Nimbus_0,14.000000,36.830002,1,0,0.031746,0.507937
2.619048,26.412699,Nimbus_0,14.000000,37.330002,1,0,0.047619,0.507937
3.492064,26.412699,Nimbus_0,14.000000,37.980000,1,0,0.063492,0.507937
4.365079,26.412699,Nimbus_0,14.000000,38.830002,1,0,0.079365,0.507937
5.238095,26.412699,Nimbus_0,14.000000,39.799999,1,0,0.095238,0.507937
6.111111,26.412699,Nimbus_0,14.000000,40.980000,1,0,0.111111,0.507937
6.984127,26.412699,Nimbus_0,14.000000,41.660000,1,0,0.126984,0.507937
7.857143,26.412699,Nimbus_0,14.000000,42.230000,1,0,0.142857,0.507937
8.730159,26.412699,Nimbus_0,14.000000,42.779999,1,0,0.158730,0.507937
9.603174,26.412699,Nimbus_0,14.000000,43.299999,1,0,0.174603,0.507937
10.476191,26.412699,Nimbus_0,14.000000,43.820000,1,1,0.190476,0.507937
11.349206,26.412699,Virtuvian_0,256.000000,44.340000,1,0,0.206349,0.507937
12.222222,26.412699,Virtuvian_0,256.000000,44.849998,1,0,0.222222,0.507937
13.095238,26.412699,Virtuvian_0,256.000000,45.369999,1,0,0.238095,0.507937
13.968254,26.412699,Virtuvian_0,256.000000,45.889999,1,0,0.253968,0.507937
14.841269,26.412699,Virtuvian_0,256.000000,46.410000,1,0,0.269841,0.507937
15.714286,26.412699,Virtuvian_0,256.000000,46.939999,1,0,0.285714,0.507937
16.587301,26.412699,Virtuvian_0,256.000000,47.459999,1,0,0.301587,0.507937
17.460318,26.412699,Virtuvian_0,256.000000,47.990002,1,0,0.317460,0.507937
18.333334,26.412699,Virtuvian_0,256.000000,48.520000,1,0,0.333333,0.507937
19.206348,26.412699,Virtuvian_0,256.000000,49.070000,1,0,0.349206,0.507937
20.079365,26.412699,Virtuvian_0,256.000000,49.639999,1,0,0.365079,0.507937
20.952381,26.412699,Virtuvian_0,256.000000,50.270000,1,0,0.380952,0.507937
21.825397,26.412699,Virtuvian_0,256.000000,51.099998,1,0,0.396825,0.507937
22.698412,26.412699,Virtuvian_0,256.000000,52.509998,1,0,0.412698,0.507937
23.571428,26.412699,Virtuvian_0,256.000000,53.820000,1,0,0.428571,0.507937
24.444445,26.412699,Virtuvian_0,256.000000,54.540001,1,0,0.444444,0.507937
25.317461,26.412699,Virtuvian_0,256.000000,55.020000,1,0,0.460317,0.507937
26.190475,26.412699,Virtuvian_0,256.000000,55.389999,1,0,0.476190,0.507937
27.063492,26.412699,Virtuvian_0,256.000000,55.669998,1,0,0.492063,0.507937
27.936508,26.412699,Virtuvian_0,256.000000,55.889999,1,0,0.507937,0.507937
28.809525,26.412699,Virtuvian_0,256.000000,56.040001,1,0,0.523810,0.507937
29.682539,26.412699,Virtuvian_0,256.000000,56.130001,1,0,0.539683,0.507937
30.555555,26.412699,Virtuvian_0,256.000000,56.150002,1,0,0.555556,0.507937
31.428572,26.412699,Virtuvian_0,256.000000,56.110001,1,0,0.571429,0.507937
32.301586,26.412699,Virtuvian_0,256.000000,56.009998,1,0,0.587302,0.507937
33.174603,26.412699,Virtuvian_0,256.000000,55.840000,1,0,0.603175,0.507937
34.047619,26.412699,Virtuvian_0,256.000000,55.610001,1,0,0.619048,0.507937
34.920635,26.412699,Virtuvian_0,256.000000,55.310001,1,0,0.634921,0.507937
35.793652,26.412699,Virtuvian_0,256.000000,54.930000,1,0,0.650794,0.507937
36.666668,26.412699,Virtuvian_0,256.000000,54.410000,1,0,0.666667,0.507937
37.539684,26.412699,Virtuvian_0,256.000000,53.619999,1,0,0.682540,0.507937
38.412697,26.412699,Virtuvian_0,256.000000,52.090000,1,0,0.698413,0.507937
39.285713,26.412699,Virtuvian_0,256.000000,50.880001,1,0,0.714286,0.507937
40.158730,26.412699,Virtuvian_0,256.000000,50.119999,1,0,0.730159,0.507937
41.031746,26.412699,Virtuvian_0,256.000000,49.509998,1,0,0.746032,0.507937
41.904762,26.412699,background,0.000000,48.939999,0,1,0.761905,0.507937
42.777779,26.412699,background,0.000000,48.400002,0,0,0.777778,0.507937
43.650795,26.412699,background,0.000000,47.869999,0,0,0.793651,0.507937
44.523811,26.412699,background,0.000000,47.340000,0,0,0.809524,0.507937
45.396824,26.412699,background,0.000000,46.820000,0,0,0.825397,0.507937
46.269840,26.412699,background,0.000000,46.299999,0,0,0.841270,0.507937
47.142857,26.412699,background,0.000000,45.779999,0,0,0.857143,0.507937
48.015873,26.412699,background,0.000000,45.259998,0,0,0.873016,0.507937
48.888889,26.412699,background,0.000000,44.750000,0,0,0.888889,0.507937
49.761906,26.412699,background,0.000000,44.240002,0,0,0.904762,0.507937
50.634922,26.412699,background,0.000000,43.730000,0,0,0.920635,0.507937
51.507938,26.412699,background,0.000000,43.220001,0,0,0.936508,0.507937
52.380951,26.412699,background,0.000000,42.709999,0,0,0.952381,0.507937
53.253967,26.412699,background,0.000000,42.200001,0,0,0.968254,0.507937
54.126984,26.412699,background,0.000000,41.709999,0,0,0.984127,0.507937
55.000000,26.412699,background,0.000000,41.320000,0,0,1.000000,0.507937
0.000000,27.238094,Nimbus_0,14.000000,36.169998,1,1,0.000000,0.523809
0.873016,27.238094,Nimbus_0,14.000000,36.380001,1,0,0.015873,0.523809
1.746032,27.238094,Nimbus_0,14.000000,36.750000,1,0,0.031746,0.523809
2.619048,27.238094,Nimbus_0,14.000000,37.240002,1,0,0.047619,0.523809
3.492064,27.238094,Nimbus_0,14.000000,37.869999,1,0,0.063492,0.523809
4.365079,27.238094,Nimbus_0,14.000000,38.709999,1,0,0.079365,0.523809
5.238095,27.238094,Nimbus_0,14.000000,39.669998,1,0,0.095238,0.523809
6.111111,27.238094,Nimbus_0,14.000000,40.840000,1,0,0.111111,0.523809
6.984127,27.238094,Nimbus_0,14.000000,41.509998,1,0,0.126984,0.523809
7.857143,27.238094,Nimbus_0,14.000000,42.080002,1,0,0.142857,0.523809
8.730159,27.238094,Nimbus_0,14.000000,42.610001,1,0,0.158730,0.523809
9.603174,27.238094,Nimbus_0,14.000000,43.139999,1,0,0.174603,0.523809
10.476191,27.238094,Nimbus_0,14.000000,43.650002,1,1,0.190476,0.523809
11.349206,27.238094,Virtuvian_0,256.000000,44.169998,1,0,0.206349,0.523809
12.222222,27.238094,Virtuvian_0,256.000000,44.689999,1,0,0.222222,0.523809
13.095238,27.238094,Virtuvian_0,256.000000,45.209999,1,0,0.238095,0.523809
13.968254,27.238094,Virtuvian_0,256.000000,45.740002,1,0,0.253968,0.523809
14.841269,27.238094,Virtuvian_0,256.000000,46.270000,1,0,0.269841,0.523809
15.714286,27.238094,Virtuvian_0,256.000000,46.799999,1,0,0.285714,0.523809
16.587301,27.238094,Virtuvian_0,256.000000,47.330002,1,0,0.301587,0.523809
17.460318,27.238094,Virtuvian_0,256.000000,47.860001,1,0,0.317460,0.523809
18.333334,27.238094,Virtuvian_0,256.000000,48.400002,1,0,0.333333,0.523809
19.206348,27.238094,Virtuvian_0,256.000000,48.950001,1,0,0.349206,0.523809
20.079365,27.238094,Virtuvian_0,256.000000,49.520000,1,0,0.365079,0.523809
20.952381,27.238094,Virtuvian_0,256.000000,50.150002,1,0,0.380952,0.523809
21.825397,27.238094,Virtuvian_0,256.000000,50.980000,1,0,0.396825,0.523809
22.698412,27.238094,Virtuvian_0,256.000000,52.389999,1,0,0.412698,0.523809
23.571428,27.238094,Virtuvian_0,256.000000,53.700001,1,0,0.428571,0.523809
24.444445,27.238094,Virtuvian_0,256.000000,54.419998,1,0,0.444444,0.523809
25.317461,27.238094,Virtuvian_0,256.000000,54.900002,1,0,0.460317,0.523809
26.190475,27.238094,Virtuvian_0,256.000000,55.270000,1,0,0.476190,0.523809
27.063492,27.238094,Virtuvian_0,256.000000,55.549999,1,0,0.492063,0.523809
27.936508,27.238094,Virtuvian_0,256.000000,55.770000,1,0,0.507937,0.523809
28.809525,27.238094,Virtuvian_0,256.000000,55.919998,1,0,0.523810,0.523809
29.682539,27.238094,Virtuvian_0,256.000000,56.009998,1,0,0.539683,0.523809
30.555555,27.238094,Virtuvian_0,256.000000,56.029999,1,0,0.555556,0.523809
31.428572,27.238094,Virtuvian_0,256.000000,55.990002,1,0,0.571429,0.523809
32.301586,27.238094,Virtuvian_0,256.000000,55.889999,1,0,0.587302,0.523809
33.174603,27.238094,Virtuvian_0,256.000000,55.730000,1,0,0.603175,0.523809
34.047619,27.238094,Virtuvian_0,256.000000,55.490002,1,0,0.619048,0.523809
34.920635,27.238094,Virtuvian_0,256.000000,55.189999,1,0,0.634921,0.523809
35.793652,27.238094,Virtuvian_0,256.000000,54.810001,1,0,0.650794,0.523809
36.666668,27.238094,Virtuvian_0,256.000000,54.290001,1,0,0.666667,0.523809
37.539684,27.238094,Virtuvian_0,256.000000,53.500000,1,0,0.682540,0.523809
38.412697,27.238094,Virtuvian_0,256.000000,51.970001,1,0,0.698413,0.523809
39.285713,27.238094,Virtuvian_0,256.000000,50.759998,1,0,0.714286,0.523809
40.158730,27.238094,Virtuvian_0,256.000000,49.990002,1,0,0.730159,0.523809
41.031746,27.238094,Virtuvian_0,256.000000,49.380001,1,0,0.746032,0.523809
41.904762,27.238094,background,0.000000,48.820000,0,1,0.761905,0.523809
42.777779,27.238094,background,0.000000,48.279999,0,0,0.777778,0.523809
43.650795,27.238094,background,0.000000,47.740002,0,0,0.793651,0.523809
44.523811,27.238094,background,0.000000,47.209999,0,0,0.809524,0.523809
45.396824,27.238094,background,0.000000,46.680000,0,0,0.825397,0.523809
46.269840,27.238094,background,0.000000,46.150002,0,0,0.841270,0.523809
47.142857,27.238094,background,0.000000,45.619999,0,0,0.857143,0.523809
48.015873,27.238094,background,0.000000,45.099998,0,0,0.873016,0.523809
48.888889,27.238094,background,0.000000,44.580002,0,0,0.888889,0.523809
49.761906,27.238094,background,0.000000,44.070000,0,0,0.904762,0.523809
50.634922,27.238094,background,0.000000,43.560001,0,0,0.920635,0.523809
51.507938,27.238094,background,0.000000,43.049999,0,0,0.936508,0.523809
52.380951,27.238094,background,0.000000,42.540001,0,0,0.952381,0.523809
53.253967,27.238094,background,0.000000,42.040001,0,0,0.968254,0.523809
54.126984,27.238094,background,0.000000,41.549999,0,0,0.984127,0.523809
55.000000,27.238094,background,0.000000,41.160000,0,0,1.000000,0.523809
0.000000,28.063492,Nimbus_0,14.000000,36.090000,1,1,0.000000,0.539683
0.873016,28.063492,Nimbus_0,14.000000,36.290001,1,0,0.015873,0.539683
1.746032,28.063492,Nimbus_0,14.000000,36.639999,1,0,0.031746,0.539683
2.619048,28.063492,Nimbus_0,14.000000,37.110001,1,0,0.047619,0.539683
3.492064,28.063492,Nimbus_0,14.000000,37.730000,1,0,0.063492,0.539683
4.365079,28.063492,Nimbus_0,14.000000,38.529999,1,0,0.079365,0.539683
5.238095,28.063492,Nimbus_0,14.000000,39.480000,1,0,0.095238,0.539683
6.111111,28.063492,Nimbus_0,14.000000,40.630001,1,0,0.111111,0.539683
6.984127,28.063492,Nimbus_0,14.000000,41.270000,1,0,0.126984,0.539683
7.857143,28.063492,Nimbus_0,14.000000,41.830002,1,0,0.142857,0.539683
8.730159,28.063492,Nimbus_0,14.000000,42.360001,1,0,0.158730,0.539683
9.603174,28.063492,Nimbus_0,14.000000,42.869999,1,0,0.174603,0.539683
10.476191,28.063492,Nimbus_0,14.000000,43.389999,1,1,0.190476,0.539683
11.349206,28.063492,Virtuvian_0,256.000000,43.900002,1,0,0.206349,0.539683
12.222222,28.063492,Virtuvian_0,256.000000,44.430000,1,0,0.222222,0.539683
13.095238,28.063492,Virtuvian_0,256.000000,44.959999,1,0,0.238095,0.539683
13.968254,28.063492,Virtuvian_0,256.000000,45.500000,1,0,0.253968,0.539683
14.841269,28.063492,Virtuvian_0,256.000000,46.060001,1,0,0.269841,0.539683
15.714286,28.063492,Virtuvian_0,256.000000,46.599998,1,0,0.285714,0.539683
16.587301,28.063492,Virtuvian_0,256.000000,47.139999,1,0,0.301587,0.539683
17.460318,28.063492,Virtuvian_0,256.000000,47.680000,1,0,0.317460,0.539683
18.333334,28.063492,Virtuvian_0,256.000000,48.220001,1,0,0.333333,0.539683
19.206348,28.063492,Virtuvian_0,256.000000,48.770000,1,0,0.349206,0.539683
20.079365,28.063492,Virtuvian_0,256.000000,49.340000,1,0,0.365079,0.539683
20.952381,28.063492,Virtuvian_0,256.000000,49.970001,1,0,0.380952,0.539683
21.825397,28.063492,Virtuvian_0,256.000000,50.799999,1,0,0.396825,0.539683
22.698412,28.063492,Virtuvian_0,256.000000,52.220001,1,0,0.412698,0.539683
23.571428,28.063492,Virtuvian_0,256.000000,53.540001,1,0,0.428571,0.539683
24.444445,28.063492,Virtuvian_0,256.000000,54.250000,1,0,0.444444,0.539683
25.317461,28.063492,Virtuvian_0,256.000000,54.740002,1,0,0.460317,0.539683
26.190475,28.063492,Virtuvian_0,256.000000,55.099998,1,0,0.476190,0.539683
27.063492,28.063492,Virtuvian_0,256.000000,55.389999,1,0,0.492063,0.539683
27.936508,28.063492,Virtuvian_0,256.000000,55.599998,1,0,0.507937,0.539683
28.809525,28.063492,Virtuvian_0,256.000000,55.759998,1,0,0.523810,0.539683
29.682539,28.063492,Virtuvian_0,256.000000,55.840000,1,0,0.539683,0.539683
30.555555,28.063492,Virtuvian_0,256.000000,55.869999,1,0,0.555556,0.539683
31.428572,28.063492,Virtuvian_0,256.000000,55.830002,1,0,0.571429,0.539683
32.301586,28.063492,Virtuvian_0,256.000000,55.730000,1,0,0.587302,0.539683
33.174603,28.063492,Virtuvian_0,256.000000,55.560001,1,0,0.603175,0.539683
34.047619,28.063492,Virtuvian_0,256.000000,55.330002,1,0,0.619048,0.539683
34.920635,28.063492,Virtuvian_0,256.000000,55.029999,1,0,0.634921,0.539683
35.793652,28.063492,Virtuvian_0,256.000000,54.639999,1,0,0.650794,0.539683
36.666668,28.063492,Virtuvian_0,256.000000,54.130001,1,0,0.666667,0.539683
37.539684,28.063492,Virtuvian_0,256.000000,53.330002,1,0,0.682540,0.539683
38.412697,28.063492,Virtuvian_0,256.000000,51.799999,1,0,0.698413,0.539683
39.285713,28.063492,Virtuvian_0,256.000000,50.580002,1,0,0.714286,0.539683
40.158730,28.063492,Virtuvian_0,256.000000,49.820000,1,0,0.730159,0.539683
41.031746,28.063492,Virtuvian_0,256.000000,49.209999,1,0,0.746032,0.539683
41.904762,28.063492,background,0.000000,48.639999,0,1,0.761905,0.539683
42.777779,28.063492,background,0.000000,48.099998,0,0,0.777778,0.539683
43.650795,28.063492,background,0.000000,47.560001,0,0,0.793651,0.539683
44.523811,28.063492,background,0.000000,47.020000,0,0,0.809524,0.539683
45.396824,28.063492,background,0.000000,46.480000,0,0,0.825397,0.539683
46.269840,28.063492,background,0.000000,45.939999,0,0,0.841270,0.539683
47.142857,28.063492,background,0.000000,45.389999,0,0,0.857143,0.539683
48.015873,28.063492,background,0.000000,44.849998,0,0,0.873016,0.539683
48.888889,28.063492,background,0.000000,44.320000,0,0,0.888889,0.539683
49.761906,28.063492,background,0.000000,43.799999,0,0,0.904762,0.539683
50.634922,28.063492,background,0.000000,43.290001,0,0,0.920635,0.539683
51.507938,28.063492,background,0.000000,42.790001,0,0,0.936508,0.539683
52.380951,28.063492,background,0.000000,42.279999,0,0,0.952381,0.539683
53.253967,28.063492,background,0.000000,41.790001,0,0,0.968254,0.539683
54.126984,28.063492,background,0.000000,41.310001,0,0,0.984127,0.539683
55.000000,28.063492,background,0.000000,40.930000,0,0,1.000000,0.539683
0.000000,28.888889,Nimbus_0,14.000000,35.980000,1,1,0.000000,0.555556
0.873016,28.888889,Nimbus_0,14.000000,36.180000,1,0,0.015873,0.555556
1.746032,28.888889,Nimbus_0,14.000000,36.509998,1,0,0.031746,0.555556
2.619048,28.888889,Nimbus_0,14.000000,36.959999,1,0,0.047619,0.555556
3.492064,28.888889,Nimbus_0,14.000000,37.529999,1,0,0.063492,0.555556
4.365079,28.888889,Nimbus_0,14.000000,38.270000,1,0,0.079365,0.555556
5.238095,28.888889,Nimbus_0,14.000000,39.160000,1,0,0.095238,0.555556
6.111111,28.888889,Nimbus_0,14.000000,40.230000,1,0,0.111111,0.555556
6.984127,28.888889,Nimbus_0,14.000000,40.849998,1,0,0.126984,0.555556
7.857143,28.888889,Nimbus_0,14.000000,41.389999,1,0,0.142857,0.555556
8.730159,28.888889,Nimbus_0,14.000000,41.910000,1,0,0.158730,0.555556
9.603174,28.888889,Nimbus_0,14.000000,42.419998,1,0,0.174603,0.555556
10.476191,28.888889,Nimbus_0,14.000000,42.930000,1,1,0.190476,0.555556
11.349206,28.888889,Virtuvian_0,256.000000,43.450001,1,0,0.206349,0.555556
12.222222,28.888889,Virtuvian_0,256.000000,43.980000,1,0,0.222222,0.555556
13.095238,28.888889,Virtuvian_0,256.000000,44.540001,1,0,0.238095,0.555556
13.968254,28.888889,Virtuvian_0,256.000000,45.130001,1,0,0.253968,0.555556
14.841269,28.888889,Virtuvian_0,256.000000,45.779999,1,0,0.269841,0.555556
15.714286,28.888889,Virtuvian_0,256.000000,46.349998,1,0,0.285714,0.555556
16.587301,28.888889,Virtuvian_0,256.000000,46.900002,1,0,0.301587,0.555556
17.460318,28.888889,Virtuvian_0,256.000000,47.439999,1,0,0.317460,0.555556
18.333334,28.888889,Virtuvian_0,256.000000,47.980000,1,0,0.333333,0.555556
19.206348,28.888889,Virtuvian_0,256.000000,48.529999,1,0,0.349206,0.555556
20.079365,28.888889,Virtuvian_0,256.000000,49.110001,1,0,0.365079,0.555556
20.952381,28.888889,Virtuvian_0,256.000000,49.740002,1,0,0.380952,0.555556
21.825397,28.888889,Virtuvian_0,256.000000,50.580002,1,0,0.396825,0.555556
22.698412,28.888889,Virtuvian_0,256.000000,52.000000,1,0,0.412698,0.555556
23.571428,28.888889,Virtuvian_0,256.000000,53.320000,1,0,0.428571,0.555556
24.444445,28.888889,Virtuvian_0,256.000000,54.040001,1,0,0.444444,0.555556
25.317461,28.888889,Virtuvian_0,256.000000,54.520000,1,0,0.460317,0.555556
26.190475,28.888889,Virtuvian_0,256.000000,54.889999,1,0,0.476190,0.555556
27.063492,28.888889,Virtuvian_0,256.000000,55.180000,1,0,0.492063,0.555556
27.936508,28.888889,Virtuvian_0,256.000000,55.400002,1,0,0.507937,0.555556
28.809525,28.888889,Virtuvian_0,256.000000,55.549999,1,0,0.523810,0.555556
29.682539,28.888889,Virtuvian_0,256.000000,55.639999,1,0,0.539683,0.555556
30.555555,28.888889,Virtuvian_0,256.000000,55.660000,1,0,0.555556,0.555556
31.428572,28.888889,Virtuvian_0,256.000000,55.619999,1,0,0.571429,0.555556
32.301586,28.888889,Virtuvian_0,256.000000,55.520000,1,0,0.587302,0.555556
33.174603,28.888889,Virtuvian_0,256.000000,55.349998,1,0,0.603175,0.555556
34.047619,28.888889,Virtuvian_0,256.000000,55.119999,1,0,0.619048,0.555556
34.920635,28.888889,Virtuvian_0,256.000000,54.820000,1,0,0.634921,0.555556
35.793652,28.888889,Virtuvian_0,256.000000,54.430000,1,0,0.650794,0.555556
36.666668,28.888889,Virtuvian_0,256.000000,53.910000,1,0,0.666667,0.555556
37.539684,28.888889,Virtuvian_0,256.000000,53.110001,1,0,0.682540,0.555556
38.412697,28.888889,Virtuvian_0,256.000000,51.580002,1,0,0.698413,0.555556
39.285713,28.888889,Virtuvian_0,256.000000,50.360001,1,0,0.714286,0.555556
40.158730,28.888889,Virtuvian_0,256.000000,49.590000,1,0,0.730159,0.555556
41.031746,28.888889,Virtuvian_0,256.000000,48.980000,1,0,0.746032,0.555556
41.904762,28.888889,background,0.000000,48.410000,0,1,0.761905,0.555556
42.777779,28.888889,background,0.000000,47.860001,0,0,0.777778,0.555556
43.650795,28.888889,background,0.000000,47.320000,0,0,0.793651,0.555556
44.523811,28.888889,background,0.000000,46.779999,0,0,0.809524,0.555556
45.396824,28.888889,background,0.000000,46.230000,0,0,0.825397,0.555556
46.269840,28.888889,background,0.000000,45.660000,0,0,0.841270,0.555556
47.142857,28.888889,background,0.000000,45.020000,0,0,0.857143,0.555556
48.015873,28.888889,background,0.000000,44.439999,0,0,0.873016,0.555556
48.888889,28.888889,background,0.000000,43.889999,0,0,0.888889,0.555556
49.761906,28.888889,background,0.000000,43.369999,0,0,0.904762,0.555556
50.634922,28.888889,background,0.000000,42.860001,0,0,0.920635,0.555556
51.507938,28.888889,background,0.000000,42.349998,0,0,0.936508,0.555556
52.380951,28.888889,background,0.000000,41.860001,0,0,0.952381,0.555556
53.253967,28.888889,background,0.000000,41.369999,0,0,0.968254,0.555556
54.126984,28.888889,background,0.000000,40.910000,0,0,0.984127,0.555556
55.000000,28.888889,background,0.000000,40.549999,0,0,1.000000,0.555556
0.000000,29.714285,Nimbus_0,14.000000,35.869999,1,1,0.000000,0.571429
0.873016,29.714285,Nimbus_0,14.000000,36.049999,1,0,0.015873,0.571429
1.746032,29.714285,Nimbus_0,14.000000,36.369999,1,0,0.031746,0.571429
2.619048,29.714285,Nimbus_0,14.000000,36.779999,1,0,0.047619,0.571429
3.492064,29.714285,Nimbus_0,14.000000,37.290001,1,0,0.063492,0.571429
4.365079,29.714285,Nimbus_0,14.000000,37.900002,1,0,0.079365,0.571429
5.238095,29.714285,Nimbus_0,14.000000,38.630001,1,0,0.095238,0.571429
6.111111,29.714285,Nimbus_0,14.000000,39.459999,1,0,0.111111,0.571429
6.984127,29.714285,Nimbus_0,14.000000,40.090000,1,0,0.126984,0.571429
7.857143,29.714285,Nimbus_0,14.000000,40.630001,1,0,0.142857,0.571429
8.730159,29.714285,Nimbus_0,14.000000,41.150002,1,0,0.158730,0.571429
9.603174,29.714285,Nimbus_0,14.000000,41.660000,1,0,0.174603,0.571429
10.476191,29.714285,Nimbus_0,14.000000,42.169998,1,1,0.190476,0.571429
11.349206,29.714285,Virtuvian_0,256.000000,42.709999,1,0,0.206349,0.571429
12.222222,29.714285,Virtuvian_0,256.000000,43.279999,1,0,0.222222,0.571429
13.095238,29.714285,Virtuvian_0,256.000000,43.910000,1,0,0.238095,0.571429
13.968254,29.714285,Virtuvian_0,256.000000,44.520000,1,0,0.253968,0.571429
14.841269,29.714285,Virtuvian_0,256.000000,45.430000,1,0,0.269841,0.571429
15.714286,29.714285,Virtuvian_0,256.000000,46.040001,1,0,0.285714,0.571429
16.587301,29.714285,Virtuvian_0,256.000000,46.599998,1,0,0.301587,0.571429
17.460318,29.714285,Virtuvian_0,256.000000,47.139999,1,0,0.317460,0.571429
18.333334,29.714285,Virtuvian_0,256.000000,47.689999,1,0,0.333333,0.571429
19.206348,29.714285,Virtuvian_0,256.000000,48.240002,1,0,0.349206,0.571429
20.079365,29.714285,Virtuvian_0,256.000000,48.820000,1,0,0.365079,0.571429
20.952381,29.714285,Virtuvian_0,256.000000,49.459999,1,0,0.380952,0.571429
21.825397,29.714285,Virtuvian_0,256.000000,50.299999,1,0,0.396825,0.571429
22.698412,29.714285,Virtuvian_0,256.000000,51.720001,1,0,0.412698,0.571429
23.571428,29.714285,Virtuvian_0,256.000000,53.049999,1,0,0.428571,0.571429
24.444445,29.714285,Virtuvian_0,256.000000,53.779999,1,0,0.444444,0.571429
25.317461,29.714285,Virtuvian_0,256.000000,54.270000,1,0,0.460317,0.571429
26.190475,29.714285,Virtuvian_0,256.000000,54.639999,1,0,0.476190,0.571429
27.063492,29.714285,Virtuvian_0,256.000000,54.930000,1,0,0.492063,0.571429
27.936508,29.714285,Virtuvian_0,256.000000,55.139999,1,0,0.507937,0.571429
28.809525,29.714285,Virtuvian_0,256.000000,55.299999,1,0,0.523810,0.571429
29.682539,29.714285,Virtuvian_0,256.000000,55.380001,1,0,0.539683,0.571429
30.555555,29.714285,Virtuvian_0,256.000000,55.410000,1,0,0.555556,0.571429
31.428572,29.714285,Virtuvian_0,256.000000,55.369999,1,0,0.571429,0.571429
32.301586,29.714285,Virtuvian_0,256.000000,55.270000,1,0,0.587302,0.571429
33.174603,29.714285,Virtuvian_0,256.000000,55.099998,1,0,0.603175,0.571429
34.047619,29.714285,Virtuvian_0,256.000000,54.869999,1,0,0.619048,0.571429
34.920635,29.714285,Virtuvian_0,256.000000,54.560001,1,0,0.634921,0.571429
35.793652,29.714285,Virtuvian_0,256.000000,54.169998,1,0,0.650794,0.571429
36.666668,29.714285,Virtuvian_0,256.000000,53.650002,1,0,0.666667,0.571429
37.539684,29.714285,Virtuvian_0,256.000000,52.840000,1,0,0.682540,0.571429
38.412697,29.714285,Virtuvian_0,256.000000,51.310001,1,0,0.698413,0.571429
39.285713,29.714285,Virtuvian_0,256.000000,50.080002,1,0,0.714286,0.571429
40.158730,29.714285,Virtuvian_0,256.000000,49.299999,1,0,0.730159,0.571429
41.031746,29.714285,Virtuvian_0,256.000000,48.680000,1,0,0.746032,0.571429
41.904762,29.714285,background,0.000000,48.110001,0,1,0.761905,0.571429
42.777779,29.714285,background,0.000000,47.560001,0,0,0.777778,0.571429
43.650795,29.714285,background,0.000000,47.020000,0,0,0.793651,0.571429
44.523811,29.714285,background,0.000000,46.480000,0,0,0.809524,0.571429
45.396824,29.714285,background,0.000000,45.919998,0,0,0.825397,0.571429
46.269840,29.714285,background,0.000000,45.310001,0,0,0.841270,0.571429
47.142857,29.714285,background,0.000000,44.360001,0,0,0.857143,0.571429
48.015873,29.714285,background,0.000000,43.750000,0,0,0.873016,0.571429
48.888889,29.714285,background,0.000000,43.160000,0,0,0.888889,0.571429
49.761906,29.714285,background,0.000000,42.610001,0,0,0.904762,0.571429
50.634922,29.714285,background,0.000000,42.090000,0,0,0.920635,0.571429
51.507938,29.714285,background,0.000000,41.590000,0,0,0.936508,0.571429
52.380951,29.714285,background,0.000000,41.110001,0,0,0.952381,0.571429
53.253967,29.714285,background,0.000000,40.650002,0,0,0.968254,0.571429
54.126984,29.714285,background,0.000000,40.250000,0,0,0.984127,0.571429
55.000000,29.714285,background,0.000000,39.970001,0,0,1.000000,0.571429
0.000000,30.539682,Nimbus_0,14.000000,35.740002,1,1,0.000000,0.587302
0.873016,30.539682,Nimbus_0,14.000000,35.919998,1,0,0.015873,0.587302
1.746032,30.539682,Nimbus_0,14.000000,36.209999,1,0,0.031746,0.587302
2.619048,30.539682,Nimbus_0,14.000000,36.590000,1,0,0.047619,0.587302
3.492064,30.539682,Nimbus_0,14.000000,37.040001,1,0,0.063492,0.587302
4.365079,30.539682,Nimbus_0,14.000000,37.549999,1,0,0.079365,0.587302
5.238095,30.539682,Nimbus_0,14.000000,38.130001,1,0,0.095238,0.587302
6.111111,30.539682,Nimbus_0,14.000000,38.730000,1,0,0.111111,0.587302
6.984127,30.539682,Nimbus_0,14.000000,39.279999,1,0,0.126984,0.587302
7.857143,30.539682,Nimbus_0,14.000000,39.799999,1,0,0.142857,0.587302
8.730159,30.539682,Nimbus_0,14.000000,40.299999,1,0,0.158730,0.587302
9.603174,30.539682,Nimbus_0,14.000000,40.799999,1,0,0.174603,0.587302
10.476191,30.539682,Nimbus_0,14.000000,41.320000,1,1,0.190476,0.587302
11.349206,30.539682,Virtuvian_0,256.000000,41.869999,1,0,0.206349,0.587302
12.222222,30.539682,Virtuvian_0,256.000000,42.490002,1,0,0.222222,0.587302
13.095238,30.539682,Virtuvian_0,256.000000,43.230000,1,0,0.238095,0.587302
13.968254,30.539682,Virtuvian_0,256.000000,44.020000,1,0,0.253968,0.587302
14.841269,30.539682,Virtuvian_0,256.000000,45.040001,1,0,0.269841,0.587302
15.714286,30.539682,Virtuvian_0,256.000000,45.669998,1,0,0.285714,0.587302
16.587301,30.539682,Virtuvian_0,256.000000,46.240002,1,0,0.301587,0.587302
17.460318,30.539682,Virtuvian_0,256.000000,46.779999,1,0,0.317460,0.587302
18.333334,30.539682,Virtuvian_0,256.000000,47.320000,1,0,0.333333,0.587302
19.206348,30.539682,Virtuvian_0,256.000000,47.880001,1,0,0.349206,0.587302
20.079365,30.539682,Virtuvian_0,256.000000,48.459999,1,0,0.365079,0.587302
20.952381,30.539682,Virtuvian_0,256.000000,49.110001,1,0,0.380952,0.587302
21.825397,30.539682,Virtuvian_0,256.000000,49.959999,1,0,0.396825,0.587302
22.698412,30.539682,Virtuvian_0,256.000000,51.400002,1,0,0.412698,0.587302
23.571428,30.539682,Virtuvian_0,256.000000,52.730000,1,0,0.428571,0.587302
24.444445,30.539682,Virtuvian_0,256.000000,53.470001,1,0,0.444444,0.587302
25.317461,30.539682,Virtuvian_0,256.000000,53.959999,1,0,0.460317,0.587302
26.190475,30.539682,Virtuvian_0,256.000000,54.340000,1,0,0.476190,0.587302
27.063492,30.539682,Virtuvian_0,256.000000,54.630001,1,0,0.492063,0.587302
27.936508,30.539682,Virtuvian_0,256.000000,54.849998,1,0,0.507937,0.587302
28.809525,30.539682,Virtuvian_0,256.000000,55.000000,1,0,0.523810,0.587302
29.682539,30.539682,Virtuvian_0,256.000000,55.090000,1,0,0.539683,0.587302
30.555555,30.539682,Virtuvian_0,256.000000,55.110001,1,0,0.555556,0.587302
31.428572,30.539682,Virtuvian_0,256.000000,55.070000,1,0,0.571429,0.587302
32.301586,30.539682,Virtuvian_0,256.000000,54.970001,1,0,0.587302,0.587302
33.174603,30.539682,Virtuvian_0,256.000000,54.799999,1,0,0.603175,0.587302
34.047619,30.539682,Virtuvian_0,256.000000,54.570000,1,0,0.619048,0.587302
34.920635,30.539682,Virtuvian_0,256.000000,54.259998,1,0,0.634921,0.587302
35.793652,30.539682,Virtuvian_0,256.000000,53.869999,1,0,0.650794,0.587302
36.666668,30.539682,Virtuvian_0,256.000000,53.340000,1,0,0.666667,0.587302
37.539684,30.539682,Virtuvian_0,256.000000,52.520000,1,0,0.682540,0.587302
38.412697,30.539682,Virtuvian_0,256.000000,50.970001,1,0,0.698413,0.587302
39.285713,30.539682,Virtuvian_0,256.000000,49.730000,1,0,0.714286,0.587302
40.158730,30.539682,Virtuvian_0,256.000000,48.939999,1,0,0.730159,0.587302
41.031746,30.539682,Virtuvian_0,256.000000,48.310001,1,0,0.746032,0.587302
41.904762,30.539682,background,0.000000,47.740002,0,1,0.761905,0.587302
42.777779,30.539682,background,0.000000,47.189999,0,0,0.777778,0.587302
43.650795,30.539682,background,0.000000,46.650002,0,0,0.793651,0.587302
44.523811,30.539682,background,0.000000,46.099998,0,0,0.809524,0.587302
45.396824,30.539682,background,0.000000,45.540001,0,0,0.825397,0.587302
46.269840,30.539682,background,0.000000,44.900002,0,0,0.841270,0.587302
47.142857,30.539682,background,0.000000,43.799999,0,0,0.857143,0.587302
48.015873,30.539682,background,0.000000,43.009998,0,0,0.873016,0.587302
48.888889,30.539682,background,0.000000,42.330002,0,0,0.888889,0.587302
49.761906,30.539682,background,0.000000,41.740002,0,0,0.904762,0.587302
50.634922,30.539682,background,0.000000,41.220001,0,0,0.920635,0.587302
51.507938,30.539682,background,0.000000,40.730000,0,0,0.936508,0.587302
52.380951,30.539682,background,0.000000,40.259998,0,0,0.952381,0.587302
53.253967,30.539682,background,0.000000,39.840000,0,0,0.968254,0.587302
54.126984,30.539682,background,0.000000,39.480000,0,0,0.984127,0.587302
55.000000,30.539682,background,0.000000,39.250000,0,0,1.000000,0.587302
0.000000,31.365080,Nimbus_0,14.000000,35.599998,1,1,0.000000,0.603175
0.873016,31.365080,Nimbus_0,14.000000,35.770000,1,0,0.015873,0.603175
1.746032,31.365080,Nimbus_0,14.000000,36.049999,1,0,0.031746,0.603175
2.619048,31.365080,Nimbus_0,14.000000,36.400002,1,0,0.047619,0.603175
3.492064,31.365080,Nimbus_0,14.000000,36.810001,1,0,0.063492,0.603175
4.365079,31.365080,Nimbus_0,14.000000,37.259998,1,0,0.079365,0.603175
5.238095,31.365080,Nimbus_0,14.000000,37.740002,1,0,0.095238,0.603175
6.111111,31.365080,Nimbus_0,14.000000,38.240002,1,0,0.111111,0.603175
6.984127,31.365080,Nimbus_0,14.000000,38.730000,1,0,0.126984,0.603175
7.857143,31.365080,Nimbus_0,14.000000,39.209999,1,0,0.142857,0.603175
8.730159,31.365080,Nimbus_0,14.000000,39.700001,1,0,0.158730,0.603175
9.603174,31.365080,Nimbus_0,14.000000,40.180000,1,0,0.174603,0.603175
10.476191,31.365080,Nimbus_0,14.000000,40.689999,1,1,0.190476,0.603175
11.349206,31.365080,Virtuvian_0,256.000000,41.240002,1,0,0.206349,0.603175
12.222222,31.365080,Virtuvian_0,256.000000,41.869999,1,0,0.222222,0.603175
13.095238,31.365080,Virtuvian_0,256.000000,42.650002,1,0,0.238095,0.603175
13.968254,31.365080,Virtuvian_0,256.000000,43.540001,1,0,0.253968,0.603175
14.841269,31.365080,Virtuvian_0,256.000000,44.580002,1,0,0.269841,0.603175
15.714286,31.365080,Virtuvian_0,256.000000,45.220001,1,0,0.285714,0.603175
16.587301,31.365080,Virtuvian_0,256.000000,45.790001,1,0,0.301587,0.603175
17.460318,31.365080,Virtuvian_0,256.000000,46.330002,1,0,0.317460,0.603175
18.333334,31.365080,Virtuvian_0,256.000000,46.880001,1,0,0.333333,0.603175
19.206348,31.365080,Virtuvian_0,256.000000,47.439999,1,0,0.349206,0.603175
20.079365,31.365080,Virtuvian_0,256.000000,48.029999,1,0,0.365079,0.603175
20.952381,31.365080,Virtuvian_0,256.000000,48.709999,1,0,0.380952,0.603175
21.825397,31.365080,Virtuvian_0,256.000000,49.599998,1,0,0.396825,0.603175
22.698412,31.365080,Virtuvian_0,256.000000,51.020000,1,0,0.412698,0.603175
23.571428,31.365080,Virtuvian_0,256.000000,52.369999,1,0,0.428571,0.603175
24.444445,31.365080,Virtuvian_0,256.000000,53.119999,1,0,0.444444,0.603175
25.317461,31.365080,Virtuvian_0,256.000000,53.619999,1,0,0.460317,0.603175
26.190475,31.365080,Virtuvian_0,256.000000,53.990002,1,0,0.476190,0.603175
27.063492,31.365080,Virtuvian_0,256.000000,54.290001,1,0,0.492063,0.603175
27.936508,31.365080,Virtuvian_0,256.000000,54.509998,1,0,0.507937,0.603175
28.809525,31.365080,Virtuvian_0,256.000000,54.660000,1,0,0.523810,0.603175
29.682539,31.365080,Virtuvian_0,256.000000,54.750000,1,0,0.539683,0.603175
30.555555,31.365080,Virtuvian_0,256.000000,54.770000,1,0,0.555556,0.603175
31.428572,31.365080,Virtuvian_0,256.000000,54.730000,1,0,0.571429,0.603175
32.301586,31.365080,Virtuvian_0,256.000000,54.630001,1,0,0.587302,0.603175
33.174603,31.365080,Virtuvian_0,256.000000,54.459999,1,0,0.603175,0.603175
34.047619,31.365080,Virtuvian_0,256.000000,54.230000,1,0,0.619048,0.603175
34.920635,31.365080,Virtuvian_0,256.000000,53.919998,1,0,0.634921,0.603175
35.793652,31.365080,Virtuvian_0,256.000000,53.520000,1,0,0.650794,0.603175
36.666668,31.365080,Virtuvian_0,256.000000,52.990002,1,0,0.666667,0.603175
37.539684,31.365080,Virtuvian_0,256.000000,52.160000,1,0,0.682540,0.603175
38.412697,31.365080,Virtuvian_0,256.000000,50.570000,1,0,0.698413,0.603175
39.285713,31.365080,Virtuvian_0,256.000000,49.290001,1,0,0.714286,0.603175
40.158730,31.365080,Virtuvian_0,256.000000,48.459999,1,0,0.730159,0.603175
41.031746,31.365080,Virtuvian_0,256.000000,47.820000,1,0,0.746032,0.603175
41.904762,31.365080,background,0.000000,47.230000,0,1,0.761905,0.603175
42.777779,31.365080,background,0.000000,46.680000,0,0,0.777778,0.603175
43.650795,31.365080,background,0.000000,46.139999,0,0,0.793651,0.603175
44.523811,31.365080,background,0.000000,45.599998,0,0,0.809524,0.603175
45.396824,31.365080,background,0.000000,45.040001,0,0,0.825397,0.603175
46.269840,31.365080,background,0.000000,44.400002,0,0,0.841270,0.603175
47.142857,31.365080,background,0.000000,43.270000,0,0,0.857143,0.603175
48.015873,31.365080,background,0.000000,42.400002,0,0,0.873016,0.603175
48.888889,31.365080,background,0.000000,41.689999,0,0,0.888889,0.603175
49.761906,31.365080,background,0.000000,41.099998,0,0,0.904762,0.603175
50.634922,31.365080,background,0.000000,40.580002,0,0,0.920635,0.603175
51.507938,31.365080,background,0.000000,40.099998,0,0,0.936508,0.603175
52.380951,31.365080,background,0.000000,39.660000,0,0,0.952381,0.603175
53.253967,31.365080,background,0.000000,39.250000,0,0,0.968254,0.603175
54.126984,31.365080,background,0.000000,38.919998,0,0,0.984127,0.603175
55.000000,31.365080,background,0.000000,38.709999,0,0,1.000000,0.603175
0.000000,32.190475,Nimbus_0,14.000000,35.450001,1,1,0.000000,0.619048
0.873016,32.190475,Nimbus_0,14.000000,35.619999,1,0,0.015873,0.619048
1.746032,32.190475,Nimbus_0,14.000000,35.880001,1,0,0.031746,0.619048
2.619048,32.190475,Nimbus_0,14.000000,36.209999,1,0,0.047619,0.619048
3.492064,32.190475,Nimbus_0,14.000000,36.590000,1,0,0.063492,0.619048
4.365079,32.190475,Nimbus_0,14.000000,37.000000,1,0,0.079365,0.619048
5.238095,32.190475,Nimbus_0,14.000000,37.430000,1,0,0.095238,0.619048
6.111111,32.190475,Nimbus_0,14.000000,37.880001,1,0,0.111111,0.619048
6.984127,32.190475,Nimbus_0,14.000000,38.330002,1,0,0.126984,0.619048
7.857143,32.190475,Nimbus_0,14.000000,38.779999,1,0,0.142857,0.619048
8.730159,32.190475,Nimbus_0,14.000000,39.240002,1,0,0.158730,0.619048
9.603174,32.190475,Nimbus_0,14.000000,39.709999,1,0,0.174603,0.619048
10.476191,32.190475,Nimbus_0,14.000000,40.200001,1,1,0.190476,0.619048
11.349206,32.190475,Virtuvian_0,256.000000,40.730000,1,0,0.206349,0.619048
12.222222,32.190475,Virtuvian_0,256.000000,41.310001,1,0,0.222222,0.619048
13.095238,32.190475,Virtuvian_0,256.000000,42.000000,1,0,0.238095,0.619048
13.968254,32.190475,Virtuvian_0,256.000000,42.840000,1,0,0.253968,0.619048
14.841269,32.190475,Virtuvian_0,256.000000,43.750000,1,0,0.269841,0.619048
15.714286,32.190475,Virtuvian_0,256.000000,44.419998,1,0,0.285714,0.619048
16.587301,32.190475,Virtuvian_0,256.000000,45.000000,1,0,0.301587,0.619048
17.460318,32.190475,Virtuvian_0,256.000000,45.560001,1,0,0.317460,0.619048
18.333334,32.190475,Virtuvian_0,256.000000,46.119999,1,0,0.333333,0.619048
19.206348,32.190475,Virtuvian_0,256.000000,46.720001,1,0,0.349206,0.619048
20.079365,32.190475,Virtuvian_0,256.000000,47.389999,1,0,0.365079,0.619048
20.952381,32.190475,Virtuvian_0,256.000000,48.200001,1,0,0.380952,0.619048
21.825397,32.190475,Virtuvian_0,256.000000,49.299999,1,0,0.396825,0.619048
22.698412,32.190475,Virtuvian_0,256.000000,50.560001,1,0,0.412698,0.619048
23.571428,32.190475,Virtuvian_0,256.000000,51.990002,1,0,0.428571,0.619048
24.444445,32.190475,Virtuvian_0,256.000000,52.720001,1,0,0.444444,0.619048
25.317461,32.190475,Virtuvian_0,256.000000,53.230000,1,0,0.460317,0.619048
26.190475,32.190475,Virtuvian_0,256.000000,53.610001,1,0,0.476190,0.619048
27.063492,32.190475,Virtuvian_0,256.000000,53.900002,1,0,0.492063,0.619048
27.936508,32.190475,Virtuvian_0,256.000000,54.119999,1,0,0.507937,0.619048
28.809525,32.190475,Virtuvian_0,256.000000,54.270000,1,0,0.523810,0.619048
29.682539,32.190475,Virtuvian_0,256.000000,54.360001,1,0,0.539683,0.619048
30.555555,32.190475,Virtuvian_0,256.000000,54.389999,1,0,0.555556,0.619048
31.428572,32.190475,Virtuvian_0,256.000000,54.349998,1,0,0.571429,0.619048
32.301586,32.190475,Virtuvian_0,256.000000,54.250000,1,0,0.587302,0.619048
33.174603,32.190475,Virtuvian_0,256.000000,54.080002,1,0,0.603175,0.619048
34.047619,32.190475,Virtuvian_0,256.000000,53.840000,1,0,0.619048,0.619048
34.920635,32.190475,Virtuvian_0,256.000000,53.529999,1,0,0.634921,0.619048
35.793652,32.190475,Virtuvian_0,256.000000,53.130001,1,0,0.650794,0.619048
36.666668,32.190475,Virtuvian_0,256.000000,52.599998,1,0,0.666667,0.619048
37.539684,32.190475,Virtuvian_0,256.000000,51.779999,1,0,0.682540,0.619048
38.412697,32.190475,Virtuvian_0,256.000000,49.980000,1,0,0.698413,0.619048
39.285713,32.190475,Virtuvian_0,256.000000,48.520000,1,0,0.714286,0.619048
40.158730,32.190475,Virtuvian_0,256.000000,47.520000,1,0,0.730159,0.619048
41.031746,32.190475,Virtuvian_0,256.000000,46.790001,1,0,0.746032,0.619048
41.904762,32.190475,background,0.000000,46.169998,0,1,0.761905,0.619048
42.777779,32.190475,background,0.000000,45.599998,0,0,0.777778,0.619048
43.650795,32.190475,background,0.000000,45.060001,0,0,0.793651,0.619048
44.523811,32.190475,background,0.000000,44.509998,0,0,0.809524,0.619048
45.396824,32.190475,background,0.000000,43.959999,0,0,0.825397,0.619048
46.269840,32.190475,background,0.000000,43.340000,0,0,0.841270,0.619048
47.142857,32.190475,background,0.000000,42.509998,0,0,0.857143,0.619048
48.015873,32.190475,background,0.000000,41.770000,0,0,0.873016,0.619048
48.888889,32.190475,background,0.000000,41.139999,0,0,0.888889,0.619048
49.761906,32.190475,background,0.000000,40.590000,0,0,0.904762,0.619048
50.634922,32.190475,background,0.000000,40.090000,0,0,0.920635,0.619048
51.507938,32.190475,background,0.000000,39.619999,0,0,0.936508,0.619048
52.380951,32.190475,background,0.000000,39.189999,0,0,0.952381,0.619048
53.253967,32.190475,background,0.000000,38.810001,0,0,0.968254,0.619048
54.126984,32.190475,background,0.000000,38.490002,0,0,0.984127,0.619048
55.000000,32.190475,background,0.000000,38.299999,0,0,1.000000,0.619048
0.000000,33.015873,Nimbus_0,14.000000,35.310001,1,1,0.000000,0.634921
0.873016,33.015873,Nimbus_0,14.000000,35.459999,1,0,0.015873,0.634921
1.746032,33.015873,Nimbus_0,14.000000,35.720001,1,0,0.031746,0.634921
2.619048,33.015873,Nimbus_0,14.000000,36.029999,1,0,0.047619,0.634921
3.492064,33.015873,Nimbus_0,14.000000,36.380001,1,0,0.063492,0.634921
4.365079,33.015873,Nimbus_0,14.000000,36.759998,1,0,0.079365,0.634921
5.238095,33.015873,Nimbus_0,14.000000,37.160000,1,0,0.095238,0.634921
6.111111,33.015873,Nimbus_0,14.000000,37.580002,1,0,0.111111,0.634921
6.984127,33.015873,Nimbus_0,14.000000,38.000000,1,0,0.126984,0.634921
7.857143,33.015873,Nimbus_0,14.000000,38.430000,1,0,0.142857,0.634921
8.730159,33.015873,Nimbus_0,14.000000,38.869999,1,0,0.158730,0.634921
9.603174,33.015873,Nimbus_0,14.000000,39.320000,1,0,0.174603,0.634921
10.476191,33.015873,Nimbus_0,14.000000,39.790001,1,1,0.190476,0.634921
11.349206,33.015873,Virtuvian_0,256.000000,40.279999,1,0,0.206349,0.634921
12.222222,33.015873,Virtuvian_0,256.000000,40.810001,1,0,0.222222,0.634921
13.095238,33.015873,Virtuvian_0,256.000000,41.400002,1,0,0.238095,0.634921
13.968254,33.015873,Virtuvian_0,256.000000,42.040001,1,0,0.253968,0.634921
14.841269,33.015873,Virtuvian_0,256.000000,42.709999,1,0,0.269841,0.634921
15.714286,33.015873,Virtuvian_0,256.000000,43.310001,1,0,0.285714,0.634921
16.587301,33.015873,Virtuvian_0,256.000000,43.880001,1,0,0.301587,0.634921
17.460318,33.015873,Virtuvian_0,256.000000,44.439999,1,0,0.317460,0.634921
18.333334,33.015873,Virtuvian_0,256.000000,45.020000,1,0,0.333333,0.634921
19.206348,33.015873,Virtuvian_0,256.000000,45.660000,1,0,0.349206,0.634921
20.079365,33.015873,Virtuvian_0,256.000000,46.400002,1,0,0.365079,0.634921
20.952381,33.015873,Virtuvian_0,256.000000,47.349998,1,0,0.380952,0.634921
21.825397,33.015873,Virtuvian_0,256.000000,48.660000,1,0,0.396825,0.634921
22.698412,33.015873,Virtuvian_0,256.000000,50.040001,1,0,0.412698,0.634921
23.571428,33.015873,Virtuvian_0,256.000000,51.540001,1,0,0.428571,0.634921
24.444445,33.015873,Virtuvian_0,256.000000,52.290001,1,0,0.444444,0.634921
25.317461,33.015873,Virtuvian_0,256.000000,52.799999,1,0,0.460317,0.634921
26.190475,33.015873,Virtuvian_0,256.000000,53.180000,1,0,0.476190,0.634921
27.063492,33.015873,Virtuvian_0,256.000000,53.470001,1,0,0.492063,0.634921
27.936508,33.015873,Virtuvian_0,256.000000,53.689999,1,0,0.507937,0.634921
28.809525,33.015873,Virtuvian_0,256.000000,53.849998,1,0,0.523810,0.634921
29.682539,33.015873,Virtuvian_0,256.000000,53.930000,1,0,0.539683,0.634921
30.555555,33.015873,Virtuvian_0,256.000000,53.959999,1,0,0.555556,0.634921
31.428572,33.015873,Virtuvian_0,256.000000,53.919998,1,0,0.571429,0.634921
32.301586,33.015873,Virtuvian_0,256.000000,53.820000,1,0,0.587302,0.634921
33.174603,33.015873,Virtuvian_0,256.000000,53.650002,1,0,0.603175,0.634921
34.047619,33.015873,Virtuvian_0,256.000000,53.410000,1,0,0.619048,0.634921
34.920635,33.015873,Virtuvian_0,256.000000,53.099998,1,0,0.634921,0.634921
35.793652,33.015873,Virtuvian_0,256.000000,52.700001,1,0,0.650794,0.634921
36.666668,33.015873,Virtuvian_0,256.000000,52.160000,1,0,0.666667,0.634921
37.539684,33.015873,Virtuvian_0,256.000000,51.340000,1,0,0.682540,0.634921
38.412697,33.015873,Virtuvian_0,256.000000,49.480000,1,0,0.698413,0.634921
39.285713,33.015873,Virtuvian_0,256.000000,48.020000,1,0,0.714286,0.634921
40.158730,33.015873,Virtuvian_0,256.000000,46.840000,1,0,0.730159,0.634921
41.031746,33.015873,Virtuvian_0,256.000000,45.980000,1,0,0.746032,0.634921
41.904762,33.015873,background,0.000000,45.290001,0,1,0.761905,0.634921
42.777779,33.015873,background,0.000000,44.680000,0,0,0.777778,0.634921
43.650795,33.015873,background,0.000000,44.119999,0,0,0.793651,0.634921
44.523811,33.015873,background,0.000000,43.570000,0,0,0.809524,0.634921
45.396824,33.015873,background,0.000000,43.029999,0,0,0.825397,0.634921
46.269840,33.015873,background,0.000000,42.450001,0,0,0.841270,0.634921
47.142857,33.015873,background,0.000000,41.810001,0,0,0.857143,0.634921
48.015873,33.015873,background,0.000000,41.209999,0,0,0.873016,0.634921
48.888889,33.015873,background,0.000000,40.650002,0,0,0.888889,0.634921
49.761906,33.015873,background,0.000000,40.139999,0,0,0.904762,0.634921
50.634922,33.015873,background,0.000000,39.669998,0,0,0.920635,0.634921
51.507938,33.015873,background,0.000000,39.230000,0,0,0.936508,0.634921
52.380951,33.015873,background,0.000000,38.810001,0,0,0.952381,0.634921
53.253967,33.015873,background,0.000000,38.450001,0,0,0.968254,0.634921
54.126984,33.015873,background,0.000000,38.139999,0,0,0.984127,0.634921
55.000000,33.015873,background,0.000000,37.950001,0,0,1.000000,0.634921
0.000000,33.841270,Nimbus_0,14.000000,35.150002,1,1,0.000000,0.650794
0.873016,33.841270,Nimbus_0,14.000000,35.310001,1,0,0.015873,0.650794
1.746032,33.841270,Nimbus_0,14.000000,35.549999,1,0,0.031746,0.650794
2.619048,33.841270,Nimbus_0,14.000000,35.849998,1,0,0.047619,0.650794
3.492064,33.841270,Nimbus_0,14.000000,36.180000,1,0,0.063492,0.650794
4.365079,33.841270,Nimbus_0,14.000000,36.540001,1,0,0.079365,0.650794
5.238095,33.841270,Nimbus_0,14.000000,36.919998,1,0,0.095238,0.650794
6.111111,33.841270,Nimbus_0,14.000000,37.310001,1,0,0.111111,0.650794
6.984127,33.841270,Nimbus_0,14.000000,37.709999,1,0,0.126984,0.650794
7.857143,33.841270,Nimbus_0,14.000000,38.119999,1,0,0.142857,0.650794
8.730159,33.841270,Nimbus_0,14.000000,38.540001,1,0,0.158730,0.650794
9.603174,33.841270,Nimbus_0,14.000000,38.970001,1,0,0.174603,0.650794
10.476191,33.841270,Nimbus_0,14.000000,39.410000,1,1,0.190476,0.650794
11.349206,33.841270,Virtuvian_0,256.000000,39.869999,1,0,0.206349,0.650794
12.222222,33.841270,Virtuvian_0,256.000000,40.360001,1,0,0.222222,0.650794
13.095238,33.841270,Virtuvian_0,256.000000,40.880001,1,0,0.238095,0.650794
13.968254,33.841270,Virtuvian_0,256.000000,41.419998,1,0,0.253968,0.650794
14.841269,33.841270,Virtuvian_0,256.000000,41.970001,1,0,0.269841,0.650794
15.714286,33.841270,Virtuvian_0,256.000000,42.520000,1,0,0.285714,0.650794
16.587301,33.841270,Virtuvian_0,256.000000,43.060001,1,0,0.301587,0.650794
17.460318,33.841270,Virtuvian_0,256.000000,43.610001,1,0,0.317460,0.650794
18.333334,33.841270,Virtuvian_0,256.000000,44.200001,1,0,0.333333,0.650794
19.206348,33.841270,Virtuvian_0,256.000000,44.849998,1,0,0.349206,0.650794
20.079365,33.841270,Virtuvian_0,256.000000,45.650002,1,0,0.365079,0.650794
20.952381,33.841270,Virtuvian_0,256.000000,46.669998,1,0,0.380952,0.650794
21.825397,33.841270,Virtuvian_0,256.000000,48.070000,1,0,0.396825,0.650794
22.698412,33.841270,Virtuvian_0,256.000000,49.540001,1,0,0.412698,0.650794
23.571428,33.841270,Virtuvian_0,256.000000,51.060001,1,1,0.428571,0.650794
24.444445,33.841270,Virtuvian_0,256.000000,51.820000,1,1,0.444444,0.650794
25.317461,33.841270,Virtuvian_0,256.000000,52.330002,1,1,0.460317,0.650794
26.190475,33.841270,Virtuvian_0,256.000000,52.709999,1,1,0.476190,0.650794
27.063492,33.841270,Virtuvian_0,256.000000,53.000000,1,1,0.492063,0.650794
27.936508,33.841270,Virtuvian_0,256.000000,53.220001,1,1,0.507937,0.650794
28.809525,33.841270,Virtuvian_0,256.000000,53.369999,1,1,0.523810,0.650794
29.682539,33.841270,Virtuvian_0,256.000000,53.459999,1,1,0.539683,0.650794
30.555555,33.841270,Virtuvian_0,256.000000,53.480000,1,1,0.555556,0.650794
31.428572,33.841270,Virtuvian_0,256.000000,53.439999,1,1,0.571429,0.650794
32.301586,33.841270,Virtuvian_0,256.000000,53.340000,1,0,0.587302,0.650794
33.174603,33.841270,Virtuvian_0,256.000000,53.180000,1,0,0.603175,0.650794
34.047619,33.841270,Virtuvian_0,256.000000,52.939999,1,0,0.619048,0.650794
34.920635,33.841270,Virtuvian_0,256.000000,52.630001,1,0,0.634921,0.650794
35.793652,33.841270,Virtuvian_0,256.000000,52.230000,1,0,0.650794,0.650794
36.666668,33.841270,Virtuvian_0,256.000000,51.689999,1,0,0.666667,0.650794
37.539684,33.841270,Virtuvian_0,256.000000,50.860001,1,0,0.682540,0.650794
38.412697,33.841270,Virtuvian_0,256.000000,48.980000,1,0,0.698413,0.650794
39.285713,33.841270,Virtuvian_0,256.000000,47.490002,1,0,0.714286,0.650794
40.158730,33.841270,Virtuvian_0,256.000000,46.240002,1,0,0.730159,0.650794
41.031746,33.841270,Virtuvian_0,256.000000,45.310001,1,0,0.746032,0.650794
41.904762,33.841270,background,0.000000,44.570000,0,1,0.761905,0.650794
42.777779,33.841270,background,0.000000,43.939999,0,0,0.777778,0.650794
43.650795,33.841270,background,0.000000,43.380001,0,0,0.793651,0.650794
44.523811,33.841270,background,0.000000,42.840000,0,0,0.809524,0.650794
45.396824,33.841270,background,0.000000,42.310001,0,0,0.825397,0.650794
46.269840,33.841270,background,0.000000,41.779999,0,0,0.841270,0.650794
47.142857,33.841270,background,0.000000,41.240002,0,0,0.857143,0.650794
48.015873,33.841270,background,0.000000,40.720001,0,0,0.873016,0.650794
48.888889,33.841270,background,0.000000,40.220001,0,0,0.888889,0.650794
49.761906,33.841270,background,0.000000,39.750000,0,0,0.904762,0.650794
50.634922,33.841270,background,0.000000,39.299999,0,0,0.920635,0.650794
51.507938,33.841270,background,0.000000,38.869999,0,0,0.936508,0.650794
52.380951,33.841270,background,0.000000,38.480000,0,0,0.952381,0.650794
53.253967,33.841270,background,0.000000,38.130001,0,0,0.968254,0.650794
54.126984,33.841270,background,0.000000,37.840000,0,0,0.984127,0.650794
55.000000,33.841270,background,0.000000,37.650002,0,0,1.000000,0.650794
0.000000,34.666668,Nimbus_0,14.000000,35.000000,1,1,0.000000,0.666667
0.873016,34.666668,Nimbus_0,14.000000,35.150002,1,0,0.015873,0.666667
1.746032,34.666668,Nimbus_0,14.000000,35.380001,1,0,0.031746,0.666667
2.619048,34.666668,Nimbus_0,14.000000,35.669998,1,0,0.047619,0.666667
3.492064,34.666668,Nimbus_0,14.000000,35.990002,1,0,0.063492,0.666667
4.365079,34.666668,Nimbus_0,14.000000,36.330002,1,0,0.079365,0.666667
5.238095,34.666668,Nimbus_0,14.000000,36.689999,1,0,0.095238,0.666667
6.111111,34.666668,Nimbus_0,14.000000,37.060001,1,0,0.111111,0.666667
6.984127,34.666668,Nimbus_0,14.000000,37.439999,1,0,0.126984,0.666667
7.857143,34.666668,Nimbus_0,14.000000,37.830002,1,0,0.142857,0.666667
8.730159,34.666668,Nimbus_0,14.000000,38.230000,1,0,0.158730,0.666667
9.603174,34.666668,Nimbus_0,14.000000,38.639999,1,0,0.174603,0.666667
10.476191,34.666668,Nimbus_0,14.000000,39.070000,1,1,0.190476,0.666667
11.349206,34.666668,Virtuvian_0,256.000000,39.500000,1,0,0.206349,0.666667
12.222222,34.666668,Virtuvian_0,256.000000,39.950001,1,0,0.222222,0.666667
13.095238,34.666668,Virtuvian_0,256.000000,40.419998,1,0,0.238095,0.666667
13.968254,34.666668,Virtuvian_0,256.000000,40.910000,1,0,0.253968,0.666667
14.841269,34.666668,Virtuvian_0,256.000000,41.400002,1,0,0.269841,0.666667
15.714286,34.666668,Virtuvian_0,256.000000,41.910000,1,0,0.285714,0.666667
16.587301,34.666668,Virtuvian_0,256.000000,42.419998,1,0,0.301587,0.666667
17.460318,34.666668,Virtuvian_0,256.000000,42.959999,1,0,0.317460,0.666667
18.333334,34.666668,Virtuvian_0,256.000000,43.540001,1,0,0.333333,0.666667
19.206348,34.666668,Virtuvian_0,256.000000,44.209999,1,0,0.349206,0.666667
20.079365,34.666668,Virtuvian_0,256.000000,45.020000,1,0,0.365079,0.666667
20.952381,34.666668,Virtuvian_0,256.000000,46.070000,1,0,0.380952,0.666667
21.825397,34.666668,Virtuvian_0,256.000000,47.520000,1,0,0.396825,0.666667
22.698412,34.666668,Virtuvian_0,256.000000,49.020000,1,0,0.412698,0.666667
23.571428,34.666668,Virtuvian_0,256.000000,50.560001,1,1,0.428571,0.666667
24.444445,34.666668,HBM_2,25.000000,51.310001,1,0,0.444444,0.666667
25.317461,34.666668,HBM_2,25.000000,51.820000,1,0,0.460317,0.666667
26.190475,34.666668,HBM_2,25.000000,52.200001,1,0,0.476190,0.666667
27.063492,34.666668,HBM_2,25.000000,52.480000,1,0,0.492063,0.666667
27.936508,34.666668,HBM_2,25.000000,52.700001,1,0,0.507937,0.666667
28.809525,34.666668,HBM_2,25.000000,52.849998,1,0,0.523810,0.666667
29.682539,34.666668,HBM_2,25.000000,52.939999,1,0,0.539683,0.666667
30.555555,34.666668,HBM_2,25.000000,52.959999,1,0,0.555556,0.666667
31.428572,34.666668,HBM_2,25.000000,52.919998,1,1,0.571429,0.666667
32.301586,34.666668,Virtuvian_0,256.000000,52.820000,1,0,0.587302,0.666667
33.174603,34.666668,Virtuvian_0,256.000000,52.660000,1,0,0.603175,0.666667
34.047619,34.666668,Virtuvian_0,256.000000,52.430000,1,0,0.619048,0.666667
34.920635,34.666668,Virtuvian_0,256.000000,52.119999,1,0,0.634921,0.666667
35.793652,34.666668,Virtuvian_0,256.000000,51.720001,1,0,0.650794,0.666667
36.666668,34.666668,Virtuvian_0,256.000000,51.189999,1,0,0.666667,0.666667
37.539684,34.666668,Virtuvian_0,256.000000,50.360001,1,0,0.682540,0.666667
38.412697,34.666668,Virtuvian_0,256.000000,48.470001,1,0,0.698413,0.666667
39.285713,34.666668,Virtuvian_0,256.000000,46.970001,1,0,0.714286,0.666667
40.158730,34.666668,Virtuvian_0,256.000000,45.680000,1,0,0.730159,0.666667
41.031746,34.666668,Virtuvian_0,256.000000,44.720001,1,0,0.746032,0.666667
41.904762,34.666668,background,0.000000,43.970001,0,1,0.761905,0.666667
42.777779,34.666668,background,0.000000,43.340000,0,0,0.777778,0.666667
43.650795,34.666668,background,0.000000,42.779999,0,0,0.793651,0.666667
44.523811,34.666668,background,0.000000,42.250000,0,0,0.809524,0.666667
45.396824,34.666668,background,0.000000,41.750000,0,0,0.825397,0.666667
46.269840,34.666668,background,0.000000,41.250000,0,0,0.841270,0.666667
47.142857,34.666668,background,0.000000,40.759998,0,0,0.857143,0.666667
48.015873,34.666668,background,0.000000,40.279999,0,0,0.873016,0.666667
48.888889,34.666668,background,0.000000,39.820000,0,0,0.888889,0.666667
49.761906,34.666668,background,0.000000,39.380001,0,0,0.904762,0.666667
50.634922,34.666668,background,0.000000,38.959999,0,0,0.920635,0.666667
51.507938,34.666668,background,0.000000,38.549999,0,0,0.936508,0.666667
52.380951,34.666668,background,0.000000,38.169998,0,0,0.952381,0.666667
53.253967,34.666668,background,0.000000,37.830002,0,0,0.968254,0.666667
54.126984,34.666668,background,0.000000,37.549999,0,0,0.984127,0.666667
55.000000,34.666668,background,0.000000,37.380001,0,0,1.000000,0.666667
0.000000,35.492062,Nimbus_0,14.000000,34.840000,1,1,0.000000,0.682540
0.873016,35.492062,Nimbus_0,14.000000,34.980000,1,0,0.015873,0.682540
1.746032,35.492062,Nimbus_0,14.000000,35.209999,1,0,0.031746,0.682540
2.619048,35.492062,Nimbus_0,14.000000,35.480000,1,0,0.047619,0.682540
3.492064,35.492062,Nimbus_0,14.000000,35.790001,1,0,0.063492,0.682540
4.365079,35.492062,Nimbus_0,14.000000,36.119999,1,0,0.079365,0.682540
5.238095,35.492062,Nimbus_0,14.000000,36.459999,1,0,0.095238,0.682540
6.111111,35.492062,Nimbus_0,14.000000,36.820000,1,0,0.111111,0.682540
6.984127,35.492062,Nimbus_0,14.000000,37.180000,1,0,0.126984,0.682540
7.857143,35.492062,Nimbus_0,14.000000,37.560001,1,0,0.142857,0.682540
8.730159,35.492062,Nimbus_0,14.000000,37.939999,1,0,0.158730,0.682540
9.603174,35.492062,Nimbus_0,14.000000,38.330002,1,0,0.174603,0.682540
10.476191,35.492062,Nimbus_0,14.000000,38.740002,1,1,0.190476,0.682540
11.349206,35.492062,Virtuvian_0,256.000000,39.150002,1,0,0.206349,0.682540
12.222222,35.492062,Virtuvian_0,256.000000,39.570000,1,0,0.222222,0.682540
13.095238,35.492062,Virtuvian_0,256.000000,40.009998,1,0,0.238095,0.682540
13.968254,35.492062,Virtuvian_0,256.000000,40.459999,1,0,0.253968,0.682540
14.841269,35.492062,Virtuvian_0,256.000000,40.919998,1,0,0.269841,0.682540
15.714286,35.492062,Virtuvian_0,256.000000,41.400002,1,0,0.285714,0.682540
16.587301,35.492062,Virtuvian_0,256.000000,41.889999,1,0,0.301587,0.682540
17.460318,35.492062,Virtuvian_0,256.000000,42.410000,1,0,0.317460,0.682540
18.333334,35.492062,Virtuvian_0,256.000000,42.980000,1,0,0.333333,0.682540
19.206348,35.492062,Virtuvian_0,256.000000,43.639999,1,0,0.349206,0.682540
20.079365,35.492062,Virtuvian_0,256.000000,44.450001,1,0,0.365079,0.682540
20.952381,35.492062,Virtuvian_0,256.000000,45.520000,1,0,0.380952,0.682540
21.825397,35.492062,Virtuvian_0,256.000000,46.980000,1,0,0.396825,0.682540
22.698412,35.492062,Virtuvian_0,256.000000,48.490002,1,0,0.412698,0.682540
23.571428,35.492062,Virtuvian_0,256.000000,50.020000,1,1,0.428571,0.682540
24.444445,35.492062,HBM_2,25.000000,50.770000,1,0,0.444444,0.682540
25.317461,35.492062,HBM_2,25.000000,51.270000,1,0,0.460317,0.682540
26.190475,35.492062,HBM_2,25.000000,51.639999,1,0,0.476190,0.682540
27.063492,35.492062,HBM_2,25.000000,51.919998,1,0,0.492063,0.682540
27.936508,35.492062,HBM_2,25.000000,52.130001,1,0,0.507937,0.682540
28.809525,35.492062,HBM_2,25.000000,52.279999,1,0,0.523810,0.682540
29.682539,35.492062,HBM_2,25.000000,52.360001,1,0,0.539683,0.682540
30.555555,35.492062,HBM_2,25.000000,52.389999,1,0,0.555556,0.682540
31.428572,35.492062,HBM_2,25.000000,52.349998,1,1,0.571429,0.682540
32.301586,35.492062,Virtuvian_0,256.000000,52.250000,1,0,0.587302,0.682540
33.174603,35.492062,Virtuvian_0,256.000000,52.090000,1,0,0.603175,0.682540
34.047619,35.492062,Virtuvian_0,256.000000,51.869999,1,0,0.619048,0.682540
34.920635,35.492062,Virtuvian_0,256.000000,51.570000,1,0,0.634921,0.682540
35.793652,35.492062,Virtuvian_0,256.000000,51.180000,1,0,0.650794,0.682540
36.666668,35.492062,Virtuvian_0,256.000000,50.650002,1,0,0.666667,0.682540
37.539684,35.492062,Virtuvian_0,256.000000,49.830002,1,0,0.682540,0.682540
38.412697,35.492062,Virtuvian_0,256.000000,47.939999,1,0,0.698413,0.682540
39.285713,35.492062,Virtuvian_0,256.000000,46.430000,1,0,0.714286,0.682540
40.158730,35.492062,Virtuvian_0,256.000000,45.139999,1,0,0.730159,0.682540
41.031746,35.492062,Virtuvian_0,256.000000,44.180000,1,0,0.746032,0.682540
41.904762,35.492062,background,0.000000,43.430000,0,1,0.761905,0.682540
42.777779,35.492062,background,0.000000,42.799999,0,0,0.777778,0.682540
43.650795,35.492062,background,0.000000,42.250000,0,0,0.793651,0.682540
44.523811,35.492062,background,0.000000,41.740002,0,0,0.809524,0.682540
45.396824,35.492062,background,0.000000,41.259998,0,0,0.825397,0.682540
46.269840,35.492062,background,0.000000,40.790001,0,0,0.841270,0.682540
47.142857,35.492062,background,0.000000,40.330002,0,0,0.857143,0.682540
48.015873,35.492062,background,0.000000,39.889999,0,0,0.873016,0.682540
48.888889,35.492062,background,0.000000,39.450001,0,0,0.888889,0.682540
49.761906,35.492062,background,0.000000,39.029999,0,0,0.904762,0.682540
50.634922,35.492062,background,0.000000,38.630001,0,0,0.920635,0.682540
51.507938,35.492062,background,0.000000,38.240002,0,0,0.936508,0.682540
52.380951,35.492062,background,0.000000,37.880001,0,0,0.952381,0.682540
53.253967,35.492062,background,0.000000,37.549999,0,0,0.968254,0.682540
54.126984,35.492062,background,0.000000,37.290001,0,0,0.984127,0.682540
55.000000,35.492062,background,0.000000,37.119999,0,0,1.000000,0.682540
0.000000,36.317459,Nimbus_0,14.000000,34.680000,1,1,0.000000,0.698413
0.873016,36.317459,Nimbus_0,14.000000,34.820000,1,0,0.015873,0.698413
1.746032,36.317459,Nimbus_0,14.000000,35.040001,1,0,0.031746,0.698413
2.619048,36.317459,Nimbus_0,14.000000,35.299999,1,0,0.047619,0.698413
3.492064,36.317459,Nimbus_0,14.000000,35.599998,1,0,0.063492,0.698413
4.365079,36.317459,Nimbus_0,14.000000,35.910000,1,0,0.079365,0.698413
5.238095,36.317459,Nimbus_0,14.000000,36.240002,1,0,0.095238,0.698413
6.111111,36.317459,Nimbus_0,14.000000,36.580002,1,0,0.111111,0.698413
6.984127,36.317459,Nimbus_0,14.000000,36.930000,1,0,0.126984,0.698413
7.857143,36.317459,Nimbus_0,14.000000,37.290001,1,0,0.142857,0.698413
8.730159,36.317459,Nimbus_0,14.000000,37.660000,1,0,0.158730,0.698413
9.603174,36.317459,Nimbus_0,14.000000,38.029999,1,0,0.174603,0.698413
10.476191,36.317459,Nimbus_0,14.000000,38.419998,1,1,0.190476,0.698413
11.349206,36.317459,background,0.000000,38.810001,0,1,0.206349,0.698413
12.222222,36.317459,background,0.000000,39.209999,0,1,0.222222,0.698413
13.095238,36.317459,background,0.000000,39.619999,0,1,0.238095,0.698413
13.968254,36.317459,background,0.000000,40.049999,0,1,0.253968,0.698413
14.841269,36.317459,background,0.000000,40.480000,0,1,0.269841,0.698413
15.714286,36.317459,background,0.000000,40.930000,0,1,0.285714,0.698413
16.587301,36.317459,background,0.000000,41.400002,0,1,0.301587,0.698413
17.460318,36.317459,background,0.000000,41.900002,0,1,0.317460,0.698413
18.333334,36.317459,background,0.000000,42.459999,0,1,0.333333,0.698413
19.206348,36.317459,background,0.000000,43.110001,0,1,0.349206,0.698413
20.079365,36.317459,background,0.000000,43.900002,0,1,0.365079,0.698413
20.952381,36.317459,background,0.000000,44.959999,0,1,0.380952,0.698413
21.825397,36.317459,background,0.000000,46.419998,0,1,0.396825,0.698413
22.698412,36.317459,background,0.000000,47.939999,0,1,0.412698,0.698413
23.571428,36.317459,background,0.000000,49.450001,0,1,0.428571,0.698413
24.444445,36.317459,HBM_2,25.000000,50.189999,1,1,0.444444,0.698413
25.317461,36.317459,HBM_2,25.000000,50.669998,1,1,0.460317,0.698413
26.190475,36.317459,HBM_2,25.000000,51.029999,1,1,0.476190,0.698413
27.063492,36.317459,HBM_2,25.000000,51.310001,1,1,0.492063,0.698413
27.936508,36.317459,HBM_2,25.000000,51.509998,1,1,0.507937,0.698413
28.809525,36.317459,HBM_2,25.000000,51.650002,1,1,0.523810,0.698413
29.682539,36.317459,HBM_2,25.000000,51.730000,1,1,0.539683,0.698413
30.555555,36.317459,HBM_2,25.000000,51.759998,1,1,0.555556,0.698413
31.428572,36.317459,HBM_2,25.000000,51.720001,1,1,0.571429,0.698413
32.301586,36.317459,background,0.000000,51.630001,0,1,0.587302,0.698413
33.174603,36.317459,background,0.000000,51.470001,0,1,0.603175,0.698413
34.047619,36.317459,background,0.000000,51.250000,0,1,0.619048,0.698413
34.920635,36.317459,background,0.000000,50.959999,0,1,0.634921,0.698413
35.793652,36.317459,background,0.000000,50.580002,0,1,0.650794,0.698413
36.666668,36.317459,background,0.000000,50.070000,0,1,0.666667,0.698413
37.539684,36.317459,background,0.000000,49.259998,0,1,0.682540,0.698413
38.412697,36.317459,background,0.000000,47.389999,0,1,0.698413,0.698413
39.285713,36.317459,background,0.000000,45.880001,0,1,0.714286,0.698413
40.158730,36.317459,background,0.000000,44.590000,0,1,0.730159,0.698413
41.031746,36.317459,background,0.000000,43.650002,0,1,0.746032,0.698413
41.904762,36.317459,background,0.000000,42.910000,0,1,0.761905,0.698413
42.777779,36.317459,background,0.000000,42.299999,0,0,0.777778,0.698413
43.650795,36.317459,background,0.000000,41.759998,0,0,0.793651,0.698413
44.523811,36.317459,background,0.000000,41.270000,0,0,0.809524,0.698413
45.396824,36.317459,background,0.000000,40.810001,0,0,0.825397,0.698413
46.269840,36.317459,background,0.000000,40.360001,0,0,0.841270,0.698413
47.142857,36.317459,background,0.000000,39.930000,0,0,0.857143,0.698413
48.015873,36.317459,background,0.000000,39.509998,0,0,0.873016,0.698413
48.888889,36.317459,background,0.000000,39.099998,0,0,0.888889,0.698413
49.761906,36.317459,background,0.000000,38.700001,0,0,0.904762,0.698413
50.634922,36.317459,background,0.000000,38.310001,0,0,0.920635,0.698413
51.507938,36.317459,background,0.000000,37.939999,0,0,0.936508,0.698413
52.380951,36.317459,background,0.000000,37.599998,0,0,0.952381,0.698413
53.253967,36.317459,background,0.000000,37.279999,0,0,0.968254,0.698413
54.126984,36.317459,background,0.000000,37.029999,0,0,0.984127,0.698413
55.000000,36.317459,background,0.000000,36.869999,0,0,1.000000,0.698413
0.000000,37.142857,background,0.000000,34.529999,0,1,0.000000,0.714286
0.873016,37.142857,background,0.000000,34.650002,0,1,0.015873,0.714286
1.746032,37.142857,background,0.000000,34.860001,0,1,0.031746,0.714286
2.619048,37.142857,background,0.000000,35.119999,0,1,0.047619,0.714286
3.492064,37.142857,background,0.000000,35.400002,0,1,0.063492,0.714286
4.365079,37.142857,background,0.000000,35.700001,0,1,0.079365,0.714286
5.238095,37.142857,background,0.000000,36.020000,0,1,0.095238,0.714286
6.111111,37.142857,background,0.000000,36.349998,0,1,0.111111,0.714286
6.984127,37.142857,background,0.000000,36.680000,0,1,0.126984,0.714286
7.857143,37.142857,background,0.000000,37.029999,0,1,0.142857,0.714286
8.730159,37.142857,background,0.000000,37.380001,0,1,0.158730,0.714286
9.603174,37.142857,background,0.000000,37.730000,0,1,0.174603,0.714286
10.476191,37.142857,background,0.000000,38.099998,0,1,0.190476,0.714286
11.349206,37.142857,background,0.000000,38.470001,0,0,0.206349,0.714286
12.222222,37.142857,background,0.000000,38.860001,0,0,0.222222,0.714286
13.095238,37.142857,background,0.000000,39.250000,0,0,0.238095,0.714286
13.968254,37.142857,background,0.000000,39.650002,0,0,0.253968,0.714286
14.841269,37.142857,background,0.000000,40.060001,0,0,0.269841,0.714286
15.714286,37.142857,background,0.000000,40.490002,0,0,0.285714,0.714286
16.587301,37.142857,background,0.000000,40.939999,0,0,0.301587,0.714286
17.460318,37.142857,background,0.000000,41.419998,0,0,0.317460,0.714286
18.333334,37.142857,background,0.000000,41.959999,0,0,0.333333,0.714286
19.206348,37.142857,background,0.000000,42.580002,0,0,0.349206,0.714286
20.079365,37.142857,background,0.000000,43.349998,0,0,0.365079,0.714286
20.952381,37.142857,background,0.000000,44.389999,0,0,0.380952,0.714286
21.825397,37.142857,background,0.000000,45.830002,0,0,0.396825,0.714286
22.698412,37.142857,background,0.000000,47.340000,0,0,0.412698,0.714286
23.571428,37.142857,background,0.000000,48.840000,0,1,0.428571,0.714286
24.444445,37.142857,HBM_2,25.000000,49.549999,1,0,0.444444,0.714286
25.317461,37.142857,HBM_2,25.000000,50.020000,1,0,0.460317,0.714286
26.190475,37.142857,HBM_2,25.000000,50.369999,1,0,0.476190,0.714286
27.063492,37.142857,HBM_2,25.000000,50.630001,1,0,0.492063,0.714286
27.936508,37.142857,HBM_2,25.000000,50.820000,1,0,0.507937,0.714286
28.809525,37.142857,HBM_2,25.000000,50.959999,1,0,0.523810,0.714286
29.682539,37.142857,HBM_2,25.000000,51.040001,1,0,0.539683,0.714286
30.555555,37.142857,HBM_2,25.000000,51.060001,1,0,0.555556,0.714286
31.428572,37.142857,HBM_2,25.000000,51.029999,1,1,0.571429,0.714286
32.301586,37.142857,background,0.000000,50.939999,0,0,0.587302,0.714286
33.174603,37.142857,background,0.000000,50.790001,0,0,0.603175,0.714286
34.047619,37.142857,background,0.000000,50.580002,0,0,0.619048,0.714286
34.920635,37.142857,background,0.000000,50.299999,0,0,0.634921,0.714286
35.793652,37.142857,background,0.000000,49.930000,0,0,0.650794,0.714286
36.666668,37.142857,background,0.000000,49.439999,0,0,0.666667,0.714286
37.539684,37.142857,background,0.000000,48.650002,0,0,0.682540,0.714286
38.412697,37.142857,background,0.000000,46.799999,0,0,0.698413,0.714286
39.285713,37.142857,background,0.000000,45.299999,0,0,0.714286,0.714286
40.158730,37.142857,background,0.000000,44.029999,0,0,0.730159,0.714286
41.031746,37.142857,background,0.000000,43.110001,0,0,0.746032,0.714286
41.904762,37.142857,background,0.000000,42.389999,0,0,0.761905,0.714286
42.777779,37.142857,background,0.000000,41.810001,0,0,0.777778,0.714286
43.650795,37.142857,background,0.000000,41.290001,0,0,0.793651,0.714286
44.523811,37.142857,background,0.000000,40.820000,0,0,0.809524,0.714286
45.396824,37.142857,background,0.000000,40.380001,0,0,0.825397,0.714286
46.269840,37.142857,background,0.000000,39.950001,0,0,0.841270,0.714286
47.142857,37.142857,background,0.000000,39.540001,0,0,0.857143,0.714286
48.015873,37.142857,background,0.000000,39.139999,0,0,0.873016,0.714286
48.888889,37.142857,background,0.000000,38.750000,0,0,0.888889,0.714286
49.761906,37.142857,background,0.000000,38.369999,0,0,0.904762,0.714286
50.634922,37.142857,background,0.000000,38.000000,0,0,0.920635,0.714286
51.507938,37.142857,background,0.000000,37.650002,0,0,0.936508,0.714286
52.380951,37.142857,background,0.000000,37.320000,0,0,0.952381,0.714286
53.253967,37.142857,background,0.000000,37.020000,0,0,0.968254,0.714286
54.126984,37.142857,background,0.000000,36.779999,0,0,0.984127,0.714286
55.000000,37.142857,background,0.000000,36.619999,0,0,1.000000,0.714286
0.000000,37.968254,background,0.000000,34.360001,0,0,0.000000,0.730159
0.873016,37.968254,background,0.000000,34.490002,0,0,0.015873,0.730159
1.746032,37.968254,background,0.000000,34.689999,0,0,0.031746,0.730159
2.619048,37.968254,background,0.000000,34.930000,0,0,0.047619,0.730159
3.492064,37.968254,background,0.000000,35.209999,0,0,0.063492,0.730159
4.365079,37.968254,background,0.000000,35.500000,0,0,0.079365,0.730159
5.238095,37.968254,background,0.000000,35.799999,0,0,0.095238,0.730159
6.111111,37.968254,background,0.000000,36.110001,0,0,0.111111,0.730159
6.984127,37.968254,background,0.000000,36.430000,0,0,0.126984,0.730159
7.857143,37.968254,background,0.000000,36.759998,0,0,0.142857,0.730159
8.730159,37.968254,background,0.000000,37.099998,0,0,0.158730,0.730159
9.603174,37.968254,background,0.000000,37.439999,0,0,0.174603,0.730159
10.476191,37.968254,background,0.000000,37.790001,0,0,0.190476,0.730159
11.349206,37.968254,background,0.000000,38.150002,0,0,0.206349,0.730159
12.222222,37.968254,background,0.000000,38.509998,0,0,0.222222,0.730159
13.095238,37.968254,background,0.000000,38.880001,0,0,0.238095,0.730159
13.968254,37.968254,background,0.000000,39.259998,0,0,0.253968,0.730159
14.841269,37.968254,background,0.000000,39.660000,0,0,0.269841,0.730159
15.714286,37.968254,background,0.000000,40.060001,0,0,0.285714,0.730159
16.587301,37.968254,background,0.000000,40.490002,0,0,0.301587,0.730159
17.460318,37.968254,background,0.000000,40.950001,0,0,0.317460,0.730159
18.333334,37.968254,background,0.000000,41.450001,0,0,0.333333,0.730159
19.206348,37.968254,background,0.000000,42.049999,0,0,0.349206,0.730159
20.079365,37.968254,background,0.000000,42.779999,0,0,0.365079,0.730159
20.952381,37.968254,background,0.000000,43.779999,0,0,0.380952,0.730159
21.825397,37.968254,background,0.000000,45.180000,0,0,0.396825,0.730159
22.698412,37.968254,background,0.000000,46.680000,0,0,0.412698,0.730159
23.571428,37.968254,background,0.000000,48.150002,0,1,0.428571,0.730159
24.444445,37.968254,HBM_2,25.000000,48.840000,1,0,0.444444,0.730159
25.317461,37.968254,HBM_2,25.000000,49.279999,1,0,0.460317,0.730159
26.190475,37.968254,HBM_2,25.000000,49.610001,1,0,0.476190,0.730159
27.063492,37.968254,HBM_2,25.000000,49.860001,1,0,0.492063,0.730159
27.936508,37.968254,HBM_2,25.000000,50.040001,1,0,0.507937,0.730159
28.809525,37.968254,HBM_2,25.000000,50.169998,1,0,0.523810,0.730159
29.682539,37.968254,HBM_2,25.000000,50.240002,1,0,0.539683,0.730159
30.555555,37.968254,HBM_2,25.000000,50.270000,1,0,0.555556,0.730159
31.428572,37.968254,HBM_2,25.000000,50.230000,1,1,0.571429,0.730159
32.301586,37.968254,background,0.000000,50.150002,0,0,0.587302,0.730159
33.174603,37.968254,background,0.000000,50.009998,0,0,0.603175,0.730159
34.047619,37.968254,background,0.000000,49.810001,0,0,0.619048,0.730159
34.920635,37.968254,background,0.000000,49.549999,0,0,0.634921,0.730159
35.793652,37.968254,background,0.000000,49.200001,0,0,0.650794,0.730159
36.666668,37.968254,background,0.000000,48.730000,0,0,0.666667,0.730159
37.539684,37.968254,background,0.000000,47.970001,0,0,0.682540,0.730159
38.412697,37.968254,background,0.000000,46.150002,0,0,0.698413,0.730159
39.285713,37.968254,background,0.000000,44.669998,0,0,0.714286,0.730159
40.158730,37.968254,background,0.000000,43.439999,0,0,0.730159,0.730159
41.031746,37.968254,background,0.000000,42.549999,0,0,0.746032,0.730159
41.904762,37.968254,background,0.000000,41.880001,0,0,0.761905,0.730159
42.777779,37.968254,background,0.000000,41.320000,0,0,0.777778,0.730159
43.650795,37.968254,background,0.000000,40.830002,0,0,0.793651,0.730159
44.523811,37.968254,background,0.000000,40.380001,0,0,0.809524,0.730159
45.396824,37.968254,background,0.000000,39.959999,0,0,0.825397,0.730159
46.269840,37.968254,background,0.000000,39.549999,0,0,0.841270,0.730159
47.142857,37.968254,background,0.000000,39.160000,0,0,0.857143,0.730159
48.015873,37.968254,background,0.000000,38.779999,0,0,0.873016,0.730159
48.888889,37.968254,background,0.000000,38.410000,0,0,0.888889,0.730159
49.761906,37.968254,background,0.000000,38.049999,0,0,0.904762,0.730159
50.634922,37.968254,background,0.000000,37.700001,0,0,0.920635,0.730159
51.507938,37.968254,background,0.000000,37.360001,0,0,0.936508,0.730159
52.380951,37.968254,background,0.000000,37.049999,0,0,0.952381,0.730159
53.253967,37.968254,background,0.000000,36.759998,0,0,0.968254,0.730159
54.126984,37.968254,background,0.000000,36.529999,0,0,0.984127,0.730159
55.000000,37.968254,background,0.000000,36.380001,0,0,1.000000,0.730159
0.000000,38.793652,background,0.000000,34.200001,0,0,0.000000,0.746032
0.873016,38.793652,background,0.000000,34.320000,0,0,0.015873,0.746032
1.746032,38.793652,background,0.000000,34.509998,0,0,0.031746,0.746032
2.619048,38.793652,background,0.000000,34.750000,0,0,0.047619,0.746032
3.492064,38.793652,background,0.000000,35.009998,0,0,0.063492,0.746032
4.365079,38.793652,background,0.000000,35.290001,0,0,0.079365,0.746032
5.238095,38.793652,background,0.000000,35.580002,0,0,0.095238,0.746032
6.111111,38.793652,background,0.000000,35.880001,0,0,0.111111,0.746032
6.984127,38.793652,background,0.000000,36.189999,0,0,0.126984,0.746032
7.857143,38.793652,background,0.000000,36.500000,0,0,0.142857,0.746032
8.730159,38.793652,background,0.000000,36.820000,0,0,0.158730,0.746032
9.603174,38.793652,background,0.000000,37.150002,0,0,0.174603,0.746032
10.476191,38.793652,background,0.000000,37.480000,0,0,0.190476,0.746032
11.349206,38.793652,background,0.000000,37.820000,0,0,0.206349,0.746032
12.222222,38.793652,background,0.000000,38.169998,0,0,0.222222,0.746032
13.095238,38.793652,background,0.000000,38.520000,0,0,0.238095,0.746032
13.968254,38.793652,background,0.000000,38.880001,0,0,0.253968,0.746032
14.841269,38.793652,background,0.000000,39.259998,0,0,0.269841,0.746032
15.714286,38.793652,background,0.000000,39.639999,0,0,0.285714,0.746032
16.587301,38.793652,background,0.000000,40.040001,0,0,0.301587,0.746032
17.460318,38.793652,background,0.000000,40.470001,0,0,0.317460,0.746032
18.333334,38.793652,background,0.000000,40.950001,0,0,0.333333,0.746032
19.206348,38.793652,background,0.000000,41.500000,0,0,0.349206,0.746032
20.079365,38.793652,background,0.000000,42.180000,0,0,0.365079,0.746032
20.952381,38.793652,background,0.000000,43.099998,0,0,0.380952,0.746032
21.825397,38.793652,background,0.000000,44.430000,0,0,0.396825,0.746032
22.698412,38.793652,background,0.000000,45.900002,0,0,0.412698,0.746032
23.571428,38.793652,background,0.000000,47.310001,0,1,0.428571,0.746032
24.444445,38.793652,HBM_2,25.000000,47.959999,1,0,0.444444,0.746032
25.317461,38.793652,HBM_2,25.000000,48.369999,1,0,0.460317,0.746032
26.190475,38.793652,HBM_2,25.000000,48.680000,1,0,0.476190,0.746032
27.063492,38.793652,HBM_2,25.000000,48.910000,1,0,0.492063,0.746032
27.936508,38.793652,HBM_2,25.000000,49.080002,1,0,0.507937,0.746032
28.809525,38.793652,HBM_2,25.000000,49.209999,1,0,0.523810,0.746032
29.682539,38.793652,HBM_2,25.000000,49.270000,1,0,0.539683,0.746032
30.555555,38.793652,HBM_2,25.000000,49.290001,1,0,0.555556,0.746032
31.428572,38.793652,HBM_2,25.000000,49.259998,1,1,0.571429,0.746032
32.301586,38.793652,background,0.000000,49.180000,0,0,0.587302,0.746032
33.174603,38.793652,background,0.000000,49.049999,0,0,0.603175,0.746032
34.047619,38.793652,background,0.000000,48.869999,0,0,0.619048,0.746032
34.920635,38.793652,background,0.000000,48.619999,0,0,0.634921,0.746032
35.793652,38.793652,background,0.000000,48.299999,0,0,0.650794,0.746032
36.666668,38.793652,background,0.000000,47.860001,0,0,0.666667,0.746032
37.539684,38.793652,background,0.000000,47.139999,0,0,0.682540,0.746032
38.412697,38.793652,background,0.000000,45.389999,0,0,0.698413,0.746032
39.285713,38.793652,background,0.000000,43.950001,0,0,0.714286,0.746032
40.158730,38.793652,background,0.000000,42.799999,0,0,0.730159,0.746032
41.031746,38.793652,background,0.000000,41.970001,0,0,0.746032,0.746032
41.904762,38.793652,background,0.000000,41.340000,0,0,0.761905,0.746032
42.777779,38.793652,background,0.000000,40.820000,0,0,0.777778,0.746032
43.650795,38.793652,background,0.000000,40.360001,0,0,0.793651,0.746032
44.523811,38.793652,background,0.000000,39.939999,0,0,0.809524,0.746032
45.396824,38.793652,background,0.000000,39.540001,0,0,0.825397,0.746032
46.269840,38.793652,background,0.000000,39.160000,0,0,0.841270,0.746032
47.142857,38.793652,background,0.000000,38.790001,0,0,0.857143,0.746032
48.015873,38.793652,background,0.000000,38.430000,0,0,0.873016,0.746032
48.888889,38.793652,background,0.000000,38.080002,0,0,0.888889,0.746032
49.761906,38.793652,background,0.000000,37.730000,0,0,0.904762,0.746032
50.634922,38.793652,background,0.000000,37.400002,0,0,0.920635,0.746032
51.507938,38.793652,background,0.000000,37.080002,0,0,0.936508,0.746032
52.380951,38.793652,background,0.000000,36.779999,0,0,0.952381,0.746032
53.253967,38.793652,background,0.000000,36.500000,0,0,0.968254,0.746032
54.126984,38.793652,background,0.000000,36.279999,0,0,0.984127,0.746032
55.000000,38.793652,background,0.000000,36.139999,0,0,1.000000,0.746032
0.000000,39.619049,background,0.000000,34.040001,0,0,0.000000,0.761905
0.873016,39.619049,background,0.000000,34.160000,0,0,0.015873,0.761905
1.746032,39.619049,background,0.000000,34.340000,0,0,0.031746,0.761905
2.619048,39.619049,background,0.000000,34.570000,0,0,0.047619,0.761905
3.492064,39.619049,background,0.000000,34.820000,0,0,0.063492,0.761905
4.365079,39.619049,background,0.000000,35.080002,0,0,0.079365,0.761905
5.238095,39.619049,background,0.000000,35.360001,0,0,0.095238,0.761905
6.111111,39.619049,background,0.000000,35.650002,0,0,0.111111,0.761905
6.984127,39.619049,background,0.000000,35.939999,0,0,0.126984,0.761905
7.857143,39.619049,background,0.000000,36.240002,0,0,0.142857,0.761905
8.730159,39.619049,background,0.000000,36.549999,0,0,0.158730,0.761905
9.603174,39.619049,background,0.000000,36.860001,0,0,0.174603,0.761905
10.476191,39.619049,background,0.000000,37.180000,0,0,0.190476,0.761905
11.349206,39.619049,background,0.000000,37.500000,0,0,0.206349,0.761905
12.222222,39.619049,background,0.000000,37.830002,0,0,0.222222,0.761905
13.095238,39.619049,background,0.000000,38.160000,0,0,0.238095,0.761905
13.968254,39.619049,background,0.000000,38.509998,0,0,0.253968,0.761905
14.841269,39.619049,background,0.000000,38.860001,0,0,0.269841,0.761905
15.714286,39.619049,background,0.000000,39.220001,0,0,0.285714,0.761905
16.587301,39.619049,background,0.000000,39.599998,0,0,0.301587,0.761905
17.460318,39.619049,background,0.000000,40.000000,0,0,0.317460,0.761905
18.333334,39.619049,background,0.000000,40.439999,0,0,0.333333,0.761905
19.206348,39.619049,background,0.000000,40.930000,0,0,0.349206,0.761905
20.079365,39.619049,background,0.000000,41.540001,0,0,0.365079,0.761905
20.952381,39.619049,background,0.000000,42.330002,0,0,0.380952,0.761905
21.825397,39.619049,background,0.000000,43.439999,0,0,0.396825,0.761905
22.698412,39.619049,background,0.000000,44.759998,0,0,0.412698,0.761905
23.571428,39.619049,background,0.000000,45.990002,0,1,0.428571,0.761905
24.444445,39.619049,HBM_2,25.000000,46.580002,1,0,0.444444,0.761905
25.317461,39.619049,HBM_2,25.000000,46.959999,1,0,0.460317,0.761905
26.190475,39.619049,HBM_2,25.000000,47.240002,1,0,0.476190,0.761905
27.063492,39.619049,HBM_2,25.000000,47.459999,1,0,0.492063,0.761905
27.936508,39.619049,HBM_2,25.000000,47.619999,1,0,0.507937,0.761905
28.809525,39.619049,HBM_2,25.000000,47.730000,1,0,0.523810,0.761905
29.682539,39.619049,HBM_2,25.000000,47.799999,1,0,0.539683,0.761905
30.555555,39.619049,HBM_2,25.000000,47.820000,1,0,0.555556,0.761905
31.428572,39.619049,HBM_2,25.000000,47.790001,1,1,0.571429,0.761905
32.301586,39.619049,background,0.000000,47.709999,0,0,0.587302,0.761905
33.174603,39.619049,background,0.000000,47.590000,0,0,0.603175,0.761905
34.047619,39.619049,background,0.000000,47.419998,0,0,0.619048,0.761905
34.920635,39.619049,background,0.000000,47.189999,0,0,0.634921,0.761905
35.793652,39.619049,background,0.000000,46.889999,0,0,0.650794,0.761905
36.666668,39.619049,background,0.000000,46.480000,0,0,0.666667,0.761905
37.539684,39.619049,background,0.000000,45.830002,0,0,0.682540,0.761905
38.412697,39.619049,background,0.000000,44.330002,0,0,0.698413,0.761905
39.285713,39.619049,background,0.000000,43.070000,0,0,0.714286,0.761905
40.158730,39.619049,background,0.000000,42.080002,0,0,0.730159,0.761905
41.031746,39.619049,background,0.000000,41.360001,0,0,0.746032,0.761905
41.904762,39.619049,background,0.000000,40.799999,0,0,0.761905,0.761905
42.777779,39.619049,background,0.000000,40.320000,0,0,0.777778,0.761905
43.650795,39.619049,background,0.000000,39.900002,0,0,0.793651,0.761905
44.523811,39.619049,background,0.000000,39.509998,0,0,0.809524,0.761905
45.396824,39.619049,background,0.000000,39.130001,0,0,0.825397,0.761905
46.269840,39.619049,background,0.000000,38.770000,0,0,0.841270,0.761905
47.142857,39.619049,background,0.000000,38.419998,0,0,0.857143,0.761905
48.015873,39.619049,background,0.000000,38.080002,0,0,0.873016,0.761905
48.888889,39.619049,background,0.000000,37.750000,0,0,0.888889,0.761905
49.761906,39.619049,background,0.000000,37.419998,0,0,0.904762,0.761905
50.634922,39.619049,background,0.000000,37.099998,0,0,0.920635,0.761905
51.507938,39.619049,background,0.000000,36.799999,0,0,0.936508,0.761905
52.380951,39.619049,background,0.000000,36.509998,0,0,0.952381,0.761905
53.253967,39.619049,background,0.000000,36.250000,0,0,0.968254,0.761905
54.126984,39.619049,background,0.000000,36.040001,0,0,0.984127,0.761905
55.000000,39.619049,background,0.000000,35.900002,0,0,1.000000,0.761905
0.000000,40.444443,background,0.000000,33.880001,0,0,0.000000,0.777778
0.873016,40.444443,background,0.000000,33.990002,0,0,0.015873,0.777778
1.746032,40.444443,background,0.000000,34.169998,0,0,0.031746,0.777778
2.619048,40.444443,background,0.000000,34.380001,0,0,0.047619,0.777778
3.492064,40.444443,background,0.000000,34.619999,0,0,0.063492,0.777778
4.365079,40.444443,background,0.000000,34.880001,0,0,0.079365,0.777778
5.238095,40.444443,background,0.000000,35.139999,0,0,0.095238,0.777778
6.111111,40.444443,background,0.000000,35.410000,0,0,0.111111,0.777778
6.984127,40.444443,background,0.000000,35.700001,0,0,0.126984,0.777778
7.857143,40.444443,background,0.000000,35.980000,0,0,0.142857,0.777778
8.730159,40.444443,background,0.000000,36.270000,0,0,0.158730,0.777778
9.603174,40.444443,background,0.000000,36.570000,0,0,0.174603,0.777778
10.476191,40.444443,background,0.000000,36.869999,0,0,0.190476,0.777778
11.349206,40.444443,background,0.000000,37.180000,0,0,0.206349,0.777778
12.222222,40.444443,background,0.000000,37.490002,0,0,0.222222,0.777778
13.095238,40.444443,background,0.000000,37.810001,0,0,0.238095,0.777778
13.968254,40.444443,background,0.000000,38.130001,0,0,0.253968,0.777778
14.841269,40.444443,background,0.000000,38.470001,0,0,0.269841,0.777778
15.714286,40.444443,background,0.000000,38.810001,0,0,0.285714,0.777778
16.587301,40.444443,background,0.000000,39.160000,0,0,0.301587,0.777778
17.460318,40.444443,background,0.000000,39.529999,0,0,0.317460,0.777778
18.333334,40.444443,background,0.000000,39.919998,0,0,0.333333,0.777778
19.206348,40.444443,background,0.000000,40.360001,0,0,0.349206,0.777778
20.079365,40.444443,background,0.000000,40.869999,0,0,0.365079,0.777778
20.952381,40.444443,background,0.000000,41.490002,0,0,0.380952,0.777778
21.825397,40.444443,background,0.000000,42.279999,0,0,0.396825,0.777778
22.698412,40.444443,background,0.000000,43.259998,0,0,0.412698,0.777778
23.571428,40.444443,background,0.000000,44.180000,0,1,0.428571,0.777778
24.444445,40.444443,HBM_2,25.000000,44.740002,1,0,0.444444,0.777778
25.317461,40.444443,HBM_2,25.000000,45.119999,1,0,0.460317,0.777778
26.190475,40.444443,HBM_2,25.000000,45.400002,1,0,0.476190,0.777778
27.063492,40.444443,HBM_2,25.000000,45.610001,1,0,0.492063,0.777778
27.936508,40.444443,HBM_2,25.000000,45.759998,1,0,0.507937,0.777778
28.809525,40.444443,HBM_2,25.000000,45.869999,1,0,0.523810,0.777778
29.682539,40.444443,HBM_2,25.000000,45.930000,1,0,0.539683,0.777778
30.555555,40.444443,HBM_2,25.000000,45.950001,1,0,0.555556,0.777778
31.428572,40.444443,HBM_2,25.000000,45.919998,1,1,0.571429,0.777778
32.301586,40.444443,background,0.000000,45.849998,0,0,0.587302,0.777778
33.174603,40.444443,background,0.000000,45.730000,0,0,0.603175,0.777778
34.047619,40.444443,background,0.000000,45.570000,0,0,0.619048,0.777778
34.920635,40.444443,background,0.000000,45.349998,0,0,0.634921,0.777778
35.793652,40.444443,background,0.000000,45.049999,0,0,0.650794,0.777778
36.666668,40.444443,background,0.000000,44.650002,0,0,0.666667,0.777778
37.539684,40.444443,background,0.000000,44.020000,0,0,0.682540,0.777778
38.412697,40.444443,background,0.000000,42.980000,0,0,0.698413,0.777778
39.285713,40.444443,background,0.000000,42.049999,0,0,0.714286,0.777778
40.158730,40.444443,background,0.000000,41.310001,0,0,0.730159,0.777778
41.031746,40.444443,background,0.000000,40.730000,0,0,0.746032,0.777778
41.904762,40.444443,background,0.000000,40.250000,0,0,0.761905,0.777778
42.777779,40.444443,background,0.000000,39.830002,0,0,0.777778,0.777778
43.650795,40.444443,background,0.000000,39.439999,0,0,0.793651,0.777778
44.523811,40.444443,background,0.000000,39.070000,0,0,0.809524,0.777778
45.396824,40.444443,background,0.000000,38.730000,0,0,0.825397,0.777778
46.269840,40.444443,background,0.000000,38.389999,0,0,0.841270,0.777778
47.142857,40.444443,background,0.000000,38.060001,0,0,0.857143,0.777778
48.015873,40.444443,background,0.000000,37.730000,0,0,0.873016,0.777778
48.888889,40.444443,background,0.000000,37.419998,0,0,0.888889,0.777778
49.761906,40.444443,background,0.000000,37.110001,0,0,0.904762,0.777778
50.634922,40.444443,background,0.000000,36.810001,0,0,0.920635,0.777778
51.507938,40.444443,background,0.000000,36.520000,0,0,0.936508,0.777778
52.380951,40.444443,background,0.000000,36.250000,0,0,0.952381,0.777778
53.253967,40.444443,background,0.000000,36.000000,0,0,0.968254,0.777778
54.126984,40.444443,background,0.000000,35.799999,0,0,0.984127,0.777778
55.000000,40.444443,background,0.000000,35.669998,0,0,1.000000,0.777778
0.000000,41.269840,background,0.000000,33.720001,0,0,0.000000,0.793651
0.873016,41.269840,background,0.000000,33.820000,0,0,0.015873,0.793651
1.746032,41.269840,background,0.000000,33.990002,0,0,0.031746,0.793651
2.619048,41.269840,background,0.000000,34.200001,0,0,0.047619,0.793651
3.492064,41.269840,background,0.000000,34.430000,0,0,0.063492,0.793651
4.365079,41.269840,background,0.000000,34.669998,0,0,0.079365,0.793651
5.238095,41.269840,background,0.000000,34.919998,0,0,0.095238,0.793651
6.111111,41.269840,background,0.000000,35.180000,0,0,0.111111,0.793651
6.984127,41.269840,background,0.000000,35.450001,0,0,0.126984,0.793651
7.857143,41.269840,background,0.000000,35.720001,0,0,0.142857,0.793651
8.730159,41.269840,background,0.000000,36.000000,0,0,0.158730,0.793651
9.603174,41.269840,background,0.000000,36.279999,0,0,0.174603,0.793651
10.476191,41.269840,background,0.000000,36.570000,0,0,0.190476,0.793651
11.349206,41.269840,background,0.000000,36.860001,0,0,0.206349,0.793651
12.222222,41.269840,background,0.000000,37.160000,0,0,0.222222,0.793651
13.095238,41.269840,background,0.000000,37.459999,0,0,0.238095,0.793651
13.968254,41.269840,background,0.000000,37.770000,0,0,0.253968,0.793651
14.841269,41.269840,background,0.000000,38.080002,0,0,0.269841,0.793651
15.714286,41.269840,background,0.000000,38.389999,0,0,0.285714,0.793651
16.587301,41.269840,background,0.000000,38.720001,0,0,0.301587,0.793651
17.460318,41.269840,background,0.000000,39.060001,0,0,0.317460,0.793651
18.333334,41.269840,background,0.000000,39.419998,0,0,0.333333,0.793651
19.206348,41.269840,background,0.000000,39.799999,0,0,0.349206,0.793651
20.079365,41.269840,background,0.000000,40.220001,0,0,0.365079,0.793651
20.952381,41.269840,background,0.000000,40.700001,0,0,0.380952,0.793651
21.825397,41.269840,background,0.000000,41.250000,0,0,0.396825,0.793651
22.698412,41.269840,background,0.000000,41.849998,0,0,0.412698,0.793651
23.571428,41.269840,background,0.000000,42.419998,0,1,0.428571,0.793651
24.444445,41.269840,HBM_2,25.000000,42.849998,1,0,0.444444,0.793651
25.317461,41.269840,HBM_2,25.000000,43.180000,1,0,0.460317,0.793651
26.190475,41.269840,HBM_2,25.000000,43.419998,1,0,0.476190,0.793651
27.063492,41.269840,HBM_2,25.000000,43.610001,1,0,0.492063,0.793651
27.936508,41.269840,HBM_2,25.000000,43.750000,1,0,0.507937,0.793651
28.809525,41.269840,HBM_2,25.000000,43.849998,1,0,0.523810,0.793651
29.682539,41.269840,HBM_2,25.000000,43.910000,1,0,0.539683,0.793651
30.555555,41.269840,HBM_2,25.000000,43.919998,1,0,0.555556,0.793651
31.428572,41.269840,HBM_2,25.000000,43.900002,1,1,0.571429,0.793651
32.301586,41.269840,background,0.000000,43.830002,0,0,0.587302,0.793651
33.174603,41.269840,background,0.000000,43.730000,0,0,0.603175,0.793651
34.047619,41.269840,background,0.000000,43.580002,0,0,0.619048,0.793651
34.920635,41.269840,background,0.000000,43.380001,0,0,0.634921,0.793651
35.793652,41.269840,background,0.000000,43.119999,0,0,0.650794,0.793651
36.666668,41.269840,background,0.000000,42.770000,0,0,0.666667,0.793651
37.539684,41.269840,background,0.000000,42.310001,0,0,0.682540,0.793651
38.412697,41.269840,background,0.000000,41.700001,0,0,0.698413,0.793651
39.285713,41.269840,background,0.000000,41.110001,0,0,0.714286,0.793651
40.158730,41.269840,background,0.000000,40.580002,0,0,0.730159,0.793651
41.031746,41.269840,background,0.000000,40.119999,0,0,0.746032,0.793651
41.904762,41.269840,background,0.000000,39.709999,0,0,0.761905,0.793651
42.777779,41.269840,background,0.000000,39.330002,0,0,0.777778,0.793651
43.650795,41.269840,background,0.000000,38.980000,0,0,0.793651,0.793651
44.523811,41.269840,background,0.000000,38.650002,0,0,0.809524,0.793651
45.396824,41.269840,background,0.000000,38.320000,0,0,0.825397,0.793651
46.269840,41.269840,background,0.000000,38.009998,0,0,0.841270,0.793651
47.142857,41.269840,background,0.000000,37.700001,0,0,0.857143,0.793651
48.015873,41.269840,background,0.000000,37.389999,0,0,0.873016,0.793651
48.888889,41.269840,background,0.000000,37.090000,0,0,0.888889,0.793651
49.761906,41.269840,background,0.000000,36.799999,0,0,0.904762,0.793651
50.634922,41.269840,background,0.000000,36.520000,0,0,0.920635,0.793651
51.507938,41.269840,background,0.000000,36.240002,0,0,0.936508,0.793651
52.380951,41.269840,background,0.000000,35.980000,0,0,0.952381,0.793651
53.253967,41.269840,background,0.000000,35.750000,0,0,0.968254,0.793651
54.126984,41.269840,background,0.000000,35.560001,0,0,0.984127,0.793651
55.000000,41.269840,background,0.000000,35.439999,0,0,1.000000,0.793651
0.000000,42.095238,background,0.000000,33.560001,0,0,0.000000,0.809524
0.873016,42.095238,background,0.000000,33.660000,0,0,0.015873,0.809524
1.746032,42.095238,background,0.000000,33.820000,0,0,0.031746,0.809524
2.619048,42.095238,background,0.000000,34.020000,0,0,0.047619,0.809524
3.492064,42.095238,background,0.000000,34.230000,0,0,0.063492,0.809524
4.365079,42.095238,background,0.000000,34.470001,0,0,0.079365,0.809524
5.238095,42.095238,background,0.000000,34.709999,0,0,0.095238,0.809524
6.111111,42.095238,background,0.000000,34.959999,0,0,0.111111,0.809524
6.984127,42.095238,background,0.000000,35.209999,0,0,0.126984,0.809524
7.857143,42.095238,background,0.000000,35.470001,0,0,0.142857,0.809524
8.730159,42.095238,background,0.000000,35.730000,0,0,0.158730,0.809524
9.603174,42.095238,background,0.000000,36.000000,0,0,0.174603,0.809524
10.476191,42.095238,background,0.000000,36.270000,0,0,0.190476,0.809524
11.349206,42.095238,background,0.000000,36.549999,0,0,0.206349,0.809524
12.222222,42.095238,background,0.000000,36.830002,0,0,0.222222,0.809524
13.095238,42.095238,background,0.000000,37.110001,0,0,0.238095,0.809524
13.968254,42.095238,background,0.000000,37.400002,0,0,0.253968,0.809524
14.841269,42.095238,background,0.000000,37.689999,0,0,0.269841,0.809524
15.714286,42.095238,background,0.000000,37.990002,0,0,0.285714,0.809524
16.587301,42.095238,background,0.000000,38.290001,0,0,0.301587,0.809524
17.460318,42.095238,background,0.000000,38.599998,0,0,0.317460,0.809524
18.333334,42.095238,background,0.000000,38.919998,0,0,0.333333,0.809524
19.206348,42.095238,background,0.000000,39.259998,0,0,0.349206,0.809524
20.079365,42.095238,background,0.000000,39.610001,0,0,0.365079,0.809524
20.952381,42.095238,HBM_3,25.000000,39.990002,1,1,0.380952,0.809524
21.825397,42.095238,HBM_3,25.000000,40.389999,1,1,0.396825,0.809524
22.698412,42.095238,HBM_3,25.000000,40.810001,1,1,0.412698,0.809524
23.571428,42.095238,HBM_3,25.000000,41.189999,1,1,0.428571,0.809524
24.444445,42.095238,HBM_2,25.000000,41.520000,1,1,0.444444,0.809524
25.317461,42.095238,HBM_2,25.000000,41.790001,1,1,0.460317,0.809524
26.190475,42.095238,HBM_2,25.000000,42.000000,1,1,0.476190,0.809524
27.063492,42.095238,HBM_2,25.000000,42.169998,1,1,0.492063,0.809524
27.936508,42.095238,HBM_2,25.000000,42.290001,1,1,0.507937,0.809524
28.809525,42.095238,HBM_2,25.000000,42.380001,1,1,0.523810,0.809524
29.682539,42.095238,HBM_2,25.000000,42.430000,1,0,0.539683,0.809524
30.555555,42.095238,HBM_2,25.000000,42.439999,1,0,0.555556,0.809524
31.428572,42.095238,HBM_2,25.000000,42.419998,1,1,0.571429,0.809524
32.301586,42.095238,background,0.000000,42.360001,0,0,0.587302,0.809524
33.174603,42.095238,background,0.000000,42.270000,0,0,0.603175,0.809524
34.047619,42.095238,background,0.000000,42.130001,0,0,0.619048,0.809524
34.920635,42.095238,background,0.000000,41.959999,0,0,0.634921,0.809524
35.793652,42.095238,background,0.000000,41.740002,0,0,0.650794,0.809524
36.666668,42.095238,background,0.000000,41.459999,0,0,0.666667,0.809524
37.539684,42.095238,background,0.000000,41.110001,0,0,0.682540,0.809524
38.412697,42.095238,background,0.000000,40.709999,0,0,0.698413,0.809524
39.285713,42.095238,background,0.000000,40.299999,0,0,0.714286,0.809524
40.158730,42.095238,background,0.000000,39.900002,0,0,0.730159,0.809524
41.031746,42.095238,background,0.000000,39.529999,0,0,0.746032,0.809524
41.904762,42.095238,background,0.000000,39.180000,0,0,0.761905,0.809524
42.777779,42.095238,background,0.000000,38.849998,0,0,0.777778,0.809524
43.650795,42.095238,background,0.000000,38.529999,0,0,0.793651,0.809524
44.523811,42.095238,background,0.000000,38.220001,0,0,0.809524,0.809524
45.396824,42.095238,background,0.000000,37.919998,0,0,0.825397,0.809524
46.269840,42.095238,background,0.000000,37.630001,0,0,0.841270,0.809524
47.142857,42.095238,background,0.000000,37.340000,0,0,0.857143,0.809524
48.015873,42.095238,background,0.000000,37.049999,0,0,0.873016,0.809524
48.888889,42.095238,background,0.000000,36.770000,0,0,0.888889,0.809524
49.761906,42.095238,background,0.000000,36.500000,0,0,0.904762,0.809524
50.634922,42.095238,background,0.000000,36.230000,0,0,0.920635,0.809524
51.507938,42.095238,background,0.000000,35.970001,0,0,0.936508,0.809524
52.380951,42.095238,background,0.000000,35.720001,0,0,0.952381,0.809524
53.253967,42.095238,background,0.000000,35.500000,0,0,0.968254,0.809524
54.126984,42.095238,background,0.000000,35.320000,0,0,0.984127,0.809524
55.000000,42.095238,background,0.000000,35.209999,0,0,1.000000,0.809524
0.000000,42.920635,background,0.000000,33.400002,0,0,0.000000,0.825397
0.873016,42.920635,background,0.000000,33.490002,0,0,0.015873,0.825397
1.746032,42.920635,background,0.000000,33.650002,0,0,0.031746,0.825397
2.619048,42.920635,background,0.000000,33.830002,0,0,0.047619,0.825397
3.492064,42.920635,background,0.000000,34.040001,0,0,0.063492,0.825397
4.365079,42.920635,background,0.000000,34.259998,0,0,0.079365,0.825397
5.238095,42.920635,background,0.000000,34.490002,0,0,0.095238,0.825397
6.111111,42.920635,background,0.000000,34.730000,0,0,0.111111,0.825397
6.984127,42.920635,background,0.000000,34.970001,0,0,0.126984,0.825397
7.857143,42.920635,background,0.000000,35.220001,0,0,0.142857,0.825397
8.730159,42.920635,background,0.000000,35.470001,0,0,0.158730,0.825397
9.603174,42.920635,background,0.000000,35.720001,0,0,0.174603,0.825397
10.476191,42.920635,background,0.000000,35.980000,0,0,0.190476,0.825397
11.349206,42.920635,background,0.000000,36.240002,0,0,0.206349,0.825397
12.222222,42.920635,background,0.000000,36.500000,0,0,0.222222,0.825397
13.095238,42.920635,background,0.000000,36.770000,0,0,0.238095,0.825397
13.968254,42.920635,background,0.000000,37.040001,0,0,0.253968,0.825397
14.841269,42.920635,background,0.000000,37.310001,0,0,0.269841,0.825397
15.714286,42.920635,background,0.000000,37.590000,0,0,0.285714,0.825397
16.587301,42.920635,background,0.000000,37.869999,0,0,0.301587,0.825397
17.460318,42.920635,background,0.000000,38.150002,0,0,0.317460,0.825397
18.333334,42.920635,background,0.000000,38.439999,0,0,0.333333,0.825397
19.206348,42.920635,background,0.000000,38.740002,0,0,0.349206,0.825397
20.079365,42.920635,background,0.000000,39.040001,0,0,0.365079,0.825397
20.952381,42.920635,HBM_3,25.000000,39.349998,1,1,0.380952,0.825397
21.825397,42.920635,HBM_3,25.000000,39.669998,1,0,0.396825,0.825397
22.698412,42.920635,HBM_3,25.000000,39.980000,1,0,0.412698,0.825397
23.571428,42.920635,HBM_3,25.000000,40.270000,1,1,0.428571,0.825397
24.444445,42.920635,HBM_2,25.000000,40.529999,1,0,0.444444,0.825397
25.317461,42.920635,HBM_2,25.000000,40.750000,1,0,0.460317,0.825397
26.190475,42.920635,HBM_2,25.000000,40.930000,1,0,0.476190,0.825397
27.063492,42.920635,HBM_2,25.000000,41.080002,1,0,0.492063,0.825397
27.936508,42.920635,HBM_2,25.000000,41.189999,1,0,0.507937,0.825397
28.809525,42.920635,HBM_2,25.000000,41.259998,1,1,0.523810,0.825397
29.682539,42.920635,HBM_2,25.000000,41.310001,1,0,0.539683,0.825397
30.555555,42.920635,HBM_2,25.000000,41.320000,1,0,0.555556,0.825397
31.428572,42.920635,HBM_2,25.000000,41.299999,1,1,0.571429,0.825397
32.301586,42.920635,background,0.000000,41.250000,0,0,0.587302,0.825397
33.174603,42.920635,background,0.000000,41.169998,0,0,0.603175,0.825397
34.047619,42.920635,background,0.000000,41.049999,0,0,0.619048,0.825397
34.920635,42.920635,background,0.000000,40.889999,0,0,0.634921,0.825397
35.793652,42.920635,background,0.000000,40.709999,0,0,0.650794,0.825397
36.666668,42.920635,background,0.000000,40.480000,0,0,0.666667,0.825397
37.539684,42.920635,background,0.000000,40.209999,0,0,0.682540,0.825397
38.412697,42.920635,background,0.000000,39.910000,0,0,0.698413,0.825397
39.285713,42.920635,background,0.000000,39.599998,0,0,0.714286,0.825397
40.158730,42.920635,background,0.000000,39.279999,0,0,0.730159,0.825397
41.031746,42.920635,background,0.000000,38.970001,0,0,0.746032,0.825397
41.904762,42.920635,background,0.000000,38.669998,0,0,0.761905,0.825397
42.777779,42.920635,background,0.000000,38.380001,0,0,0.777778,0.825397
43.650795,42.920635,background,0.000000,38.090000,0,0,0.793651,0.825397
44.523811,42.920635,background,0.000000,37.810001,0,0,0.809524,0.825397
45.396824,42.920635,background,0.000000,37.529999,0,0,0.825397,0.825397
46.269840,42.920635,background,0.000000,37.259998,0,0,0.841270,0.825397
47.142857,42.920635,background,0.000000,36.990002,0,0,0.857143,0.825397
48.015873,42.920635,background,0.000000,36.720001,0,0,0.873016,0.825397
48.888889,42.920635,background,0.000000,36.450001,0,0,0.888889,0.825397
49.761906,42.920635,background,0.000000,36.189999,0,0,0.904762,0.825397
50.634922,42.920635,background,0.000000,35.939999,0,0,0.920635,0.825397
51.507938,42.920635,background,0.000000,35.700001,0,0,0.936508,0.825397
52.380951,42.920635,background,0.000000,35.470001,0,0,0.952381,0.825397
53.253967,42.920635,background,0.000000,35.259998,0,0,0.968254,0.825397
54.126984,42.920635,background,0.000000,35.090000,0,0,0.984127,0.825397
55.000000,42.920635,background,0.000000,34.980000,0,0,1.000000,0.825397
0.000000,43.746033,background,0.000000,33.240002,0,0,0.000000,0.841270
0.873016,43.746033,background,0.000000,33.330002,0,0,0.015873,0.841270
1.746032,43.746033,background,0.000000,33.480000,0,0,0.031746,0.841270
2.619048,43.746033,background,0.000000,33.650002,0,0,0.047619,0.841270
3.492064,43.746033,background,0.000000,33.849998,0,0,0.063492,0.841270
4.365079,43.746033,background,0.000000,34.060001,0,0,0.079365,0.841270
5.238095,43.746033,background,0.000000,34.279999,0,0,0.095238,0.841270
6.111111,43.746033,background,0.000000,34.500000,0,0,0.111111,0.841270
6.984127,43.746033,background,0.000000,34.730000,0,0,0.126984,0.841270
7.857143,43.746033,background,0.000000,34.970001,0,0,0.142857,0.841270
8.730159,43.746033,background,0.000000,35.200001,0,0,0.158730,0.841270
9.603174,43.746033,background,0.000000,35.439999,0,0,0.174603,0.841270
10.476191,43.746033,background,0.000000,35.689999,0,0,0.190476,0.841270
11.349206,43.746033,background,0.000000,35.930000,0,0,0.206349,0.841270
12.222222,43.746033,background,0.000000,36.180000,0,0,0.222222,0.841270
13.095238,43.746033,background,0.000000,36.430000,0,0,0.238095,0.841270
13.968254,43.746033,background,0.000000,36.680000,0,0,0.253968,0.841270
14.841269,43.746033,background,0.000000,36.939999,0,0,0.269841,0.841270
15.714286,43.746033,background,0.000000,37.200001,0,0,0.285714,0.841270
16.587301,43.746033,background,0.000000,37.450001,0,0,0.301587,0.841270
17.460318,43.746033,background,0.000000,37.709999,0,0,0.317460,0.841270
18.333334,43.746033,background,0.000000,37.980000,0,0,0.333333,0.841270
19.206348,43.746033,background,0.000000,38.240002,0,0,0.349206,0.841270
20.079365,43.746033,background,0.000000,38.500000,0,0,0.365079,0.841270
20.952381,43.746033,HBM_3,25.000000,38.770000,1,1,0.380952,0.841270
21.825397,43.746033,HBM_3,25.000000,39.029999,1,0,0.396825,0.841270
22.698412,43.746033,HBM_3,25.000000,39.279999,1,0,0.412698,0.841270
23.571428,43.746033,HBM_3,25.000000,39.520000,1,1,0.428571,0.841270
24.444445,43.746033,HBM_2,25.000000,39.730000,1,0,0.444444,0.841270
25.317461,43.746033,HBM_2,25.000000,39.919998,1,0,0.460317,0.841270
26.190475,43.746033,HBM_2,25.000000,40.070000,1,0,0.476190,0.841270
27.063492,43.746033,HBM_2,25.000000,40.200001,1,0,0.492063,0.841270
27.936508,43.746033,HBM_2,25.000000,40.299999,1,0,0.507937,0.841270
28.809525,43.746033,HBM_2,25.000000,40.369999,1,1,0.523810,0.841270
29.682539,43.746033,HBM_2,25.000000,40.410000,1,0,0.539683,0.841270
30.555555,43.746033,HBM_2,25.000000,40.419998,1,0,0.555556,0.841270
31.428572,43.746033,HBM_2,25.000000,40.400002,1,1,0.571429,0.841270
32.301586,43.746033,background,0.000000,40.349998,0,0,0.587302,0.841270
33.174603,43.746033,background,0.000000,40.279999,0,0,0.603175,0.841270
34.047619,43.746033,background,0.000000,40.169998,0,0,0.619048,0.841270
34.920635,43.746033,background,0.000000,40.040001,0,0,0.634921,0.841270
35.793652,43.746033,background,0.000000,39.880001,0,0,0.650794,0.841270
36.666668,43.746033,background,0.000000,39.689999,0,0,0.666667,0.841270
37.539684,43.746033,background,0.000000,39.470001,0,0,0.682540,0.841270
38.412697,43.746033,background,0.000000,39.230000,0,0,0.698413,0.841270
39.285713,43.746033,background,0.000000,38.970001,0,0,0.714286,0.841270
40.158730,43.746033,background,0.000000,38.709999,0,0,0.730159,0.841270
41.031746,43.746033,background,0.000000,38.450001,0,0,0.746032,0.841270
41.904762,43.746033,background,0.000000,38.180000,0,0,0.761905,0.841270
42.777779,43.746033,background,0.000000,37.919998,0,0,0.777778,0.841270
43.650795,43.746033,background,0.000000,37.660000,0,0,0.793651,0.841270
44.523811,43.746033,background,0.000000,37.400002,0,0,0.809524,0.841270
45.396824,43.746033,background,0.000000,37.150002,0,0,0.825397,0.841270
46.269840,43.746033,background,0.000000,36.889999,0,0,0.841270,0.841270
47.142857,43.746033,background,0.000000,36.639999,0,0,0.857143,0.841270
48.015873,43.746033,background,0.000000,36.389999,0,0,0.873016,0.841270
48.888889,43.746033,background,0.000000,36.139999,0,0,0.888889,0.841270
49.761906,43.746033,background,0.000000,35.900002,0,0,0.904762,0.841270
50.634922,43.746033,background,0.000000,35.660000,0,0,0.920635,0.841270
51.507938,43.746033,background,0.000000,35.430000,0,0,0.936508,0.841270
52.380951,43.746033,background,0.000000,35.209999,0,0,0.952381,0.841270
53.253967,43.746033,background,0.000000,35.020000,0,0,0.968254,0.841270
54.126984,43.746033,background,0.000000,34.860001,0,0,0.984127,0.841270
55.000000,43.746033,background,0.000000,34.759998,0,0,1.000000,0.841270
0.000000,44.571430,background,0.000000,33.080002,0,0,0.000000,0.857143
0.873016,44.571430,background,0.000000,33.169998,0,0,0.015873,0.857143
1.746032,44.571430,background,0.000000,33.310001,0,0,0.031746,0.857143
2.619048,44.571430,background,0.000000,33.480000,0,0,0.047619,0.857143
3.492064,44.571430,background,0.000000,33.660000,0,0,0.063492,0.857143
4.365079,44.571430,background,0.000000,33.860001,0,0,0.079365,0.857143
5.238095,44.571430,background,0.000000,34.070000,0,0,0.095238,0.857143
6.111111,44.571430,background,0.000000,34.279999,0,0,0.111111,0.857143
6.984127,44.571430,background,0.000000,34.500000,0,0,0.126984,0.857143
7.857143,44.571430,background,0.000000,34.720001,0,0,0.142857,0.857143
8.730159,44.571430,background,0.000000,34.939999,0,0,0.158730,0.857143
9.603174,44.571430,background,0.000000,35.169998,0,0,0.174603,0.857143
10.476191,44.571430,background,0.000000,35.400002,0,0,0.190476,0.857143
11.349206,44.571430,background,0.000000,35.630001,0,0,0.206349,0.857143
12.222222,44.571430,background,0.000000,35.860001,0,0,0.222222,0.857143
13.095238,44.571430,background,0.000000,36.099998,0,0,0.238095,0.857143
13.968254,44.571430,background,0.000000,36.330002,0,0,0.253968,0.857143
14.841269,44.571430,background,0.000000,36.570000,0,0,0.269841,0.857143
15.714286,44.571430,background,0.000000,36.810001,0,0,0.285714,0.857143
16.587301,44.571430,background,0.000000,37.049999,0,0,0.301587,0.857143
17.460318,44.571430,background,0.000000,37.290001,0,0,0.317460,0.857143
18.333334,44.571430,background,0.000000,37.529999,0,0,0.333333,0.857143
19.206348,44.571430,background,0.000000,37.759998,0,0,0.349206,0.857143
20.079365,44.571430,background,0.000000,38.000000,0,0,0.365079,0.857143
20.952381,44.571430,HBM_3,25.000000,38.230000,1,1,0.380952,0.857143
21.825397,44.571430,HBM_3,25.000000,38.450001,1,0,0.396825,0.857143
22.698412,44.571430,HBM_3,25.000000,38.669998,1,0,0.412698,0.857143
23.571428,44.571430,HBM_3,25.000000,38.869999,1,1,0.428571,0.857143
24.444445,44.571430,HBM_2,25.000000,39.049999,1,0,0.444444,0.857143
25.317461,44.571430,HBM_2,25.000000,39.209999,1,0,0.460317,0.857143
26.190475,44.571430,HBM_2,25.000000,39.340000,1,0,0.476190,0.857143
27.063492,44.571430,HBM_2,25.000000,39.450001,1,0,0.492063,0.857143
27.936508,44.571430,HBM_2,25.000000,39.540001,1,0,0.507937,0.857143
28.809525,44.571430,HBM_2,25.000000,39.599998,1,1,0.523810,0.857143
29.682539,44.571430,HBM_2,25.000000,39.639999,1,0,0.539683,0.857143
30.555555,44.571430,HBM_2,25.000000,39.650002,1,0,0.555556,0.857143
31.428572,44.571430,HBM_2,25.000000,39.630001,1,1,0.571429,0.857143
32.301586,44.571430,background,0.000000,39.590000,0,0,0.587302,0.857143
33.174603,44.571430,background,0.000000,39.529999,0,0,0.603175,0.857143
34.047619,44.571430,background,0.000000,39.430000,0,0,0.619048,0.857143
34.920635,44.571430,background,0.000000,39.320000,0,0,0.634921,0.857143
35.793652,44.571430,background,0.000000,39.180000,0,0,0.650794,0.857143
36.666668,44.571430,background,0.000000,39.009998,0,0,0.666667,0.857143
37.539684,44.571430,background,0.000000,38.830002,0,0,0.682540,0.857143
38.412697,44.571430,background,0.000000,38.619999,0,0,0.698413,0.857143
39.285713,44.571430,background,0.000000,38.410000,0,0,0.714286,0.857143
40.158730,44.571430,background,0.000000,38.180000,0,0,0.730159,0.857143
41.031746,44.571430,background,0.000000,37.950001,0,0,0.746032,0.857143
41.904762,44.571430,background,0.000000,37.720001,0,0,0.761905,0.857143
42.777779,44.571430,background,0.000000,37.480000,0,0,0.777778,0.857143
43.650795,44.571430,background,0.000000,37.240002,0,0,0.793651,0.857143
44.523811,44.571430,background,0.000000,37.009998,0,0,0.809524,0.857143
45.396824,44.571430,background,0.000000,36.770000,0,0,0.825397,0.857143
46.269840,44.571430,background,0.000000,36.529999,0,0,0.841270,0.857143
47.142857,44.571430,background,0.000000,36.299999,0,0,0.857143,0.857143
48.015873,44.571430,background,0.000000,36.060001,0,0,0.873016,0.857143
48.888889,44.571430,background,0.000000,35.830002,0,0,0.888889,0.857143
49.761906,44.571430,background,0.000000,35.599998,0,0,0.904762,0.857143
50.634922,44.571430,background,0.000000,35.380001,0,0,0.920635,0.857143
51.507938,44.571430,background,0.000000,35.169998,0,0,0.936508,0.857143
52.380951,44.571430,background,0.000000,34.959999,0,0,0.952381,0.857143
53.253967,44.571430,background,0.000000,34.779999,0,0,0.968254,0.857143
54.126984,44.571430,background,0.000000,34.630001,0,0,0.984127,0.857143
55.000000,44.571430,background,0.000000,34.540001,0,0,1.000000,0.857143
0.000000,45.396824,background,0.000000,32.930000,0,0,0.000000,0.873016
0.873016,45.396824,background,0.000000,33.009998,0,0,0.015873,0.873016
1.746032,45.396824,background,0.000000,33.139999,0,0,0.031746,0.873016
2.619048,45.396824,background,0.000000,33.299999,0,0,0.047619,0.873016
3.492064,45.396824,background,0.000000,33.480000,0,0,0.063492,0.873016
4.365079,45.396824,background,0.000000,33.660000,0,0,0.079365,0.873016
5.238095,45.396824,background,0.000000,33.860001,0,0,0.095238,0.873016
6.111111,45.396824,background,0.000000,34.060001,0,0,0.111111,0.873016
6.984127,45.396824,background,0.000000,34.270000,0,0,0.126984,0.873016
7.857143,45.396824,background,0.000000,34.470001,0,0,0.142857,0.873016
8.730159,45.396824,background,0.000000,34.689999,0,0,0.158730,0.873016
9.603174,45.396824,background,0.000000,34.900002,0,0,0.174603,0.873016
10.476191,45.396824,background,0.000000,35.110001,0,0,0.190476,0.873016
11.349206,45.396824,background,0.000000,35.330002,0,0,0.206349,0.873016
12.222222,45.396824,background,0.000000,35.549999,0,0,0.222222,0.873016
13.095238,45.396824,background,0.000000,35.770000,0,0,0.238095,0.873016
13.968254,45.396824,background,0.000000,35.990002,0,0,0.253968,0.873016
14.841269,45.396824,background,0.000000,36.209999,0,0,0.269841,0.873016
15.714286,45.396824,background,0.000000,36.439999,0,0,0.285714,0.873016
16.587301,45.396824,background,0.000000,36.660000,0,0,0.301587,0.873016
17.460318,45.396824,background,0.000000,36.880001,0,0,0.317460,0.873016
18.333334,45.396824,background,0.000000,37.090000,0,0,0.333333,0.873016
19.206348,45.396824,background,0.000000,37.310001,0,0,0.349206,0.873016
20.079365,45.396824,background,0.000000,37.520000,0,0,0.365079,0.873016
20.952381,45.396824,HBM_3,25.000000,37.720001,1,1,0.380952,0.873016
21.825397,45.396824,HBM_3,25.000000,37.919998,1,0,0.396825,0.873016
22.698412,45.396824,HBM_3,25.000000,38.110001,1,0,0.412698,0.873016
23.571428,45.396824,HBM_3,25.000000,38.279999,1,1,0.428571,0.873016
24.444445,45.396824,HBM_2,25.000000,38.439999,1,0,0.444444,0.873016
25.317461,45.396824,HBM_2,25.000000,38.580002,1,0,0.460317,0.873016
26.190475,45.396824,HBM_2,25.000000,38.700001,1,0,0.476190,0.873016
27.063492,45.396824,HBM_2,25.000000,38.799999,1,0,0.492063,0.873016
27.936508,45.396824,HBM_2,25.000000,38.869999,1,0,0.507937,0.873016
28.809525,45.396824,HBM_2,25.000000,38.930000,1,1,0.523810,0.873016
29.682539,45.396824,HBM_2,25.000000,38.959999,1,0,0.539683,0.873016
30.555555,45.396824,HBM_2,25.000000,38.970001,1,0,0.555556,0.873016
31.428572,45.396824,HBM_2,25.000000,38.959999,1,1,0.571429,0.873016
32.301586,45.396824,background,0.000000,38.919998,0,0,0.587302,0.873016
33.174603,45.396824,background,0.000000,38.860001,0,0,0.603175,0.873016
34.047619,45.396824,background,0.000000,38.779999,0,0,0.619048,0.873016
34.920635,45.396824,background,0.000000,38.669998,0,0,0.634921,0.873016
35.793652,45.396824,background,0.000000,38.549999,0,0,0.650794,0.873016
36.666668,45.396824,background,0.000000,38.410000,0,0,0.666667,0.873016
37.539684,45.396824,background,0.000000,38.250000,0,0,0.682540,0.873016
38.412697,45.396824,background,0.000000,38.070000,0,0,0.698413,0.873016
39.285713,45.396824,background,0.000000,37.880001,0,0,0.714286,0.873016
40.158730,45.396824,background,0.000000,37.680000,0,0,0.730159,0.873016
41.031746,45.396824,background,0.000000,37.480000,0,0,0.746032,0.873016
41.904762,45.396824,background,0.000000,37.270000,0,0,0.761905,0.873016
42.777779,45.396824,background,0.000000,37.049999,0,0,0.777778,0.873016
43.650795,45.396824,background,0.000000,36.840000,0,0,0.793651,0.873016
44.523811,45.396824,background,0.000000,36.619999,0,0,0.809524,0.873016
45.396824,45.396824,background,0.000000,36.400002,0,0,0.825397,0.873016
46.269840,45.396824,background,0.000000,36.180000,0,0,0.841270,0.873016
47.142857,45.396824,background,0.000000,35.959999,0,0,0.857143,0.873016
48.015873,45.396824,background,0.000000,35.740002,0,0,0.873016,0.873016
48.888889,45.396824,background,0.000000,35.529999,0,0,0.888889,0.873016
49.761906,45.396824,background,0.000000,35.320000,0,0,0.904762,0.873016
50.634922,45.396824,background,0.000000,35.110001,0,0,0.920635,0.873016
51.507938,45.396824,background,0.000000,34.910000,0,0,0.936508,0.873016
52.380951,45.396824,background,0.000000,34.720001,0,0,0.952381,0.873016
53.253967,45.396824,background,0.000000,34.549999,0,0,0.968254,0.873016
54.126984,45.396824,background,0.000000,34.410000,0,0,0.984127,0.873016
55.000000,45.396824,background,0.000000,34.320000,0,0,1.000000,0.873016
0.000000,46.222221,background,0.000000,32.770000,0,0,0.000000,0.888889
0.873016,46.222221,background,0.000000,32.849998,0,0,0.015873,0.888889
1.746032,46.222221,background,0.000000,32.970001,0,0,0.031746,0.888889
2.619048,46.222221,background,0.000000,33.119999,0,0,0.047619,0.888889
3.492064,46.222221,background,0.000000,33.290001,0,0,0.063492,0.888889
4.365079,46.222221,background,0.000000,33.470001,0,0,0.079365,0.888889
5.238095,46.222221,background,0.000000,33.650002,0,0,0.095238,0.888889
6.111111,46.222221,background,0.000000,33.840000,0,0,0.111111,0.888889
6.984127,46.222221,background,0.000000,34.040001,0,0,0.126984,0.888889
7.857143,46.222221,background,0.000000,34.230000,0,0,0.142857,0.888889
8.730159,46.222221,background,0.000000,34.430000,0,0,0.158730,0.888889
9.603174,46.222221,background,0.000000,34.630001,0,0,0.174603,0.888889
10.476191,46.222221,background,0.000000,34.840000,0,0,0.190476,0.888889
11.349206,46.222221,background,0.000000,35.040001,0,0,0.206349,0.888889
12.222222,46.222221,background,0.000000,35.250000,0,0,0.222222,0.888889
13.095238,46.222221,background,0.000000,35.450001,0,0,0.238095,0.888889
13.968254,46.222221,background,0.000000,35.660000,0,0,0.253968,0.888889
14.841269,46.222221,background,0.000000,35.860001,0,0,0.269841,0.888889
15.714286,46.222221,background,0.000000,36.070000,0,0,0.285714,0.888889
16.587301,46.222221,background,0.000000,36.270000,0,0,0.301587,0.888889
17.460318,46.222221,background,0.000000,36.480000,0,0,0.317460,0.888889
18.333334,46.222221,background,0.000000,36.680000,0,0,0.333333,0.888889
19.206348,46.222221,background,0.000000,36.869999,0,0,0.349206,0.888889
20.079365,46.222221,background,0.000000,37.060001,0,0,0.365079,0.888889
20.952381,46.222221,HBM_3,25.000000,37.250000,1,1,0.380952,0.888889
21.825397,46.222221,HBM_3,25.000000,37.419998,1,0,0.396825,0.888889
22.698412,46.222221,HBM_3,25.000000,37.590000,1,0,0.412698,0.888889
23.571428,46.222221,HBM_3,25.000000,37.740002,1,1,0.428571,0.888889
24.444445,46.222221,HBM_3,25.000000,37.880001,1,1,0.444444,0.888889
25.317461,46.222221,HBM_3,25.000000,38.000000,1,1,0.460317,0.888889
26.190475,46.222221,HBM_3,25.000000,38.110001,1,1,0.476190,0.888889
27.063492,46.222221,HBM_3,25.000000,38.200001,1,1,0.492063,0.888889
27.936508,46.222221,HBM_3,25.000000,38.270000,1,1,0.507937,0.888889
28.809525,46.222221,HBM_3,25.000000,38.320000,1,1,0.523810,0.888889
29.682539,46.222221,background,0.000000,38.349998,0,1,0.539683,0.888889
30.555555,46.222221,background,0.000000,38.349998,0,1,0.555556,0.888889
31.428572,46.222221,background,0.000000,38.340000,0,1,0.571429,0.888889
32.301586,46.222221,background,0.000000,38.310001,0,0,0.587302,0.888889
33.174603,46.222221,background,0.000000,38.259998,0,0,0.603175,0.888889
34.047619,46.222221,background,0.000000,38.180000,0,0,0.619048,0.888889
34.920635,46.222221,background,0.000000,38.090000,0,0,0.634921,0.888889
35.793652,46.222221,background,0.000000,37.980000,0,0,0.650794,0.888889
36.666668,46.222221,background,0.000000,37.849998,0,0,0.666667,0.888889
37.539684,46.222221,background,0.000000,37.709999,0,0,0.682540,0.888889
38.412697,46.222221,background,0.000000,37.560001,0,0,0.698413,0.888889
39.285713,46.222221,background,0.000000,37.389999,0,0,0.714286,0.888889
40.158730,46.222221,background,0.000000,37.209999,0,0,0.730159,0.888889
41.031746,46.222221,background,0.000000,37.029999,0,0,0.746032,0.888889
41.904762,46.222221,background,0.000000,36.840000,0,0,0.761905,0.888889
42.777779,46.222221,background,0.000000,36.639999,0,0,0.777778,0.888889
43.650795,46.222221,background,0.000000,36.439999,0,0,0.793651,0.888889
44.523811,46.222221,background,0.000000,36.240002,0,0,0.809524,0.888889
45.396824,46.222221,background,0.000000,36.040001,0,0,0.825397,0.888889
46.269840,46.222221,background,0.000000,35.840000,0,0,0.841270,0.888889
47.142857,46.222221,background,0.000000,35.630001,0,0,0.857143,0.888889
48.015873,46.222221,background,0.000000,35.430000,0,0,0.873016,0.888889
48.888889,46.222221,background,0.000000,35.230000,0,0,0.888889,0.888889
49.761906,46.222221,background,0.000000,35.029999,0,0,0.904762,0.888889
50.634922,46.222221,background,0.000000,34.840000,0,0,0.920635,0.888889
51.507938,46.222221,background,0.000000,34.650002,0,0,0.936508,0.888889
52.380951,46.222221,background,0.000000,34.470001,0,0,0.952381,0.888889
53.253967,46.222221,background,0.000000,34.320000,0,0,0.968254,0.888889
54.126984,46.222221,background,0.000000,34.180000,0,0,0.984127,0.888889
55.000000,46.222221,background,0.000000,34.099998,0,0,1.000000,0.888889
0.000000,47.047619,background,0.000000,32.619999,0,0,0.000000,0.904762
0.873016,47.047619,background,0.000000,32.689999,0,0,0.015873,0.904762
1.746032,47.047619,background,0.000000,32.810001,0,0,0.031746,0.904762
2.619048,47.047619,background,0.000000,32.950001,0,0,0.047619,0.904762
3.492064,47.047619,background,0.000000,33.110001,0,0,0.063492,0.904762
4.365079,47.047619,background,0.000000,33.279999,0,0,0.079365,0.904762
5.238095,47.047619,background,0.000000,33.450001,0,0,0.095238,0.904762
6.111111,47.047619,background,0.000000,33.630001,0,0,0.111111,0.904762
6.984127,47.047619,background,0.000000,33.810001,0,0,0.126984,0.904762
7.857143,47.047619,background,0.000000,34.000000,0,0,0.142857,0.904762
8.730159,47.047619,background,0.000000,34.189999,0,0,0.158730,0.904762
9.603174,47.047619,background,0.000000,34.369999,0,0,0.174603,0.904762
10.476191,47.047619,background,0.000000,34.560001,0,0,0.190476,0.904762
11.349206,47.047619,background,0.000000,34.759998,0,0,0.206349,0.904762
12.222222,47.047619,background,0.000000,34.950001,0,0,0.222222,0.904762
13.095238,47.047619,background,0.000000,35.139999,0,0,0.238095,0.904762
13.968254,47.047619,background,0.000000,35.330002,0,0,0.253968,0.904762
14.841269,47.047619,background,0.000000,35.520000,0,0,0.269841,0.904762
15.714286,47.047619,background,0.000000,35.709999,0,0,0.285714,0.904762
16.587301,47.047619,background,0.000000,35.900002,0,0,0.301587,0.904762
17.460318,47.047619,background,0.000000,36.090000,0,0,0.317460,0.904762
18.333334,47.047619,background,0.000000,36.270000,0,0,0.333333,0.904762
19.206348,47.047619,background,0.000000,36.450001,0,0,0.349206,0.904762
20.079365,47.047619,background,0.000000,36.630001,0,0,0.365079,0.904762
20.952381,47.047619,HBM_3,25.000000,36.790001,1,1,0.380952,0.904762
21.825397,47.047619,HBM_3,25.000000,36.950001,1,0,0.396825,0.904762
22.698412,47.047619,HBM_3,25.000000,37.099998,1,0,0.412698,0.904762
23.571428,47.047619,HBM_3,25.000000,37.240002,1,0,0.428571,0.904762
24.444445,47.047619,HBM_3,25.000000,37.360001,1,0,0.444444,0.904762
25.317461,47.047619,HBM_3,25.000000,37.470001,1,0,0.460317,0.904762
26.190475,47.047619,HBM_3,25.000000,37.570000,1,0,0.476190,0.904762
27.063492,47.047619,HBM_3,25.000000,37.650002,1,0,0.492063,0.904762
27.936508,47.047619,HBM_3,25.000000,37.709999,1,0,0.507937,0.904762
28.809525,47.047619,HBM_3,25.000000,37.750000,1,1,0.523810,0.904762
29.682539,47.047619,background,0.000000,37.779999,0,0,0.539683,0.904762
30.555555,47.047619,background,0.000000,37.790001,0,0,0.555556,0.904762
31.428572,47.047619,background,0.000000,37.779999,0,0,0.571429,0.904762
32.301586,47.047619,background,0.000000,37.750000,0,0,0.587302,0.904762
33.174603,47.047619,background,0.000000,37.700001,0,0,0.603175,0.904762
34.047619,47.047619,background,0.000000,37.630001,0,0,0.619048,0.904762
34.920635,47.047619,background,0.000000,37.549999,0,0,0.634921,0.904762
35.793652,47.047619,background,0.000000,37.450001,0,0,0.650794,0.904762
36.666668,47.047619,background,0.000000,37.340000,0,0,0.666667,0.904762
37.539684,47.047619,background,0.000000,37.209999,0,0,0.682540,0.904762
38.412697,47.047619,background,0.000000,37.070000,0,0,0.698413,0.904762
39.285713,47.047619,background,0.000000,36.919998,0,0,0.714286,0.904762
40.158730,47.047619,background,0.000000,36.759998,0,0,0.730159,0.904762
41.031746,47.047619,background,0.000000,36.599998,0,0,0.746032,0.904762
41.904762,47.047619,background,0.000000,36.419998,0,0,0.761905,0.904762
42.777779,47.047619,background,0.000000,36.240002,0,0,0.777778,0.904762
43.650795,47.047619,background,0.000000,36.060001,0,0,0.793651,0.904762
44.523811,47.047619,background,0.000000,35.880001,0,0,0.809524,0.904762
45.396824,47.047619,background,0.000000,35.689999,0,0,0.825397,0.904762
46.269840,47.047619,background,0.000000,35.500000,0,0,0.841270,0.904762
47.142857,47.047619,background,0.000000,35.310001,0,0,0.857143,0.904762
48.015873,47.047619,background,0.000000,35.130001,0,0,0.873016,0.904762
48.888889,47.047619,background,0.000000,34.939999,0,0,0.888889,0.904762
49.761906,47.047619,background,0.000000,34.759998,0,0,0.904762,0.904762
50.634922,47.047619,background,0.000000,34.570000,0,0,0.920635,0.904762
51.507938,47.047619,background,0.000000,34.400002,0,0,0.936508,0.904762
52.380951,47.047619,background,0.000000,34.240002,0,0,0.952381,0.904762
53.253967,47.047619,background,0.000000,34.090000,0,0,0.968254,0.904762
54.126984,47.047619,background,0.000000,33.970001,0,0,0.984127,0.904762
55.000000,47.047619,background,0.000000,33.889999,0,0,1.000000,0.904762
0.000000,47.873016,background,0.000000,32.470001,0,0,0.000000,0.920635
0.873016,47.873016,background,0.000000,32.540001,0,0,0.015873,0.920635
1.746032,47.873016,background,0.000000,32.650002,0,0,0.031746,0.920635
2.619048,47.873016,background,0.000000,32.790001,0,0,0.047619,0.920635
3.492064,47.873016,background,0.000000,32.930000,0,0,0.063492,0.920635
4.365079,47.873016,background,0.000000,33.090000,0,0,0.079365,0.920635
5.238095,47.873016,background,0.000000,33.259998,0,0,0.095238,0.920635
6.111111,47.873016,background,0.000000,33.419998,0,0,0.111111,0.920635
6.984127,47.873016,background,0.000000,33.599998,0,0,0.126984,0.920635
7.857143,47.873016,background,0.000000,33.770000,0,0,0.142857,0.920635
8.730159,47.873016,background,0.000000,33.939999,0,0,0.158730,0.920635
9.603174,47.873016,background,0.000000,34.119999,0,0,0.174603,0.920635
10.476191,47.873016,background,0.000000,34.299999,0,0,0.190476,0.920635
11.349206,47.873016,background,0.000000,34.480000,0,0,0.206349,0.920635
12.222222,47.873016,background,0.000000,34.660000,0,0,0.222222,0.920635
13.095238,47.873016,background,0.000000,34.840000,0,0,0.238095,0.920635
13.968254,47.873016,background,0.000000,35.020000,0,0,0.253968,0.920635
14.841269,47.873016,background,0.000000,35.200001,0,0,0.269841,0.920635
15.714286,47.873016,background,0.000000,35.369999,0,0,0.285714,0.920635
16.587301,47.873016,background,0.000000,35.549999,0,0,0.301587,0.920635
17.460318,47.873016,background,0.000000,35.720001,0,0,0.317460,0.920635
18.333334,47.873016,background,0.000000,35.889999,0,0,0.333333,0.920635
19.206348,47.873016,background,0.000000,36.049999,0,0,0.349206,0.920635
20.079365,47.873016,background,0.000000,36.209999,0,0,0.365079,0.920635
20.952381,47.873016,HBM_3,25.000000,36.360001,1,1,0.380952,0.920635
21.825397,47.873016,HBM_3,25.000000,36.509998,1,0,0.396825,0.920635
22.698412,47.873016,HBM_3,25.000000,36.639999,1,0,0.412698,0.920635
23.571428,47.873016,HBM_3,25.000000,36.770000,1,0,0.428571,0.920635
24.444445,47.873016,HBM_3,25.000000,36.880001,1,0,0.444444,0.920635
25.317461,47.873016,HBM_3,25.000000,36.980000,1,0,0.460317,0.920635
26.190475,47.873016,HBM_3,25.000000,37.060001,1,0,0.476190,0.920635
27.063492,47.873016,HBM_3,25.000000,37.130001,1,0,0.492063,0.920635
27.936508,47.873016,HBM_3,25.000000,37.189999,1,0,0.507937,0.920635
28.809525,47.873016,HBM_3,25.000000,37.230000,1,1,0.523810,0.920635
29.682539,47.873016,background,0.000000,37.250000,0,0,0.539683,0.920635
30.555555,47.873016,background,0.000000,37.259998,0,0,0.555556,0.920635
31.428572,47.873016,background,0.000000,37.250000,0,0,0.571429,0.920635
32.301586,47.873016,background,0.000000,37.220001,0,0,0.587302,0.920635
33.174603,47.873016,background,0.000000,37.180000,0,0,0.603175,0.920635
34.047619,47.873016,background,0.000000,37.119999,0,0,0.619048,0.920635
34.920635,47.873016,background,0.000000,37.049999,0,0,0.634921,0.920635
35.793652,47.873016,background,0.000000,36.959999,0,0,0.650794,0.920635
36.666668,47.873016,background,0.000000,36.860001,0,0,0.666667,0.920635
37.539684,47.873016,background,0.000000,36.740002,0,0,0.682540,0.920635
38.412697,47.873016,background,0.000000,36.619999,0,0,0.698413,0.920635
39.285713,47.873016,background,0.000000,36.480000,0,0,0.714286,0.920635
40.158730,47.873016,background,0.000000,36.340000,0,0,0.730159,0.920635
41.031746,47.873016,background,0.000000,36.180000,0,0,0.746032,0.920635
41.904762,47.873016,background,0.000000,36.029999,0,0,0.761905,0.920635
42.777779,47.873016,background,0.000000,35.860001,0,0,0.777778,0.920635
43.650795,47.873016,background,0.000000,35.700001,0,0,0.793651,0.920635
44.523811,47.873016,background,0.000000,35.529999,0,0,0.809524,0.920635
45.396824,47.873016,background,0.000000,35.349998,0,0,0.825397,0.920635
46.269840,47.873016,background,0.000000,35.180000,0,0,0.841270,0.920635
47.142857,47.873016,background,0.000000,35.000000,0,0,0.857143,0.920635
48.015873,47.873016,background,0.000000,34.830002,0,0,0.873016,0.920635
48.888889,47.873016,background,0.000000,34.660000,0,0,0.888889,0.920635
49.761906,47.873016,background,0.000000,34.480000,0,0,0.904762,0.920635
50.634922,47.873016,background,0.000000,34.320000,0,0,0.920635,0.920635
51.507938,47.873016,background,0.000000,34.160000,0,0,0.936508,0.920635
52.380951,47.873016,background,0.000000,34.000000,0,0,0.952381,0.920635
53.253967,47.873016,background,0.000000,33.869999,0,0,0.968254,0.920635
54.126984,47.873016,background,0.000000,33.750000,0,0,0.984127,0.920635
55.000000,47.873016,background,0.000000,33.680000,0,0,1.000000,0.920635
0.000000,48.698414,background,0.000000,32.330002,0,0,0.000000,0.936508
0.873016,48.698414,background,0.000000,32.389999,0,0,0.015873,0.936508
1.746032,48.698414,background,0.000000,32.500000,0,0,0.031746,0.936508
2.619048,48.698414,background,0.000000,32.619999,0,0,0.047619,0.936508
3.492064,48.698414,background,0.000000,32.759998,0,0,0.063492,0.936508
4.365079,48.698414,background,0.000000,32.910000,0,0,0.079365,0.936508
5.238095,48.698414,background,0.000000,33.070000,0,0,0.095238,0.936508
6.111111,48.698414,background,0.000000,33.220001,0,0,0.111111,0.936508
6.984127,48.698414,background,0.000000,33.389999,0,0,0.126984,0.936508
7.857143,48.698414,background,0.000000,33.549999,0,0,0.142857,0.936508
8.730159,48.698414,background,0.000000,33.709999,0,0,0.158730,0.936508
9.603174,48.698414,background,0.000000,33.880001,0,0,0.174603,0.936508
10.476191,48.698414,background,0.000000,34.049999,0,0,0.190476,0.936508
11.349206,48.698414,background,0.000000,34.209999,0,0,0.206349,0.936508
12.222222,48.698414,background,0.000000,34.380001,0,0,0.222222,0.936508
13.095238,48.698414,background,0.000000,34.549999,0,0,0.238095,0.936508
13.968254,48.698414,background,0.000000,34.720001,0,0,0.253968,0.936508
14.841269,48.698414,background,0.000000,34.880001,0,0,0.269841,0.936508
15.714286,48.698414,background,0.000000,35.049999,0,0,0.285714,0.936508
16.587301,48.698414,background,0.000000,35.209999,0,0,0.301587,0.936508
17.460318,48.698414,background,0.000000,35.369999,0,0,0.317460,0.936508
18.333334,48.698414,background,0.000000,35.520000,0,0,0.333333,0.936508
19.206348,48.698414,background,0.000000,35.669998,0,0,0.349206,0.936508
20.079365,48.698414,background,0.000000,35.820000,0,0,0.365079,0.936508
20.952381,48.698414,HBM_3,25.000000,35.959999,1,1,0.380952,0.936508
21.825397,48.698414,HBM_3,25.000000,36.090000,1,0,0.396825,0.936508
22.698412,48.698414,HBM_3,25.000000,36.209999,1,0,0.412698,0.936508
23.571428,48.698414,HBM_3,25.000000,36.320000,1,0,0.428571,0.936508
24.444445,48.698414,HBM_3,25.000000,36.430000,1,0,0.444444,0.936508
25.317461,48.698414,HBM_3,25.000000,36.520000,1,0,0.460317,0.936508
26.190475,48.698414,HBM_3,25.000000,36.599998,1,0,0.476190,0.936508
27.063492,48.698414,HBM_3,25.000000,36.660000,1,0,0.492063,0.936508
27.936508,48.698414,HBM_3,25.000000,36.709999,1,0,0.507937,0.936508
28.809525,48.698414,HBM_3,25.000000,36.750000,1,1,0.523810,0.936508
29.682539,48.698414,background,0.000000,36.770000,0,0,0.539683,0.936508
30.555555,48.698414,background,0.000000,36.770000,0,0,0.555556,0.936508
31.428572,48.698414,background,0.000000,36.759998,0,0,0.571429,0.936508
32.301586,48.698414,background,0.000000,36.740002,0,0,0.587302,0.936508
33.174603,48.698414,background,0.000000,36.700001,0,0,0.603175,0.936508
34.047619,48.698414,background,0.000000,36.650002,0,0,0.619048,0.936508
34.920635,48.698414,background,0.000000,36.580002,0,0,0.634921,0.936508
35.793652,48.698414,background,0.000000,36.500000,0,0,0.650794,0.936508
36.666668,48.698414,background,0.000000,36.410000,0,0,0.666667,0.936508
37.539684,48.698414,background,0.000000,36.310001,0,0,0.682540,0.936508
38.412697,48.698414,background,0.000000,36.189999,0,0,0.698413,0.936508
39.285713,48.698414,background,0.000000,36.070000,0,0,0.714286,0.936508
40.158730,48.698414,background,0.000000,35.939999,0,0,0.730159,0.936508
41.031746,48.698414,background,0.000000,35.799999,0,0,0.746032,0.936508
41.904762,48.698414,background,0.000000,35.650002,0,0,0.761905,0.936508
42.777779,48.698414,background,0.000000,35.500000,0,0,0.777778,0.936508
43.650795,48.698414,background,0.000000,35.349998,0,0,0.793651,0.936508
44.523811,48.698414,background,0.000000,35.189999,0,0,0.809524,0.936508
45.396824,48.698414,background,0.000000,35.029999,0,0,0.825397,0.936508
46.269840,48.698414,background,0.000000,34.869999,0,0,0.841270,0.936508
47.142857,48.698414,background,0.000000,34.709999,0,0,0.857143,0.936508
48.015873,48.698414,background,0.000000,34.540001,0,0,0.873016,0.936508
48.888889,48.698414,background,0.000000,34.380001,0,0,0.888889,0.936508
49.761906,48.698414,background,0.000000,34.220001,0,0,0.904762,0.936508
50.634922,48.698414,background,0.000000,34.070000,0,0,0.920635,0.936508
51.507938,48.698414,background,0.000000,33.919998,0,0,0.936508,0.936508
52.380951,48.698414,background,0.000000,33.779999,0,0,0.952381,0.936508
53.253967,48.698414,background,0.000000,33.650002,0,0,0.968254,0.936508
54.126984,48.698414,background,0.000000,33.549999,0,0,0.984127,0.936508
55.000000,48.698414,background,0.000000,33.480000,0,0,1.000000,0.936508
0.000000,49.523811,background,0.000000,32.200001,0,0,0.000000,0.952381
0.873016,49.523811,background,0.000000,32.259998,0,0,0.015873,0.952381
1.746032,49.523811,background,0.000000,32.349998,0,0,0.031746,0.952381
2.619048,49.523811,background,0.000000,32.470001,0,0,0.047619,0.952381
3.492064,49.523811,background,0.000000,32.599998,0,0,0.063492,0.952381
4.365079,49.523811,background,0.000000,32.740002,0,0,0.079365,0.952381
5.238095,49.523811,background,0.000000,32.889999,0,0,0.095238,0.952381
6.111111,49.523811,background,0.000000,33.040001,0,0,0.111111,0.952381
6.984127,49.523811,background,0.000000,33.189999,0,0,0.126984,0.952381
7.857143,49.523811,background,0.000000,33.340000,0,0,0.142857,0.952381
8.730159,49.523811,background,0.000000,33.490002,0,0,0.158730,0.952381
9.603174,49.523811,background,0.000000,33.650002,0,0,0.174603,0.952381
10.476191,49.523811,background,0.000000,33.810001,0,0,0.190476,0.952381
11.349206,49.523811,background,0.000000,33.959999,0,0,0.206349,0.952381
12.222222,49.523811,background,0.000000,34.119999,0,0,0.222222,0.952381
13.095238,49.523811,background,0.000000,34.279999,0,0,0.238095,0.952381
13.968254,49.523811,background,0.000000,34.430000,0,0,0.253968,0.952381
14.841269,49.523811,background,0.000000,34.590000,0,0,0.269841,0.952381
15.714286,49.523811,background,0.000000,34.740002,0,0,0.285714,0.952381
16.587301,49.523811,background,0.000000,34.889999,0,0,0.301587,0.952381
17.460318,49.523811,background,0.000000,35.040001,0,0,0.317460,0.952381
18.333334,49.523811,background,0.000000,35.180000,0,0,0.333333,0.952381
19.206348,49.523811,background,0.000000,35.320000,0,0,0.349206,0.952381
20.079365,49.523811,background,0.000000,35.450001,0,0,0.365079,0.952381
20.952381,49.523811,HBM_3,25.000000,35.580002,1,1,0.380952,0.952381
21.825397,49.523811,HBM_3,25.000000,35.700001,1,0,0.396825,0.952381
22.698412,49.523811,HBM_3,25.000000,35.820000,1,0,0.412698,0.952381
23.571428,49.523811,HBM_3,25.000000,35.919998,1,0,0.428571,0.952381
24.444445,49.523811,HBM_3,25.000000,36.009998,1,0,0.444444,0.952381
25.317461,49.523811,HBM_3,25.000000,36.099998,1,0,0.460317,0.952381
26.190475,49.523811,HBM_3,25.000000,36.169998,1,0,0.476190,0.952381
27.063492,49.523811,HBM_3,25.000000,36.230000,1,0,0.492063,0.952381
27.936508,49.523811,HBM_3,25.000000,36.270000,1,0,0.507937,0.952381
28.809525,49.523811,HBM_3,25.000000,36.299999,1,1,0.523810,0.952381
29.682539,49.523811,background,0.000000,36.320000,0,0,0.539683,0.952381
30.555555,49.523811,background,0.000000,36.330002,0,0,0.555556,0.952381
31.428572,49.523811,background,0.000000,36.320000,0,0,0.571429,0.952381
32.301586,49.523811,background,0.000000,36.299999,0,0,0.587302,0.952381
33.174603,49.523811,background,0.000000,36.259998,0,0,0.603175,0.952381
34.047619,49.523811,background,0.000000,36.220001,0,0,0.619048,0.952381
34.920635,49.523811,background,0.000000,36.150002,0,0,0.634921,0.952381
35.793652,49.523811,background,0.000000,36.080002,0,0,0.650794,0.952381
36.666668,49.523811,background,0.000000,36.000000,0,0,0.666667,0.952381
37.539684,49.523811,background,0.000000,35.900002,0,0,0.682540,0.952381
38.412697,49.523811,background,0.000000,35.799999,0,0,0.698413,0.952381
39.285713,49.523811,background,0.000000,35.680000,0,0,0.714286,0.952381
40.158730,49.523811,background,0.000000,35.560001,0,0,0.730159,0.952381
41.031746,49.523811,background,0.000000,35.430000,0,0,0.746032,0.952381
41.904762,49.523811,background,0.000000,35.299999,0,0,0.761905,0.952381
42.777779,49.523811,background,0.000000,35.160000,0,0,0.777778,0.952381
43.650795,49.523811,background,0.000000,35.020000,0,0,0.793651,0.952381
44.523811,49.523811,background,0.000000,34.869999,0,0,0.809524,0.952381
45.396824,49.523811,background,0.000000,34.730000,0,0,0.825397,0.952381
46.269840,49.523811,background,0.000000,34.580002,0,0,0.841270,0.952381
47.142857,49.523811,background,0.000000,34.430000,0,0,0.857143,0.952381
48.015873,49.523811,background,0.000000,34.279999,0,0,0.873016,0.952381
48.888889,49.523811,background,0.000000,34.130001,0,0,0.888889,0.952381
49.761906,49.523811,background,0.000000,33.980000,0,0,0.904762,0.952381
50.634922,49.523811,background,0.000000,33.830002,0,0,0.920635,0.952381
51.507938,49.523811,background,0.000000,33.689999,0,0,0.936508,0.952381
52.380951,49.523811,background,0.000000,33.560001,0,0,0.952381,0.952381
53.253967,49.523811,background,0.000000,33.450001,0,0,0.968254,0.952381
54.126984,49.523811,background,0.000000,33.349998,0,0,0.984127,0.952381
55.000000,49.523811,background,0.000000,33.290001,0,0,1.000000,0.952381
0.000000,50.349205,background,0.000000,32.070000,0,0,0.000000,0.968254
0.873016,50.349205,background,0.000000,32.130001,0,0,0.015873,0.968254
1.746032,50.349205,background,0.000000,32.220001,0,0,0.031746,0.968254
2.619048,50.349205,background,0.000000,32.330002,0,0,0.047619,0.968254
3.492064,50.349205,background,0.000000,32.459999,0,0,0.063492,0.968254
4.365079,50.349205,background,0.000000,32.590000,0,0,0.079365,0.968254
5.238095,50.349205,background,0.000000,32.720001,0,0,0.095238,0.968254
6.111111,50.349205,background,0.000000,32.860001,0,0,0.111111,0.968254
6.984127,50.349205,background,0.000000,33.009998,0,0,0.126984,0.968254
7.857143,50.349205,background,0.000000,33.150002,0,0,0.142857,0.968254
8.730159,50.349205,background,0.000000,33.299999,0,0,0.158730,0.968254
9.603174,50.349205,background,0.000000,33.439999,0,0,0.174603,0.968254
10.476191,50.349205,background,0.000000,33.590000,0,0,0.190476,0.968254
11.349206,50.349205,background,0.000000,33.740002,0,0,0.206349,0.968254
12.222222,50.349205,background,0.000000,33.880001,0,0,0.222222,0.968254
13.095238,50.349205,background,0.000000,34.029999,0,0,0.238095,0.968254
13.968254,50.349205,background,0.000000,34.180000,0,0,0.253968,0.968254
14.841269,50.349205,background,0.000000,34.320000,0,0,0.269841,0.968254
15.714286,50.349205,background,0.000000,34.459999,0,0,0.285714,0.968254
16.587301,50.349205,background,0.000000,34.599998,0,0,0.301587,0.968254
17.460318,50.349205,background,0.000000,34.740002,0,0,0.317460,0.968254
18.333334,50.349205,background,0.000000,34.880001,0,0,0.333333,0.968254
19.206348,50.349205,background,0.000000,35.000000,0,0,0.349206,0.968254
20.079365,50.349205,background,0.000000,35.130001,0,0,0.365079,0.968254
20.952381,50.349205,HBM_3,25.000000,35.250000,1,1,0.380952,0.968254
21.825397,50.349205,HBM_3,25.000000,35.360001,1,0,0.396825,0.968254
22.698412,50.349205,HBM_3,25.000000,35.459999,1,0,0.412698,0.968254
23.571428,50.349205,HBM_3,25.000000,35.560001,1,0,0.428571,0.968254
24.444445,50.349205,HBM_3,25.000000,35.650002,1,0,0.444444,0.968254
25.317461,50.349205,HBM_3,25.000000,35.720001,1,0,0.460317,0.968254
26.190475,50.349205,HBM_3,25.000000,35.790001,1,0,0.476190,0.968254
27.063492,50.349205,HBM_3,25.000000,35.840000,1,0,0.492063,0.968254
27.936508,50.349205,HBM_3,25.000000,35.880001,1,0,0.507937,0.968254
28.809525,50.349205,HBM_3,25.000000,35.910000,1,1,0.523810,0.968254
29.682539,50.349205,background,0.000000,35.930000,0,0,0.539683,0.968254
30.555555,50.349205,background,0.000000,35.939999,0,0,0.555556,0.968254
31.428572,50.349205,background,0.000000,35.930000,0,0,0.571429,0.968254
32.301586,50.349205,background,0.000000,35.910000,0,0,0.587302,0.968254
33.174603,50.349205,background,0.000000,35.880001,0,0,0.603175,0.968254
34.047619,50.349205,background,0.000000,35.830002,0,0,0.619048,0.968254
34.920635,50.349205,background,0.000000,35.779999,0,0,0.634921,0.968254
35.793652,50.349205,background,0.000000,35.709999,0,0,0.650794,0.968254
36.666668,50.349205,background,0.000000,35.630001,0,0,0.666667,0.968254
37.539684,50.349205,background,0.000000,35.540001,0,0,0.682540,0.968254
38.412697,50.349205,background,0.000000,35.450001,0,0,0.698413,0.968254
39.285713,50.349205,background,0.000000,35.340000,0,0,0.714286,0.968254
40.158730,50.349205,background,0.000000,35.230000,0,0,0.730159,0.968254
41.031746,50.349205,background,0.000000,35.110001,0,0,0.746032,0.968254
41.904762,50.349205,background,0.000000,34.990002,0,0,0.761905,0.968254
42.777779,50.349205,background,0.000000,34.860001,0,0,0.777778,0.968254
43.650795,50.349205,background,0.000000,34.730000,0,0,0.793651,0.968254
44.523811,50.349205,background,0.000000,34.590000,0,0,0.809524,0.968254
45.396824,50.349205,background,0.000000,34.450001,0,0,0.825397,0.968254
46.269840,50.349205,background,0.000000,34.310001,0,0,0.841270,0.968254
47.142857,50.349205,background,0.000000,34.169998,0,0,0.857143,0.968254
48.015873,50.349205,background,0.000000,34.029999,0,0,0.873016,0.968254
48.888889,50.349205,background,0.000000,33.889999,0,0,0.888889,0.968254
49.761906,50.349205,background,0.000000,33.759998,0,0,0.904762,0.968254
50.634922,50.349205,background,0.000000,33.619999,0,0,0.920635,0.968254
51.507938,50.349205,background,0.000000,33.490002,0,0,0.936508,0.968254
52.380951,50.349205,background,0.000000,33.369999,0,0,0.952381,0.968254
53.253967,50.349205,background,0.000000,33.259998,0,0,0.968254,0.968254
54.126984,50.349205,background,0.000000,33.169998,0,0,0.984127,0.968254
55.000000,50.349205,background,0.000000,33.119999,0,0,1.000000,0.968254
0.000000,51.174603,background,0.000000,31.969999,0,0,0.000000,0.984127
0.873016,51.174603,background,0.000000,32.029999,0,0,0.015873,0.984127
1.746032,51.174603,background,0.000000,32.110001,0,0,0.031746,0.984127
2.619048,51.174603,background,0.000000,32.220001,0,0,0.047619,0.984127
3.492064,51.174603,background,0.000000,32.340000,0,0,0.063492,0.984127
4.365079,51.174603,background,0.000000,32.459999,0,0,0.079365,0.984127
5.238095,51.174603,background,0.000000,32.590000,0,0,0.095238,0.984127
6.111111,51.174603,background,0.000000,32.720001,0,0,0.111111,0.984127
6.984127,51.174603,background,0.000000,32.860001,0,0,0.126984,0.984127
7.857143,51.174603,background,0.000000,32.990002,0,0,0.142857,0.984127
8.730159,51.174603,background,0.000000,33.130001,0,0,0.158730,0.984127
9.603174,51.174603,background,0.000000,33.270000,0,0,0.174603,0.984127
10.476191,51.174603,background,0.000000,33.410000,0,0,0.190476,0.984127
11.349206,51.174603,background,0.000000,33.549999,0,0,0.206349,0.984127
12.222222,51.174603,background,0.000000,33.689999,0,0,0.222222,0.984127
13.095238,51.174603,background,0.000000,33.830002,0,0,0.238095,0.984127
13.968254,51.174603,background,0.000000,33.970001,0,0,0.253968,0.984127
14.841269,51.174603,background,0.000000,34.099998,0,0,0.269841,0.984127
15.714286,51.174603,background,0.000000,34.240002,0,0,0.285714,0.984127
16.587301,51.174603,background,0.000000,34.369999,0,0,0.301587,0.984127
17.460318,51.174603,background,0.000000,34.500000,0,0,0.317460,0.984127
18.333334,51.174603,background,0.000000,34.630001,0,0,0.333333,0.984127
19.206348,51.174603,background,0.000000,34.750000,0,0,0.349206,0.984127
20.079365,51.174603,background,0.000000,34.860001,0,0,0.365079,0.984127
20.952381,51.174603,HBM_3,25.000000,34.980000,1,1,0.380952,0.984127
21.825397,51.174603,HBM_3,25.000000,35.080002,1,0,0.396825,0.984127
22.698412,51.174603,HBM_3,25.000000,35.180000,1,0,0.412698,0.984127
23.571428,51.174603,HBM_3,25.000000,35.270000,1,0,0.428571,0.984127
24.444445,51.174603,HBM_3,25.000000,35.349998,1,0,0.444444,0.984127
25.317461,51.174603,HBM_3,25.000000,35.419998,1,0,0.460317,0.984127
26.190475,51.174603,HBM_3,25.000000,35.480000,1,0,0.476190,0.984127
27.063492,51.174603,HBM_3,25.000000,35.529999,1,0,0.492063,0.984127
27.936508,51.174603,HBM_3,25.000000,35.570000,1,0,0.507937,0.984127
28.809525,51.174603,HBM_3,25.000000,35.599998,1,1,0.523810,0.984127
29.682539,51.174603,background,0.000000,35.619999,0,0,0.539683,0.984127
30.555555,51.174603,background,0.000000,35.619999,0,0,0.555556,0.984127
31.428572,51.174603,background,0.000000,35.610001,0,0,0.571429,0.984127
32.301586,51.174603,background,0.000000,35.599998,0,0,0.587302,0.984127
33.174603,51.174603,background,0.000000,35.570000,0,0,0.603175,0.984127
34.047619,51.174603,background,0.000000,35.520000,0,0,0.619048,0.984127
34.920635,51.174603,background,0.000000,35.470001,0,0,0.634921,0.984127
35.793652,51.174603,background,0.000000,35.410000,0,0,0.650794,0.984127
36.666668,51.174603,background,0.000000,35.340000,0,0,0.666667,0.984127
37.539684,51.174603,background,0.000000,35.250000,0,0,0.682540,0.984127
38.412697,51.174603,background,0.000000,35.160000,0,0,0.698413,0.984127
39.285713,51.174603,background,0.000000,35.060001,0,0,0.714286,0.984127
40.158730,51.174603,background,0.000000,34.959999,0,0,0.730159,0.984127
41.031746,51.174603,background,0.000000,34.849998,0,0,0.746032,0.984127
41.904762,51.174603,background,0.000000,34.730000,0,0,0.761905,0.984127
42.777779,51.174603,background,0.000000,34.610001,0,0,0.777778,0.984127
43.650795,51.174603,background,0.000000,34.490002,0,0,0.793651,0.984127
44.523811,51.174603,background,0.000000,34.360001,0,0,0.809524,0.984127
45.396824,51.174603,background,0.000000,34.230000,0,0,0.825397,0.984127
46.269840,51.174603,background,0.000000,34.099998,0,0,0.841270,0.984127
47.142857,51.174603,background,0.000000,33.970001,0,0,0.857143,0.984127
48.015873,51.174603,background,0.000000,33.830002,0,0,0.873016,0.984127
48.888889,51.174603,background,0.000000,33.700001,0,0,0.888889,0.984127
49.761906,51.174603,background,0.000000,33.570000,0,0,0.904762,0.984127
50.634922,51.174603,background,0.000000,33.439999,0,0,0.920635,0.984127
51.507938,51.174603,background,0.000000,33.320000,0,0,0.936508,0.984127
52.380951,51.174603,background,0.000000,33.209999,0,0,0.952381,0.984127
53.253967,51.174603,background,0.000000,33.099998,0,0,0.968254,0.984127
54.126984,51.174603,background,0.000000,33.020000,0,0,0.984127,0.984127
55.000000,51.174603,background,0.000000,32.970001,0,0,1.000000,0.984127
0.000000,52.000000,background,0.000000,31.910000,0,0,0.000000,1.000000
0.873016,52.000000,background,0.000000,31.959999,0,0,0.015873,1.000000
1.746032,52.000000,background,0.000000,32.040001,0,0,0.031746,1.000000
2.619048,52.000000,background,0.000000,32.150002,0,0,0.047619,1.000000
3.492064,52.000000,background,0.000000,32.259998,0,0,0.063492,1.000000
4.365079,52.000000,background,0.000000,32.380001,0,0,0.079365,1.000000
5.238095,52.000000,background,0.000000,32.500000,0,0,0.095238,1.000000
6.111111,52.000000,background,0.000000,32.630001,0,0,0.111111,1.000000
6.984127,52.000000,background,0.000000,32.759998,0,0,0.126984,1.000000
7.857143,52.000000,background,0.000000,32.889999,0,0,0.142857,1.000000
8.730159,52.000000,background,0.000000,33.029999,0,0,0.158730,1.000000
9.603174,52.000000,background,0.000000,33.160000,0,0,0.174603,1.000000
10.476191,52.000000,background,0.000000,33.299999,0,0,0.190476,1.000000
11.349206,52.000000,background,0.000000,33.430000,0,0,0.206349,1.000000
12.222222,52.000000,background,0.000000,33.570000,0,0,0.222222,1.000000
13.095238,52.000000,background,0.000000,33.700001,0,0,0.238095,1.000000
13.968254,52.000000,background,0.000000,33.830002,0,0,0.253968,1.000000
14.841269,52.000000,background,0.000000,33.959999,0,0,0.269841,1.000000
15.714286,52.000000,background,0.000000,34.090000,0,0,0.285714,1.000000
16.587301,52.000000,background,0.000000,34.220001,0,0,0.301587,1.000000
17.460318,52.000000,background,0.000000,34.349998,0,0,0.317460,1.000000
18.333334,52.000000,background,0.000000,34.470001,0,0,0.333333,1.000000
19.206348,52.000000,background,0.000000,34.590000,0,0,0.349206,1.000000
20.079365,52.000000,background,0.000000,34.700001,0,0,0.365079,1.000000
20.952381,52.000000,HBM_3,25.000000,34.810001,1,1,0.380952,1.000000
21.825397,52.000000,HBM_3,25.000000,34.910000,1,0,0.396825,1.000000
22.698412,52.000000,HBM_3,25.000000,35.000000,1,0,0.412698,1.000000
23.571428,52.000000,HBM_3,25.000000,35.090000,1,0,0.428571,1.000000
24.444445,52.000000,HBM_3,25.000000,35.160000,1,0,0.444444,1.000000
25.317461,52.000000,HBM_3,25.000000,35.230000,1,0,0.460317,1.000000
26.190475,52.000000,HBM_3,25.000000,35.290001,1,0,0.476190,1.000000
27.063492,52.000000,HBM_3,25.000000,35.340000,1,0,0.492063,1.000000
27.936508,52.000000,HBM_3,25.000000,35.380001,1,0,0.507937,1.000000
28.809525,52.000000,HBM_3,25.000000,35.400002,1,1,0.523810,1.000000
29.682539,52.000000,background,0.000000,35.419998,0,0,0.539683,1.000000
30.555555,52.000000,background,0.000000,35.430000,0,0,0.555556,1.000000
31.428572,52.000000,background,0.000000,35.419998,0,0,0.571429,1.000000
32.301586,52.000000,background,0.000000,35.400002,0,0,0.587302,1.000000
33.174603,52.000000,background,0.000000,35.369999,0,0,0.603175,1.000000
34.047619,52.000000,background,0.000000,35.330002,0,0,0.619048,1.000000
34.920635,52.000000,background,0.000000,35.279999,0,0,0.634921,1.000000
35.793652,52.000000,background,0.000000,35.220001,0,0,0.650794,1.000000
36.666668,52.000000,background,0.000000,35.150002,0,0,0.666667,1.000000
37.539684,52.000000,background,0.000000,35.070000,0,0,0.682540,1.000000
38.412697,52.000000,background,0.000000,34.990002,0,0,0.698413,1.000000
39.285713,52.000000,background,0.000000,34.889999,0,0,0.714286,1.000000
40.158730,52.000000,background,0.000000,34.790001,0,0,0.730159,1.000000
41.031746,52.000000,background,0.000000,34.680000,0,0,0.746032,1.000000
41.904762,52.000000,background,0.000000,34.570000,0,0,0.761905,1.000000
42.777779,52.000000,background,0.000000,34.459999,0,0,0.777778,1.000000
43.650795,52.000000,background,0.000000,34.340000,0,0,0.793651,1.000000
44.523811,52.000000,background,0.000000,34.209999,0,0,0.809524,1.000000
45.396824,52.000000,background,0.000000,34.090000,0,0,0.825397,1.000000
46.269840,52.000000,background,0.000000,33.959999,0,0,0.841270,1.000000
47.142857,52.000000,background,0.000000,33.830002,0,0,0.857143,1.000000
48.015873,52.000000,background,0.000000,33.709999,0,0,0.873016,1.000000
48.888889,52.000000,background,0.000000,33.580002,0,0,0.888889,1.000000
49.761906,52.000000,background,0.000000,33.450001,0,0,0.904762,1.000000
50.634922,52.000000,background,0.000000,33.330002,0,0,0.920635,1.000000
51.507938,52.000000,background,0.000000,33.209999,0,0,0.936508,1.000000
52.380951,52.000000,background,0.000000,33.099998,0,0,0.952381,1.000000
53.253967,52.000000,background,0.000000,33.009998,0,0,0.968254,1.000000
54.126984,52.000000,background,0.000000,32.930000,0,0,0.984127,1.000000
55.000000,52.000000,background,0.000000,32.880001,0,0,1.000000,1.000000
