optimizer,runtime_sec,wirelength,tmax,top1,top5,thermal,outline_penalty,overlap_penalty,total_cost,solver_success,solver_message,solver_objective,phases
atplace,9.015540209016763,11606.402766272717,55.78106758689961,55.66473856150657,55.19951312338582,55.19951312338582,0.0,3.947459643111668e-17,0.18241443402230872,True,Optimization terminated successfully. (HiGHS Status 7: Optimal),9571.201387199848,"[{'phase': 'initial', 'wirelength': 63626.55909594024, 'wirelength_m': 63.626559095940245, 'total_cost': 29.45062359585791, 'overlap_penalty': 0.35563279494822386, 'outline_penalty': 0.0}, {'phase': 'clump_milp', 'wirelength': 11606.402766272717, 'wirelength_m': 11.606402766272717, 'total_cost': 0.18241443402230872, 'overlap_penalty': 3.947459643111668e-17, 'outline_penalty': 0.0}, {'phase': 'analytical_refine', 'wirelength': 11606.402766272717, 'wirelength_m': 11.606402766272717, 'total_cost': 0.18241443402230872, 'overlap_penalty': 3.947459643111668e-17, 'outline_penalty': 0.0}, {'phase': 'legal_perturb', 'wirelength': 15866.609313199966, 'wirelength_m': 15.866609313199966, 'total_cost': 0.24937085296841632, 'overlap_penalty': 0.0, 'outline_penalty': 0.0}]"
atmplace,7.247702874999959,11606.402766272717,55.78106758689961,55.66473856150657,55.19951312338582,55.19951312338582,0.0,3.947459643111668e-17,0.18241443402230872,True,Optimization terminated successfully. (HiGHS Status 7: Optimal),9571.201387199848,"[{'phase': 'initial', 'wirelength': 63626.55909594024, 'wirelength_m': 63.626559095940245, 'total_cost': 29.45062359585791, 'overlap_penalty': 0.35563279494822386, 'outline_penalty': 0.0}, {'phase': 'milp_seed', 'wirelength': 11606.402766272717, 'wirelength_m': 11.606402766272717, 'total_cost': 0.18241443402230872, 'overlap_penalty': 3.947459643111668e-17, 'outline_penalty': 0.0}, {'phase': 'orientation_cgd', 'wirelength': 54572.22495399966, 'wirelength_m': 54.572224953999665, 'total_cost': 0.857695681322514, 'overlap_penalty': 0.0, 'outline_penalty': 0.0}, {'phase': 'legalization', 'wirelength': 15866.609313199966, 'wirelength_m': 15.866609313199966, 'total_cost': 0.24937085296841632, 'overlap_penalty': 0.0, 'outline_penalty': 0.0}]"
