grid_x,grid_y,chiplet_id,chiplet_power,temperature,occupancy_mask,edge_mask,coord_x_norm,coord_y_norm
0.000000,0.000000,background,0.000000,50.700001,0,0,0.000000,0.000000
0.619048,0.000000,background,0.000000,50.849998,0,0,0.015873,0.000000
1.238095,0.000000,background,0.000000,51.099998,0,0,0.031746,0.000000
1.857143,0.000000,background,0.000000,51.430000,0,0,0.047619,0.000000
2.476191,0.000000,background,0.000000,51.799999,0,0,0.063492,0.000000
3.095238,0.000000,background,0.000000,52.189999,0,0,0.079365,0.000000
3.714286,0.000000,background,0.000000,52.610001,0,0,0.095238,0.000000
4.333333,0.000000,background,0.000000,53.040001,0,0,0.111111,0.000000
4.952381,0.000000,background,0.000000,53.470001,0,0,0.126984,0.000000
5.571429,0.000000,background,0.000000,53.900002,0,0,0.142857,0.000000
6.190476,0.000000,background,0.000000,54.330002,0,0,0.158730,0.000000
6.809524,0.000000,background,0.000000,54.759998,0,0,0.174603,0.000000
7.428571,0.000000,background,0.000000,55.180000,0,0,0.190476,0.000000
8.047619,0.000000,background,0.000000,55.590000,0,0,0.206349,0.000000
8.666667,0.000000,DRAM_1,20.000000,55.990002,1,1,0.222222,0.000000
9.285714,0.000000,DRAM_1,20.000000,56.380001,1,1,0.238095,0.000000
9.904762,0.000000,DRAM_1,20.000000,56.750000,1,1,0.253968,0.000000
10.523809,0.000000,DRAM_1,20.000000,57.110001,1,1,0.269841,0.000000
11.142858,0.000000,DRAM_1,20.000000,57.439999,1,1,0.285714,0.000000
11.761905,0.000000,DRAM_1,20.000000,57.759998,1,1,0.301587,0.000000
12.380953,0.000000,DRAM_1,20.000000,58.049999,1,1,0.317460,0.000000
13.000000,0.000000,DRAM_1,20.000000,58.330002,1,1,0.333333,0.000000
13.619047,0.000000,DRAM_1,20.000000,58.590000,1,1,0.349206,0.000000
14.238095,0.000000,DRAM_1,20.000000,58.840000,1,1,0.365079,0.000000
14.857142,0.000000,DRAM_1,20.000000,59.060001,1,1,0.380952,0.000000
15.476191,0.000000,DRAM_1,20.000000,59.270000,1,1,0.396825,0.000000
16.095238,0.000000,DRAM_1,20.000000,59.430000,1,1,0.412698,0.000000
16.714285,0.000000,DRAM_1,20.000000,59.540001,1,1,0.428571,0.000000
17.333334,0.000000,DRAM_1,20.000000,59.869999,1,1,0.444444,0.000000
17.952381,0.000000,background,0.000000,60.009998,0,0,0.460317,0.000000
18.571428,0.000000,background,0.000000,60.060001,0,0,0.476190,0.000000
19.190475,0.000000,background,0.000000,60.040001,0,0,0.492063,0.000000
19.809525,0.000000,background,0.000000,59.970001,0,0,0.507937,0.000000
20.428572,0.000000,background,0.000000,59.860001,0,0,0.523810,0.000000
21.047619,0.000000,background,0.000000,59.689999,0,0,0.539683,0.000000
21.666666,0.000000,background,0.000000,59.490002,0,0,0.555556,0.000000
22.285715,0.000000,background,0.000000,59.250000,0,0,0.571429,0.000000
22.904762,0.000000,background,0.000000,58.970001,0,0,0.587302,0.000000
23.523809,0.000000,background,0.000000,58.660000,0,0,0.603175,0.000000
24.142857,0.000000,background,0.000000,58.299999,0,0,0.619048,0.000000
24.761906,0.000000,background,0.000000,57.889999,0,0,0.634921,0.000000
25.380953,0.000000,background,0.000000,57.419998,0,0,0.650794,0.000000
26.000000,0.000000,background,0.000000,56.840000,0,0,0.666667,0.000000
26.619047,0.000000,background,0.000000,56.369999,0,0,0.682540,0.000000
27.238094,0.000000,background,0.000000,55.709999,0,0,0.698413,0.000000
27.857143,0.000000,background,0.000000,55.060001,0,0,0.714286,0.000000
28.476191,0.000000,background,0.000000,54.450001,0,0,0.730159,0.000000
29.095238,0.000000,background,0.000000,53.869999,0,0,0.746032,0.000000
29.714285,0.000000,background,0.000000,53.320000,0,0,0.761905,0.000000
30.333334,0.000000,background,0.000000,52.790001,0,0,0.777778,0.000000
30.952381,0.000000,background,0.000000,52.279999,0,0,0.793651,0.000000
31.571428,0.000000,background,0.000000,51.779999,0,0,0.809524,0.000000
32.190475,0.000000,background,0.000000,51.290001,0,0,0.825397,0.000000
32.809525,0.000000,background,0.000000,50.820000,0,0,0.841270,0.000000
33.428570,0.000000,background,0.000000,50.349998,0,0,0.857143,0.000000
34.047619,0.000000,background,0.000000,49.889999,0,0,0.873016,0.000000
34.666668,0.000000,background,0.000000,49.450001,0,0,0.888889,0.000000
35.285713,0.000000,background,0.000000,49.009998,0,0,0.904762,0.000000
35.904762,0.000000,background,0.000000,48.599998,0,0,0.920635,0.000000
36.523811,0.000000,background,0.000000,48.200001,0,0,0.936508,0.000000
37.142857,0.000000,background,0.000000,47.840000,0,0,0.952381,0.000000
37.761906,0.000000,background,0.000000,47.520000,0,0,0.968254,0.000000
38.380951,0.000000,background,0.000000,47.270000,0,0,0.984127,0.000000
39.000000,0.000000,background,0.000000,47.119999,0,0,1.000000,0.000000
0.000000,0.619048,background,0.000000,50.860001,0,0,0.000000,0.015873
0.619048,0.619048,background,0.000000,51.020000,0,0,0.015873,0.015873
1.238095,0.619048,background,0.000000,51.279999,0,0,0.031746,0.015873
1.857143,0.619048,background,0.000000,51.610001,0,0,0.047619,0.015873
2.476191,0.619048,background,0.000000,51.990002,0,0,0.063492,0.015873
3.095238,0.619048,background,0.000000,52.400002,0,0,0.079365,0.015873
3.714286,0.619048,background,0.000000,52.820000,0,0,0.095238,0.015873
4.333333,0.619048,background,0.000000,53.259998,0,0,0.111111,0.015873
4.952381,0.619048,background,0.000000,53.700001,0,0,0.126984,0.015873
5.571429,0.619048,background,0.000000,54.150002,0,0,0.142857,0.015873
6.190476,0.619048,background,0.000000,54.590000,0,0,0.158730,0.015873
6.809524,0.619048,background,0.000000,55.029999,0,0,0.174603,0.015873
7.428571,0.619048,background,0.000000,55.470001,0,0,0.190476,0.015873
8.047619,0.619048,background,0.000000,55.889999,0,0,0.206349,0.015873
8.666667,0.619048,DRAM_1,20.000000,56.299999,1,1,0.222222,0.015873
9.285714,0.619048,DRAM_1,20.000000,56.700001,1,0,0.238095,0.015873
9.904762,0.619048,DRAM_1,20.000000,57.080002,1,0,0.253968,0.015873
10.523809,0.619048,DRAM_1,20.000000,57.450001,1,0,0.269841,0.015873
11.142858,0.619048,DRAM_1,20.000000,57.790001,1,0,0.285714,0.015873
11.761905,0.619048,DRAM_1,20.000000,58.119999,1,0,0.301587,0.015873
12.380953,0.619048,DRAM_1,20.000000,58.419998,1,0,0.317460,0.015873
13.000000,0.619048,DRAM_1,20.000000,58.709999,1,0,0.333333,0.015873
13.619047,0.619048,DRAM_1,20.000000,58.980000,1,0,0.349206,0.015873
14.238095,0.619048,DRAM_1,20.000000,59.230000,1,0,0.365079,0.015873
14.857142,0.619048,DRAM_1,20.000000,59.470001,1,0,0.380952,0.015873
15.476191,0.619048,DRAM_1,20.000000,59.700001,1,0,0.396825,0.015873
16.095238,0.619048,DRAM_1,20.000000,59.919998,1,0,0.412698,0.015873
16.714285,0.619048,DRAM_1,20.000000,60.130001,1,0,0.428571,0.015873
17.333334,0.619048,DRAM_1,20.000000,60.529999,1,1,0.444444,0.015873
17.952381,0.619048,background,0.000000,60.689999,0,0,0.460317,0.015873
18.571428,0.619048,background,0.000000,60.740002,0,0,0.476190,0.015873
19.190475,0.619048,background,0.000000,60.720001,0,0,0.492063,0.015873
19.809525,0.619048,background,0.000000,60.650002,0,0,0.507937,0.015873
20.428572,0.619048,background,0.000000,60.520000,0,0,0.523810,0.015873
21.047619,0.619048,background,0.000000,60.349998,0,0,0.539683,0.015873
21.666666,0.619048,background,0.000000,60.139999,0,0,0.555556,0.015873
22.285715,0.619048,background,0.000000,59.889999,0,0,0.571429,0.015873
22.904762,0.619048,background,0.000000,59.599998,0,0,0.587302,0.015873
23.523809,0.619048,background,0.000000,59.259998,0,0,0.603175,0.015873
24.142857,0.619048,background,0.000000,58.889999,0,0,0.619048,0.015873
24.761906,0.619048,background,0.000000,58.459999,0,0,0.634921,0.015873
25.380953,0.619048,background,0.000000,57.970001,0,0,0.650794,0.015873
26.000000,0.619048,background,0.000000,57.349998,0,0,0.666667,0.015873
26.619047,0.619048,background,0.000000,56.779999,0,0,0.682540,0.015873
27.238094,0.619048,background,0.000000,56.040001,0,0,0.698413,0.015873
27.857143,0.619048,background,0.000000,55.349998,0,0,0.714286,0.015873
28.476191,0.619048,background,0.000000,54.709999,0,0,0.730159,0.015873
29.095238,0.619048,background,0.000000,54.110001,0,0,0.746032,0.015873
29.714285,0.619048,background,0.000000,53.549999,0,0,0.761905,0.015873
30.333334,0.619048,background,0.000000,53.000000,0,0,0.777778,0.015873
30.952381,0.619048,background,0.000000,52.480000,0,0,0.793651,0.015873
31.571428,0.619048,background,0.000000,51.970001,0,0,0.809524,0.015873
32.190475,0.619048,background,0.000000,51.470001,0,0,0.825397,0.015873
32.809525,0.619048,background,0.000000,50.980000,0,0,0.841270,0.015873
33.428570,0.619048,background,0.000000,50.500000,0,0,0.857143,0.015873
34.047619,0.619048,background,0.000000,50.040001,0,0,0.873016,0.015873
34.666668,0.619048,background,0.000000,49.580002,0,0,0.888889,0.015873
35.285713,0.619048,background,0.000000,49.139999,0,0,0.904762,0.015873
35.904762,0.619048,background,0.000000,48.709999,0,0,0.920635,0.015873
36.523811,0.619048,background,0.000000,48.310001,0,0,0.936508,0.015873
37.142857,0.619048,background,0.000000,47.939999,0,0,0.952381,0.015873
37.761906,0.619048,background,0.000000,47.610001,0,0,0.968254,0.015873
38.380951,0.619048,background,0.000000,47.349998,0,0,0.984127,0.015873
39.000000,0.619048,background,0.000000,47.200001,0,0,1.000000,0.015873
0.000000,1.238095,background,0.000000,51.130001,0,0,0.000000,0.031746
0.619048,1.238095,background,0.000000,51.299999,0,0,0.015873,0.031746
1.238095,1.238095,background,0.000000,51.570000,0,0,0.031746,0.031746
1.857143,1.238095,background,0.000000,51.919998,0,0,0.047619,0.031746
2.476191,1.238095,background,0.000000,52.310001,0,0,0.063492,0.031746
3.095238,1.238095,background,0.000000,52.740002,0,0,0.079365,0.031746
3.714286,1.238095,background,0.000000,53.180000,0,0,0.095238,0.031746
4.333333,1.238095,background,0.000000,53.639999,0,0,0.111111,0.031746
4.952381,1.238095,background,0.000000,54.110001,0,0,0.126984,0.031746
5.571429,1.238095,background,0.000000,54.570000,0,0,0.142857,0.031746
6.190476,1.238095,background,0.000000,55.040001,0,0,0.158730,0.031746
6.809524,1.238095,background,0.000000,55.500000,0,0,0.174603,0.031746
7.428571,1.238095,background,0.000000,55.950001,0,0,0.190476,0.031746
8.047619,1.238095,background,0.000000,56.400002,0,0,0.206349,0.031746
8.666667,1.238095,DRAM_1,20.000000,56.830002,1,1,0.222222,0.031746
9.285714,1.238095,DRAM_1,20.000000,57.250000,1,0,0.238095,0.031746
9.904762,1.238095,DRAM_1,20.000000,57.650002,1,0,0.253968,0.031746
10.523809,1.238095,DRAM_1,20.000000,58.029999,1,0,0.269841,0.031746
11.142858,1.238095,DRAM_1,20.000000,58.389999,1,0,0.285714,0.031746
11.761905,1.238095,DRAM_1,20.000000,58.740002,1,0,0.301587,0.031746
12.380953,1.238095,DRAM_1,20.000000,59.049999,1,0,0.317460,0.031746
13.000000,1.238095,DRAM_1,20.000000,59.349998,1,0,0.333333,0.031746
13.619047,1.238095,DRAM_1,20.000000,59.630001,1,0,0.349206,0.031746
14.238095,1.238095,DRAM_1,20.000000,59.900002,1,0,0.365079,0.031746
14.857142,1.238095,DRAM_1,20.000000,60.160000,1,0,0.380952,0.031746
15.476191,1.238095,DRAM_1,20.000000,60.419998,1,0,0.396825,0.031746
16.095238,1.238095,DRAM_1,20.000000,60.700001,1,0,0.412698,0.031746
16.714285,1.238095,DRAM_1,20.000000,61.020000,1,0,0.428571,0.031746
17.333334,1.238095,DRAM_1,20.000000,61.480000,1,1,0.444444,0.031746
17.952381,1.238095,background,0.000000,61.650002,0,0,0.460317,0.031746
18.571428,1.238095,background,0.000000,61.700001,0,0,0.476190,0.031746
19.190475,1.238095,background,0.000000,61.680000,0,0,0.492063,0.031746
19.809525,1.238095,background,0.000000,61.590000,0,0,0.507937,0.031746
20.428572,1.238095,background,0.000000,61.459999,0,0,0.523810,0.031746
21.047619,1.238095,background,0.000000,61.279999,0,0,0.539683,0.031746
21.666666,1.238095,background,0.000000,61.049999,0,0,0.555556,0.031746
22.285715,1.238095,background,0.000000,60.779999,0,0,0.571429,0.031746
22.904762,1.238095,background,0.000000,60.470001,0,0,0.587302,0.031746
23.523809,1.238095,background,0.000000,60.110001,0,0,0.603175,0.031746
24.142857,1.238095,background,0.000000,59.709999,0,0,0.619048,0.031746
24.761906,1.238095,background,0.000000,59.259998,0,0,0.634921,0.031746
25.380953,1.238095,background,0.000000,58.740002,0,0,0.650794,0.031746
26.000000,1.238095,background,0.000000,58.080002,0,0,0.666667,0.031746
26.619047,1.238095,background,0.000000,57.400002,0,0,0.682540,0.031746
27.238094,1.238095,background,0.000000,56.570000,0,0,0.698413,0.031746
27.857143,1.238095,background,0.000000,55.820000,0,0,0.714286,0.031746
28.476191,1.238095,background,0.000000,55.150002,0,0,0.730159,0.031746
29.095238,1.238095,background,0.000000,54.520000,0,0,0.746032,0.031746
29.714285,1.238095,background,0.000000,53.930000,0,0,0.761905,0.031746
30.333334,1.238095,background,0.000000,53.360001,0,0,0.777778,0.031746
30.952381,1.238095,background,0.000000,52.810001,0,0,0.793651,0.031746
31.571428,1.238095,background,0.000000,52.279999,0,0,0.809524,0.031746
32.190475,1.238095,background,0.000000,51.759998,0,0,0.825397,0.031746
32.809525,1.238095,background,0.000000,51.259998,0,0,0.841270,0.031746
33.428570,1.238095,background,0.000000,50.759998,0,0,0.857143,0.031746
34.047619,1.238095,background,0.000000,50.279999,0,0,0.873016,0.031746
34.666668,1.238095,background,0.000000,49.799999,0,0,0.888889,0.031746
35.285713,1.238095,background,0.000000,49.349998,0,0,0.904762,0.031746
35.904762,1.238095,background,0.000000,48.900002,0,0,0.920635,0.031746
36.523811,1.238095,background,0.000000,48.490002,0,0,0.936508,0.031746
37.142857,1.238095,background,0.000000,48.099998,0,0,0.952381,0.031746
37.761906,1.238095,background,0.000000,47.770000,0,0,0.968254,0.031746
38.380951,1.238095,background,0.000000,47.500000,0,0,0.984127,0.031746
39.000000,1.238095,background,0.000000,47.340000,0,0,1.000000,0.031746
0.000000,1.857143,background,0.000000,51.490002,0,0,0.000000,0.047619
0.619048,1.857143,background,0.000000,51.660000,0,0,0.015873,0.047619
1.238095,1.857143,background,0.000000,51.950001,0,0,0.031746,0.047619
1.857143,1.857143,background,0.000000,52.310001,0,0,0.047619,0.047619
2.476191,1.857143,background,0.000000,52.730000,0,0,0.063492,0.047619
3.095238,1.857143,background,0.000000,53.180000,0,0,0.079365,0.047619
3.714286,1.857143,background,0.000000,53.650002,0,0,0.095238,0.047619
4.333333,1.857143,background,0.000000,54.130001,0,0,0.111111,0.047619
4.952381,1.857143,background,0.000000,54.619999,0,0,0.126984,0.047619
5.571429,1.857143,background,0.000000,55.119999,0,0,0.142857,0.047619
6.190476,1.857143,background,0.000000,55.610001,0,0,0.158730,0.047619
6.809524,1.857143,background,0.000000,56.099998,0,0,0.174603,0.047619
7.428571,1.857143,background,0.000000,56.580002,0,0,0.190476,0.047619
8.047619,1.857143,background,0.000000,57.060001,0,0,0.206349,0.047619
8.666667,1.857143,DRAM_1,20.000000,57.520000,1,1,0.222222,0.047619
9.285714,1.857143,DRAM_1,20.000000,57.959999,1,0,0.238095,0.047619
9.904762,1.857143,DRAM_1,20.000000,58.389999,1,0,0.253968,0.047619
10.523809,1.857143,DRAM_1,20.000000,58.799999,1,0,0.269841,0.047619
11.142858,1.857143,DRAM_1,20.000000,59.180000,1,0,0.285714,0.047619
11.761905,1.857143,DRAM_1,20.000000,59.549999,1,0,0.301587,0.047619
12.380953,1.857143,DRAM_1,20.000000,59.880001,1,0,0.317460,0.047619
13.000000,1.857143,DRAM_1,20.000000,60.200001,1,0,0.333333,0.047619
13.619047,1.857143,DRAM_1,20.000000,60.490002,1,0,0.349206,0.047619
14.238095,1.857143,DRAM_1,20.000000,60.779999,1,0,0.365079,0.047619
14.857142,1.857143,DRAM_1,20.000000,61.049999,1,0,0.380952,0.047619
15.476191,1.857143,DRAM_1,20.000000,61.340000,1,0,0.396825,0.047619
16.095238,1.857143,DRAM_1,20.000000,61.669998,1,0,0.412698,0.047619
16.714285,1.857143,DRAM_1,20.000000,62.049999,1,0,0.428571,0.047619
17.333334,1.857143,DRAM_1,20.000000,62.549999,1,1,0.444444,0.047619
17.952381,1.857143,background,0.000000,62.720001,0,0,0.460317,0.047619
18.571428,1.857143,background,0.000000,62.770000,0,0,0.476190,0.047619
19.190475,1.857143,background,0.000000,62.740002,0,0,0.492063,0.047619
19.809525,1.857143,background,0.000000,62.650002,0,0,0.507937,0.047619
20.428572,1.857143,background,0.000000,62.500000,0,0,0.523810,0.047619
21.047619,1.857143,background,0.000000,62.299999,0,0,0.539683,0.047619
21.666666,1.857143,background,0.000000,62.060001,0,0,0.555556,0.047619
22.285715,1.857143,background,0.000000,61.770000,0,0,0.571429,0.047619
22.904762,1.857143,background,0.000000,61.430000,0,0,0.587302,0.047619
23.523809,1.857143,background,0.000000,61.049999,0,0,0.603175,0.047619
24.142857,1.857143,background,0.000000,60.630001,0,0,0.619048,0.047619
24.761906,1.857143,background,0.000000,60.150002,0,0,0.634921,0.047619
25.380953,1.857143,background,0.000000,59.599998,0,0,0.650794,0.047619
26.000000,1.857143,background,0.000000,58.889999,0,0,0.666667,0.047619
26.619047,1.857143,background,0.000000,58.139999,0,0,0.682540,0.047619
27.238094,1.857143,background,0.000000,57.230000,0,0,0.698413,0.047619
27.857143,1.857143,background,0.000000,56.419998,0,0,0.714286,0.047619
28.476191,1.857143,background,0.000000,55.700001,0,0,0.730159,0.047619
29.095238,1.857143,background,0.000000,55.029999,0,0,0.746032,0.047619
29.714285,1.857143,background,0.000000,54.410000,0,0,0.761905,0.047619
30.333334,1.857143,background,0.000000,53.810001,0,0,0.777778,0.047619
30.952381,1.857143,background,0.000000,53.240002,0,0,0.793651,0.047619
31.571428,1.857143,background,0.000000,52.680000,0,0,0.809524,0.047619
32.190475,1.857143,background,0.000000,52.139999,0,0,0.825397,0.047619
32.809525,1.857143,background,0.000000,51.610001,0,0,0.841270,0.047619
33.428570,1.857143,background,0.000000,51.090000,0,0,0.857143,0.047619
34.047619,1.857143,background,0.000000,50.580002,0,0,0.873016,0.047619
34.666668,1.857143,background,0.000000,50.090000,0,0,0.888889,0.047619
35.285713,1.857143,background,0.000000,49.610001,0,0,0.904762,0.047619
35.904762,1.857143,background,0.000000,49.150002,0,0,0.920635,0.047619
36.523811,1.857143,background,0.000000,48.720001,0,0,0.936508,0.047619
37.142857,1.857143,background,0.000000,48.320000,0,0,0.952381,0.047619
37.761906,1.857143,background,0.000000,47.959999,0,0,0.968254,0.047619
38.380951,1.857143,background,0.000000,47.689999,0,0,0.984127,0.047619
39.000000,1.857143,background,0.000000,47.520000,0,0,1.000000,0.047619
0.000000,2.476191,background,0.000000,51.889999,0,0,0.000000,0.063492
0.619048,2.476191,background,0.000000,52.070000,0,0,0.015873,0.063492
1.238095,2.476191,background,0.000000,52.380001,0,0,0.031746,0.063492
1.857143,2.476191,background,0.000000,52.770000,0,0,0.047619,0.063492
2.476191,2.476191,background,0.000000,53.209999,0,0,0.063492,0.063492
3.095238,2.476191,background,0.000000,53.689999,0,0,0.079365,0.063492
3.714286,2.476191,background,0.000000,54.189999,0,0,0.095238,0.063492
4.333333,2.476191,background,0.000000,54.700001,0,0,0.111111,0.063492
4.952381,2.476191,background,0.000000,55.220001,0,0,0.126984,0.063492
5.571429,2.476191,background,0.000000,55.750000,0,0,0.142857,0.063492
6.190476,2.476191,background,0.000000,56.270000,0,0,0.158730,0.063492
6.809524,2.476191,background,0.000000,56.799999,0,0,0.174603,0.063492
7.428571,2.476191,background,0.000000,57.320000,0,0,0.190476,0.063492
8.047619,2.476191,background,0.000000,57.830002,0,0,0.206349,0.063492
8.666667,2.476191,DRAM_1,20.000000,58.330002,1,1,0.222222,0.063492
9.285714,2.476191,DRAM_1,20.000000,58.810001,1,0,0.238095,0.063492
9.904762,2.476191,DRAM_1,20.000000,59.270000,1,0,0.253968,0.063492
10.523809,2.476191,DRAM_1,20.000000,59.709999,1,0,0.269841,0.063492
11.142858,2.476191,DRAM_1,20.000000,60.119999,1,0,0.285714,0.063492
11.761905,2.476191,DRAM_1,20.000000,60.509998,1,0,0.301587,0.063492
12.380953,2.476191,DRAM_1,20.000000,60.869999,1,0,0.317460,0.063492
13.000000,2.476191,DRAM_1,20.000000,61.200001,1,0,0.333333,0.063492
13.619047,2.476191,DRAM_1,20.000000,61.520000,1,0,0.349206,0.063492
14.238095,2.476191,DRAM_1,20.000000,61.810001,1,0,0.365079,0.063492
14.857142,2.476191,DRAM_1,20.000000,62.099998,1,0,0.380952,0.063492
15.476191,2.476191,DRAM_1,20.000000,62.410000,1,0,0.396825,0.063492
16.095238,2.476191,DRAM_1,20.000000,62.759998,1,0,0.412698,0.063492
16.714285,2.476191,DRAM_1,20.000000,63.180000,1,0,0.428571,0.063492
17.333334,2.476191,DRAM_1,20.000000,63.680000,1,1,0.444444,0.063492
17.952381,2.476191,background,0.000000,63.860001,0,0,0.460317,0.063492
18.571428,2.476191,background,0.000000,63.900002,0,0,0.476190,0.063492
19.190475,2.476191,background,0.000000,63.860001,0,0,0.492063,0.063492
19.809525,2.476191,background,0.000000,63.759998,0,0,0.507937,0.063492
20.428572,2.476191,background,0.000000,63.599998,0,0,0.523810,0.063492
21.047619,2.476191,background,0.000000,63.380001,0,0,0.539683,0.063492
21.666666,2.476191,background,0.000000,63.119999,0,0,0.555556,0.063492
22.285715,2.476191,background,0.000000,62.799999,0,0,0.571429,0.063492
22.904762,2.476191,background,0.000000,62.439999,0,0,0.587302,0.063492
23.523809,2.476191,background,0.000000,62.040001,0,0,0.603175,0.063492
24.142857,2.476191,background,0.000000,61.580002,0,0,0.619048,0.063492
24.761906,2.476191,background,0.000000,61.070000,0,0,0.634921,0.063492
25.380953,2.476191,background,0.000000,60.490002,0,0,0.650794,0.063492
26.000000,2.476191,background,0.000000,59.750000,0,0,0.666667,0.063492
26.619047,2.476191,background,0.000000,58.939999,0,0,0.682540,0.063492
27.238094,2.476191,background,0.000000,57.959999,0,0,0.698413,0.063492
27.857143,2.476191,background,0.000000,57.090000,0,0,0.714286,0.063492
28.476191,2.476191,background,0.000000,56.320000,0,0,0.730159,0.063492
29.095238,2.476191,background,0.000000,55.619999,0,0,0.746032,0.063492
29.714285,2.476191,background,0.000000,54.959999,0,0,0.761905,0.063492
30.333334,2.476191,background,0.000000,54.330002,0,0,0.777778,0.063492
30.952381,2.476191,background,0.000000,53.720001,0,0,0.793651,0.063492
31.571428,2.476191,background,0.000000,53.139999,0,0,0.809524,0.063492
32.190475,2.476191,background,0.000000,52.570000,0,0,0.825397,0.063492
32.809525,2.476191,background,0.000000,52.009998,0,0,0.841270,0.063492
33.428570,2.476191,background,0.000000,51.459999,0,0,0.857143,0.063492
34.047619,2.476191,background,0.000000,50.930000,0,0,0.873016,0.063492
34.666668,2.476191,background,0.000000,50.410000,0,0,0.888889,0.063492
35.285713,2.476191,background,0.000000,49.910000,0,0,0.904762,0.063492
35.904762,2.476191,background,0.000000,49.430000,0,0,0.920635,0.063492
36.523811,2.476191,background,0.000000,48.980000,0,0,0.936508,0.063492
37.142857,2.476191,background,0.000000,48.560001,0,0,0.952381,0.063492
37.761906,2.476191,background,0.000000,48.189999,0,0,0.968254,0.063492
38.380951,2.476191,background,0.000000,47.910000,0,0,0.984127,0.063492
39.000000,2.476191,background,0.000000,47.740002,0,0,1.000000,0.063492
0.000000,3.095238,background,0.000000,52.340000,0,0,0.000000,0.079365
0.619048,3.095238,background,0.000000,52.529999,0,0,0.015873,0.079365
1.238095,3.095238,background,0.000000,52.849998,0,0,0.031746,0.079365
1.857143,3.095238,background,0.000000,53.270000,0,0,0.047619,0.079365
2.476191,3.095238,background,0.000000,53.740002,0,0,0.063492,0.079365
3.095238,3.095238,background,0.000000,54.240002,0,0,0.079365,0.079365
3.714286,3.095238,background,0.000000,54.770000,0,0,0.095238,0.079365
4.333333,3.095238,background,0.000000,55.320000,0,0,0.111111,0.079365
4.952381,3.095238,background,0.000000,55.880001,0,0,0.126984,0.079365
5.571429,3.095238,background,0.000000,56.439999,0,0,0.142857,0.079365
6.190476,3.095238,background,0.000000,57.009998,0,0,0.158730,0.079365
6.809524,3.095238,background,0.000000,57.580002,0,0,0.174603,0.079365
7.428571,3.095238,background,0.000000,58.139999,0,0,0.190476,0.079365
8.047619,3.095238,background,0.000000,58.689999,0,0,0.206349,0.079365
8.666667,3.095238,DRAM_1,20.000000,59.240002,1,1,0.222222,0.079365
9.285714,3.095238,DRAM_1,20.000000,59.759998,1,0,0.238095,0.079365
9.904762,3.095238,DRAM_1,20.000000,60.270000,1,0,0.253968,0.079365
10.523809,3.095238,DRAM_1,20.000000,60.750000,1,0,0.269841,0.079365
11.142858,3.095238,DRAM_1,20.000000,61.189999,1,0,0.285714,0.079365
11.761905,3.095238,DRAM_1,20.000000,61.610001,1,0,0.301587,0.079365
12.380953,3.095238,DRAM_1,20.000000,62.000000,1,0,0.317460,0.079365
13.000000,3.095238,DRAM_1,20.000000,62.349998,1,0,0.333333,0.079365
13.619047,3.095238,DRAM_1,20.000000,62.680000,1,0,0.349206,0.079365
14.238095,3.095238,DRAM_1,20.000000,62.990002,1,0,0.365079,0.079365
14.857142,3.095238,DRAM_1,20.000000,63.290001,1,0,0.380952,0.079365
15.476191,3.095238,DRAM_1,20.000000,63.599998,1,0,0.396825,0.079365
16.095238,3.095238,DRAM_1,20.000000,63.950001,1,0,0.412698,0.079365
16.714285,3.095238,DRAM_1,20.000000,64.370003,1,0,0.428571,0.079365
17.333334,3.095238,DRAM_1,20.000000,64.870003,1,1,0.444444,0.079365
17.952381,3.095238,background,0.000000,65.050003,0,0,0.460317,0.079365
18.571428,3.095238,background,0.000000,65.080002,0,0,0.476190,0.079365
19.190475,3.095238,background,0.000000,65.029999,0,0,0.492063,0.079365
19.809525,3.095238,background,0.000000,64.910004,0,0,0.507937,0.079365
20.428572,3.095238,background,0.000000,64.739998,0,0,0.523810,0.079365
21.047619,3.095238,background,0.000000,64.500000,0,0,0.539683,0.079365
21.666666,3.095238,background,0.000000,64.209999,0,0,0.555556,0.079365
22.285715,3.095238,background,0.000000,63.880001,0,0,0.571429,0.079365
22.904762,3.095238,background,0.000000,63.490002,0,0,0.587302,0.079365
23.523809,3.095238,background,0.000000,63.049999,0,0,0.603175,0.079365
24.142857,3.095238,background,0.000000,62.570000,0,0,0.619048,0.079365
24.761906,3.095238,background,0.000000,62.020000,0,0,0.634921,0.079365
25.380953,3.095238,background,0.000000,61.410000,0,0,0.650794,0.079365
26.000000,3.095238,background,0.000000,60.630001,0,0,0.666667,0.079365
26.619047,3.095238,background,0.000000,59.779999,0,0,0.682540,0.079365
27.238094,3.095238,background,0.000000,58.740002,0,0,0.698413,0.079365
27.857143,3.095238,background,0.000000,57.820000,0,0,0.714286,0.079365
28.476191,3.095238,background,0.000000,57.000000,0,0,0.730159,0.079365
29.095238,3.095238,background,0.000000,56.250000,0,0,0.746032,0.079365
29.714285,3.095238,background,0.000000,55.549999,0,0,0.761905,0.079365
30.333334,3.095238,background,0.000000,54.889999,0,0,0.777778,0.079365
30.952381,3.095238,background,0.000000,54.250000,0,0,0.793651,0.079365
31.571428,3.095238,background,0.000000,53.630001,0,0,0.809524,0.079365
32.190475,3.095238,background,0.000000,53.020000,0,0,0.825397,0.079365
32.809525,3.095238,background,0.000000,52.439999,0,0,0.841270,0.079365
33.428570,3.095238,background,0.000000,51.860001,0,0,0.857143,0.079365
34.047619,3.095238,background,0.000000,51.310001,0,0,0.873016,0.079365
34.666668,3.095238,background,0.000000,50.759998,0,0,0.888889,0.079365
35.285713,3.095238,background,0.000000,50.240002,0,0,0.904762,0.079365
35.904762,3.095238,background,0.000000,49.740002,0,0,0.920635,0.079365
36.523811,3.095238,background,0.000000,49.259998,0,0,0.936508,0.079365
37.142857,3.095238,background,0.000000,48.820000,0,0,0.952381,0.079365
37.761906,3.095238,background,0.000000,48.439999,0,0,0.968254,0.079365
38.380951,3.095238,background,0.000000,48.139999,0,0,0.984127,0.079365
39.000000,3.095238,background,0.000000,47.959999,0,0,1.000000,0.079365
0.000000,3.714286,background,0.000000,52.810001,0,0,0.000000,0.095238
0.619048,3.714286,background,0.000000,53.020000,0,0,0.015873,0.095238
1.238095,3.714286,background,0.000000,53.360001,0,0,0.031746,0.095238
1.857143,3.714286,background,0.000000,53.799999,0,0,0.047619,0.095238
2.476191,3.714286,background,0.000000,54.299999,0,0,0.063492,0.095238
3.095238,3.714286,background,0.000000,54.840000,0,0,0.079365,0.095238
3.714286,3.714286,background,0.000000,55.410000,0,0,0.095238,0.095238
4.333333,3.714286,background,0.000000,55.990002,0,0,0.111111,0.095238
4.952381,3.714286,background,0.000000,56.590000,0,0,0.126984,0.095238
5.571429,3.714286,background,0.000000,57.200001,0,0,0.142857,0.095238
6.190476,3.714286,background,0.000000,57.810001,0,0,0.158730,0.095238
6.809524,3.714286,background,0.000000,58.419998,0,0,0.174603,0.095238
7.428571,3.714286,background,0.000000,59.040001,0,0,0.190476,0.095238
8.047619,3.714286,background,0.000000,59.650002,0,0,0.206349,0.095238
8.666667,3.714286,DRAM_1,20.000000,60.250000,1,1,0.222222,0.095238
9.285714,3.714286,DRAM_1,20.000000,60.830002,1,0,0.238095,0.095238
9.904762,3.714286,DRAM_1,20.000000,61.389999,1,0,0.253968,0.095238
10.523809,3.714286,DRAM_1,20.000000,61.919998,1,0,0.269841,0.095238
11.142858,3.714286,DRAM_1,20.000000,62.410000,1,0,0.285714,0.095238
11.761905,3.714286,DRAM_1,20.000000,62.860001,1,0,0.301587,0.095238
12.380953,3.714286,DRAM_1,20.000000,63.270000,1,0,0.317460,0.095238
13.000000,3.714286,DRAM_1,20.000000,63.650002,1,0,0.333333,0.095238
13.619047,3.714286,DRAM_1,20.000000,63.990002,1,0,0.349206,0.095238
14.238095,3.714286,DRAM_1,20.000000,64.309998,1,0,0.365079,0.095238
14.857142,3.714286,DRAM_1,20.000000,64.599998,1,0,0.380952,0.095238
15.476191,3.714286,DRAM_1,20.000000,64.900002,1,0,0.396825,0.095238
16.095238,3.714286,DRAM_1,20.000000,65.239998,1,0,0.412698,0.095238
16.714285,3.714286,DRAM_1,20.000000,65.629997,1,0,0.428571,0.095238
17.333334,3.714286,DRAM_1,20.000000,66.120003,1,1,0.444444,0.095238
17.952381,3.714286,background,0.000000,66.279999,0,0,0.460317,0.095238
18.571428,3.714286,background,0.000000,66.309998,0,0,0.476190,0.095238
19.190475,3.714286,background,0.000000,66.250000,0,0,0.492063,0.095238
19.809525,3.714286,background,0.000000,66.110001,0,0,0.507937,0.095238
20.428572,3.714286,background,0.000000,65.919998,0,0,0.523810,0.095238
21.047619,3.714286,background,0.000000,65.660004,0,0,0.539683,0.095238
21.666666,3.714286,background,0.000000,65.349998,0,0,0.555556,0.095238
22.285715,3.714286,background,0.000000,64.989998,0,0,0.571429,0.095238
22.904762,3.714286,background,0.000000,64.570000,0,0,0.587302,0.095238
23.523809,3.714286,background,0.000000,64.099998,0,0,0.603175,0.095238
24.142857,3.714286,background,0.000000,63.580002,0,0,0.619048,0.095238
24.761906,3.714286,background,0.000000,63.000000,0,0,0.634921,0.095238
25.380953,3.714286,background,0.000000,62.349998,0,0,0.650794,0.095238
26.000000,3.714286,background,0.000000,61.540001,0,0,0.666667,0.095238
26.619047,3.714286,background,0.000000,60.639999,0,0,0.682540,0.095238
27.238094,3.714286,background,0.000000,59.549999,0,0,0.698413,0.095238
27.857143,3.714286,background,0.000000,58.580002,0,0,0.714286,0.095238
28.476191,3.714286,background,0.000000,57.720001,0,0,0.730159,0.095238
29.095238,3.714286,background,0.000000,56.919998,0,0,0.746032,0.095238
29.714285,3.714286,background,0.000000,56.180000,0,0,0.761905,0.095238
30.333334,3.714286,background,0.000000,55.470001,0,0,0.777778,0.095238
30.952381,3.714286,background,0.000000,54.799999,0,0,0.793651,0.095238
31.571428,3.714286,background,0.000000,54.139999,0,0,0.809524,0.095238
32.190475,3.714286,background,0.000000,53.500000,0,0,0.825397,0.095238
32.809525,3.714286,background,0.000000,52.889999,0,0,0.841270,0.095238
33.428570,3.714286,background,0.000000,52.279999,0,0,0.857143,0.095238
34.047619,3.714286,background,0.000000,51.700001,0,0,0.873016,0.095238
34.666668,3.714286,background,0.000000,51.130001,0,0,0.888889,0.095238
35.285713,3.714286,background,0.000000,50.580002,0,0,0.904762,0.095238
35.904762,3.714286,background,0.000000,50.049999,0,0,0.920635,0.095238
36.523811,3.714286,background,0.000000,49.560001,0,0,0.936508,0.095238
37.142857,3.714286,background,0.000000,49.099998,0,0,0.952381,0.095238
37.761906,3.714286,background,0.000000,48.700001,0,0,0.968254,0.095238
38.380951,3.714286,background,0.000000,48.389999,0,0,0.984127,0.095238
39.000000,3.714286,background,0.000000,48.209999,0,0,1.000000,0.095238
0.000000,4.333333,background,0.000000,53.310001,0,0,0.000000,0.111111
0.619048,4.333333,background,0.000000,53.529999,0,0,0.015873,0.111111
1.238095,4.333333,background,0.000000,53.900002,0,0,0.031746,0.111111
1.857143,4.333333,background,0.000000,54.369999,0,0,0.047619,0.111111
2.476191,4.333333,background,0.000000,54.900002,0,0,0.063492,0.111111
3.095238,4.333333,background,0.000000,55.470001,0,0,0.079365,0.111111
3.714286,4.333333,background,0.000000,56.080002,0,0,0.095238,0.111111
4.333333,4.333333,background,0.000000,56.700001,0,0,0.111111,0.111111
4.952381,4.333333,background,0.000000,57.340000,0,0,0.126984,0.111111
5.571429,4.333333,background,0.000000,58.000000,0,0,0.142857,0.111111
6.190476,4.333333,background,0.000000,58.660000,0,0,0.158730,0.111111
6.809524,4.333333,background,0.000000,59.330002,0,0,0.174603,0.111111
7.428571,4.333333,background,0.000000,60.009998,0,0,0.190476,0.111111
8.047619,4.333333,background,0.000000,60.700001,0,0,0.206349,0.111111
8.666667,4.333333,DRAM_1,20.000000,61.369999,1,1,0.222222,0.111111
9.285714,4.333333,DRAM_1,20.000000,62.029999,1,0,0.238095,0.111111
9.904762,4.333333,DRAM_1,20.000000,62.660000,1,0,0.253968,0.111111
10.523809,4.333333,DRAM_1,20.000000,63.240002,1,0,0.269841,0.111111
11.142858,4.333333,DRAM_1,20.000000,63.790001,1,0,0.285714,0.111111
11.761905,4.333333,DRAM_1,20.000000,64.279999,1,0,0.301587,0.111111
12.380953,4.333333,DRAM_1,20.000000,64.730003,1,0,0.317460,0.111111
13.000000,4.333333,DRAM_1,20.000000,65.129997,1,0,0.333333,0.111111
13.619047,4.333333,DRAM_1,20.000000,65.480003,1,0,0.349206,0.111111
14.238095,4.333333,DRAM_1,20.000000,65.800003,1,0,0.365079,0.111111
14.857142,4.333333,DRAM_1,20.000000,66.080002,1,0,0.380952,0.111111
15.476191,4.333333,DRAM_1,20.000000,66.349998,1,0,0.396825,0.111111
16.095238,4.333333,DRAM_1,20.000000,66.639999,1,0,0.412698,0.111111
16.714285,4.333333,DRAM_1,20.000000,66.970001,1,0,0.428571,0.111111
17.333334,4.333333,DRAM_1,20.000000,67.430000,1,1,0.444444,0.111111
17.952381,4.333333,background,0.000000,67.580002,0,0,0.460317,0.111111
18.571428,4.333333,background,0.000000,67.589996,0,0,0.476190,0.111111
19.190475,4.333333,background,0.000000,67.510002,0,0,0.492063,0.111111
19.809525,4.333333,background,0.000000,67.360001,0,0,0.507937,0.111111
20.428572,4.333333,background,0.000000,67.139999,0,0,0.523810,0.111111
21.047619,4.333333,background,0.000000,66.870003,0,0,0.539683,0.111111
21.666666,4.333333,background,0.000000,66.529999,0,0,0.555556,0.111111
22.285715,4.333333,background,0.000000,66.139999,0,0,0.571429,0.111111
22.904762,4.333333,background,0.000000,65.690002,0,0,0.587302,0.111111
23.523809,4.333333,background,0.000000,65.190002,0,0,0.603175,0.111111
24.142857,4.333333,background,0.000000,64.629997,0,0,0.619048,0.111111
24.761906,4.333333,background,0.000000,64.010002,0,0,0.634921,0.111111
25.380953,4.333333,background,0.000000,63.330002,0,0,0.650794,0.111111
26.000000,4.333333,background,0.000000,62.480000,0,0,0.666667,0.111111
26.619047,4.333333,background,0.000000,61.540001,0,0,0.682540,0.111111
27.238094,4.333333,background,0.000000,60.400002,0,0,0.698413,0.111111
27.857143,4.333333,background,0.000000,59.380001,0,0,0.714286,0.111111
28.476191,4.333333,background,0.000000,58.459999,0,0,0.730159,0.111111
29.095238,4.333333,background,0.000000,57.619999,0,0,0.746032,0.111111
29.714285,4.333333,background,0.000000,56.830002,0,0,0.761905,0.111111
30.333334,4.333333,background,0.000000,56.080002,0,0,0.777778,0.111111
30.952381,4.333333,background,0.000000,55.360001,0,0,0.793651,0.111111
31.571428,4.333333,background,0.000000,54.669998,0,0,0.809524,0.111111
32.190475,4.333333,background,0.000000,54.000000,0,0,0.825397,0.111111
32.809525,4.333333,background,0.000000,53.349998,0,0,0.841270,0.111111
33.428570,4.333333,background,0.000000,52.709999,0,0,0.857143,0.111111
34.047619,4.333333,background,0.000000,52.099998,0,0,0.873016,0.111111
34.666668,4.333333,background,0.000000,51.500000,0,0,0.888889,0.111111
35.285713,4.333333,background,0.000000,50.930000,0,0,0.904762,0.111111
35.904762,4.333333,background,0.000000,50.380001,0,0,0.920635,0.111111
36.523811,4.333333,background,0.000000,49.860001,0,0,0.936508,0.111111
37.142857,4.333333,background,0.000000,49.380001,0,0,0.952381,0.111111
37.761906,4.333333,background,0.000000,48.970001,0,0,0.968254,0.111111
38.380951,4.333333,background,0.000000,48.650002,0,0,0.984127,0.111111
39.000000,4.333333,background,0.000000,48.450001,0,0,1.000000,0.111111
0.000000,4.952381,background,0.000000,53.840000,0,0,0.000000,0.126984
0.619048,4.952381,background,0.000000,54.070000,0,0,0.015873,0.126984
1.238095,4.952381,background,0.000000,54.459999,0,0,0.031746,0.126984
1.857143,4.952381,background,0.000000,54.959999,0,0,0.047619,0.126984
2.476191,4.952381,background,0.000000,55.529999,0,0,0.063492,0.126984
3.095238,4.952381,background,0.000000,56.139999,0,0,0.079365,0.126984
3.714286,4.952381,background,0.000000,56.790001,0,0,0.095238,0.126984
4.333333,4.952381,background,0.000000,57.459999,0,0,0.111111,0.126984
4.952381,4.952381,background,0.000000,58.139999,0,0,0.126984,0.126984
5.571429,4.952381,background,0.000000,58.849998,0,0,0.142857,0.126984
6.190476,4.952381,background,0.000000,59.570000,0,0,0.158730,0.126984
6.809524,4.952381,background,0.000000,60.320000,0,0,0.174603,0.126984
7.428571,4.952381,background,0.000000,61.080002,0,0,0.190476,0.126984
8.047619,4.952381,background,0.000000,61.849998,0,0,0.206349,0.126984
8.666667,4.952381,DRAM_1,20.000000,62.630001,1,1,0.222222,0.126984
9.285714,4.952381,DRAM_1,20.000000,63.389999,1,0,0.238095,0.126984
9.904762,4.952381,DRAM_1,20.000000,64.110001,1,0,0.253968,0.126984
10.523809,4.952381,DRAM_1,20.000000,64.779999,1,0,0.269841,0.126984
11.142858,4.952381,DRAM_1,20.000000,65.389999,1,0,0.285714,0.126984
11.761905,4.952381,DRAM_1,20.000000,65.930000,1,0,0.301587,0.126984
12.380953,4.952381,DRAM_1,20.000000,66.419998,1,0,0.317460,0.126984
13.000000,4.952381,DRAM_1,20.000000,66.839996,1,0,0.333333,0.126984
13.619047,4.952381,DRAM_1,20.000000,67.209999,1,0,0.349206,0.126984
14.238095,4.952381,DRAM_1,20.000000,67.519997,1,0,0.365079,0.126984
14.857142,4.952381,DRAM_1,20.000000,67.779999,1,0,0.380952,0.126984
15.476191,4.952381,DRAM_1,20.000000,67.989998,1,0,0.396825,0.126984
16.095238,4.952381,DRAM_1,20.000000,68.190002,1,0,0.412698,0.126984
16.714285,4.952381,DRAM_1,20.000000,68.410004,1,0,0.428571,0.126984
17.333334,4.952381,DRAM_1,20.000000,68.809998,1,1,0.444444,0.126984
17.952381,4.952381,background,0.000000,68.940002,0,0,0.460317,0.126984
18.571428,4.952381,background,0.000000,68.930000,0,0,0.476190,0.126984
19.190475,4.952381,background,0.000000,68.839996,0,0,0.492063,0.126984
19.809525,4.952381,background,0.000000,68.660004,0,0,0.507937,0.126984
20.428572,4.952381,background,0.000000,68.430000,0,0,0.523810,0.126984
21.047619,4.952381,background,0.000000,68.120003,0,0,0.539683,0.126984
21.666666,4.952381,background,0.000000,67.760002,0,0,0.555556,0.126984
22.285715,4.952381,background,0.000000,67.339996,0,0,0.571429,0.126984
22.904762,4.952381,background,0.000000,66.860001,0,0,0.587302,0.126984
23.523809,4.952381,background,0.000000,66.320000,0,0,0.603175,0.126984
24.142857,4.952381,background,0.000000,65.720001,0,0,0.619048,0.126984
24.761906,4.952381,background,0.000000,65.059998,0,0,0.634921,0.126984
25.380953,4.952381,background,0.000000,64.330002,0,0,0.650794,0.126984
26.000000,4.952381,background,0.000000,63.439999,0,0,0.666667,0.126984
26.619047,4.952381,background,0.000000,62.470001,0,0,0.682540,0.126984
27.238094,4.952381,background,0.000000,61.279999,0,0,0.698413,0.126984
27.857143,4.952381,background,0.000000,60.200001,0,0,0.714286,0.126984
28.476191,4.952381,background,0.000000,59.230000,0,0,0.730159,0.126984
29.095238,4.952381,background,0.000000,58.330002,0,0,0.746032,0.126984
29.714285,4.952381,background,0.000000,57.490002,0,0,0.761905,0.126984
30.333334,4.952381,background,0.000000,56.700001,0,0,0.777778,0.126984
30.952381,4.952381,background,0.000000,55.939999,0,0,0.793651,0.126984
31.571428,4.952381,background,0.000000,55.209999,0,0,0.809524,0.126984
32.190475,4.952381,background,0.000000,54.500000,0,0,0.825397,0.126984
32.809525,4.952381,background,0.000000,53.810001,0,0,0.841270,0.126984
33.428570,4.952381,background,0.000000,53.150002,0,0,0.857143,0.126984
34.047619,4.952381,background,0.000000,52.500000,0,0,0.873016,0.126984
34.666668,4.952381,background,0.000000,51.880001,0,0,0.888889,0.126984
35.285713,4.952381,background,0.000000,51.279999,0,0,0.904762,0.126984
35.904762,4.952381,background,0.000000,50.709999,0,0,0.920635,0.126984
36.523811,4.952381,background,0.000000,50.169998,0,0,0.936508,0.126984
37.142857,4.952381,background,0.000000,49.669998,0,0,0.952381,0.126984
37.761906,4.952381,background,0.000000,49.240002,0,0,0.968254,0.126984
38.380951,4.952381,background,0.000000,48.910000,0,0,0.984127,0.126984
39.000000,4.952381,background,0.000000,48.709999,0,0,1.000000,0.126984
0.000000,5.571429,background,0.000000,54.389999,0,0,0.000000,0.142857
0.619048,5.571429,background,0.000000,54.639999,0,0,0.015873,0.142857
1.238095,5.571429,background,0.000000,55.060001,0,0,0.031746,0.142857
1.857143,5.571429,background,0.000000,55.590000,0,0,0.047619,0.142857
2.476191,5.571429,background,0.000000,56.200001,0,0,0.063492,0.142857
3.095238,5.571429,background,0.000000,56.849998,0,0,0.079365,0.142857
3.714286,5.571429,background,0.000000,57.540001,0,0,0.095238,0.142857
4.333333,5.571429,background,0.000000,58.259998,0,0,0.111111,0.142857
4.952381,5.571429,background,0.000000,59.000000,0,0,0.126984,0.142857
5.571429,5.571429,background,0.000000,59.759998,0,0,0.142857,0.142857
6.190476,5.571429,background,0.000000,60.549999,0,0,0.158730,0.142857
6.809524,5.571429,background,0.000000,61.380001,0,0,0.174603,0.142857
7.428571,5.571429,background,0.000000,62.240002,0,0,0.190476,0.142857
8.047619,5.571429,background,0.000000,63.139999,0,0,0.206349,0.142857
8.666667,5.571429,DRAM_1,20.000000,64.059998,1,1,0.222222,0.142857
9.285714,5.571429,DRAM_1,20.000000,64.970001,1,0,0.238095,0.142857
9.904762,5.571429,DRAM_1,20.000000,65.830002,1,0,0.253968,0.142857
10.523809,5.571429,DRAM_1,20.000000,66.610001,1,0,0.269841,0.142857
11.142858,5.571429,DRAM_1,20.000000,67.300003,1,0,0.285714,0.142857
11.761905,5.571429,DRAM_1,20.000000,67.910004,1,0,0.301587,0.142857
12.380953,5.571429,DRAM_1,20.000000,68.440002,1,0,0.317460,0.142857
13.000000,5.571429,DRAM_1,20.000000,68.889999,1,0,0.333333,0.142857
13.619047,5.571429,DRAM_1,20.000000,69.260002,1,0,0.349206,0.142857
14.238095,5.571429,DRAM_1,20.000000,69.559998,1,0,0.365079,0.142857
14.857142,5.571429,DRAM_1,20.000000,69.779999,1,0,0.380952,0.142857
15.476191,5.571429,DRAM_1,20.000000,69.919998,1,0,0.396825,0.142857
16.095238,5.571429,DRAM_1,20.000000,69.970001,1,0,0.412698,0.142857
16.714285,5.571429,DRAM_1,20.000000,70.000000,1,0,0.428571,0.142857
17.333334,5.571429,DRAM_1,20.000000,70.300003,1,1,0.444444,0.142857
17.952381,5.571429,background,0.000000,70.389999,0,0,0.460317,0.142857
18.571428,5.571429,background,0.000000,70.360001,0,0,0.476190,0.142857
19.190475,5.571429,background,0.000000,70.239998,0,0,0.492063,0.142857
19.809525,5.571429,background,0.000000,70.050003,0,0,0.507937,0.142857
20.428572,5.571429,background,0.000000,69.779999,0,0,0.523810,0.142857
21.047619,5.571429,background,0.000000,69.449997,0,0,0.539683,0.142857
21.666666,5.571429,background,0.000000,69.059998,0,0,0.555556,0.142857
22.285715,5.571429,background,0.000000,68.610001,0,0,0.571429,0.142857
22.904762,5.571429,background,0.000000,68.089996,0,0,0.587302,0.142857
23.523809,5.571429,background,0.000000,67.510002,0,0,0.603175,0.142857
24.142857,5.571429,background,0.000000,66.870003,0,0,0.619048,0.142857
24.761906,5.571429,background,0.000000,66.160004,0,0,0.634921,0.142857
25.380953,5.571429,background,0.000000,65.379997,0,0,0.650794,0.142857
26.000000,5.571429,background,0.000000,64.449997,0,0,0.666667,0.142857
26.619047,5.571429,background,0.000000,63.450001,0,0,0.682540,0.142857
27.238094,5.571429,background,0.000000,62.209999,0,0,0.698413,0.142857
27.857143,5.571429,background,0.000000,61.070000,0,0,0.714286,0.142857
28.476191,5.571429,background,0.000000,60.029999,0,0,0.730159,0.142857
29.095238,5.571429,background,0.000000,59.070000,0,0,0.746032,0.142857
29.714285,5.571429,background,0.000000,58.180000,0,0,0.761905,0.142857
30.333334,5.571429,background,0.000000,57.330002,0,0,0.777778,0.142857
30.952381,5.571429,background,0.000000,56.520000,0,0,0.793651,0.142857
31.571428,5.571429,background,0.000000,55.750000,0,0,0.809524,0.142857
32.190475,5.571429,background,0.000000,55.000000,0,0,0.825397,0.142857
32.809525,5.571429,background,0.000000,54.279999,0,0,0.841270,0.142857
33.428570,5.571429,background,0.000000,53.590000,0,0,0.857143,0.142857
34.047619,5.571429,background,0.000000,52.910000,0,0,0.873016,0.142857
34.666668,5.571429,background,0.000000,52.259998,0,0,0.888889,0.142857
35.285713,5.571429,background,0.000000,51.630001,0,0,0.904762,0.142857
35.904762,5.571429,background,0.000000,51.029999,0,0,0.920635,0.142857
36.523811,5.571429,background,0.000000,50.470001,0,0,0.936508,0.142857
37.142857,5.571429,background,0.000000,49.959999,0,0,0.952381,0.142857
37.761906,5.571429,background,0.000000,49.509998,0,0,0.968254,0.142857
38.380951,5.571429,background,0.000000,49.169998,0,0,0.984127,0.142857
39.000000,5.571429,background,0.000000,48.959999,0,0,1.000000,0.142857
0.000000,6.190476,background,0.000000,54.970001,0,0,0.000000,0.158730
0.619048,6.190476,background,0.000000,55.240002,0,0,0.015873,0.158730
1.238095,6.190476,background,0.000000,55.689999,0,0,0.031746,0.158730
1.857143,6.190476,background,0.000000,56.270000,0,0,0.047619,0.158730
2.476191,6.190476,background,0.000000,56.910000,0,0,0.063492,0.158730
3.095238,6.190476,background,0.000000,57.619999,0,0,0.079365,0.158730
3.714286,6.190476,background,0.000000,58.349998,0,0,0.095238,0.158730
4.333333,6.190476,background,0.000000,59.119999,0,0,0.111111,0.158730
4.952381,6.190476,background,0.000000,59.910000,0,0,0.126984,0.158730
5.571429,6.190476,background,0.000000,60.740002,0,0,0.142857,0.158730
6.190476,6.190476,background,0.000000,61.610001,0,0,0.158730,0.158730
6.809524,6.190476,background,0.000000,62.529999,0,0,0.174603,0.158730
7.428571,6.190476,background,0.000000,63.520000,0,0,0.190476,0.158730
8.047619,6.190476,background,0.000000,64.599998,0,0,0.206349,0.158730
8.666667,6.190476,DRAM_1,20.000000,65.739998,1,1,0.222222,0.158730
9.285714,6.190476,DRAM_1,20.000000,66.889999,1,0,0.238095,0.158730
9.904762,6.190476,DRAM_1,20.000000,67.940002,1,0,0.253968,0.158730
10.523809,6.190476,DRAM_1,20.000000,68.870003,1,0,0.269841,0.158730
11.142858,6.190476,DRAM_1,20.000000,69.669998,1,0,0.285714,0.158730
11.761905,6.190476,DRAM_1,20.000000,70.349998,1,0,0.301587,0.158730
12.380953,6.190476,DRAM_1,20.000000,70.919998,1,0,0.317460,0.158730
13.000000,6.190476,DRAM_1,20.000000,71.410004,1,0,0.333333,0.158730
13.619047,6.190476,DRAM_1,20.000000,71.800003,1,0,0.349206,0.158730
14.238095,6.190476,DRAM_1,20.000000,72.089996,1,0,0.365079,0.158730
14.857142,6.190476,DRAM_1,20.000000,72.260002,1,0,0.380952,0.158730
15.476191,6.190476,DRAM_1,20.000000,72.279999,1,0,0.396825,0.158730
16.095238,6.190476,DRAM_1,20.000000,72.120003,1,0,0.412698,0.158730
16.714285,6.190476,DRAM_1,20.000000,71.839996,1,0,0.428571,0.158730
17.333334,6.190476,DRAM_1,20.000000,71.959999,1,1,0.444444,0.158730
17.952381,6.190476,background,0.000000,71.970001,0,0,0.460317,0.158730
18.571428,6.190476,background,0.000000,71.900002,0,0,0.476190,0.158730
19.190475,6.190476,background,0.000000,71.760002,0,0,0.492063,0.158730
19.809525,6.190476,background,0.000000,71.540001,0,0,0.507937,0.158730
20.428572,6.190476,background,0.000000,71.250000,0,0,0.523810,0.158730
21.047619,6.190476,background,0.000000,70.889999,0,0,0.539683,0.158730
21.666666,6.190476,background,0.000000,70.470001,0,0,0.555556,0.158730
22.285715,6.190476,background,0.000000,69.980003,0,0,0.571429,0.158730
22.904762,6.190476,background,0.000000,69.419998,0,0,0.587302,0.158730
23.523809,6.190476,background,0.000000,68.800003,0,0,0.603175,0.158730
24.142857,6.190476,background,0.000000,68.099998,0,0,0.619048,0.158730
24.761906,6.190476,background,0.000000,67.339996,0,0,0.634921,0.158730
25.380953,6.190476,background,0.000000,66.510002,0,0,0.650794,0.158730
26.000000,6.190476,background,0.000000,65.529999,0,0,0.666667,0.158730
26.619047,6.190476,background,0.000000,64.510002,0,0,0.682540,0.158730
27.238094,6.190476,background,0.000000,63.200001,0,0,0.698413,0.158730
27.857143,6.190476,background,0.000000,61.980000,0,0,0.714286,0.158730
28.476191,6.190476,background,0.000000,60.869999,0,0,0.730159,0.158730
29.095238,6.190476,background,0.000000,59.840000,0,0,0.746032,0.158730
29.714285,6.190476,background,0.000000,58.869999,0,0,0.761905,0.158730
30.333334,6.190476,background,0.000000,57.970001,0,0,0.777778,0.158730
30.952381,6.190476,background,0.000000,57.110001,0,0,0.793651,0.158730
31.571428,6.190476,background,0.000000,56.290001,0,0,0.809524,0.158730
32.190475,6.190476,background,0.000000,55.509998,0,0,0.825397,0.158730
32.809525,6.190476,background,0.000000,54.750000,0,0,0.841270,0.158730
33.428570,6.190476,background,0.000000,54.020000,0,0,0.857143,0.158730
34.047619,6.190476,background,0.000000,53.320000,0,0,0.873016,0.158730
34.666668,6.190476,background,0.000000,52.639999,0,0,0.888889,0.158730
35.285713,6.190476,background,0.000000,51.980000,0,0,0.904762,0.158730
35.904762,6.190476,background,0.000000,51.360001,0,0,0.920635,0.158730
36.523811,6.190476,background,0.000000,50.779999,0,0,0.936508,0.158730
37.142857,6.190476,background,0.000000,50.250000,0,0,0.952381,0.158730
37.761906,6.190476,background,0.000000,49.790001,0,0,0.968254,0.158730
38.380951,6.190476,background,0.000000,49.419998,0,0,0.984127,0.158730
39.000000,6.190476,background,0.000000,49.209999,0,0,1.000000,0.158730
0.000000,6.809524,background,0.000000,55.570000,0,0,0.000000,0.174603
0.619048,6.809524,background,0.000000,55.869999,0,0,0.015873,0.174603
1.238095,6.809524,background,0.000000,56.380001,0,0,0.031746,0.174603
1.857143,6.809524,background,0.000000,57.000000,0,0,0.047619,0.174603
2.476191,6.809524,background,0.000000,57.709999,0,0,0.063492,0.174603
3.095238,6.809524,background,0.000000,58.459999,0,0,0.079365,0.174603
3.714286,6.809524,background,0.000000,59.240002,0,0,0.095238,0.174603
4.333333,6.809524,background,0.000000,60.060001,0,0,0.111111,0.174603
4.952381,6.809524,background,0.000000,60.910000,0,0,0.126984,0.174603
5.571429,6.809524,background,0.000000,61.799999,0,0,0.142857,0.174603
6.190476,6.809524,background,0.000000,62.750000,0,0,0.158730,0.174603
6.809524,6.809524,background,0.000000,63.770000,0,0,0.174603,0.174603
7.428571,6.809524,background,0.000000,64.930000,0,0,0.190476,0.174603
8.047619,6.809524,background,0.000000,66.250000,0,0,0.206349,0.174603
8.666667,6.809524,DRAM_1,20.000000,67.739998,1,1,0.222222,0.174603
9.285714,6.809524,DRAM_1,20.000000,69.300003,1,0,0.238095,0.174603
9.904762,6.809524,DRAM_1,20.000000,70.669998,1,0,0.253968,0.174603
10.523809,6.809524,DRAM_1,20.000000,71.790001,1,0,0.269841,0.174603
11.142858,6.809524,DRAM_1,20.000000,72.709999,1,0,0.285714,0.174603
11.761905,6.809524,DRAM_1,20.000000,73.470001,1,0,0.301587,0.174603
12.380953,6.809524,DRAM_1,20.000000,74.099998,1,0,0.317460,0.174603
13.000000,6.809524,DRAM_1,20.000000,74.610001,1,0,0.333333,0.174603
13.619047,6.809524,DRAM_1,20.000000,75.019997,1,0,0.349206,0.174603
14.238095,6.809524,DRAM_1,20.000000,75.309998,1,0,0.365079,0.174603
14.857142,6.809524,DRAM_1,20.000000,75.440002,1,0,0.380952,0.174603
15.476191,6.809524,DRAM_1,20.000000,75.330002,1,0,0.396825,0.174603
16.095238,6.809524,DRAM_1,20.000000,74.889999,1,0,0.412698,0.174603
16.714285,6.809524,DRAM_1,20.000000,74.110001,1,0,0.428571,0.174603
17.333334,6.809524,DRAM_1,20.000000,73.889999,1,1,0.444444,0.174603
17.952381,6.809524,background,0.000000,73.779999,0,0,0.460317,0.174603
18.571428,6.809524,background,0.000000,73.650002,0,0,0.476190,0.174603
19.190475,6.809524,background,0.000000,73.470001,0,0,0.492063,0.174603
19.809525,6.809524,background,0.000000,73.220001,0,0,0.507937,0.174603
20.428572,6.809524,background,0.000000,72.900002,0,0,0.523810,0.174603
21.047619,6.809524,background,0.000000,72.510002,0,0,0.539683,0.174603
21.666666,6.809524,background,0.000000,72.059998,0,0,0.555556,0.174603
22.285715,6.809524,background,0.000000,71.529999,0,0,0.571429,0.174603
22.904762,6.809524,background,0.000000,70.930000,0,0,0.587302,0.174603
23.523809,6.809524,background,0.000000,70.260002,0,0,0.603175,0.174603
24.142857,6.809524,background,0.000000,69.510002,0,0,0.619048,0.174603
24.761906,6.809524,background,0.000000,68.680000,0,0,0.634921,0.174603
25.380953,6.809524,background,0.000000,67.779999,0,0,0.650794,0.174603
26.000000,6.809524,background,0.000000,66.739998,0,0,0.666667,0.174603
26.619047,6.809524,background,0.000000,65.690002,0,0,0.682540,0.174603
27.238094,6.809524,background,0.000000,64.300003,0,0,0.698413,0.174603
27.857143,6.809524,background,0.000000,62.970001,0,0,0.714286,0.174603
28.476191,6.809524,background,0.000000,61.750000,0,0,0.730159,0.174603
29.095238,6.809524,background,0.000000,60.630001,0,0,0.746032,0.174603
29.714285,6.809524,background,0.000000,59.590000,0,0,0.761905,0.174603
30.333334,6.809524,background,0.000000,58.619999,0,0,0.777778,0.174603
30.952381,6.809524,background,0.000000,57.700001,0,0,0.793651,0.174603
31.571428,6.809524,background,0.000000,56.840000,0,0,0.809524,0.174603
32.190475,6.809524,background,0.000000,56.009998,0,0,0.825397,0.174603
32.809525,6.809524,background,0.000000,55.209999,0,0,0.841270,0.174603
33.428570,6.809524,background,0.000000,54.450001,0,0,0.857143,0.174603
34.047619,6.809524,background,0.000000,53.709999,0,0,0.873016,0.174603
34.666668,6.809524,background,0.000000,53.009998,0,0,0.888889,0.174603
35.285713,6.809524,background,0.000000,52.330002,0,0,0.904762,0.174603
35.904762,6.809524,background,0.000000,51.680000,0,0,0.920635,0.174603
36.523811,6.809524,background,0.000000,51.080002,0,0,0.936508,0.174603
37.142857,6.809524,background,0.000000,50.529999,0,0,0.952381,0.174603
37.761906,6.809524,background,0.000000,50.049999,0,0,0.968254,0.174603
38.380951,6.809524,background,0.000000,49.680000,0,0,0.984127,0.174603
39.000000,6.809524,background,0.000000,49.459999,0,0,1.000000,0.174603
0.000000,7.428571,background,0.000000,56.200001,0,0,0.000000,0.190476
0.619048,7.428571,background,0.000000,56.560001,0,0,0.015873,0.190476
1.238095,7.428571,background,0.000000,57.130001,0,0,0.031746,0.190476
1.857143,7.428571,background,0.000000,57.830002,0,0,0.047619,0.190476
2.476191,7.428571,background,0.000000,58.599998,0,0,0.063492,0.190476
3.095238,7.428571,background,0.000000,59.400002,0,0,0.079365,0.190476
3.714286,7.428571,background,0.000000,60.240002,0,0,0.095238,0.190476
4.333333,7.428571,background,0.000000,61.110001,0,0,0.111111,0.190476
4.952381,7.428571,background,0.000000,62.020000,0,0,0.126984,0.190476
5.571429,7.428571,background,0.000000,62.970001,0,0,0.142857,0.190476
6.190476,7.428571,background,0.000000,63.980000,0,0,0.158730,0.190476
6.809524,7.428571,background,0.000000,65.110001,0,0,0.174603,0.190476
7.428571,7.428571,background,0.000000,66.430000,0,0,0.190476,0.190476
8.047619,7.428571,background,0.000000,68.070000,0,0,0.206349,0.190476
8.666667,7.428571,DRAM_1,20.000000,70.160004,1,1,0.222222,0.190476
9.285714,7.428571,DRAM_1,20.000000,72.480003,1,0,0.238095,0.190476
9.904762,7.428571,DRAM_1,20.000000,74.320000,1,0,0.253968,0.190476
10.523809,7.428571,DRAM_1,20.000000,75.690002,1,0,0.269841,0.190476
11.142858,7.428571,DRAM_1,20.000000,76.730003,1,0,0.285714,0.190476
11.761905,7.428571,DRAM_1,20.000000,77.559998,1,0,0.301587,0.190476
12.380953,7.428571,DRAM_1,20.000000,78.230003,1,0,0.317460,0.190476
13.000000,7.428571,DRAM_1,20.000000,78.790001,1,0,0.333333,0.190476
13.619047,7.428571,DRAM_1,20.000000,79.220001,1,0,0.349206,0.190476
14.238095,7.428571,DRAM_1,20.000000,79.529999,1,0,0.365079,0.190476
14.857142,7.428571,DRAM_1,20.000000,79.650002,1,0,0.380952,0.190476
15.476191,7.428571,DRAM_1,20.000000,79.480003,1,0,0.396825,0.190476
16.095238,7.428571,DRAM_1,20.000000,78.769997,1,0,0.412698,0.190476
16.714285,7.428571,DRAM_1,20.000000,77.279999,1,0,0.428571,0.190476
17.333334,7.428571,DRAM_1,20.000000,76.370003,1,1,0.444444,0.190476
17.952381,7.428571,background,0.000000,76.019997,0,0,0.460317,0.190476
18.571428,7.428571,background,0.000000,75.800003,0,0,0.476190,0.190476
19.190475,7.428571,background,0.000000,75.570000,0,0,0.492063,0.190476
19.809525,7.428571,background,0.000000,75.279999,0,0,0.507937,0.190476
20.428572,7.428571,background,0.000000,74.940002,0,0,0.523810,0.190476
21.047619,7.428571,background,0.000000,74.519997,0,0,0.539683,0.190476
21.666666,7.428571,background,0.000000,74.029999,0,0,0.555556,0.190476
22.285715,7.428571,background,0.000000,73.459999,0,0,0.571429,0.190476
22.904762,7.428571,background,0.000000,72.809998,0,0,0.587302,0.190476
23.523809,7.428571,background,0.000000,72.089996,0,0,0.603175,0.190476
24.142857,7.428571,background,0.000000,71.269997,0,0,0.619048,0.190476
24.761906,7.428571,background,0.000000,70.370003,0,0,0.634921,0.190476
25.380953,7.428571,background,0.000000,69.360001,0,0,0.650794,0.190476
26.000000,7.428571,background,0.000000,68.209999,0,0,0.666667,0.190476
26.619047,7.428571,background,0.000000,67.120003,0,0,0.682540,0.190476
27.238094,7.428571,background,0.000000,65.570000,0,0,0.698413,0.190476
27.857143,7.428571,background,0.000000,64.070000,0,0,0.714286,0.190476
28.476191,7.428571,background,0.000000,62.689999,0,0,0.730159,0.190476
29.095238,7.428571,background,0.000000,61.450001,0,0,0.746032,0.190476
29.714285,7.428571,background,0.000000,60.310001,0,0,0.761905,0.190476
30.333334,7.428571,background,0.000000,59.270000,0,0,0.777778,0.190476
30.952381,7.428571,background,0.000000,58.290001,0,0,0.793651,0.190476
31.571428,7.428571,background,0.000000,57.369999,0,0,0.809524,0.190476
32.190475,7.428571,background,0.000000,56.500000,0,0,0.825397,0.190476
32.809525,7.428571,background,0.000000,55.669998,0,0,0.841270,0.190476
33.428570,7.428571,background,0.000000,54.869999,0,0,0.857143,0.190476
34.047619,7.428571,background,0.000000,54.110001,0,0,0.873016,0.190476
34.666668,7.428571,background,0.000000,53.369999,0,0,0.888889,0.190476
35.285713,7.428571,background,0.000000,52.669998,0,0,0.904762,0.190476
35.904762,7.428571,background,0.000000,52.000000,0,0,0.920635,0.190476
36.523811,7.428571,background,0.000000,51.380001,0,0,0.936508,0.190476
37.142857,7.428571,background,0.000000,50.810001,0,0,0.952381,0.190476
37.761906,7.428571,background,0.000000,50.310001,0,0,0.968254,0.190476
38.380951,7.428571,background,0.000000,49.930000,0,0,0.984127,0.190476
39.000000,7.428571,background,0.000000,49.700001,0,0,1.000000,0.190476
0.000000,8.047619,background,0.000000,56.790001,0,0,0.000000,0.206349
0.619048,8.047619,background,0.000000,57.250000,0,0,0.015873,0.206349
1.238095,8.047619,background,0.000000,57.939999,0,0,0.031746,0.206349
1.857143,8.047619,background,0.000000,58.720001,0,0,0.047619,0.206349
2.476191,8.047619,background,0.000000,59.560001,0,0,0.063492,0.206349
3.095238,8.047619,background,0.000000,60.419998,0,0,0.079365,0.206349
3.714286,8.047619,background,0.000000,61.320000,0,0,0.095238,0.206349
4.333333,8.047619,background,0.000000,62.240002,0,0,0.111111,0.206349
4.952381,8.047619,background,0.000000,63.189999,0,0,0.126984,0.206349
5.571429,8.047619,background,0.000000,64.180000,0,0,0.142857,0.206349
6.190476,8.047619,background,0.000000,65.239998,0,0,0.158730,0.206349
6.809524,8.047619,background,0.000000,66.430000,0,0,0.174603,0.206349
7.428571,8.047619,background,0.000000,67.870003,0,0,0.190476,0.206349
8.047619,8.047619,background,0.000000,69.860001,0,0,0.206349,0.206349
8.666667,8.047619,DRAM_1,20.000000,72.860001,1,1,0.222222,0.206349
9.285714,8.047619,DRAM_1,20.000000,76.669998,1,0,0.238095,0.206349
9.904762,8.047619,DRAM_1,20.000000,79.120003,1,0,0.253968,0.206349
10.523809,8.047619,DRAM_1,20.000000,80.690002,1,0,0.269841,0.206349
11.142858,8.047619,DRAM_1,20.000000,81.809998,1,0,0.285714,0.206349
11.761905,8.047619,DRAM_1,20.000000,82.669998,1,0,0.301587,0.206349
12.380953,8.047619,DRAM_1,20.000000,83.379997,1,0,0.317460,0.206349
13.000000,8.047619,DRAM_1,20.000000,83.970001,1,0,0.333333,0.206349
13.619047,8.047619,DRAM_1,20.000000,84.449997,1,0,0.349206,0.206349
14.238095,8.047619,DRAM_1,20.000000,84.800003,1,0,0.365079,0.206349
14.857142,8.047619,DRAM_1,20.000000,84.989998,1,0,0.380952,0.206349
15.476191,8.047619,DRAM_1,20.000000,84.900002,1,0,0.396825,0.206349
16.095238,8.047619,DRAM_1,20.000000,84.190002,1,0,0.412698,0.206349
16.714285,8.047619,DRAM_1,20.000000,82.230003,1,0,0.428571,0.206349
17.333334,8.047619,DRAM_1,20.000000,79.989998,1,1,0.444444,0.206349
17.952381,8.047619,CPU2_2,150.000000,79.220001,1,1,0.460317,0.206349
18.571428,8.047619,CPU2_2,150.000000,78.860001,1,1,0.476190,0.206349
19.190475,8.047619,CPU2_2,150.000000,78.570000,1,1,0.492063,0.206349
19.809525,8.047619,CPU2_2,150.000000,78.260002,1,1,0.507937,0.206349
20.428572,8.047619,CPU2_2,150.000000,77.879997,1,1,0.523810,0.206349
21.047619,8.047619,CPU2_2,150.000000,77.430000,1,1,0.539683,0.206349
21.666666,8.047619,CPU2_2,150.000000,76.900002,1,1,0.555556,0.206349
22.285715,8.047619,CPU2_2,150.000000,76.300003,1,1,0.571429,0.206349
22.904762,8.047619,CPU2_2,150.000000,75.599998,1,1,0.587302,0.206349
23.523809,8.047619,CPU2_2,150.000000,74.820000,1,1,0.603175,0.206349
24.142857,8.047619,CPU2_2,150.000000,73.930000,1,1,0.619048,0.206349
24.761906,8.047619,CPU2_2,150.000000,72.910004,1,1,0.634921,0.206349
25.380953,8.047619,CPU2_2,150.000000,71.739998,1,1,0.650794,0.206349
26.000000,8.047619,DRAM_2,20.000000,70.330002,1,1,0.666667,0.206349
26.619047,8.047619,DRAM_2,20.000000,69.029999,1,1,0.682540,0.206349
27.238094,8.047619,DRAM_2,20.000000,67.110001,1,1,0.698413,0.206349
27.857143,8.047619,DRAM_2,20.000000,65.300003,1,1,0.714286,0.206349
28.476191,8.047619,DRAM_2,20.000000,63.700001,1,1,0.730159,0.206349
29.095238,8.047619,DRAM_2,20.000000,62.290001,1,1,0.746032,0.206349
29.714285,8.047619,DRAM_2,20.000000,61.040001,1,1,0.761905,0.206349
30.333334,8.047619,DRAM_2,20.000000,59.910000,1,1,0.777778,0.206349
30.952381,8.047619,DRAM_2,20.000000,58.869999,1,1,0.793651,0.206349
31.571428,8.047619,DRAM_2,20.000000,57.900002,1,1,0.809524,0.206349
32.190475,8.047619,DRAM_2,20.000000,56.990002,1,1,0.825397,0.206349
32.809525,8.047619,DRAM_2,20.000000,56.119999,1,1,0.841270,0.206349
33.428570,8.047619,DRAM_2,20.000000,55.290001,1,1,0.857143,0.206349
34.047619,8.047619,DRAM_2,20.000000,54.490002,1,1,0.873016,0.206349
34.666668,8.047619,background,0.000000,53.730000,0,1,0.888889,0.206349
35.285713,8.047619,background,0.000000,53.000000,0,0,0.904762,0.206349
35.904762,8.047619,background,0.000000,52.310001,0,0,0.920635,0.206349
36.523811,8.047619,background,0.000000,51.660000,0,0,0.936508,0.206349
37.142857,8.047619,background,0.000000,51.080002,0,0,0.952381,0.206349
37.761906,8.047619,background,0.000000,50.570000,0,0,0.968254,0.206349
38.380951,8.047619,background,0.000000,50.169998,0,0,0.984127,0.206349
39.000000,8.047619,background,0.000000,49.939999,0,0,1.000000,0.206349
0.000000,8.666667,background,0.000000,57.509998,0,0,0.000000,0.222222
0.619048,8.666667,background,0.000000,58.040001,0,0,0.015873,0.222222
1.238095,8.666667,background,0.000000,58.799999,0,0,0.031746,0.222222
1.857143,8.666667,background,0.000000,59.630001,0,0,0.047619,0.222222
2.476191,8.666667,background,0.000000,60.509998,0,0,0.063492,0.222222
3.095238,8.666667,background,0.000000,61.419998,0,0,0.079365,0.222222
3.714286,8.666667,background,0.000000,62.349998,0,0,0.095238,0.222222
4.333333,8.666667,background,0.000000,63.310001,0,0,0.111111,0.222222
4.952381,8.666667,background,0.000000,64.290001,0,0,0.126984,0.222222
5.571429,8.666667,background,0.000000,65.330002,0,0,0.142857,0.222222
6.190476,8.666667,background,0.000000,66.430000,0,0,0.158730,0.222222
6.809524,8.666667,background,0.000000,67.680000,0,0,0.174603,0.222222
7.428571,8.666667,background,0.000000,69.220001,0,0,0.190476,0.222222
8.047619,8.666667,background,0.000000,71.529999,0,0,0.206349,0.222222
8.666667,8.666667,DRAM_1,20.000000,75.610001,1,1,0.222222,0.222222
9.285714,8.666667,CPU2_1,150.000000,81.279999,1,1,0.238095,0.222222
9.904762,8.666667,CPU2_1,150.000000,84.290001,1,1,0.253968,0.222222
10.523809,8.666667,CPU2_1,150.000000,86.010002,1,1,0.269841,0.222222
11.142858,8.666667,CPU2_1,150.000000,87.169998,1,1,0.285714,0.222222
11.761905,8.666667,CPU2_1,150.000000,88.070000,1,1,0.301587,0.222222
12.380953,8.666667,CPU2_1,150.000000,88.809998,1,1,0.317460,0.222222
13.000000,8.666667,CPU2_1,150.000000,89.419998,1,1,0.333333,0.222222
13.619047,8.666667,CPU2_1,150.000000,89.930000,1,1,0.349206,0.222222
14.238095,8.666667,CPU2_1,150.000000,90.320000,1,1,0.365079,0.222222
14.857142,8.666667,CPU2_1,150.000000,90.580002,1,1,0.380952,0.222222
15.476191,8.666667,CPU2_1,150.000000,90.610001,1,1,0.396825,0.222222
16.095238,8.666667,CPU2_1,150.000000,90.180000,1,1,0.412698,0.222222
16.714285,8.666667,CPU2_1,150.000000,88.629997,1,1,0.428571,0.222222
17.333334,8.666667,DRAM_1,20.000000,85.559998,1,1,0.444444,0.222222
17.952381,8.666667,CPU2_2,150.000000,84.430000,1,0,0.460317,0.222222
18.571428,8.666667,CPU2_2,150.000000,83.959999,1,0,0.476190,0.222222
19.190475,8.666667,CPU2_2,150.000000,83.620003,1,0,0.492063,0.222222
19.809525,8.666667,CPU2_2,150.000000,83.279999,1,0,0.507937,0.222222
20.428572,8.666667,CPU2_2,150.000000,82.870003,1,0,0.523810,0.222222
21.047619,8.666667,CPU2_2,150.000000,82.389999,1,0,0.539683,0.222222
21.666666,8.666667,CPU2_2,150.000000,81.830002,1,0,0.555556,0.222222
22.285715,8.666667,CPU2_2,150.000000,81.180000,1,0,0.571429,0.222222
22.904762,8.666667,CPU2_2,150.000000,80.440002,1,0,0.587302,0.222222
23.523809,8.666667,CPU2_2,150.000000,79.589996,1,0,0.603175,0.222222
24.142857,8.666667,CPU2_2,150.000000,78.620003,1,0,0.619048,0.222222
24.761906,8.666667,CPU2_2,150.000000,77.459999,1,0,0.634921,0.222222
25.380953,8.666667,CPU2_2,150.000000,76.000000,1,1,0.650794,0.222222
26.000000,8.666667,DRAM_2,20.000000,73.919998,1,0,0.666667,0.222222
26.619047,8.666667,DRAM_2,20.000000,71.709999,1,0,0.682540,0.222222
27.238094,8.666667,DRAM_2,20.000000,68.970001,1,0,0.698413,0.222222
27.857143,8.666667,DRAM_2,20.000000,66.660004,1,0,0.714286,0.222222
28.476191,8.666667,DRAM_2,20.000000,64.750000,1,0,0.730159,0.222222
29.095238,8.666667,DRAM_2,20.000000,63.150002,1,0,0.746032,0.222222
29.714285,8.666667,DRAM_2,20.000000,61.770000,1,0,0.761905,0.222222
30.333334,8.666667,DRAM_2,20.000000,60.549999,1,0,0.777778,0.222222
30.952381,8.666667,DRAM_2,20.000000,59.439999,1,0,0.793651,0.222222
31.571428,8.666667,DRAM_2,20.000000,58.419998,1,0,0.809524,0.222222
32.190475,8.666667,DRAM_2,20.000000,57.459999,1,0,0.825397,0.222222
32.809525,8.666667,DRAM_2,20.000000,56.549999,1,0,0.841270,0.222222
33.428570,8.666667,DRAM_2,20.000000,55.689999,1,0,0.857143,0.222222
34.047619,8.666667,DRAM_2,20.000000,54.860001,1,0,0.873016,0.222222
34.666668,8.666667,background,0.000000,54.070000,0,1,0.888889,0.222222
35.285713,8.666667,background,0.000000,53.320000,0,0,0.904762,0.222222
35.904762,8.666667,background,0.000000,52.610001,0,0,0.920635,0.222222
36.523811,8.666667,background,0.000000,51.939999,0,0,0.936508,0.222222
37.142857,8.666667,background,0.000000,51.340000,0,0,0.952381,0.222222
37.761906,8.666667,background,0.000000,50.820000,0,0,0.968254,0.222222
38.380951,8.666667,background,0.000000,50.410000,0,0,0.984127,0.222222
39.000000,8.666667,background,0.000000,50.169998,0,0,1.000000,0.222222
0.000000,9.285714,background,0.000000,58.000000,0,0,0.000000,0.238095
0.619048,9.285714,background,0.000000,58.560001,0,0,0.015873,0.238095
1.238095,9.285714,background,0.000000,59.349998,0,0,0.031746,0.238095
1.857143,9.285714,background,0.000000,60.220001,0,0,0.047619,0.238095
2.476191,9.285714,background,0.000000,61.139999,0,0,0.063492,0.238095
3.095238,9.285714,background,0.000000,62.080002,0,0,0.079365,0.238095
3.714286,9.285714,background,0.000000,63.040001,0,0,0.095238,0.238095
4.333333,9.285714,background,0.000000,64.029999,0,0,0.111111,0.238095
4.952381,9.285714,background,0.000000,65.059998,0,0,0.126984,0.238095
5.571429,9.285714,background,0.000000,66.139999,0,0,0.142857,0.238095
6.190476,9.285714,background,0.000000,67.300003,0,0,0.158730,0.238095
6.809524,9.285714,background,0.000000,68.610001,0,0,0.174603,0.238095
7.428571,9.285714,background,0.000000,70.250000,0,0,0.190476,0.238095
8.047619,9.285714,background,0.000000,72.739998,0,0,0.206349,0.238095
8.666667,9.285714,background,0.000000,77.199997,0,1,0.222222,0.238095
9.285714,9.285714,CPU2_1,150.000000,83.400002,1,1,0.238095,0.238095
9.904762,9.285714,CPU2_1,150.000000,86.669998,1,1,0.253968,0.238095
10.523809,9.285714,CPU2_1,150.000000,88.500000,1,1,0.269841,0.238095
11.142858,9.285714,CPU2_1,150.000000,89.739998,1,1,0.285714,0.238095
11.761905,9.285714,CPU2_1,150.000000,90.690002,1,1,0.301587,0.238095
12.380953,9.285714,CPU2_1,150.000000,91.459999,1,1,0.317460,0.238095
13.000000,9.285714,CPU2_1,150.000000,92.099998,1,1,0.333333,0.238095
13.619047,9.285714,CPU2_1,150.000000,92.629997,1,1,0.349206,0.238095
14.238095,9.285714,CPU2_1,150.000000,93.050003,1,1,0.365079,0.238095
14.857142,9.285714,CPU2_1,150.000000,93.349998,1,1,0.380952,0.238095
15.476191,9.285714,CPU2_1,150.000000,93.480003,1,1,0.396825,0.238095
16.095238,9.285714,CPU2_1,150.000000,93.360001,1,1,0.412698,0.238095
16.714285,9.285714,CPU2_1,150.000000,92.769997,1,1,0.428571,0.238095
17.333334,9.285714,background,0.000000,91.699997,0,1,0.444444,0.238095
17.952381,9.285714,CPU2_2,150.000000,91.110001,1,0,0.460317,0.238095
18.571428,9.285714,CPU2_2,150.000000,90.739998,1,0,0.476190,0.238095
19.190475,9.285714,CPU2_2,150.000000,90.419998,1,0,0.492063,0.238095
19.809525,9.285714,CPU2_2,150.000000,90.050003,1,0,0.507937,0.238095
20.428572,9.285714,CPU2_2,150.000000,89.629997,1,0,0.523810,0.238095
21.047619,9.285714,CPU2_2,150.000000,89.120003,1,0,0.539683,0.238095
21.666666,9.285714,CPU2_2,150.000000,88.519997,1,0,0.555556,0.238095
22.285715,9.285714,CPU2_2,150.000000,87.839996,1,0,0.571429,0.238095
22.904762,9.285714,CPU2_2,150.000000,87.050003,1,0,0.587302,0.238095
23.523809,9.285714,CPU2_2,150.000000,86.139999,1,0,0.603175,0.238095
24.142857,9.285714,CPU2_2,150.000000,85.059998,1,0,0.619048,0.238095
24.761906,9.285714,CPU2_2,150.000000,83.739998,1,0,0.634921,0.238095
25.380953,9.285714,CPU2_2,150.000000,81.919998,1,1,0.650794,0.238095
26.000000,9.285714,DRAM_2,20.000000,78.800003,1,0,0.666667,0.238095
26.619047,9.285714,DRAM_2,20.000000,74.879997,1,0,0.682540,0.238095
27.238094,9.285714,DRAM_2,20.000000,70.959999,1,0,0.698413,0.238095
27.857143,9.285714,DRAM_2,20.000000,68.040001,1,0,0.714286,0.238095
28.476191,9.285714,DRAM_2,20.000000,65.800003,1,0,0.730159,0.238095
29.095238,9.285714,DRAM_2,20.000000,64.000000,1,0,0.746032,0.238095
29.714285,9.285714,DRAM_2,20.000000,62.490002,1,0,0.761905,0.238095
30.333334,9.285714,DRAM_2,20.000000,61.169998,1,0,0.777778,0.238095
30.952381,9.285714,DRAM_2,20.000000,60.000000,1,0,0.793651,0.238095
31.571428,9.285714,DRAM_2,20.000000,58.919998,1,0,0.809524,0.238095
32.190475,9.285714,DRAM_2,20.000000,57.919998,1,0,0.825397,0.238095
32.809525,9.285714,DRAM_2,20.000000,56.970001,1,0,0.841270,0.238095
33.428570,9.285714,DRAM_2,20.000000,56.070000,1,0,0.857143,0.238095
34.047619,9.285714,DRAM_2,20.000000,55.220001,1,0,0.873016,0.238095
34.666668,9.285714,background,0.000000,54.400002,0,1,0.888889,0.238095
35.285713,9.285714,background,0.000000,53.630001,0,0,0.904762,0.238095
35.904762,9.285714,background,0.000000,52.889999,0,0,0.920635,0.238095
36.523811,9.285714,background,0.000000,52.209999,0,0,0.936508,0.238095
37.142857,9.285714,background,0.000000,51.590000,0,0,0.952381,0.238095
37.761906,9.285714,background,0.000000,51.049999,0,0,0.968254,0.238095
38.380951,9.285714,background,0.000000,50.639999,0,0,0.984127,0.238095
39.000000,9.285714,background,0.000000,50.389999,0,0,1.000000,0.238095
0.000000,9.904762,background,0.000000,58.430000,0,0,0.000000,0.253968
0.619048,9.904762,background,0.000000,59.020000,0,0,0.015873,0.253968
1.238095,9.904762,background,0.000000,59.830002,0,0,0.031746,0.253968
1.857143,9.904762,background,0.000000,60.730000,0,0,0.047619,0.253968
2.476191,9.904762,background,0.000000,61.680000,0,0,0.063492,0.253968
3.095238,9.904762,background,0.000000,62.650002,0,0,0.079365,0.253968
3.714286,9.904762,background,0.000000,63.650002,0,0,0.095238,0.253968
4.333333,9.904762,background,0.000000,64.690002,0,0,0.111111,0.253968
4.952381,9.904762,background,0.000000,65.760002,0,0,0.126984,0.253968
5.571429,9.904762,background,0.000000,66.879997,0,0,0.142857,0.253968
6.190476,9.904762,background,0.000000,68.099998,0,0,0.158730,0.253968
6.809524,9.904762,background,0.000000,69.470001,0,0,0.174603,0.253968
7.428571,9.904762,background,0.000000,71.199997,0,0,0.190476,0.253968
8.047619,9.904762,background,0.000000,73.809998,0,0,0.206349,0.253968
8.666667,9.904762,background,0.000000,78.449997,0,0,0.222222,0.253968
9.285714,9.904762,CPU2_1,150.000000,84.849998,1,1,0.238095,0.253968
9.904762,9.904762,CPU2_1,150.000000,88.260002,1,0,0.253968,0.253968
10.523809,9.904762,CPU2_1,150.000000,90.190002,1,0,0.269841,0.253968
11.142858,9.904762,CPU2_1,150.000000,91.500000,1,0,0.285714,0.253968
11.761905,9.904762,CPU2_1,150.000000,92.489998,1,0,0.301587,0.253968
12.380953,9.904762,CPU2_1,150.000000,93.309998,1,0,0.317460,0.253968
13.000000,9.904762,CPU2_1,150.000000,93.980003,1,0,0.333333,0.253968
13.619047,9.904762,CPU2_1,150.000000,94.540001,1,0,0.349206,0.253968
14.238095,9.904762,CPU2_1,150.000000,94.980003,1,0,0.365079,0.253968
14.857142,9.904762,CPU2_1,150.000000,95.309998,1,0,0.380952,0.253968
15.476191,9.904762,CPU2_1,150.000000,95.519997,1,0,0.396825,0.253968
16.095238,9.904762,CPU2_1,150.000000,95.559998,1,0,0.412698,0.253968
16.714285,9.904762,CPU2_1,150.000000,95.400002,1,1,0.428571,0.253968
17.333334,9.904762,background,0.000000,95.070000,0,1,0.444444,0.253968
17.952381,9.904762,CPU2_2,150.000000,94.769997,1,0,0.460317,0.253968
18.571428,9.904762,CPU2_2,150.000000,94.500000,1,0,0.476190,0.253968
19.190475,9.904762,CPU2_2,150.000000,94.190002,1,0,0.492063,0.253968
19.809525,9.904762,CPU2_2,150.000000,93.820000,1,0,0.507937,0.253968
20.428572,9.904762,CPU2_2,150.000000,93.370003,1,0,0.523810,0.253968
21.047619,9.904762,CPU2_2,150.000000,92.830002,1,0,0.539683,0.253968
21.666666,9.904762,CPU2_2,150.000000,92.209999,1,0,0.555556,0.253968
22.285715,9.904762,CPU2_2,150.000000,91.480003,1,0,0.571429,0.253968
22.904762,9.904762,CPU2_2,150.000000,90.650002,1,0,0.587302,0.253968
23.523809,9.904762,CPU2_2,150.000000,89.680000,1,0,0.603175,0.253968
24.142857,9.904762,CPU2_2,150.000000,88.519997,1,0,0.619048,0.253968
24.761906,9.904762,CPU2_2,150.000000,87.080002,1,0,0.634921,0.253968
25.380953,9.904762,CPU2_2,150.000000,85.040001,1,1,0.650794,0.253968
26.000000,9.904762,DRAM_2,20.000000,81.500000,1,0,0.666667,0.253968
26.619047,9.904762,DRAM_2,20.000000,77.110001,1,0,0.682540,0.253968
27.238094,9.904762,DRAM_2,20.000000,72.620003,1,0,0.698413,0.253968
27.857143,9.904762,DRAM_2,20.000000,69.279999,1,0,0.714286,0.253968
28.476191,9.904762,DRAM_2,20.000000,66.769997,1,0,0.730159,0.253968
29.095238,9.904762,DRAM_2,20.000000,64.790001,1,0,0.746032,0.253968
29.714285,9.904762,DRAM_2,20.000000,63.160000,1,0,0.761905,0.253968
30.333334,9.904762,DRAM_2,20.000000,61.770000,1,0,0.777778,0.253968
30.952381,9.904762,DRAM_2,20.000000,60.529999,1,0,0.793651,0.253968
31.571428,9.904762,DRAM_2,20.000000,59.400002,1,0,0.809524,0.253968
32.190475,9.904762,DRAM_2,20.000000,58.349998,1,0,0.825397,0.253968
32.809525,9.904762,DRAM_2,20.000000,57.369999,1,0,0.841270,0.253968
33.428570,9.904762,DRAM_2,20.000000,56.439999,1,0,0.857143,0.253968
34.047619,9.904762,DRAM_2,20.000000,55.560001,1,0,0.873016,0.253968
34.666668,9.904762,background,0.000000,54.720001,0,1,0.888889,0.253968
35.285713,9.904762,background,0.000000,53.919998,0,0,0.904762,0.253968
35.904762,9.904762,background,0.000000,53.169998,0,0,0.920635,0.253968
36.523811,9.904762,background,0.000000,52.470001,0,0,0.936508,0.253968
37.142857,9.904762,background,0.000000,51.830002,0,0,0.952381,0.253968
37.761906,9.904762,background,0.000000,51.279999,0,0,0.968254,0.253968
38.380951,9.904762,background,0.000000,50.849998,0,0,0.984127,0.253968
39.000000,9.904762,background,0.000000,50.599998,0,0,1.000000,0.253968
0.000000,10.523809,background,0.000000,58.820000,0,0,0.000000,0.269841
0.619048,10.523809,background,0.000000,59.419998,0,0,0.015873,0.269841
1.238095,10.523809,background,0.000000,60.259998,0,0,0.031746,0.269841
1.857143,10.523809,background,0.000000,61.200001,0,0,0.047619,0.269841
2.476191,10.523809,background,0.000000,62.169998,0,0,0.063492,0.269841
3.095238,10.523809,background,0.000000,63.180000,0,0,0.079365,0.269841
3.714286,10.523809,background,0.000000,64.209999,0,0,0.095238,0.269841
4.333333,10.523809,background,0.000000,65.290001,0,0,0.111111,0.269841
4.952381,10.523809,background,0.000000,66.400002,0,0,0.126984,0.269841
5.571429,10.523809,background,0.000000,67.570000,0,0,0.142857,0.269841
6.190476,10.523809,background,0.000000,68.839996,0,0,0.158730,0.269841
6.809524,10.523809,background,0.000000,70.269997,0,0,0.174603,0.269841
7.428571,10.523809,background,0.000000,72.070000,0,0,0.190476,0.269841
8.047619,10.523809,background,0.000000,74.769997,0,0,0.206349,0.269841
8.666667,10.523809,background,0.000000,79.510002,0,0,0.222222,0.269841
9.285714,10.523809,CPU2_1,150.000000,86.010002,1,1,0.238095,0.269841
9.904762,10.523809,CPU2_1,150.000000,89.519997,1,0,0.253968,0.269841
10.523809,10.523809,CPU2_1,150.000000,91.529999,1,0,0.269841,0.269841
11.142858,10.523809,CPU2_1,150.000000,92.889999,1,0,0.285714,0.269841
11.761905,10.523809,CPU2_1,150.000000,93.930000,1,0,0.301587,0.269841
12.380953,10.523809,CPU2_1,150.000000,94.779999,1,0,0.317460,0.269841
13.000000,10.523809,CPU2_1,150.000000,95.480003,1,0,0.333333,0.269841
13.619047,10.523809,CPU2_1,150.000000,96.070000,1,0,0.349206,0.269841
14.238095,10.523809,CPU2_1,150.000000,96.540001,1,0,0.365079,0.269841
14.857142,10.523809,CPU2_1,150.000000,96.889999,1,0,0.380952,0.269841
15.476191,10.523809,CPU2_1,150.000000,97.139999,1,0,0.396825,0.269841
16.095238,10.523809,CPU2_1,150.000000,97.260002,1,0,0.412698,0.269841
16.714285,10.523809,CPU2_1,150.000000,97.260002,1,1,0.428571,0.269841
17.333334,10.523809,background,0.000000,97.139999,0,1,0.444444,0.269841
17.952381,10.523809,CPU2_2,150.000000,96.970001,1,0,0.460317,0.269841
18.571428,10.523809,CPU2_2,150.000000,96.730003,1,0,0.476190,0.269841
19.190475,10.523809,CPU2_2,150.000000,96.430000,1,0,0.492063,0.269841
19.809525,10.523809,CPU2_2,150.000000,96.050003,1,0,0.507937,0.269841
20.428572,10.523809,CPU2_2,150.000000,95.580002,1,0,0.523810,0.269841
21.047619,10.523809,CPU2_2,150.000000,95.029999,1,0,0.539683,0.269841
21.666666,10.523809,CPU2_2,150.000000,94.370003,1,0,0.555556,0.269841
22.285715,10.523809,CPU2_2,150.000000,93.610001,1,0,0.571429,0.269841
22.904762,10.523809,CPU2_2,150.000000,92.730003,1,0,0.587302,0.269841
23.523809,10.523809,CPU2_2,150.000000,91.709999,1,0,0.603175,0.269841
24.142857,10.523809,CPU2_2,150.000000,90.489998,1,0,0.619048,0.269841
24.761906,10.523809,CPU2_2,150.000000,88.959999,1,0,0.634921,0.269841
25.380953,10.523809,CPU2_2,150.000000,86.800003,1,1,0.650794,0.269841
26.000000,10.523809,DRAM_2,20.000000,83.099998,1,0,0.666667,0.269841
26.619047,10.523809,DRAM_2,20.000000,78.629997,1,0,0.682540,0.269841
27.238094,10.523809,DRAM_2,20.000000,73.889999,1,0,0.698413,0.269841
27.857143,10.523809,DRAM_2,20.000000,70.320000,1,0,0.714286,0.269841
28.476191,10.523809,DRAM_2,20.000000,67.629997,1,0,0.730159,0.269841
29.095238,10.523809,DRAM_2,20.000000,65.519997,1,0,0.746032,0.269841
29.714285,10.523809,DRAM_2,20.000000,63.790001,1,0,0.761905,0.269841
30.333334,10.523809,DRAM_2,20.000000,62.320000,1,0,0.777778,0.269841
30.952381,10.523809,DRAM_2,20.000000,61.020000,1,0,0.793651,0.269841
31.571428,10.523809,DRAM_2,20.000000,59.849998,1,0,0.809524,0.269841
32.190475,10.523809,DRAM_2,20.000000,58.770000,1,0,0.825397,0.269841
32.809525,10.523809,DRAM_2,20.000000,57.750000,1,0,0.841270,0.269841
33.428570,10.523809,DRAM_2,20.000000,56.799999,1,0,0.857143,0.269841
34.047619,10.523809,DRAM_2,20.000000,55.889999,1,0,0.873016,0.269841
34.666668,10.523809,background,0.000000,55.029999,0,1,0.888889,0.269841
35.285713,10.523809,background,0.000000,54.209999,0,0,0.904762,0.269841
35.904762,10.523809,background,0.000000,53.430000,0,0,0.920635,0.269841
36.523811,10.523809,background,0.000000,52.709999,0,0,0.936508,0.269841
37.142857,10.523809,background,0.000000,52.060001,0,0,0.952381,0.269841
37.761906,10.523809,background,0.000000,51.500000,0,0,0.968254,0.269841
38.380951,10.523809,background,0.000000,51.060001,0,0,0.984127,0.269841
39.000000,10.523809,background,0.000000,50.799999,0,0,1.000000,0.269841
0.000000,11.142858,background,0.000000,59.169998,0,0,0.000000,0.285714
0.619048,11.142858,background,0.000000,59.790001,0,0,0.015873,0.285714
1.238095,11.142858,background,0.000000,60.650002,0,0,0.031746,0.285714
1.857143,11.142858,background,0.000000,61.610001,0,0,0.047619,0.285714
2.476191,11.142858,background,0.000000,62.619999,0,0,0.063492,0.285714
3.095238,11.142858,background,0.000000,63.650002,0,0,0.079365,0.285714
3.714286,11.142858,background,0.000000,64.720001,0,0,0.095238,0.285714
4.333333,11.142858,background,0.000000,65.830002,0,0,0.111111,0.285714
4.952381,11.142858,background,0.000000,66.980003,0,0,0.126984,0.285714
5.571429,11.142858,background,0.000000,68.199997,0,0,0.142857,0.285714
6.190476,11.142858,background,0.000000,69.510002,0,0,0.158730,0.285714
6.809524,11.142858,background,0.000000,71.000000,0,0,0.174603,0.285714
7.428571,11.142858,background,0.000000,72.860001,0,0,0.190476,0.285714
8.047619,11.142858,background,0.000000,75.620003,0,0,0.206349,0.285714
8.666667,11.142858,background,0.000000,80.430000,0,0,0.222222,0.285714
9.285714,11.142858,CPU2_1,150.000000,87.010002,1,1,0.238095,0.285714
9.904762,11.142858,CPU2_1,150.000000,90.580002,1,0,0.253968,0.285714
10.523809,11.142858,CPU2_1,150.000000,92.639999,1,0,0.269841,0.285714
11.142858,11.142858,CPU2_1,150.000000,94.050003,1,0,0.285714,0.285714
11.761905,11.142858,CPU2_1,150.000000,95.129997,1,0,0.301587,0.285714
12.380953,11.142858,CPU2_1,150.000000,96.019997,1,0,0.317460,0.285714
13.000000,11.142858,CPU2_1,150.000000,96.750000,1,0,0.333333,0.285714
13.619047,11.142858,CPU2_1,150.000000,97.349998,1,0,0.349206,0.285714
14.238095,11.142858,CPU2_1,150.000000,97.839996,1,0,0.365079,0.285714
14.857142,11.142858,CPU2_1,150.000000,98.220001,1,0,0.380952,0.285714
15.476191,11.142858,CPU2_1,150.000000,98.489998,1,0,0.396825,0.285714
16.095238,11.142858,CPU2_1,150.000000,98.650002,1,0,0.412698,0.285714
16.714285,11.142858,CPU2_1,150.000000,98.699997,1,1,0.428571,0.285714
17.333334,11.142858,background,0.000000,98.660004,0,1,0.444444,0.285714
17.952381,11.142858,CPU2_2,150.000000,98.519997,1,0,0.460317,0.285714
18.571428,11.142858,CPU2_2,150.000000,98.309998,1,0,0.476190,0.285714
19.190475,11.142858,CPU2_2,150.000000,98.010002,1,0,0.492063,0.285714
19.809525,11.142858,CPU2_2,150.000000,97.620003,1,0,0.507937,0.285714
20.428572,11.142858,CPU2_2,150.000000,97.129997,1,0,0.523810,0.285714
21.047619,11.142858,CPU2_2,150.000000,96.550003,1,0,0.539683,0.285714
21.666666,11.142858,CPU2_2,150.000000,95.870003,1,0,0.555556,0.285714
22.285715,11.142858,CPU2_2,150.000000,95.080002,1,0,0.571429,0.285714
22.904762,11.142858,CPU2_2,150.000000,94.160004,1,0,0.587302,0.285714
23.523809,11.142858,CPU2_2,150.000000,93.089996,1,0,0.603175,0.285714
24.142857,11.142858,CPU2_2,150.000000,91.820000,1,0,0.619048,0.285714
24.761906,11.142858,CPU2_2,150.000000,90.220001,1,0,0.634921,0.285714
25.380953,11.142858,CPU2_2,150.000000,87.980003,1,1,0.650794,0.285714
26.000000,11.142858,DRAM_2,20.000000,84.209999,1,0,0.666667,0.285714
26.619047,11.142858,DRAM_2,20.000000,79.720001,1,0,0.682540,0.285714
27.238094,11.142858,DRAM_2,20.000000,74.889999,1,0,0.698413,0.285714
27.857143,11.142858,DRAM_2,20.000000,71.190002,1,0,0.714286,0.285714
28.476191,11.142858,DRAM_2,20.000000,68.379997,1,0,0.730159,0.285714
29.095238,11.142858,DRAM_2,20.000000,66.169998,1,0,0.746032,0.285714
29.714285,11.142858,DRAM_2,20.000000,64.370003,1,0,0.761905,0.285714
30.333334,11.142858,DRAM_2,20.000000,62.830002,1,0,0.777778,0.285714
30.952381,11.142858,DRAM_2,20.000000,61.490002,1,0,0.793651,0.285714
31.571428,11.142858,DRAM_2,20.000000,60.270000,1,0,0.809524,0.285714
32.190475,11.142858,DRAM_2,20.000000,59.160000,1,0,0.825397,0.285714
32.809525,11.142858,DRAM_2,20.000000,58.110001,1,0,0.841270,0.285714
33.428570,11.142858,DRAM_2,20.000000,57.130001,1,0,0.857143,0.285714
34.047619,11.142858,DRAM_2,20.000000,56.200001,1,0,0.873016,0.285714
34.666668,11.142858,background,0.000000,55.310001,0,1,0.888889,0.285714
35.285713,11.142858,background,0.000000,54.470001,0,0,0.904762,0.285714
35.904762,11.142858,background,0.000000,53.680000,0,0,0.920635,0.285714
36.523811,11.142858,background,0.000000,52.939999,0,0,0.936508,0.285714
37.142857,11.142858,background,0.000000,52.279999,0,0,0.952381,0.285714
37.761906,11.142858,background,0.000000,51.700001,0,0,0.968254,0.285714
38.380951,11.142858,background,0.000000,51.259998,0,0,0.984127,0.285714
39.000000,11.142858,background,0.000000,50.990002,0,0,1.000000,0.285714
0.000000,11.761905,background,0.000000,59.480000,0,0,0.000000,0.301587
0.619048,11.761905,background,0.000000,60.110001,0,0,0.015873,0.301587
1.238095,11.761905,background,0.000000,61.000000,0,0,0.031746,0.301587
1.857143,11.761905,background,0.000000,61.980000,0,0,0.047619,0.301587
2.476191,11.761905,background,0.000000,63.009998,0,0,0.063492,0.301587
3.095238,11.761905,background,0.000000,64.080002,0,0,0.079365,0.301587
3.714286,11.761905,background,0.000000,65.180000,0,0,0.095238,0.301587
4.333333,11.761905,background,0.000000,66.320000,0,0,0.111111,0.301587
4.952381,11.761905,background,0.000000,67.510002,0,0,0.126984,0.301587
5.571429,11.761905,background,0.000000,68.769997,0,0,0.142857,0.301587
6.190476,11.761905,background,0.000000,70.120003,0,0,0.158730,0.301587
6.809524,11.761905,background,0.000000,71.650002,0,0,0.174603,0.301587
7.428571,11.761905,background,0.000000,73.559998,0,0,0.190476,0.301587
8.047619,11.761905,background,0.000000,76.379997,0,0,0.206349,0.301587
8.666667,11.761905,background,0.000000,81.239998,0,0,0.222222,0.301587
9.285714,11.761905,CPU2_1,150.000000,87.870003,1,1,0.238095,0.301587
9.904762,11.761905,CPU2_1,150.000000,91.489998,1,0,0.253968,0.301587
10.523809,11.761905,CPU2_1,150.000000,93.599998,1,0,0.269841,0.301587
11.142858,11.761905,CPU2_1,150.000000,95.050003,1,0,0.285714,0.301587
11.761905,11.761905,CPU2_1,150.000000,96.160004,1,0,0.301587,0.301587
12.380953,11.761905,CPU2_1,150.000000,97.080002,1,0,0.317460,0.301587
13.000000,11.761905,CPU2_1,150.000000,97.830002,1,0,0.333333,0.301587
13.619047,11.761905,CPU2_1,150.000000,98.459999,1,0,0.349206,0.301587
14.238095,11.761905,CPU2_1,150.000000,98.959999,1,0,0.365079,0.301587
14.857142,11.761905,CPU2_1,150.000000,99.360001,1,0,0.380952,0.301587
15.476191,11.761905,CPU2_1,150.000000,99.650002,1,0,0.396825,0.301587
16.095238,11.761905,CPU2_1,150.000000,99.830002,1,0,0.412698,0.301587
16.714285,11.761905,CPU2_1,150.000000,99.900002,1,1,0.428571,0.301587
17.333334,11.761905,background,0.000000,99.879997,0,1,0.444444,0.301587
17.952381,11.761905,CPU2_2,150.000000,99.760002,1,0,0.460317,0.301587
18.571428,11.761905,CPU2_2,150.000000,99.550003,1,0,0.476190,0.301587
19.190475,11.761905,CPU2_2,150.000000,99.239998,1,0,0.492063,0.301587
19.809525,11.761905,CPU2_2,150.000000,98.839996,1,0,0.507937,0.301587
20.428572,11.761905,CPU2_2,150.000000,98.339996,1,0,0.523810,0.301587
21.047619,11.761905,CPU2_2,150.000000,97.739998,1,0,0.539683,0.301587
21.666666,11.761905,CPU2_2,150.000000,97.029999,1,0,0.555556,0.301587
22.285715,11.761905,CPU2_2,150.000000,96.209999,1,0,0.571429,0.301587
22.904762,11.761905,CPU2_2,150.000000,95.260002,1,0,0.587302,0.301587
23.523809,11.761905,CPU2_2,150.000000,94.150002,1,0,0.603175,0.301587
24.142857,11.761905,CPU2_2,150.000000,92.830002,1,0,0.619048,0.301587
24.761906,11.761905,CPU2_2,150.000000,91.180000,1,0,0.634921,0.301587
25.380953,11.761905,CPU2_2,150.000000,88.889999,1,1,0.650794,0.301587
26.000000,11.761905,DRAM_2,20.000000,85.080002,1,0,0.666667,0.301587
26.619047,11.761905,DRAM_2,20.000000,80.580002,1,0,0.682540,0.301587
27.238094,11.761905,DRAM_2,20.000000,75.680000,1,0,0.698413,0.301587
27.857143,11.761905,DRAM_2,20.000000,71.910004,1,0,0.714286,0.301587
28.476191,11.761905,DRAM_2,20.000000,69.019997,1,0,0.730159,0.301587
29.095238,11.761905,DRAM_2,20.000000,66.750000,1,0,0.746032,0.301587
29.714285,11.761905,DRAM_2,20.000000,64.879997,1,0,0.761905,0.301587
30.333334,11.761905,DRAM_2,20.000000,63.299999,1,0,0.777778,0.301587
30.952381,11.761905,DRAM_2,20.000000,61.919998,1,0,0.793651,0.301587
31.571428,11.761905,DRAM_2,20.000000,60.669998,1,0,0.809524,0.301587
32.190475,11.761905,DRAM_2,20.000000,59.520000,1,0,0.825397,0.301587
32.809525,11.761905,DRAM_2,20.000000,58.450001,1,0,0.841270,0.301587
33.428570,11.761905,DRAM_2,20.000000,57.439999,1,0,0.857143,0.301587
34.047619,11.761905,DRAM_2,20.000000,56.490002,1,0,0.873016,0.301587
34.666668,11.761905,background,0.000000,55.580002,0,1,0.888889,0.301587
35.285713,11.761905,background,0.000000,54.720001,0,0,0.904762,0.301587
35.904762,11.761905,background,0.000000,53.910000,0,0,0.920635,0.301587
36.523811,11.761905,background,0.000000,53.160000,0,0,0.936508,0.301587
37.142857,11.761905,background,0.000000,52.480000,0,0,0.952381,0.301587
37.761906,11.761905,background,0.000000,51.889999,0,0,0.968254,0.301587
38.380951,11.761905,background,0.000000,51.439999,0,0,0.984127,0.301587
39.000000,11.761905,background,0.000000,51.169998,0,0,1.000000,0.301587
0.000000,12.380953,background,0.000000,59.750000,0,0,0.000000,0.317460
0.619048,12.380953,background,0.000000,60.400002,0,0,0.015873,0.317460
1.238095,12.380953,background,0.000000,61.299999,0,0,0.031746,0.317460
1.857143,12.380953,background,0.000000,62.310001,0,0,0.047619,0.317460
2.476191,12.380953,background,0.000000,63.369999,0,0,0.063492,0.317460
3.095238,12.380953,background,0.000000,64.459999,0,0,0.079365,0.317460
3.714286,12.380953,background,0.000000,65.589996,0,0,0.095238,0.317460
4.333333,12.380953,background,0.000000,66.760002,0,0,0.111111,0.317460
4.952381,12.380953,background,0.000000,67.980003,0,0,0.126984,0.317460
5.571429,12.380953,background,0.000000,69.269997,0,0,0.142857,0.317460
6.190476,12.380953,background,0.000000,70.669998,0,0,0.158730,0.317460
6.809524,12.380953,background,0.000000,72.239998,0,0,0.174603,0.317460
7.428571,12.380953,background,0.000000,74.190002,0,0,0.190476,0.317460
8.047619,12.380953,background,0.000000,77.050003,0,0,0.206349,0.317460
8.666667,12.380953,background,0.000000,81.959999,0,0,0.222222,0.317460
9.285714,12.380953,CPU2_1,150.000000,88.629997,1,1,0.238095,0.317460
9.904762,12.380953,CPU2_1,150.000000,92.290001,1,0,0.253968,0.317460
10.523809,12.380953,CPU2_1,150.000000,94.430000,1,0,0.269841,0.317460
11.142858,12.380953,CPU2_1,150.000000,95.910004,1,0,0.285714,0.317460
11.761905,12.380953,CPU2_1,150.000000,97.059998,1,0,0.301587,0.317460
12.380953,12.380953,CPU2_1,150.000000,97.989998,1,0,0.317460,0.317460
13.000000,12.380953,CPU2_1,150.000000,98.769997,1,0,0.333333,0.317460
13.619047,12.380953,CPU2_1,150.000000,99.410004,1,0,0.349206,0.317460
14.238095,12.380953,CPU2_1,150.000000,99.930000,1,0,0.365079,0.317460
14.857142,12.380953,CPU2_1,150.000000,100.339996,1,0,0.380952,0.317460
15.476191,12.380953,CPU2_1,150.000000,100.639999,1,0,0.396825,0.317460
16.095238,12.380953,CPU2_1,150.000000,100.830002,1,0,0.412698,0.317460
16.714285,12.380953,CPU2_1,150.000000,100.910004,1,1,0.428571,0.317460
17.333334,12.380953,background,0.000000,100.900002,0,1,0.444444,0.317460
17.952381,12.380953,CPU2_2,150.000000,100.779999,1,0,0.460317,0.317460
18.571428,12.380953,CPU2_2,150.000000,100.570000,1,0,0.476190,0.317460
19.190475,12.380953,CPU2_2,150.000000,100.260002,1,0,0.492063,0.317460
19.809525,12.380953,CPU2_2,150.000000,99.839996,1,0,0.507937,0.317460
20.428572,12.380953,CPU2_2,150.000000,99.330002,1,0,0.523810,0.317460
21.047619,12.380953,CPU2_2,150.000000,98.709999,1,0,0.539683,0.317460
21.666666,12.380953,CPU2_2,150.000000,97.980003,1,0,0.555556,0.317460
22.285715,12.380953,CPU2_2,150.000000,97.129997,1,0,0.571429,0.317460
22.904762,12.380953,CPU2_2,150.000000,96.150002,1,0,0.587302,0.317460
23.523809,12.380953,CPU2_2,150.000000,95.010002,1,0,0.603175,0.317460
24.142857,12.380953,CPU2_2,150.000000,93.660004,1,0,0.619048,0.317460
24.761906,12.380953,CPU2_2,150.000000,91.970001,1,0,0.634921,0.317460
25.380953,12.380953,CPU2_2,150.000000,89.639999,1,1,0.650794,0.317460
26.000000,12.380953,DRAM_2,20.000000,85.779999,1,0,0.666667,0.317460
26.619047,12.380953,DRAM_2,20.000000,81.260002,1,0,0.682540,0.317460
27.238094,12.380953,DRAM_2,20.000000,76.330002,1,0,0.698413,0.317460
27.857143,12.380953,DRAM_2,20.000000,72.500000,1,0,0.714286,0.317460
28.476191,12.380953,DRAM_2,20.000000,69.570000,1,0,0.730159,0.317460
29.095238,12.380953,DRAM_2,20.000000,67.239998,1,0,0.746032,0.317460
29.714285,12.380953,DRAM_2,20.000000,65.339996,1,0,0.761905,0.317460
30.333334,12.380953,DRAM_2,20.000000,63.730000,1,0,0.777778,0.317460
30.952381,12.380953,DRAM_2,20.000000,62.310001,1,0,0.793651,0.317460
31.571428,12.380953,DRAM_2,20.000000,61.029999,1,0,0.809524,0.317460
32.190475,12.380953,DRAM_2,20.000000,59.860001,1,0,0.825397,0.317460
32.809525,12.380953,DRAM_2,20.000000,58.770000,1,0,0.841270,0.317460
33.428570,12.380953,DRAM_2,20.000000,57.740002,1,0,0.857143,0.317460
34.047619,12.380953,DRAM_2,20.000000,56.759998,1,0,0.873016,0.317460
34.666668,12.380953,background,0.000000,55.830002,0,1,0.888889,0.317460
35.285713,12.380953,background,0.000000,54.959999,0,0,0.904762,0.317460
35.904762,12.380953,background,0.000000,54.130001,0,0,0.920635,0.317460
36.523811,12.380953,background,0.000000,53.360001,0,0,0.936508,0.317460
37.142857,12.380953,background,0.000000,52.669998,0,0,0.952381,0.317460
37.761906,12.380953,background,0.000000,52.070000,0,0,0.968254,0.317460
38.380951,12.380953,background,0.000000,51.610001,0,0,0.984127,0.317460
39.000000,12.380953,background,0.000000,51.340000,0,0,1.000000,0.317460
0.000000,13.000000,background,0.000000,59.980000,0,0,0.000000,0.333333
0.619048,13.000000,background,0.000000,60.639999,0,0,0.015873,0.333333
1.238095,13.000000,background,0.000000,61.570000,0,0,0.031746,0.333333
1.857143,13.000000,background,0.000000,62.590000,0,0,0.047619,0.333333
2.476191,13.000000,background,0.000000,63.669998,0,0,0.063492,0.333333
3.095238,13.000000,background,0.000000,64.790001,0,0,0.079365,0.333333
3.714286,13.000000,background,0.000000,65.949997,0,0,0.095238,0.333333
4.333333,13.000000,background,0.000000,67.150002,0,0,0.111111,0.333333
4.952381,13.000000,background,0.000000,68.400002,0,0,0.126984,0.333333
5.571429,13.000000,background,0.000000,69.720001,0,0,0.142857,0.333333
6.190476,13.000000,background,0.000000,71.150002,0,0,0.158730,0.333333
6.809524,13.000000,background,0.000000,72.760002,0,0,0.174603,0.333333
7.428571,13.000000,background,0.000000,74.739998,0,0,0.190476,0.333333
8.047619,13.000000,background,0.000000,77.639999,0,0,0.206349,0.333333
8.666667,13.000000,background,0.000000,82.580002,0,0,0.222222,0.333333
9.285714,13.000000,CPU2_1,150.000000,89.290001,1,1,0.238095,0.333333
9.904762,13.000000,CPU2_1,150.000000,92.980003,1,0,0.253968,0.333333
10.523809,13.000000,CPU2_1,150.000000,95.150002,1,0,0.269841,0.333333
11.142858,13.000000,CPU2_1,150.000000,96.660004,1,0,0.285714,0.333333
11.761905,13.000000,CPU2_1,150.000000,97.820000,1,0,0.301587,0.333333
12.380953,13.000000,CPU2_1,150.000000,98.779999,1,0,0.317460,0.333333
13.000000,13.000000,CPU2_1,150.000000,99.570000,1,0,0.333333,0.333333
13.619047,13.000000,CPU2_1,150.000000,100.230003,1,0,0.349206,0.333333
14.238095,13.000000,CPU2_1,150.000000,100.769997,1,0,0.365079,0.333333
14.857142,13.000000,CPU2_1,150.000000,101.180000,1,0,0.380952,0.333333
15.476191,13.000000,CPU2_1,150.000000,101.489998,1,0,0.396825,0.333333
16.095238,13.000000,CPU2_1,150.000000,101.690002,1,0,0.412698,0.333333
16.714285,13.000000,CPU2_1,150.000000,101.779999,1,1,0.428571,0.333333
17.333334,13.000000,background,0.000000,101.760002,0,1,0.444444,0.333333
17.952381,13.000000,CPU2_2,150.000000,101.639999,1,0,0.460317,0.333333
18.571428,13.000000,CPU2_2,150.000000,101.419998,1,0,0.476190,0.333333
19.190475,13.000000,CPU2_2,150.000000,101.099998,1,0,0.492063,0.333333
19.809525,13.000000,CPU2_2,150.000000,100.680000,1,0,0.507937,0.333333
20.428572,13.000000,CPU2_2,150.000000,100.150002,1,0,0.523810,0.333333
21.047619,13.000000,CPU2_2,150.000000,99.519997,1,0,0.539683,0.333333
21.666666,13.000000,CPU2_2,150.000000,98.769997,1,0,0.555556,0.333333
22.285715,13.000000,CPU2_2,150.000000,97.900002,1,0,0.571429,0.333333
22.904762,13.000000,CPU2_2,150.000000,96.889999,1,0,0.587302,0.333333
23.523809,13.000000,CPU2_2,150.000000,95.720001,1,0,0.603175,0.333333
24.142857,13.000000,CPU2_2,150.000000,94.330002,1,0,0.619048,0.333333
24.761906,13.000000,CPU2_2,150.000000,92.610001,1,0,0.634921,0.333333
25.380953,13.000000,CPU2_2,150.000000,90.239998,1,1,0.650794,0.333333
26.000000,13.000000,DRAM_2,20.000000,86.360001,1,0,0.666667,0.333333
26.619047,13.000000,DRAM_2,20.000000,81.820000,1,0,0.682540,0.333333
27.238094,13.000000,DRAM_2,20.000000,76.849998,1,0,0.698413,0.333333
27.857143,13.000000,DRAM_2,20.000000,72.989998,1,0,0.714286,0.333333
28.476191,13.000000,DRAM_2,20.000000,70.019997,1,0,0.730159,0.333333
29.095238,13.000000,DRAM_2,20.000000,67.669998,1,0,0.746032,0.333333
29.714285,13.000000,DRAM_2,20.000000,65.739998,1,0,0.761905,0.333333
30.333334,13.000000,DRAM_2,20.000000,64.099998,1,0,0.777778,0.333333
30.952381,13.000000,DRAM_2,20.000000,62.669998,1,0,0.793651,0.333333
31.571428,13.000000,DRAM_2,20.000000,61.369999,1,0,0.809524,0.333333
32.190475,13.000000,DRAM_2,20.000000,60.180000,1,0,0.825397,0.333333
32.809525,13.000000,DRAM_2,20.000000,59.060001,1,0,0.841270,0.333333
33.428570,13.000000,DRAM_2,20.000000,58.009998,1,0,0.857143,0.333333
34.047619,13.000000,DRAM_2,20.000000,57.020000,1,0,0.873016,0.333333
34.666668,13.000000,background,0.000000,56.070000,0,1,0.888889,0.333333
35.285713,13.000000,background,0.000000,55.180000,0,0,0.904762,0.333333
35.904762,13.000000,background,0.000000,54.330002,0,0,0.920635,0.333333
36.523811,13.000000,background,0.000000,53.549999,0,0,0.936508,0.333333
37.142857,13.000000,background,0.000000,52.840000,0,0,0.952381,0.333333
37.761906,13.000000,background,0.000000,52.230000,0,0,0.968254,0.333333
38.380951,13.000000,background,0.000000,51.759998,0,0,0.984127,0.333333
39.000000,13.000000,background,0.000000,51.490002,0,0,1.000000,0.333333
0.000000,13.619047,background,0.000000,60.180000,0,0,0.000000,0.349206
0.619048,13.619047,background,0.000000,60.849998,0,0,0.015873,0.349206
1.238095,13.619047,background,0.000000,61.790001,0,0,0.031746,0.349206
1.857143,13.619047,background,0.000000,62.830002,0,0,0.047619,0.349206
2.476191,13.619047,background,0.000000,63.930000,0,0,0.063492,0.349206
3.095238,13.619047,background,0.000000,65.070000,0,0,0.079365,0.349206
3.714286,13.619047,background,0.000000,66.250000,0,0,0.095238,0.349206
4.333333,13.619047,background,0.000000,67.480003,0,0,0.111111,0.349206
4.952381,13.619047,background,0.000000,68.760002,0,0,0.126984,0.349206
5.571429,13.619047,background,0.000000,70.110001,0,0,0.142857,0.349206
6.190476,13.619047,background,0.000000,71.559998,0,0,0.158730,0.349206
6.809524,13.619047,background,0.000000,73.209999,0,0,0.174603,0.349206
7.428571,13.619047,background,0.000000,75.230003,0,0,0.190476,0.349206
8.047619,13.619047,background,0.000000,78.150002,0,0,0.206349,0.349206
8.666667,13.619047,background,0.000000,83.129997,0,0,0.222222,0.349206
9.285714,13.619047,CPU2_1,150.000000,89.860001,1,1,0.238095,0.349206
9.904762,13.619047,CPU2_1,150.000000,93.580002,1,0,0.253968,0.349206
10.523809,13.619047,CPU2_1,150.000000,95.769997,1,0,0.269841,0.349206
11.142858,13.619047,CPU2_1,150.000000,97.300003,1,0,0.285714,0.349206
11.761905,13.619047,CPU2_1,150.000000,98.480003,1,0,0.301587,0.349206
12.380953,13.619047,CPU2_1,150.000000,99.459999,1,0,0.317460,0.349206
13.000000,13.619047,CPU2_1,150.000000,100.260002,1,0,0.333333,0.349206
13.619047,13.619047,CPU2_1,150.000000,100.930000,1,0,0.349206,0.349206
14.238095,13.619047,CPU2_1,150.000000,101.480003,1,0,0.365079,0.349206
14.857142,13.619047,CPU2_1,150.000000,101.900002,1,0,0.380952,0.349206
15.476191,13.619047,CPU2_1,150.000000,102.209999,1,0,0.396825,0.349206
16.095238,13.619047,CPU2_1,150.000000,102.410004,1,0,0.412698,0.349206
16.714285,13.619047,CPU2_1,150.000000,102.500000,1,1,0.428571,0.349206
17.333334,13.619047,background,0.000000,102.480003,0,1,0.444444,0.349206
17.952381,13.619047,CPU2_2,150.000000,102.360001,1,0,0.460317,0.349206
18.571428,13.619047,CPU2_2,150.000000,102.129997,1,0,0.476190,0.349206
19.190475,13.619047,CPU2_2,150.000000,101.800003,1,0,0.492063,0.349206
19.809525,13.619047,CPU2_2,150.000000,101.370003,1,0,0.507937,0.349206
20.428572,13.619047,CPU2_2,150.000000,100.830002,1,0,0.523810,0.349206
21.047619,13.619047,CPU2_2,150.000000,100.180000,1,0,0.539683,0.349206
21.666666,13.619047,CPU2_2,150.000000,99.410004,1,0,0.555556,0.349206
22.285715,13.619047,CPU2_2,150.000000,98.519997,1,0,0.571429,0.349206
22.904762,13.619047,CPU2_2,150.000000,97.489998,1,0,0.587302,0.349206
23.523809,13.619047,CPU2_2,150.000000,96.290001,1,0,0.603175,0.349206
24.142857,13.619047,CPU2_2,150.000000,94.870003,1,0,0.619048,0.349206
24.761906,13.619047,CPU2_2,150.000000,93.120003,1,0,0.634921,0.349206
25.380953,13.619047,CPU2_2,150.000000,90.739998,1,1,0.650794,0.349206
26.000000,13.619047,DRAM_2,20.000000,86.830002,1,0,0.666667,0.349206
26.619047,13.619047,DRAM_2,20.000000,82.250000,1,0,0.682540,0.349206
27.238094,13.619047,DRAM_2,20.000000,77.260002,1,0,0.698413,0.349206
27.857143,13.619047,DRAM_2,20.000000,73.370003,1,0,0.714286,0.349206
28.476191,13.619047,DRAM_2,20.000000,70.389999,1,0,0.730159,0.349206
29.095238,13.619047,DRAM_2,20.000000,68.029999,1,0,0.746032,0.349206
29.714285,13.619047,DRAM_2,20.000000,66.089996,1,0,0.761905,0.349206
30.333334,13.619047,DRAM_2,20.000000,64.440002,1,0,0.777778,0.349206
30.952381,13.619047,DRAM_2,20.000000,62.990002,1,0,0.793651,0.349206
31.571428,13.619047,DRAM_2,20.000000,61.680000,1,0,0.809524,0.349206
32.190475,13.619047,DRAM_2,20.000000,60.470001,1,0,0.825397,0.349206
32.809525,13.619047,DRAM_2,20.000000,59.340000,1,0,0.841270,0.349206
33.428570,13.619047,DRAM_2,20.000000,58.279999,1,0,0.857143,0.349206
34.047619,13.619047,DRAM_2,20.000000,57.259998,1,0,0.873016,0.349206
34.666668,13.619047,background,0.000000,56.299999,0,1,0.888889,0.349206
35.285713,13.619047,background,0.000000,55.380001,0,0,0.904762,0.349206
35.904762,13.619047,background,0.000000,54.520000,0,0,0.920635,0.349206
36.523811,13.619047,background,0.000000,53.720001,0,0,0.936508,0.349206
37.142857,13.619047,background,0.000000,53.000000,0,0,0.952381,0.349206
37.761906,13.619047,background,0.000000,52.380001,0,0,0.968254,0.349206
38.380951,13.619047,background,0.000000,51.900002,0,0,0.984127,0.349206
39.000000,13.619047,background,0.000000,51.619999,0,0,1.000000,0.349206
0.000000,14.238095,background,0.000000,60.330002,0,0,0.000000,0.365079
0.619048,14.238095,background,0.000000,61.009998,0,0,0.015873,0.365079
1.238095,14.238095,background,0.000000,61.959999,0,0,0.031746,0.365079
1.857143,14.238095,background,0.000000,63.020000,0,0,0.047619,0.365079
2.476191,14.238095,background,0.000000,64.139999,0,0,0.063492,0.365079
3.095238,14.238095,background,0.000000,65.300003,0,0,0.079365,0.365079
3.714286,14.238095,background,0.000000,66.500000,0,0,0.095238,0.365079
4.333333,14.238095,background,0.000000,67.750000,0,0,0.111111,0.365079
4.952381,14.238095,background,0.000000,69.050003,0,0,0.126984,0.365079
5.571429,14.238095,background,0.000000,70.430000,0,0,0.142857,0.365079
6.190476,14.238095,background,0.000000,71.919998,0,0,0.158730,0.365079
6.809524,14.238095,background,0.000000,73.589996,0,0,0.174603,0.365079
7.428571,14.238095,background,0.000000,75.650002,0,0,0.190476,0.365079
8.047619,14.238095,background,0.000000,78.599998,0,0,0.206349,0.365079
8.666667,14.238095,background,0.000000,83.599998,0,0,0.222222,0.365079
9.285714,14.238095,CPU2_1,150.000000,90.349998,1,1,0.238095,0.365079
9.904762,14.238095,CPU2_1,150.000000,94.089996,1,0,0.253968,0.365079
10.523809,14.238095,CPU2_1,150.000000,96.300003,1,0,0.269841,0.365079
11.142858,14.238095,CPU2_1,150.000000,97.839996,1,0,0.285714,0.365079
11.761905,14.238095,CPU2_1,150.000000,99.040001,1,0,0.301587,0.365079
12.380953,14.238095,CPU2_1,150.000000,100.019997,1,0,0.317460,0.365079
13.000000,14.238095,CPU2_1,150.000000,100.839996,1,0,0.333333,0.365079
13.619047,14.238095,CPU2_1,150.000000,101.519997,1,0,0.349206,0.365079
14.238095,14.238095,CPU2_1,150.000000,102.070000,1,0,0.365079,0.365079
14.857142,14.238095,CPU2_1,150.000000,102.500000,1,0,0.380952,0.365079
15.476191,14.238095,CPU2_1,150.000000,102.809998,1,0,0.396825,0.365079
16.095238,14.238095,CPU2_1,150.000000,103.000000,1,0,0.412698,0.365079
16.714285,14.238095,CPU2_1,150.000000,103.089996,1,1,0.428571,0.365079
17.333334,14.238095,background,0.000000,103.070000,0,1,0.444444,0.365079
17.952381,14.238095,CPU2_2,150.000000,102.940002,1,0,0.460317,0.365079
18.571428,14.238095,CPU2_2,150.000000,102.699997,1,0,0.476190,0.365079
19.190475,14.238095,CPU2_2,150.000000,102.360001,1,0,0.492063,0.365079
19.809525,14.238095,CPU2_2,150.000000,101.919998,1,0,0.507937,0.365079
20.428572,14.238095,CPU2_2,150.000000,101.360001,1,0,0.523810,0.365079
21.047619,14.238095,CPU2_2,150.000000,100.699997,1,0,0.539683,0.365079
21.666666,14.238095,CPU2_2,150.000000,99.910004,1,0,0.555556,0.365079
22.285715,14.238095,CPU2_2,150.000000,99.000000,1,0,0.571429,0.365079
22.904762,14.238095,CPU2_2,150.000000,97.949997,1,0,0.587302,0.365079
23.523809,14.238095,CPU2_2,150.000000,96.730003,1,0,0.603175,0.365079
24.142857,14.238095,CPU2_2,150.000000,95.290001,1,0,0.619048,0.365079
24.761906,14.238095,CPU2_2,150.000000,93.510002,1,0,0.634921,0.365079
25.380953,14.238095,CPU2_2,150.000000,91.099998,1,1,0.650794,0.365079
26.000000,14.238095,DRAM_2,20.000000,87.169998,1,0,0.666667,0.365079
26.619047,14.238095,DRAM_2,20.000000,82.550003,1,0,0.682540,0.365079
27.238094,14.238095,DRAM_2,20.000000,77.519997,1,0,0.698413,0.365079
27.857143,14.238095,DRAM_2,20.000000,73.639999,1,0,0.714286,0.365079
28.476191,14.238095,DRAM_2,20.000000,70.669998,1,0,0.730159,0.365079
29.095238,14.238095,DRAM_2,20.000000,68.320000,1,0,0.746032,0.365079
29.714285,14.238095,DRAM_2,20.000000,66.389999,1,0,0.761905,0.365079
30.333334,14.238095,DRAM_2,20.000000,64.739998,1,0,0.777778,0.365079
30.952381,14.238095,DRAM_2,20.000000,63.290001,1,0,0.793651,0.365079
31.571428,14.238095,DRAM_2,20.000000,61.980000,1,0,0.809524,0.365079
32.190475,14.238095,DRAM_2,20.000000,60.759998,1,0,0.825397,0.365079
32.809525,14.238095,DRAM_2,20.000000,59.619999,1,0,0.841270,0.365079
33.428570,14.238095,DRAM_2,20.000000,58.529999,1,0,0.857143,0.365079
34.047619,14.238095,DRAM_2,20.000000,57.500000,1,0,0.873016,0.365079
34.666668,14.238095,background,0.000000,56.520000,0,1,0.888889,0.365079
35.285713,14.238095,background,0.000000,55.580002,0,0,0.904762,0.365079
35.904762,14.238095,background,0.000000,54.700001,0,0,0.920635,0.365079
36.523811,14.238095,background,0.000000,53.880001,0,0,0.936508,0.365079
37.142857,14.238095,background,0.000000,53.150002,0,0,0.952381,0.365079
37.761906,14.238095,background,0.000000,52.520000,0,0,0.968254,0.365079
38.380951,14.238095,background,0.000000,52.029999,0,0,0.984127,0.365079
39.000000,14.238095,background,0.000000,51.740002,0,0,1.000000,0.365079
0.000000,14.857142,background,0.000000,60.439999,0,0,0.000000,0.380952
0.619048,14.857142,background,0.000000,61.119999,0,0,0.015873,0.380952
1.238095,14.857142,background,0.000000,62.090000,0,0,0.031746,0.380952
1.857143,14.857142,background,0.000000,63.160000,0,0,0.047619,0.380952
2.476191,14.857142,background,0.000000,64.290001,0,0,0.063492,0.380952
3.095238,14.857142,background,0.000000,65.470001,0,0,0.079365,0.380952
3.714286,14.857142,background,0.000000,66.690002,0,0,0.095238,0.380952
4.333333,14.857142,background,0.000000,67.959999,0,0,0.111111,0.380952
4.952381,14.857142,background,0.000000,69.290001,0,0,0.126984,0.380952
5.571429,14.857142,background,0.000000,70.690002,0,0,0.142857,0.380952
6.190476,14.857142,background,0.000000,72.209999,0,0,0.158730,0.380952
6.809524,14.857142,background,0.000000,73.919998,0,0,0.174603,0.380952
7.428571,14.857142,background,0.000000,76.010002,0,0,0.190476,0.380952
8.047619,14.857142,background,0.000000,79.000000,0,0,0.206349,0.380952
8.666667,14.857142,background,0.000000,84.019997,0,0,0.222222,0.380952
9.285714,14.857142,CPU2_1,150.000000,90.779999,1,1,0.238095,0.380952
9.904762,14.857142,CPU2_1,150.000000,94.529999,1,0,0.253968,0.380952
10.523809,14.857142,CPU2_1,150.000000,96.739998,1,0,0.269841,0.380952
11.142858,14.857142,CPU2_1,150.000000,98.290001,1,0,0.285714,0.380952
11.761905,14.857142,CPU2_1,150.000000,99.500000,1,0,0.301587,0.380952
12.380953,14.857142,CPU2_1,150.000000,100.489998,1,0,0.317460,0.380952
13.000000,14.857142,CPU2_1,150.000000,101.309998,1,0,0.333333,0.380952
13.619047,14.857142,CPU2_1,150.000000,101.989998,1,0,0.349206,0.380952
14.238095,14.857142,CPU2_1,150.000000,102.550003,1,0,0.365079,0.380952
14.857142,14.857142,CPU2_1,150.000000,102.980003,1,0,0.380952,0.380952
15.476191,14.857142,CPU2_1,150.000000,103.290001,1,0,0.396825,0.380952
16.095238,14.857142,CPU2_1,150.000000,103.480003,1,0,0.412698,0.380952
16.714285,14.857142,CPU2_1,150.000000,103.550003,1,1,0.428571,0.380952
17.333334,14.857142,background,0.000000,103.510002,0,1,0.444444,0.380952
17.952381,14.857142,CPU2_2,150.000000,103.370003,1,0,0.460317,0.380952
18.571428,14.857142,CPU2_2,150.000000,103.120003,1,0,0.476190,0.380952
19.190475,14.857142,CPU2_2,150.000000,102.769997,1,0,0.492063,0.380952
19.809525,14.857142,CPU2_2,150.000000,102.309998,1,0,0.507937,0.380952
20.428572,14.857142,CPU2_2,150.000000,101.750000,1,0,0.523810,0.380952
21.047619,14.857142,CPU2_2,150.000000,101.070000,1,0,0.539683,0.380952
21.666666,14.857142,CPU2_2,150.000000,100.269997,1,0,0.555556,0.380952
22.285715,14.857142,CPU2_2,150.000000,99.339996,1,0,0.571429,0.380952
22.904762,14.857142,CPU2_2,150.000000,98.269997,1,0,0.587302,0.380952
23.523809,14.857142,CPU2_2,150.000000,97.019997,1,0,0.603175,0.380952
24.142857,14.857142,CPU2_2,150.000000,95.559998,1,0,0.619048,0.380952
24.761906,14.857142,CPU2_2,150.000000,93.750000,1,0,0.634921,0.380952
25.380953,14.857142,CPU2_2,150.000000,91.309998,1,1,0.650794,0.380952
26.000000,14.857142,DRAM_2,20.000000,87.339996,1,0,0.666667,0.380952
26.619047,14.857142,DRAM_2,20.000000,82.660004,1,0,0.682540,0.380952
27.238094,14.857142,DRAM_2,20.000000,77.610001,1,0,0.698413,0.380952
27.857143,14.857142,DRAM_2,20.000000,73.760002,1,0,0.714286,0.380952
28.476191,14.857142,DRAM_2,20.000000,70.839996,1,0,0.730159,0.380952
29.095238,14.857142,DRAM_2,20.000000,68.540001,1,0,0.746032,0.380952
29.714285,14.857142,DRAM_2,20.000000,66.639999,1,0,0.761905,0.380952
30.333334,14.857142,DRAM_2,20.000000,65.019997,1,0,0.777778,0.380952
30.952381,14.857142,DRAM_2,20.000000,63.580002,1,0,0.793651,0.380952
31.571428,14.857142,DRAM_2,20.000000,62.270000,1,0,0.809524,0.380952
32.190475,14.857142,DRAM_2,20.000000,61.049999,1,0,0.825397,0.380952
32.809525,14.857142,DRAM_2,20.000000,59.889999,1,0,0.841270,0.380952
33.428570,14.857142,DRAM_2,20.000000,58.799999,1,0,0.857143,0.380952
34.047619,14.857142,DRAM_2,20.000000,57.740002,1,0,0.873016,0.380952
34.666668,14.857142,background,0.000000,56.730000,0,1,0.888889,0.380952
35.285713,14.857142,background,0.000000,55.770000,0,0,0.904762,0.380952
35.904762,14.857142,background,0.000000,54.869999,0,0,0.920635,0.380952
36.523811,14.857142,background,0.000000,54.029999,0,0,0.936508,0.380952
37.142857,14.857142,background,0.000000,53.279999,0,0,0.952381,0.380952
37.761906,14.857142,background,0.000000,52.639999,0,0,0.968254,0.380952
38.380951,14.857142,background,0.000000,52.139999,0,0,0.984127,0.380952
39.000000,14.857142,background,0.000000,51.849998,0,0,1.000000,0.380952
0.000000,15.476191,background,0.000000,60.500000,0,0,0.000000,0.396825
0.619048,15.476191,background,0.000000,61.180000,0,0,0.015873,0.396825
1.238095,15.476191,background,0.000000,62.150002,0,0,0.031746,0.396825
1.857143,15.476191,background,0.000000,63.240002,0,0,0.047619,0.396825
2.476191,15.476191,background,0.000000,64.379997,0,0,0.063492,0.396825
3.095238,15.476191,background,0.000000,65.570000,0,0,0.079365,0.396825
3.714286,15.476191,background,0.000000,66.809998,0,0,0.095238,0.396825
4.333333,15.476191,background,0.000000,68.099998,0,0,0.111111,0.396825
4.952381,15.476191,background,0.000000,69.449997,0,0,0.126984,0.396825
5.571429,15.476191,background,0.000000,70.889999,0,0,0.142857,0.396825
6.190476,15.476191,background,0.000000,72.440002,0,0,0.158730,0.396825
6.809524,15.476191,background,0.000000,74.190002,0,0,0.174603,0.396825
7.428571,15.476191,background,0.000000,76.330002,0,0,0.190476,0.396825
8.047619,15.476191,background,0.000000,79.370003,0,0,0.206349,0.396825
8.666667,15.476191,background,0.000000,84.410004,0,0,0.222222,0.396825
9.285714,15.476191,CPU2_1,150.000000,91.169998,1,1,0.238095,0.396825
9.904762,15.476191,CPU2_1,150.000000,94.900002,1,0,0.253968,0.396825
10.523809,15.476191,CPU2_1,150.000000,97.110001,1,0,0.269841,0.396825
11.142858,15.476191,CPU2_1,150.000000,98.650002,1,0,0.285714,0.396825
11.761905,15.476191,CPU2_1,150.000000,99.860001,1,0,0.301587,0.396825
12.380953,15.476191,CPU2_1,150.000000,100.849998,1,0,0.317460,0.396825
13.000000,15.476191,CPU2_1,150.000000,101.680000,1,0,0.333333,0.396825
13.619047,15.476191,CPU2_1,150.000000,102.360001,1,0,0.349206,0.396825
14.238095,15.476191,CPU2_1,150.000000,102.919998,1,0,0.365079,0.396825
14.857142,15.476191,CPU2_1,150.000000,103.339996,1,0,0.380952,0.396825
15.476191,15.476191,CPU2_1,150.000000,103.650002,1,0,0.396825,0.396825
16.095238,15.476191,CPU2_1,150.000000,103.820000,1,0,0.412698,0.396825
16.714285,15.476191,CPU2_1,150.000000,103.870003,1,1,0.428571,0.396825
17.333334,15.476191,background,0.000000,103.790001,0,1,0.444444,0.396825
17.952381,15.476191,CPU2_2,150.000000,103.620003,1,0,0.460317,0.396825
18.571428,15.476191,CPU2_2,150.000000,103.349998,1,0,0.476190,0.396825
19.190475,15.476191,CPU2_2,150.000000,102.989998,1,0,0.492063,0.396825
19.809525,15.476191,CPU2_2,150.000000,102.519997,1,0,0.507937,0.396825
20.428572,15.476191,CPU2_2,150.000000,101.949997,1,0,0.523810,0.396825
21.047619,15.476191,CPU2_2,150.000000,101.250000,1,0,0.539683,0.396825
21.666666,15.476191,CPU2_2,150.000000,100.440002,1,0,0.555556,0.396825
22.285715,15.476191,CPU2_2,150.000000,99.489998,1,0,0.571429,0.396825
22.904762,15.476191,CPU2_2,150.000000,98.400002,1,0,0.587302,0.396825
23.523809,15.476191,CPU2_2,150.000000,97.129997,1,0,0.603175,0.396825
24.142857,15.476191,CPU2_2,150.000000,95.620003,1,0,0.619048,0.396825
24.761906,15.476191,CPU2_2,150.000000,93.769997,1,0,0.634921,0.396825
25.380953,15.476191,CPU2_2,150.000000,91.260002,1,1,0.650794,0.396825
26.000000,15.476191,DRAM_2,20.000000,87.250000,1,0,0.666667,0.396825
26.619047,15.476191,DRAM_2,20.000000,82.449997,1,0,0.682540,0.396825
27.238094,15.476191,DRAM_2,20.000000,77.440002,1,0,0.698413,0.396825
27.857143,15.476191,DRAM_2,20.000000,73.699997,1,0,0.714286,0.396825
28.476191,15.476191,DRAM_2,20.000000,70.900002,1,0,0.730159,0.396825
29.095238,15.476191,DRAM_2,20.000000,68.690002,1,0,0.746032,0.396825
29.714285,15.476191,DRAM_2,20.000000,66.870003,1,0,0.761905,0.396825
30.333334,15.476191,DRAM_2,20.000000,65.290001,1,0,0.777778,0.396825
30.952381,15.476191,DRAM_2,20.000000,63.869999,1,0,0.793651,0.396825
31.571428,15.476191,DRAM_2,20.000000,62.570000,1,0,0.809524,0.396825
32.190475,15.476191,DRAM_2,20.000000,61.360001,1,0,0.825397,0.396825
32.809525,15.476191,DRAM_2,20.000000,60.200001,1,0,0.841270,0.396825
33.428570,15.476191,DRAM_2,20.000000,59.090000,1,0,0.857143,0.396825
34.047619,15.476191,DRAM_2,20.000000,58.009998,1,0,0.873016,0.396825
34.666668,15.476191,background,0.000000,56.970001,0,1,0.888889,0.396825
35.285713,15.476191,background,0.000000,55.970001,0,0,0.904762,0.396825
35.904762,15.476191,background,0.000000,55.029999,0,0,0.920635,0.396825
36.523811,15.476191,background,0.000000,54.169998,0,0,0.936508,0.396825
37.142857,15.476191,background,0.000000,53.400002,0,0,0.952381,0.396825
37.761906,15.476191,background,0.000000,52.740002,0,0,0.968254,0.396825
38.380951,15.476191,background,0.000000,52.230000,0,0,0.984127,0.396825
39.000000,15.476191,background,0.000000,51.939999,0,0,1.000000,0.396825
0.000000,16.095238,background,0.000000,60.490002,0,0,0.000000,0.412698
0.619048,16.095238,background,0.000000,61.180000,0,0,0.015873,0.412698
1.238095,16.095238,background,0.000000,62.150002,0,0,0.031746,0.412698
1.857143,16.095238,background,0.000000,63.240002,0,0,0.047619,0.412698
2.476191,16.095238,background,0.000000,64.389999,0,0,0.063492,0.412698
3.095238,16.095238,background,0.000000,65.589996,0,0,0.079365,0.412698
3.714286,16.095238,background,0.000000,66.839996,0,0,0.095238,0.412698
4.333333,16.095238,background,0.000000,68.150002,0,0,0.111111,0.412698
4.952381,16.095238,background,0.000000,69.529999,0,0,0.126984,0.412698
5.571429,16.095238,background,0.000000,71.000000,0,0,0.142857,0.412698
6.190476,16.095238,background,0.000000,72.610001,0,0,0.158730,0.412698
6.809524,16.095238,background,0.000000,74.440002,0,0,0.174603,0.412698
7.428571,16.095238,background,0.000000,76.690002,0,0,0.190476,0.412698
8.047619,16.095238,background,0.000000,79.849998,0,0,0.206349,0.412698
8.666667,16.095238,background,0.000000,84.889999,0,0,0.222222,0.412698
9.285714,16.095238,CPU2_1,150.000000,91.570000,1,1,0.238095,0.412698
9.904762,16.095238,CPU2_1,150.000000,95.230003,1,0,0.253968,0.412698
10.523809,16.095238,CPU2_1,150.000000,97.400002,1,0,0.269841,0.412698
11.142858,16.095238,CPU2_1,150.000000,98.930000,1,0,0.285714,0.412698
11.761905,16.095238,CPU2_1,150.000000,100.129997,1,0,0.301587,0.412698
12.380953,16.095238,CPU2_1,150.000000,101.120003,1,0,0.317460,0.412698
13.000000,16.095238,CPU2_1,150.000000,101.940002,1,0,0.333333,0.412698
13.619047,16.095238,CPU2_1,150.000000,102.629997,1,0,0.349206,0.412698
14.238095,16.095238,CPU2_1,150.000000,103.180000,1,0,0.365079,0.412698
14.857142,16.095238,CPU2_1,150.000000,103.599998,1,0,0.380952,0.412698
15.476191,16.095238,CPU2_1,150.000000,103.889999,1,0,0.396825,0.412698
16.095238,16.095238,CPU2_1,150.000000,104.040001,1,0,0.412698,0.412698
16.714285,16.095238,CPU2_1,150.000000,104.010002,1,1,0.428571,0.412698
17.333334,16.095238,background,0.000000,103.809998,0,1,0.444444,0.412698
17.952381,16.095238,CPU2_2,150.000000,103.580002,1,0,0.460317,0.412698
18.571428,16.095238,CPU2_2,150.000000,103.279999,1,0,0.476190,0.412698
19.190475,16.095238,CPU2_2,150.000000,102.910004,1,0,0.492063,0.412698
19.809525,16.095238,CPU2_2,150.000000,102.430000,1,0,0.507937,0.412698
20.428572,16.095238,CPU2_2,150.000000,101.839996,1,0,0.523810,0.412698
21.047619,16.095238,CPU2_2,150.000000,101.139999,1,0,0.539683,0.412698
21.666666,16.095238,CPU2_2,150.000000,100.309998,1,0,0.555556,0.412698
22.285715,16.095238,CPU2_2,150.000000,99.349998,1,0,0.571429,0.412698
22.904762,16.095238,CPU2_2,150.000000,98.230003,1,0,0.587302,0.412698
23.523809,16.095238,CPU2_2,150.000000,96.919998,1,0,0.603175,0.412698
24.142857,16.095238,CPU2_2,150.000000,95.339996,1,0,0.619048,0.412698
24.761906,16.095238,CPU2_2,150.000000,93.360001,1,0,0.634921,0.412698
25.380953,16.095238,CPU2_2,150.000000,90.669998,1,1,0.650794,0.412698
26.000000,16.095238,DRAM_2,20.000000,86.570000,1,0,0.666667,0.412698
26.619047,16.095238,DRAM_2,20.000000,81.629997,1,0,0.682540,0.412698
27.238094,16.095238,DRAM_2,20.000000,76.830002,1,0,0.698413,0.412698
27.857143,16.095238,DRAM_2,20.000000,73.389999,1,0,0.714286,0.412698
28.476191,16.095238,DRAM_2,20.000000,70.830002,1,0,0.730159,0.412698
29.095238,16.095238,DRAM_2,20.000000,68.800003,1,0,0.746032,0.412698
29.714285,16.095238,DRAM_2,20.000000,67.080002,1,0,0.761905,0.412698
30.333334,16.095238,DRAM_2,20.000000,65.580002,1,0,0.777778,0.412698
30.952381,16.095238,DRAM_2,20.000000,64.209999,1,0,0.793651,0.412698
31.571428,16.095238,DRAM_2,20.000000,62.930000,1,0,0.809524,0.412698
32.190475,16.095238,DRAM_2,20.000000,61.720001,1,0,0.825397,0.412698
32.809525,16.095238,DRAM_2,20.000000,60.570000,1,0,0.841270,0.412698
33.428570,16.095238,DRAM_2,20.000000,59.450001,1,0,0.857143,0.412698
34.047619,16.095238,DRAM_2,20.000000,58.340000,1,0,0.873016,0.412698
34.666668,16.095238,background,0.000000,57.240002,0,1,0.888889,0.412698
35.285713,16.095238,background,0.000000,56.180000,0,0,0.904762,0.412698
35.904762,16.095238,background,0.000000,55.189999,0,0,0.920635,0.412698
36.523811,16.095238,background,0.000000,54.290001,0,0,0.936508,0.412698
37.142857,16.095238,background,0.000000,53.500000,0,0,0.952381,0.412698
37.761906,16.095238,background,0.000000,52.830002,0,0,0.968254,0.412698
38.380951,16.095238,background,0.000000,52.310001,0,0,0.984127,0.412698
39.000000,16.095238,background,0.000000,52.009998,0,0,1.000000,0.412698
0.000000,16.714285,background,0.000000,60.380001,0,1,0.000000,0.428571
0.619048,16.714285,background,0.000000,61.070000,0,1,0.015873,0.428571
1.238095,16.714285,background,0.000000,62.040001,0,1,0.031746,0.428571
1.857143,16.714285,background,0.000000,63.130001,0,1,0.047619,0.428571
2.476191,16.714285,background,0.000000,64.290001,0,1,0.063492,0.428571
3.095238,16.714285,background,0.000000,65.500000,0,1,0.079365,0.428571
3.714286,16.714285,background,0.000000,66.769997,0,1,0.095238,0.428571
4.333333,16.714285,background,0.000000,68.099998,0,1,0.111111,0.428571
4.952381,16.714285,background,0.000000,69.510002,0,1,0.126984,0.428571
5.571429,16.714285,background,0.000000,71.029999,0,1,0.142857,0.428571
6.190476,16.714285,background,0.000000,72.720001,0,1,0.158730,0.428571
6.809524,16.714285,background,0.000000,74.699997,0,1,0.174603,0.428571
7.428571,16.714285,background,0.000000,77.239998,0,1,0.190476,0.428571
8.047619,16.714285,background,0.000000,80.800003,0,1,0.206349,0.428571
8.666667,16.714285,background,0.000000,85.790001,0,1,0.222222,0.428571
9.285714,16.714285,CPU2_1,150.000000,92.110001,1,1,0.238095,0.428571
9.904762,16.714285,CPU2_1,150.000000,95.559998,1,1,0.253968,0.428571
10.523809,16.714285,CPU2_1,150.000000,97.639999,1,1,0.269841,0.428571
11.142858,16.714285,CPU2_1,150.000000,99.120003,1,1,0.285714,0.428571
11.761905,16.714285,CPU2_1,150.000000,100.300003,1,1,0.301587,0.428571
12.380953,16.714285,CPU2_1,150.000000,101.279999,1,1,0.317460,0.428571
13.000000,16.714285,CPU2_1,150.000000,102.099998,1,1,0.333333,0.428571
13.619047,16.714285,CPU2_1,150.000000,102.790001,1,1,0.349206,0.428571
14.238095,16.714285,CPU2_1,150.000000,103.330002,1,1,0.365079,0.428571
14.857142,16.714285,CPU2_1,150.000000,103.750000,1,1,0.380952,0.428571
15.476191,16.714285,CPU2_1,150.000000,104.029999,1,1,0.396825,0.428571
16.095238,16.714285,CPU2_1,150.000000,104.129997,1,1,0.412698,0.428571
16.714285,16.714285,CPU2_1,150.000000,103.940002,1,1,0.428571,0.428571
17.333334,16.714285,background,0.000000,103.389999,0,1,0.444444,0.428571
17.952381,16.714285,CPU2_0,150.000000,103.019997,1,1,0.460317,0.428571
18.571428,16.714285,CPU2_0,150.000000,102.690002,1,1,0.476190,0.428571
19.190475,16.714285,CPU2_0,150.000000,102.300003,1,1,0.492063,0.428571
19.809525,16.714285,CPU2_0,150.000000,101.809998,1,1,0.507937,0.428571
20.428572,16.714285,CPU2_0,150.000000,101.209999,1,1,0.523810,0.428571
21.047619,16.714285,CPU2_0,150.000000,100.500000,1,1,0.539683,0.428571
21.666666,16.714285,CPU2_0,150.000000,99.660004,1,1,0.555556,0.428571
22.285715,16.714285,CPU2_0,150.000000,98.680000,1,1,0.571429,0.428571
22.904762,16.714285,CPU2_0,150.000000,97.529999,1,1,0.587302,0.428571
23.523809,16.714285,CPU2_0,150.000000,96.160004,1,1,0.603175,0.428571
24.142857,16.714285,CPU2_0,150.000000,94.440002,1,1,0.619048,0.428571
24.761906,16.714285,CPU2_0,150.000000,92.099998,1,1,0.634921,0.428571
25.380953,16.714285,CPU2_0,150.000000,88.720001,1,1,0.650794,0.428571
26.000000,16.714285,DRAM_2,20.000000,84.480003,1,1,0.666667,0.428571
26.619047,16.714285,DRAM_2,20.000000,79.650002,1,1,0.682540,0.428571
27.238094,16.714285,DRAM_2,20.000000,75.620003,1,1,0.698413,0.428571
27.857143,16.714285,DRAM_2,20.000000,72.809998,1,1,0.714286,0.428571
28.476191,16.714285,DRAM_2,20.000000,70.660004,1,1,0.730159,0.428571
29.095238,16.714285,DRAM_2,20.000000,68.879997,1,1,0.746032,0.428571
29.714285,16.714285,DRAM_2,20.000000,67.330002,1,1,0.761905,0.428571
30.333334,16.714285,DRAM_2,20.000000,65.919998,1,1,0.777778,0.428571
30.952381,16.714285,DRAM_2,20.000000,64.610001,1,1,0.793651,0.428571
31.571428,16.714285,DRAM_2,20.000000,63.360001,1,1,0.809524,0.428571
32.190475,16.714285,DRAM_2,20.000000,62.180000,1,1,0.825397,0.428571
32.809525,16.714285,DRAM_2,20.000000,61.029999,1,1,0.841270,0.428571
33.428570,16.714285,DRAM_2,20.000000,59.900002,1,1,0.857143,0.428571
34.047619,16.714285,DRAM_2,20.000000,58.759998,1,1,0.873016,0.428571
34.666668,16.714285,background,0.000000,57.570000,0,1,0.888889,0.428571
35.285713,16.714285,background,0.000000,56.410000,0,0,0.904762,0.428571
35.904762,16.714285,background,0.000000,55.349998,0,0,0.920635,0.428571
36.523811,16.714285,background,0.000000,54.410000,0,0,0.936508,0.428571
37.142857,16.714285,background,0.000000,53.590000,0,0,0.952381,0.428571
37.761906,16.714285,background,0.000000,52.900002,0,0,0.968254,0.428571
38.380951,16.714285,background,0.000000,52.369999,0,0,0.984127,0.428571
39.000000,16.714285,background,0.000000,52.070000,0,0,1.000000,0.428571
0.000000,17.333334,DRAM_3,20.000000,60.139999,1,1,0.000000,0.444444
0.619048,17.333334,DRAM_3,20.000000,60.810001,1,0,0.015873,0.444444
1.238095,17.333334,DRAM_3,20.000000,61.759998,1,0,0.031746,0.444444
1.857143,17.333334,DRAM_3,20.000000,62.830002,1,0,0.047619,0.444444
2.476191,17.333334,DRAM_3,20.000000,63.990002,1,0,0.063492,0.444444
3.095238,17.333334,DRAM_3,20.000000,65.209999,1,0,0.079365,0.444444
3.714286,17.333334,DRAM_3,20.000000,66.489998,1,0,0.095238,0.444444
4.333333,17.333334,DRAM_3,20.000000,67.860001,1,0,0.111111,0.444444
4.952381,17.333334,DRAM_3,20.000000,69.330002,1,0,0.126984,0.444444
5.571429,17.333334,DRAM_3,20.000000,70.949997,1,0,0.142857,0.444444
6.190476,17.333334,DRAM_3,20.000000,72.830002,1,0,0.158730,0.444444
6.809524,17.333334,DRAM_3,20.000000,75.190002,1,0,0.174603,0.444444
7.428571,17.333334,DRAM_3,20.000000,78.519997,1,0,0.190476,0.444444
8.047619,17.333334,DRAM_3,20.000000,83.239998,1,0,0.206349,0.444444
8.666667,17.333334,DRAM_3,20.000000,87.930000,1,0,0.222222,0.444444
9.285714,17.333334,CPU2_1,150.000000,92.989998,1,1,0.238095,0.444444
9.904762,17.333334,CPU2_1,150.000000,95.919998,1,1,0.253968,0.444444
10.523809,17.333334,CPU2_1,150.000000,97.820000,1,1,0.269841,0.444444
11.142858,17.333334,CPU2_1,150.000000,99.239998,1,1,0.285714,0.444444
11.761905,17.333334,CPU2_1,150.000000,100.389999,1,1,0.301587,0.444444
12.380953,17.333334,CPU2_1,150.000000,101.349998,1,1,0.317460,0.444444
13.000000,17.333334,CPU2_1,150.000000,102.169998,1,1,0.333333,0.444444
13.619047,17.333334,CPU2_1,150.000000,102.839996,1,1,0.349206,0.444444
14.238095,17.333334,CPU2_1,150.000000,103.389999,1,1,0.365079,0.444444
14.857142,17.333334,CPU2_1,150.000000,103.800003,1,1,0.380952,0.444444
15.476191,17.333334,CPU2_1,150.000000,104.070000,1,1,0.396825,0.444444
16.095238,17.333334,CPU2_1,150.000000,104.139999,1,1,0.412698,0.444444
16.714285,17.333334,CPU2_1,150.000000,103.839996,1,1,0.428571,0.444444
17.333334,17.333334,background,0.000000,102.949997,0,0,0.444444,0.444444
17.952381,17.333334,CPU2_0,150.000000,102.480003,1,1,0.460317,0.444444
18.571428,17.333334,CPU2_0,150.000000,102.120003,1,0,0.476190,0.444444
19.190475,17.333334,CPU2_0,150.000000,101.720001,1,0,0.492063,0.444444
19.809525,17.333334,CPU2_0,150.000000,101.230003,1,0,0.507937,0.444444
20.428572,17.333334,CPU2_0,150.000000,100.629997,1,0,0.523810,0.444444
21.047619,17.333334,CPU2_0,150.000000,99.910004,1,0,0.539683,0.444444
21.666666,17.333334,CPU2_0,150.000000,99.059998,1,0,0.555556,0.444444
22.285715,17.333334,CPU2_0,150.000000,98.059998,1,0,0.571429,0.444444
22.904762,17.333334,CPU2_0,150.000000,96.870003,1,0,0.587302,0.444444
23.523809,17.333334,CPU2_0,150.000000,95.410004,1,0,0.603175,0.444444
24.142857,17.333334,CPU2_0,150.000000,93.419998,1,0,0.619048,0.444444
24.761906,17.333334,CPU2_0,150.000000,90.239998,1,0,0.634921,0.444444
25.380953,17.333334,CPU2_0,150.000000,84.550003,1,0,0.650794,0.444444
26.000000,17.333334,background,0.000000,80.349998,0,1,0.666667,0.444444
26.619047,17.333334,background,0.000000,76.940002,0,0,0.682540,0.444444
27.238094,17.333334,background,0.000000,74.320000,0,0,0.698413,0.444444
27.857143,17.333334,background,0.000000,72.260002,0,0,0.714286,0.444444
28.476191,17.333334,background,0.000000,70.519997,0,0,0.730159,0.444444
29.095238,17.333334,background,0.000000,68.980003,0,0,0.746032,0.444444
29.714285,17.333334,background,0.000000,67.559998,0,0,0.761905,0.444444
30.333334,17.333334,background,0.000000,66.230003,0,0,0.777778,0.444444
30.952381,17.333334,background,0.000000,64.959999,0,0,0.793651,0.444444
31.571428,17.333334,background,0.000000,63.750000,0,0,0.809524,0.444444
32.190475,17.333334,background,0.000000,62.580002,0,0,0.825397,0.444444
32.809525,17.333334,background,0.000000,61.450001,0,0,0.841270,0.444444
33.428570,17.333334,background,0.000000,60.340000,0,0,0.857143,0.444444
34.047619,17.333334,background,0.000000,59.209999,0,0,0.873016,0.444444
34.666668,17.333334,background,0.000000,57.990002,0,0,0.888889,0.444444
35.285713,17.333334,background,0.000000,56.650002,0,0,0.904762,0.444444
35.904762,17.333334,background,0.000000,55.500000,0,0,0.920635,0.444444
36.523811,17.333334,background,0.000000,54.500000,0,0,0.936508,0.444444
37.142857,17.333334,background,0.000000,53.650002,0,0,0.952381,0.444444
37.761906,17.333334,background,0.000000,52.950001,0,0,0.968254,0.444444
38.380951,17.333334,background,0.000000,52.410000,0,0,0.984127,0.444444
39.000000,17.333334,background,0.000000,52.099998,0,0,1.000000,0.444444
0.000000,17.952381,DRAM_3,20.000000,60.110001,1,1,0.000000,0.460317
0.619048,17.952381,DRAM_3,20.000000,60.650002,1,0,0.015873,0.460317
1.238095,17.952381,DRAM_3,20.000000,61.500000,1,0,0.031746,0.460317
1.857143,17.952381,DRAM_3,20.000000,62.520000,1,0,0.047619,0.460317
2.476191,17.952381,DRAM_3,20.000000,63.650002,1,0,0.063492,0.460317
3.095238,17.952381,DRAM_3,20.000000,64.879997,1,0,0.079365,0.460317
3.714286,17.952381,DRAM_3,20.000000,66.209999,1,0,0.095238,0.460317
4.333333,17.952381,DRAM_3,20.000000,67.660004,1,0,0.111111,0.460317
4.952381,17.952381,DRAM_3,20.000000,69.290001,1,0,0.126984,0.460317
5.571429,17.952381,DRAM_3,20.000000,71.180000,1,0,0.142857,0.460317
6.190476,17.952381,DRAM_3,20.000000,73.550003,1,0,0.158730,0.460317
6.809524,17.952381,DRAM_3,20.000000,76.800003,1,0,0.174603,0.460317
7.428571,17.952381,DRAM_3,20.000000,81.650002,1,0,0.190476,0.460317
8.047619,17.952381,DRAM_3,20.000000,87.110001,1,0,0.206349,0.460317
8.666667,17.952381,DRAM_3,20.000000,90.910004,1,0,0.222222,0.460317
9.285714,17.952381,CPU2_3,150.000000,94.029999,1,1,0.238095,0.460317
9.904762,17.952381,CPU2_3,150.000000,96.250000,1,0,0.253968,0.460317
10.523809,17.952381,CPU2_3,150.000000,97.919998,1,0,0.269841,0.460317
11.142858,17.952381,CPU2_3,150.000000,99.260002,1,0,0.285714,0.460317
11.761905,17.952381,CPU2_3,150.000000,100.370003,1,0,0.301587,0.460317
12.380953,17.952381,CPU2_3,150.000000,101.320000,1,0,0.317460,0.460317
13.000000,17.952381,CPU2_3,150.000000,102.129997,1,0,0.333333,0.460317
13.619047,17.952381,CPU2_3,150.000000,102.800003,1,0,0.349206,0.460317
14.238095,17.952381,CPU2_3,150.000000,103.339996,1,0,0.365079,0.460317
14.857142,17.952381,CPU2_3,150.000000,103.750000,1,0,0.380952,0.460317
15.476191,17.952381,CPU2_3,150.000000,104.029999,1,0,0.396825,0.460317
16.095238,17.952381,CPU2_3,150.000000,104.150002,1,0,0.412698,0.460317
16.714285,17.952381,CPU2_3,150.000000,104.059998,1,1,0.428571,0.460317
17.333334,17.952381,background,0.000000,103.750000,0,0,0.444444,0.460317
17.952381,17.952381,CPU2_0,150.000000,103.449997,1,1,0.460317,0.460317
18.571428,17.952381,CPU2_0,150.000000,103.139999,1,0,0.476190,0.460317
19.190475,17.952381,CPU2_0,150.000000,102.750000,1,0,0.492063,0.460317
19.809525,17.952381,CPU2_0,150.000000,102.250000,1,0,0.507937,0.460317
20.428572,17.952381,CPU2_0,150.000000,101.650002,1,0,0.523810,0.460317
21.047619,17.952381,CPU2_0,150.000000,100.930000,1,0,0.539683,0.460317
21.666666,17.952381,CPU2_0,150.000000,100.070000,1,0,0.555556,0.460317
22.285715,17.952381,CPU2_0,150.000000,99.050003,1,0,0.571429,0.460317
22.904762,17.952381,CPU2_0,150.000000,97.830002,1,0,0.587302,0.460317
23.523809,17.952381,CPU2_0,150.000000,96.279999,1,0,0.603175,0.460317
24.142857,17.952381,CPU2_0,150.000000,94.070000,1,0,0.619048,0.460317
24.761906,17.952381,CPU2_0,150.000000,90.290001,1,0,0.634921,0.460317
25.380953,17.952381,CPU2_0,150.000000,83.290001,1,0,0.650794,0.460317
26.000000,17.952381,background,0.000000,79.029999,0,1,0.666667,0.460317
26.619047,17.952381,background,0.000000,76.190002,0,0,0.682540,0.460317
27.238094,17.952381,background,0.000000,74.029999,0,0,0.698413,0.460317
27.857143,17.952381,background,0.000000,72.230003,0,0,0.714286,0.460317
28.476191,17.952381,background,0.000000,70.639999,0,0,0.730159,0.460317
29.095238,17.952381,background,0.000000,69.180000,0,0,0.746032,0.460317
29.714285,17.952381,background,0.000000,67.809998,0,0,0.761905,0.460317
30.333334,17.952381,background,0.000000,66.510002,0,0,0.777778,0.460317
30.952381,17.952381,background,0.000000,65.260002,0,0,0.793651,0.460317
31.571428,17.952381,background,0.000000,64.059998,0,0,0.809524,0.460317
32.190475,17.952381,background,0.000000,62.900002,0,0,0.825397,0.460317
32.809525,17.952381,background,0.000000,61.770000,0,0,0.841270,0.460317
33.428570,17.952381,background,0.000000,60.669998,0,0,0.857143,0.460317
34.047619,17.952381,background,0.000000,59.540001,0,0,0.873016,0.460317
34.666668,17.952381,background,0.000000,58.290001,0,0,0.888889,0.460317
35.285713,17.952381,background,0.000000,56.840000,0,0,0.904762,0.460317
35.904762,17.952381,background,0.000000,55.610001,0,0,0.920635,0.460317
36.523811,17.952381,background,0.000000,54.570000,0,0,0.936508,0.460317
37.142857,17.952381,background,0.000000,53.689999,0,0,0.952381,0.460317
37.761906,17.952381,background,0.000000,52.970001,0,0,0.968254,0.460317
38.380951,17.952381,background,0.000000,52.430000,0,0,0.984127,0.460317
39.000000,17.952381,background,0.000000,52.119999,0,0,1.000000,0.460317
0.000000,18.571428,DRAM_3,20.000000,59.959999,1,1,0.000000,0.476190
0.619048,18.571428,DRAM_3,20.000000,60.419998,1,0,0.015873,0.476190
1.238095,18.571428,DRAM_3,20.000000,61.189999,1,0,0.031746,0.476190
1.857143,18.571428,DRAM_3,20.000000,62.160000,1,0,0.047619,0.476190
2.476191,18.571428,DRAM_3,20.000000,63.279999,1,0,0.063492,0.476190
3.095238,18.571428,DRAM_3,20.000000,64.519997,1,0,0.079365,0.476190
3.714286,18.571428,DRAM_3,20.000000,65.900002,1,0,0.095238,0.476190
4.333333,18.571428,DRAM_3,20.000000,67.449997,1,0,0.111111,0.476190
4.952381,18.571428,DRAM_3,20.000000,69.250000,1,0,0.126984,0.476190
5.571429,18.571428,DRAM_3,20.000000,71.440002,1,0,0.142857,0.476190
6.190476,18.571428,DRAM_3,20.000000,74.250000,1,0,0.158730,0.476190
6.809524,18.571428,DRAM_3,20.000000,78.139999,1,0,0.174603,0.476190
7.428571,18.571428,DRAM_3,20.000000,83.599998,1,0,0.190476,0.476190
8.047619,18.571428,DRAM_3,20.000000,88.709999,1,0,0.206349,0.476190
8.666667,18.571428,DRAM_3,20.000000,92.050003,1,0,0.222222,0.476190
9.285714,18.571428,CPU2_3,150.000000,94.480003,1,1,0.238095,0.476190
9.904762,18.571428,CPU2_3,150.000000,96.370003,1,0,0.253968,0.476190
10.523809,18.571428,CPU2_3,150.000000,97.889999,1,0,0.269841,0.476190
11.142858,18.571428,CPU2_3,150.000000,99.169998,1,0,0.285714,0.476190
11.761905,18.571428,CPU2_3,150.000000,100.260002,1,0,0.301587,0.476190
12.380953,18.571428,CPU2_3,150.000000,101.190002,1,0,0.317460,0.476190
13.000000,18.571428,CPU2_3,150.000000,101.980003,1,0,0.333333,0.476190
13.619047,18.571428,CPU2_3,150.000000,102.639999,1,0,0.349206,0.476190
14.238095,18.571428,CPU2_3,150.000000,103.180000,1,0,0.365079,0.476190
14.857142,18.571428,CPU2_3,150.000000,103.599998,1,0,0.380952,0.476190
15.476191,18.571428,CPU2_3,150.000000,103.879997,1,0,0.396825,0.476190
16.095238,18.571428,CPU2_3,150.000000,104.040001,1,0,0.412698,0.476190
16.714285,18.571428,CPU2_3,150.000000,104.059998,1,1,0.428571,0.476190
17.333334,18.571428,background,0.000000,103.940002,0,0,0.444444,0.476190
17.952381,18.571428,CPU2_0,150.000000,103.730003,1,1,0.460317,0.476190
18.571428,18.571428,CPU2_0,150.000000,103.449997,1,0,0.476190,0.476190
19.190475,18.571428,CPU2_0,150.000000,103.070000,1,0,0.492063,0.476190
19.809525,18.571428,CPU2_0,150.000000,102.580002,1,0,0.507937,0.476190
20.428572,18.571428,CPU2_0,150.000000,101.980003,1,0,0.523810,0.476190
21.047619,18.571428,CPU2_0,150.000000,101.260002,1,0,0.539683,0.476190
21.666666,18.571428,CPU2_0,150.000000,100.389999,1,0,0.555556,0.476190
22.285715,18.571428,CPU2_0,150.000000,99.370003,1,0,0.571429,0.476190
22.904762,18.571428,CPU2_0,150.000000,98.129997,1,0,0.587302,0.476190
23.523809,18.571428,CPU2_0,150.000000,96.529999,1,0,0.603175,0.476190
24.142857,18.571428,CPU2_0,150.000000,94.220001,1,0,0.619048,0.476190
24.761906,18.571428,CPU2_0,150.000000,90.220001,1,0,0.634921,0.476190
25.380953,18.571428,CPU2_0,150.000000,82.879997,1,0,0.650794,0.476190
26.000000,18.571428,background,0.000000,78.559998,0,1,0.666667,0.476190
26.619047,18.571428,background,0.000000,75.870003,0,0,0.682540,0.476190
27.238094,18.571428,background,0.000000,73.860001,0,0,0.698413,0.476190
27.857143,18.571428,background,0.000000,72.160004,0,0,0.714286,0.476190
28.476191,18.571428,background,0.000000,70.629997,0,0,0.730159,0.476190
29.095238,18.571428,background,0.000000,69.209999,0,0,0.746032,0.476190
29.714285,18.571428,background,0.000000,67.870003,0,0,0.761905,0.476190
30.333334,18.571428,background,0.000000,66.589996,0,0,0.777778,0.476190
30.952381,18.571428,background,0.000000,65.349998,0,0,0.793651,0.476190
31.571428,18.571428,background,0.000000,64.160004,0,0,0.809524,0.476190
32.190475,18.571428,background,0.000000,63.009998,0,0,0.825397,0.476190
32.809525,18.571428,background,0.000000,61.880001,0,0,0.841270,0.476190
33.428570,18.571428,background,0.000000,60.779999,0,0,0.857143,0.476190
34.047619,18.571428,background,0.000000,59.650002,0,0,0.873016,0.476190
34.666668,18.571428,background,0.000000,58.410000,0,0,0.888889,0.476190
35.285713,18.571428,background,0.000000,56.930000,0,0,0.904762,0.476190
35.904762,18.571428,background,0.000000,55.660000,0,0,0.920635,0.476190
36.523811,18.571428,background,0.000000,54.599998,0,0,0.936508,0.476190
37.142857,18.571428,background,0.000000,53.700001,0,0,0.952381,0.476190
37.761906,18.571428,background,0.000000,52.970001,0,0,0.968254,0.476190
38.380951,18.571428,background,0.000000,52.430000,0,0,0.984127,0.476190
39.000000,18.571428,background,0.000000,52.110001,0,0,1.000000,0.476190
0.000000,19.190475,DRAM_3,20.000000,59.759998,1,1,0.000000,0.492063
0.619048,19.190475,DRAM_3,20.000000,60.180000,1,0,0.015873,0.492063
1.238095,19.190475,DRAM_3,20.000000,60.910000,1,0,0.031746,0.492063
1.857143,19.190475,DRAM_3,20.000000,61.860001,1,0,0.047619,0.492063
2.476191,19.190475,DRAM_3,20.000000,62.959999,1,0,0.063492,0.492063
3.095238,19.190475,DRAM_3,20.000000,64.220001,1,0,0.079365,0.492063
3.714286,19.190475,DRAM_3,20.000000,65.629997,1,0,0.095238,0.492063
4.333333,19.190475,DRAM_3,20.000000,67.260002,1,0,0.111111,0.492063
4.952381,19.190475,DRAM_3,20.000000,69.180000,1,0,0.126984,0.492063
5.571429,19.190475,DRAM_3,20.000000,71.540001,1,0,0.142857,0.492063
6.190476,19.190475,DRAM_3,20.000000,74.610001,1,0,0.158730,0.492063
6.809524,19.190475,DRAM_3,20.000000,78.760002,1,0,0.174603,0.492063
7.428571,19.190475,DRAM_3,20.000000,84.330002,1,0,0.190476,0.492063
8.047619,19.190475,DRAM_3,20.000000,89.180000,1,0,0.206349,0.492063
8.666667,19.190475,DRAM_3,20.000000,92.330002,1,0,0.222222,0.492063
9.285714,19.190475,CPU2_3,150.000000,94.540001,1,1,0.238095,0.492063
9.904762,19.190475,CPU2_3,150.000000,96.290001,1,0,0.253968,0.492063
10.523809,19.190475,CPU2_3,150.000000,97.739998,1,0,0.269841,0.492063
11.142858,19.190475,CPU2_3,150.000000,98.970001,1,0,0.285714,0.492063
11.761905,19.190475,CPU2_3,150.000000,100.040001,1,0,0.301587,0.492063
12.380953,19.190475,CPU2_3,150.000000,100.949997,1,0,0.317460,0.492063
13.000000,19.190475,CPU2_3,150.000000,101.730003,1,0,0.333333,0.492063
13.619047,19.190475,CPU2_3,150.000000,102.379997,1,0,0.349206,0.492063
14.238095,19.190475,CPU2_3,150.000000,102.910004,1,0,0.365079,0.492063
14.857142,19.190475,CPU2_3,150.000000,103.330002,1,0,0.380952,0.492063
15.476191,19.190475,CPU2_3,150.000000,103.620003,1,0,0.396825,0.492063
16.095238,19.190475,CPU2_3,150.000000,103.800003,1,0,0.412698,0.492063
16.714285,19.190475,CPU2_3,150.000000,103.860001,1,1,0.428571,0.492063
17.333334,19.190475,background,0.000000,103.790001,0,0,0.444444,0.492063
17.952381,19.190475,CPU2_0,150.000000,103.629997,1,1,0.460317,0.492063
18.571428,19.190475,CPU2_0,150.000000,103.370003,1,0,0.476190,0.492063
19.190475,19.190475,CPU2_0,150.000000,103.000000,1,0,0.492063,0.492063
19.809525,19.190475,CPU2_0,150.000000,102.510002,1,0,0.507937,0.492063
20.428572,19.190475,CPU2_0,150.000000,101.919998,1,0,0.523810,0.492063
21.047619,19.190475,CPU2_0,150.000000,101.190002,1,0,0.539683,0.492063
21.666666,19.190475,CPU2_0,150.000000,100.330002,1,0,0.555556,0.492063
22.285715,19.190475,CPU2_0,150.000000,99.300003,1,0,0.571429,0.492063
22.904762,19.190475,CPU2_0,150.000000,98.050003,1,0,0.587302,0.492063
23.523809,19.190475,CPU2_0,150.000000,96.440002,1,0,0.603175,0.492063
24.142857,19.190475,CPU2_0,150.000000,94.089996,1,0,0.619048,0.492063
24.761906,19.190475,CPU2_0,150.000000,90.019997,1,0,0.634921,0.492063
25.380953,19.190475,CPU2_0,150.000000,82.589996,1,0,0.650794,0.492063
26.000000,19.190475,background,0.000000,78.260002,0,1,0.666667,0.492063
26.619047,19.190475,background,0.000000,75.620003,0,0,0.682540,0.492063
27.238094,19.190475,background,0.000000,73.669998,0,0,0.698413,0.492063
27.857143,19.190475,background,0.000000,72.010002,0,0,0.714286,0.492063
28.476191,19.190475,background,0.000000,70.519997,0,0,0.730159,0.492063
29.095238,19.190475,background,0.000000,69.129997,0,0,0.746032,0.492063
29.714285,19.190475,background,0.000000,67.809998,0,0,0.761905,0.492063
30.333334,19.190475,background,0.000000,66.540001,0,0,0.777778,0.492063
30.952381,19.190475,background,0.000000,65.320000,0,0,0.793651,0.492063
31.571428,19.190475,background,0.000000,64.139999,0,0,0.809524,0.492063
32.190475,19.190475,background,0.000000,63.000000,0,0,0.825397,0.492063
32.809525,19.190475,background,0.000000,61.880001,0,0,0.841270,0.492063
33.428570,19.190475,background,0.000000,60.779999,0,0,0.857143,0.492063
34.047619,19.190475,background,0.000000,59.650002,0,0,0.873016,0.492063
34.666668,19.190475,background,0.000000,58.430000,0,0,0.888889,0.492063
35.285713,19.190475,background,0.000000,56.939999,0,0,0.904762,0.492063
35.904762,19.190475,background,0.000000,55.660000,0,0,0.920635,0.492063
36.523811,19.190475,background,0.000000,54.580002,0,0,0.936508,0.492063
37.142857,19.190475,background,0.000000,53.680000,0,0,0.952381,0.492063
37.761906,19.190475,background,0.000000,52.950001,0,0,0.968254,0.492063
38.380951,19.190475,background,0.000000,52.400002,0,0,0.984127,0.492063
39.000000,19.190475,background,0.000000,52.080002,0,0,1.000000,0.492063
0.000000,19.809525,DRAM_3,20.000000,59.540001,1,1,0.000000,0.507937
0.619048,19.809525,DRAM_3,20.000000,59.950001,1,0,0.015873,0.507937
1.238095,19.809525,DRAM_3,20.000000,60.650002,1,0,0.031746,0.507937
1.857143,19.809525,DRAM_3,20.000000,61.580002,1,0,0.047619,0.507937
2.476191,19.809525,DRAM_3,20.000000,62.680000,1,0,0.063492,0.507937
3.095238,19.809525,DRAM_3,20.000000,63.939999,1,0,0.079365,0.507937
3.714286,19.809525,DRAM_3,20.000000,65.379997,1,0,0.095238,0.507937
4.333333,19.809525,DRAM_3,20.000000,67.040001,1,0,0.111111,0.507937
4.952381,19.809525,DRAM_3,20.000000,69.029999,1,0,0.126984,0.507937
5.571429,19.809525,DRAM_3,20.000000,71.500000,1,0,0.142857,0.507937
6.190476,19.809525,DRAM_3,20.000000,74.669998,1,0,0.158730,0.507937
6.809524,19.809525,DRAM_3,20.000000,78.910004,1,0,0.174603,0.507937
7.428571,19.809525,DRAM_3,20.000000,84.459999,1,0,0.190476,0.507937
8.047619,19.809525,DRAM_3,20.000000,89.160004,1,0,0.206349,0.507937
8.666667,19.809525,DRAM_3,20.000000,92.230003,1,0,0.222222,0.507937
9.285714,19.809525,CPU2_3,150.000000,94.370003,1,1,0.238095,0.507937
9.904762,19.809525,CPU2_3,150.000000,96.050003,1,0,0.253968,0.507937
10.523809,19.809525,CPU2_3,150.000000,97.459999,1,0,0.269841,0.507937
11.142858,19.809525,CPU2_3,150.000000,98.660004,1,0,0.285714,0.507937
11.761905,19.809525,CPU2_3,150.000000,99.699997,1,0,0.301587,0.507937
12.380953,19.809525,CPU2_3,150.000000,100.599998,1,0,0.317460,0.507937
13.000000,19.809525,CPU2_3,150.000000,101.370003,1,0,0.333333,0.507937
13.619047,19.809525,CPU2_3,150.000000,102.010002,1,0,0.349206,0.507937
14.238095,19.809525,CPU2_3,150.000000,102.540001,1,0,0.365079,0.507937
14.857142,19.809525,CPU2_3,150.000000,102.949997,1,0,0.380952,0.507937
15.476191,19.809525,CPU2_3,150.000000,103.250000,1,0,0.396825,0.507937
16.095238,19.809525,CPU2_3,150.000000,103.430000,1,0,0.412698,0.507937
16.714285,19.809525,CPU2_3,150.000000,103.500000,1,1,0.428571,0.507937
17.333334,19.809525,background,0.000000,103.459999,0,0,0.444444,0.507937
17.952381,19.809525,CPU2_0,150.000000,103.320000,1,1,0.460317,0.507937
18.571428,19.809525,CPU2_0,150.000000,103.059998,1,0,0.476190,0.507937
19.190475,19.809525,CPU2_0,150.000000,102.699997,1,0,0.492063,0.507937
19.809525,19.809525,CPU2_0,150.000000,102.230003,1,0,0.507937,0.507937
20.428572,19.809525,CPU2_0,150.000000,101.629997,1,0,0.523810,0.507937
21.047619,19.809525,CPU2_0,150.000000,100.919998,1,0,0.539683,0.507937
21.666666,19.809525,CPU2_0,150.000000,100.059998,1,0,0.555556,0.507937
22.285715,19.809525,CPU2_0,150.000000,99.029999,1,0,0.571429,0.507937
22.904762,19.809525,CPU2_0,150.000000,97.779999,1,0,0.587302,0.507937
23.523809,19.809525,CPU2_0,150.000000,96.169998,1,0,0.603175,0.507937
24.142857,19.809525,CPU2_0,150.000000,93.809998,1,0,0.619048,0.507937
24.761906,19.809525,CPU2_0,150.000000,89.720001,1,0,0.634921,0.507937
25.380953,19.809525,CPU2_0,150.000000,82.279999,1,0,0.650794,0.507937
26.000000,19.809525,background,0.000000,77.959999,0,1,0.666667,0.507937
26.619047,19.809525,background,0.000000,75.339996,0,0,0.682540,0.507937
27.238094,19.809525,background,0.000000,73.419998,0,0,0.698413,0.507937
27.857143,19.809525,background,0.000000,71.800003,0,0,0.714286,0.507937
28.476191,19.809525,background,0.000000,70.339996,0,0,0.730159,0.507937
29.095238,19.809525,background,0.000000,68.970001,0,0,0.746032,0.507937
29.714285,19.809525,background,0.000000,67.669998,0,0,0.761905,0.507937
30.333334,19.809525,background,0.000000,66.419998,0,0,0.777778,0.507937
30.952381,19.809525,background,0.000000,65.220001,0,0,0.793651,0.507937
31.571428,19.809525,background,0.000000,64.050003,0,0,0.809524,0.507937
32.190475,19.809525,background,0.000000,62.910000,0,0,0.825397,0.507937
32.809525,19.809525,background,0.000000,61.799999,0,0,0.841270,0.507937
33.428570,19.809525,background,0.000000,60.709999,0,0,0.857143,0.507937
34.047619,19.809525,background,0.000000,59.590000,0,0,0.873016,0.507937
34.666668,19.809525,background,0.000000,58.380001,0,0,0.888889,0.507937
35.285713,19.809525,background,0.000000,56.889999,0,0,0.904762,0.507937
35.904762,19.809525,background,0.000000,55.610001,0,0,0.920635,0.507937
36.523811,19.809525,background,0.000000,54.529999,0,0,0.936508,0.507937
37.142857,19.809525,background,0.000000,53.630001,0,0,0.952381,0.507937
37.761906,19.809525,background,0.000000,52.889999,0,0,0.968254,0.507937
38.380951,19.809525,background,0.000000,52.340000,0,0,0.984127,0.507937
39.000000,19.809525,background,0.000000,52.029999,0,0,1.000000,0.507937
0.000000,20.428572,DRAM_3,20.000000,59.299999,1,1,0.000000,0.523810
0.619048,20.428572,DRAM_3,20.000000,59.700001,1,0,0.015873,0.523810
1.238095,20.428572,DRAM_3,20.000000,60.389999,1,0,0.031746,0.523810
1.857143,20.428572,DRAM_3,20.000000,61.299999,1,0,0.047619,0.523810
2.476191,20.428572,DRAM_3,20.000000,62.389999,1,0,0.063492,0.523810
3.095238,20.428572,DRAM_3,20.000000,63.650002,1,0,0.079365,0.523810
3.714286,20.428572,DRAM_3,20.000000,65.099998,1,0,0.095238,0.523810
4.333333,20.428572,DRAM_3,20.000000,66.790001,1,0,0.111111,0.523810
4.952381,20.428572,DRAM_3,20.000000,68.809998,1,0,0.126984,0.523810
5.571429,20.428572,DRAM_3,20.000000,71.309998,1,0,0.142857,0.523810
6.190476,20.428572,DRAM_3,20.000000,74.529999,1,0,0.158730,0.523810
6.809524,20.428572,DRAM_3,20.000000,78.790001,1,0,0.174603,0.523810
7.428571,20.428572,DRAM_3,20.000000,84.300003,1,0,0.190476,0.523810
8.047619,20.428572,DRAM_3,20.000000,88.910004,1,0,0.206349,0.523810
8.666667,20.428572,DRAM_3,20.000000,91.940002,1,0,0.222222,0.523810
9.285714,20.428572,CPU2_3,150.000000,94.040001,1,1,0.238095,0.523810
9.904762,20.428572,CPU2_3,150.000000,95.690002,1,0,0.253968,0.523810
10.523809,20.428572,CPU2_3,150.000000,97.059998,1,0,0.269841,0.523810
11.142858,20.428572,CPU2_3,150.000000,98.239998,1,0,0.285714,0.523810
11.761905,20.428572,CPU2_3,150.000000,99.260002,1,0,0.301587,0.523810
12.380953,20.428572,CPU2_3,150.000000,100.139999,1,0,0.317460,0.523810
13.000000,20.428572,CPU2_3,150.000000,100.889999,1,0,0.333333,0.523810
13.619047,20.428572,CPU2_3,150.000000,101.519997,1,0,0.349206,0.523810
14.238095,20.428572,CPU2_3,150.000000,102.040001,1,0,0.365079,0.523810
14.857142,20.428572,CPU2_3,150.000000,102.449997,1,0,0.380952,0.523810
15.476191,20.428572,CPU2_3,150.000000,102.750000,1,0,0.396825,0.523810
16.095238,20.428572,CPU2_3,150.000000,102.930000,1,0,0.412698,0.523810
16.714285,20.428572,CPU2_3,150.000000,103.010002,1,1,0.428571,0.523810
17.333334,20.428572,background,0.000000,102.980003,0,0,0.444444,0.523810
17.952381,20.428572,CPU2_0,150.000000,102.849998,1,1,0.460317,0.523810
18.571428,20.428572,CPU2_0,150.000000,102.599998,1,0,0.476190,0.523810
19.190475,20.428572,CPU2_0,150.000000,102.250000,1,0,0.492063,0.523810
19.809525,20.428572,CPU2_0,150.000000,101.790001,1,0,0.507937,0.523810
20.428572,20.428572,CPU2_0,150.000000,101.199997,1,0,0.523810,0.523810
21.047619,20.428572,CPU2_0,150.000000,100.489998,1,0,0.539683,0.523810
21.666666,20.428572,CPU2_0,150.000000,99.639999,1,0,0.555556,0.523810
22.285715,20.428572,CPU2_0,150.000000,98.629997,1,0,0.571429,0.523810
22.904762,20.428572,CPU2_0,150.000000,97.379997,1,0,0.587302,0.523810
23.523809,20.428572,CPU2_0,150.000000,95.769997,1,0,0.603175,0.523810
24.142857,20.428572,CPU2_0,150.000000,93.419998,1,0,0.619048,0.523810
24.761906,20.428572,CPU2_0,150.000000,89.330002,1,0,0.634921,0.523810
25.380953,20.428572,CPU2_0,150.000000,81.900002,1,0,0.650794,0.523810
26.000000,20.428572,background,0.000000,77.599998,0,1,0.666667,0.523810
26.619047,20.428572,background,0.000000,75.010002,0,0,0.682540,0.523810
27.238094,20.428572,background,0.000000,73.110001,0,0,0.698413,0.523810
27.857143,20.428572,background,0.000000,71.519997,0,0,0.714286,0.523810
28.476191,20.428572,background,0.000000,70.080002,0,0,0.730159,0.523810
29.095238,20.428572,background,0.000000,68.739998,0,0,0.746032,0.523810
29.714285,20.428572,background,0.000000,67.459999,0,0,0.761905,0.523810
30.333334,20.428572,background,0.000000,66.230003,0,0,0.777778,0.523810
30.952381,20.428572,background,0.000000,65.040001,0,0,0.793651,0.523810
31.571428,20.428572,background,0.000000,63.889999,0,0,0.809524,0.523810
32.190475,20.428572,background,0.000000,62.770000,0,0,0.825397,0.523810
32.809525,20.428572,background,0.000000,61.669998,0,0,0.841270,0.523810
33.428570,20.428572,background,0.000000,60.590000,0,0,0.857143,0.523810
34.047619,20.428572,background,0.000000,59.470001,0,0,0.873016,0.523810
34.666668,20.428572,background,0.000000,58.270000,0,0,0.888889,0.523810
35.285713,20.428572,background,0.000000,56.799999,0,0,0.904762,0.523810
35.904762,20.428572,background,0.000000,55.520000,0,0,0.920635,0.523810
36.523811,20.428572,background,0.000000,54.450001,0,0,0.936508,0.523810
37.142857,20.428572,background,0.000000,53.549999,0,0,0.952381,0.523810
37.761906,20.428572,background,0.000000,52.820000,0,0,0.968254,0.523810
38.380951,20.428572,background,0.000000,52.270000,0,0,0.984127,0.523810
39.000000,20.428572,background,0.000000,51.950001,0,0,1.000000,0.523810
0.000000,21.047619,DRAM_3,20.000000,59.049999,1,1,0.000000,0.539683
0.619048,21.047619,DRAM_3,20.000000,59.439999,1,0,0.015873,0.539683
1.238095,21.047619,DRAM_3,20.000000,60.119999,1,0,0.031746,0.539683
1.857143,21.047619,DRAM_3,20.000000,61.020000,1,0,0.047619,0.539683
2.476191,21.047619,DRAM_3,20.000000,62.090000,1,0,0.063492,0.539683
3.095238,21.047619,DRAM_3,20.000000,63.340000,1,0,0.079365,0.539683
3.714286,21.047619,DRAM_3,20.000000,64.790001,1,0,0.095238,0.539683
4.333333,21.047619,DRAM_3,20.000000,66.480003,1,0,0.111111,0.539683
4.952381,21.047619,DRAM_3,20.000000,68.500000,1,0,0.126984,0.539683
5.571429,21.047619,DRAM_3,20.000000,71.010002,1,0,0.142857,0.539683
6.190476,21.047619,DRAM_3,20.000000,74.230003,1,0,0.158730,0.539683
6.809524,21.047619,DRAM_3,20.000000,78.480003,1,0,0.174603,0.539683
7.428571,21.047619,DRAM_3,20.000000,83.949997,1,0,0.190476,0.539683
8.047619,21.047619,DRAM_3,20.000000,88.519997,1,0,0.206349,0.539683
8.666667,21.047619,DRAM_3,20.000000,91.510002,1,0,0.222222,0.539683
9.285714,21.047619,CPU2_3,150.000000,93.580002,1,1,0.238095,0.539683
9.904762,21.047619,CPU2_3,150.000000,95.199997,1,0,0.253968,0.539683
10.523809,21.047619,CPU2_3,150.000000,96.550003,1,0,0.269841,0.539683
11.142858,21.047619,CPU2_3,150.000000,97.699997,1,0,0.285714,0.539683
11.761905,21.047619,CPU2_3,150.000000,98.699997,1,0,0.301587,0.539683
12.380953,21.047619,CPU2_3,150.000000,99.559998,1,0,0.317460,0.539683
13.000000,21.047619,CPU2_3,150.000000,100.290001,1,0,0.333333,0.539683
13.619047,21.047619,CPU2_3,150.000000,100.919998,1,0,0.349206,0.539683
14.238095,21.047619,CPU2_3,150.000000,101.430000,1,0,0.365079,0.539683
14.857142,21.047619,CPU2_3,150.000000,101.830002,1,0,0.380952,0.539683
15.476191,21.047619,CPU2_3,150.000000,102.120003,1,0,0.396825,0.539683
16.095238,21.047619,CPU2_3,150.000000,102.309998,1,0,0.412698,0.539683
16.714285,21.047619,CPU2_3,150.000000,102.400002,1,1,0.428571,0.539683
17.333334,21.047619,background,0.000000,102.370003,0,0,0.444444,0.539683
17.952381,21.047619,CPU2_0,150.000000,102.250000,1,1,0.460317,0.539683
18.571428,21.047619,CPU2_0,150.000000,102.010002,1,0,0.476190,0.539683
19.190475,21.047619,CPU2_0,150.000000,101.669998,1,0,0.492063,0.539683
19.809525,21.047619,CPU2_0,150.000000,101.209999,1,0,0.507937,0.539683
20.428572,21.047619,CPU2_0,150.000000,100.639999,1,0,0.523810,0.539683
21.047619,21.047619,CPU2_0,150.000000,99.940002,1,0,0.539683,0.539683
21.666666,21.047619,CPU2_0,150.000000,99.099998,1,0,0.555556,0.539683
22.285715,21.047619,CPU2_0,150.000000,98.099998,1,0,0.571429,0.539683
22.904762,21.047619,CPU2_0,150.000000,96.870003,1,0,0.587302,0.539683
23.523809,21.047619,CPU2_0,150.000000,95.269997,1,0,0.603175,0.539683
24.142857,21.047619,CPU2_0,150.000000,92.930000,1,0,0.619048,0.539683
24.761906,21.047619,CPU2_0,150.000000,88.870003,1,0,0.634921,0.539683
25.380953,21.047619,CPU2_0,150.000000,81.449997,1,0,0.650794,0.539683
26.000000,21.047619,background,0.000000,77.169998,0,1,0.666667,0.539683
26.619047,21.047619,background,0.000000,74.610001,0,0,0.682540,0.539683
27.238094,21.047619,background,0.000000,72.739998,0,0,0.698413,0.539683
27.857143,21.047619,background,0.000000,71.169998,0,0,0.714286,0.539683
28.476191,21.047619,background,0.000000,69.760002,0,0,0.730159,0.539683
29.095238,21.047619,background,0.000000,68.440002,0,0,0.746032,0.539683
29.714285,21.047619,background,0.000000,67.190002,0,0,0.761905,0.539683
30.333334,21.047619,background,0.000000,65.980003,0,0,0.777778,0.539683
30.952381,21.047619,background,0.000000,64.809998,0,0,0.793651,0.539683
31.571428,21.047619,background,0.000000,63.680000,0,0,0.809524,0.539683
32.190475,21.047619,background,0.000000,62.570000,0,0,0.825397,0.539683
32.809525,21.047619,background,0.000000,61.490002,0,0,0.841270,0.539683
33.428570,21.047619,background,0.000000,60.419998,0,0,0.857143,0.539683
34.047619,21.047619,background,0.000000,59.320000,0,0,0.873016,0.539683
34.666668,21.047619,background,0.000000,58.130001,0,0,0.888889,0.539683
35.285713,21.047619,background,0.000000,56.660000,0,0,0.904762,0.539683
35.904762,21.047619,background,0.000000,55.400002,0,0,0.920635,0.539683
36.523811,21.047619,background,0.000000,54.330002,0,0,0.936508,0.539683
37.142857,21.047619,background,0.000000,53.439999,0,0,0.952381,0.539683
37.761906,21.047619,background,0.000000,52.709999,0,0,0.968254,0.539683
38.380951,21.047619,background,0.000000,52.169998,0,0,0.984127,0.539683
39.000000,21.047619,background,0.000000,51.849998,0,0,1.000000,0.539683
0.000000,21.666666,DRAM_3,20.000000,58.770000,1,1,0.000000,0.555556
0.619048,21.666666,DRAM_3,20.000000,59.160000,1,0,0.015873,0.555556
1.238095,21.666666,DRAM_3,20.000000,59.830002,1,0,0.031746,0.555556
1.857143,21.666666,DRAM_3,20.000000,60.709999,1,0,0.047619,0.555556
2.476191,21.666666,DRAM_3,20.000000,61.770000,1,0,0.063492,0.555556
3.095238,21.666666,DRAM_3,20.000000,63.009998,1,0,0.079365,0.555556
3.714286,21.666666,DRAM_3,20.000000,64.440002,1,0,0.095238,0.555556
4.333333,21.666666,DRAM_3,20.000000,66.110001,1,0,0.111111,0.555556
4.952381,21.666666,DRAM_3,20.000000,68.120003,1,0,0.126984,0.555556
5.571429,21.666666,DRAM_3,20.000000,70.620003,1,0,0.142857,0.555556
6.190476,21.666666,DRAM_3,20.000000,73.809998,1,0,0.158730,0.555556
6.809524,21.666666,DRAM_3,20.000000,78.029999,1,0,0.174603,0.555556
7.428571,21.666666,DRAM_3,20.000000,83.459999,1,0,0.190476,0.555556
8.047619,21.666666,DRAM_3,20.000000,88.000000,1,0,0.206349,0.555556
8.666667,21.666666,DRAM_3,20.000000,90.959999,1,0,0.222222,0.555556
9.285714,21.666666,CPU2_3,150.000000,93.000000,1,1,0.238095,0.555556
9.904762,21.666666,CPU2_3,150.000000,94.589996,1,0,0.253968,0.555556
10.523809,21.666666,CPU2_3,150.000000,95.910004,1,0,0.269841,0.555556
11.142858,21.666666,CPU2_3,150.000000,97.029999,1,0,0.285714,0.555556
11.761905,21.666666,CPU2_3,150.000000,98.010002,1,0,0.301587,0.555556
12.380953,21.666666,CPU2_3,150.000000,98.849998,1,0,0.317460,0.555556
13.000000,21.666666,CPU2_3,150.000000,99.570000,1,0,0.333333,0.555556
13.619047,21.666666,CPU2_3,150.000000,100.180000,1,0,0.349206,0.555556
14.238095,21.666666,CPU2_3,150.000000,100.680000,1,0,0.365079,0.555556
14.857142,21.666666,CPU2_3,150.000000,101.070000,1,0,0.380952,0.555556
15.476191,21.666666,CPU2_3,150.000000,101.370003,1,0,0.396825,0.555556
16.095238,21.666666,CPU2_3,150.000000,101.559998,1,0,0.412698,0.555556
16.714285,21.666666,CPU2_3,150.000000,101.639999,1,1,0.428571,0.555556
17.333334,21.666666,background,0.000000,101.629997,0,0,0.444444,0.555556
17.952381,21.666666,CPU2_0,150.000000,101.510002,1,1,0.460317,0.555556
18.571428,21.666666,CPU2_0,150.000000,101.290001,1,0,0.476190,0.555556
19.190475,21.666666,CPU2_0,150.000000,100.959999,1,0,0.492063,0.555556
19.809525,21.666666,CPU2_0,150.000000,100.510002,1,0,0.507937,0.555556
20.428572,21.666666,CPU2_0,150.000000,99.949997,1,0,0.523810,0.555556
21.047619,21.666666,CPU2_0,150.000000,99.269997,1,0,0.539683,0.555556
21.666666,21.666666,CPU2_0,150.000000,98.449997,1,0,0.555556,0.555556
22.285715,21.666666,CPU2_0,150.000000,97.459999,1,0,0.571429,0.555556
22.904762,21.666666,CPU2_0,150.000000,96.250000,1,0,0.587302,0.555556
23.523809,21.666666,CPU2_0,150.000000,94.669998,1,0,0.603175,0.555556
24.142857,21.666666,CPU2_0,150.000000,92.360001,1,0,0.619048,0.555556
24.761906,21.666666,CPU2_0,150.000000,88.309998,1,0,0.634921,0.555556
25.380953,21.666666,CPU2_0,150.000000,80.930000,1,0,0.650794,0.555556
26.000000,21.666666,background,0.000000,76.669998,0,1,0.666667,0.555556
26.619047,21.666666,background,0.000000,74.139999,0,0,0.682540,0.555556
27.238094,21.666666,background,0.000000,72.300003,0,0,0.698413,0.555556
27.857143,21.666666,background,0.000000,70.760002,0,0,0.714286,0.555556
28.476191,21.666666,background,0.000000,69.379997,0,0,0.730159,0.555556
29.095238,21.666666,background,0.000000,68.089996,0,0,0.746032,0.555556
29.714285,21.666666,background,0.000000,66.860001,0,0,0.761905,0.555556
30.333334,21.666666,background,0.000000,65.680000,0,0,0.777778,0.555556
30.952381,21.666666,background,0.000000,64.529999,0,0,0.793651,0.555556
31.571428,21.666666,background,0.000000,63.419998,0,0,0.809524,0.555556
32.190475,21.666666,background,0.000000,62.330002,0,0,0.825397,0.555556
32.809525,21.666666,background,0.000000,61.259998,0,0,0.841270,0.555556
33.428570,21.666666,background,0.000000,60.209999,0,0,0.857143,0.555556
34.047619,21.666666,background,0.000000,59.119999,0,0,0.873016,0.555556
34.666668,21.666666,background,0.000000,57.939999,0,0,0.888889,0.555556
35.285713,21.666666,background,0.000000,56.490002,0,0,0.904762,0.555556
35.904762,21.666666,background,0.000000,55.240002,0,0,0.920635,0.555556
36.523811,21.666666,background,0.000000,54.189999,0,0,0.936508,0.555556
37.142857,21.666666,background,0.000000,53.299999,0,0,0.952381,0.555556
37.761906,21.666666,background,0.000000,52.580002,0,0,0.968254,0.555556
38.380951,21.666666,background,0.000000,52.040001,0,0,0.984127,0.555556
39.000000,21.666666,background,0.000000,51.730000,0,0,1.000000,0.555556
0.000000,22.285715,DRAM_3,20.000000,58.480000,1,1,0.000000,0.571429
0.619048,22.285715,DRAM_3,20.000000,58.860001,1,0,0.015873,0.571429
1.238095,22.285715,DRAM_3,20.000000,59.520000,1,0,0.031746,0.571429
1.857143,22.285715,DRAM_3,20.000000,60.380001,1,0,0.047619,0.571429
2.476191,22.285715,DRAM_3,20.000000,61.419998,1,0,0.063492,0.571429
3.095238,22.285715,DRAM_3,20.000000,62.630001,1,0,0.079365,0.571429
3.714286,22.285715,DRAM_3,20.000000,64.040001,1,0,0.095238,0.571429
4.333333,22.285715,DRAM_3,20.000000,65.680000,1,0,0.111111,0.571429
4.952381,22.285715,DRAM_3,20.000000,67.660004,1,0,0.126984,0.571429
5.571429,22.285715,DRAM_3,20.000000,70.120003,1,0,0.142857,0.571429
6.190476,22.285715,DRAM_3,20.000000,73.279999,1,0,0.158730,0.571429
6.809524,22.285715,DRAM_3,20.000000,77.449997,1,0,0.174603,0.571429
7.428571,22.285715,DRAM_3,20.000000,82.849998,1,0,0.190476,0.571429
8.047619,22.285715,DRAM_3,20.000000,87.360001,1,0,0.206349,0.571429
8.666667,22.285715,DRAM_3,20.000000,90.300003,1,0,0.222222,0.571429
9.285714,22.285715,CPU2_3,150.000000,92.300003,1,1,0.238095,0.571429
9.904762,22.285715,CPU2_3,150.000000,93.849998,1,0,0.253968,0.571429
10.523809,22.285715,CPU2_3,150.000000,95.139999,1,0,0.269841,0.571429
11.142858,22.285715,CPU2_3,150.000000,96.230003,1,0,0.285714,0.571429
11.761905,22.285715,CPU2_3,150.000000,97.180000,1,0,0.301587,0.571429
12.380953,22.285715,CPU2_3,150.000000,98.000000,1,0,0.317460,0.571429
13.000000,22.285715,CPU2_3,150.000000,98.699997,1,0,0.333333,0.571429
13.619047,22.285715,CPU2_3,150.000000,99.290001,1,0,0.349206,0.571429
14.238095,22.285715,CPU2_3,150.000000,99.779999,1,0,0.365079,0.571429
14.857142,22.285715,CPU2_3,150.000000,100.169998,1,0,0.380952,0.571429
15.476191,22.285715,CPU2_3,150.000000,100.459999,1,0,0.396825,0.571429
16.095238,22.285715,CPU2_3,150.000000,100.660004,1,0,0.412698,0.571429
16.714285,22.285715,CPU2_3,150.000000,100.750000,1,1,0.428571,0.571429
17.333334,22.285715,background,0.000000,100.750000,0,0,0.444444,0.571429
17.952381,22.285715,CPU2_0,150.000000,100.639999,1,1,0.460317,0.571429
18.571428,22.285715,CPU2_0,150.000000,100.430000,1,0,0.476190,0.571429
19.190475,22.285715,CPU2_0,150.000000,100.110001,1,0,0.492063,0.571429
19.809525,22.285715,CPU2_0,150.000000,99.680000,1,0,0.507937,0.571429
20.428572,22.285715,CPU2_0,150.000000,99.139999,1,0,0.523810,0.571429
21.047619,22.285715,CPU2_0,150.000000,98.470001,1,0,0.539683,0.571429
21.666666,22.285715,CPU2_0,150.000000,97.669998,1,0,0.555556,0.571429
22.285715,22.285715,CPU2_0,150.000000,96.699997,1,0,0.571429,0.571429
22.904762,22.285715,CPU2_0,150.000000,95.519997,1,0,0.587302,0.571429
23.523809,22.285715,CPU2_0,150.000000,93.970001,1,0,0.603175,0.571429
24.142857,22.285715,CPU2_0,150.000000,91.680000,1,0,0.619048,0.571429
24.761906,22.285715,CPU2_0,150.000000,87.669998,1,0,0.634921,0.571429
25.380953,22.285715,CPU2_0,150.000000,80.320000,1,0,0.650794,0.571429
26.000000,22.285715,background,0.000000,76.099998,0,1,0.666667,0.571429
26.619047,22.285715,background,0.000000,73.599998,0,0,0.682540,0.571429
27.238094,22.285715,background,0.000000,71.790001,0,0,0.698413,0.571429
27.857143,22.285715,background,0.000000,70.290001,0,0,0.714286,0.571429
28.476191,22.285715,background,0.000000,68.940002,0,0,0.730159,0.571429
29.095238,22.285715,background,0.000000,67.680000,0,0,0.746032,0.571429
29.714285,22.285715,background,0.000000,66.480003,0,0,0.761905,0.571429
30.333334,22.285715,background,0.000000,65.320000,0,0,0.777778,0.571429
30.952381,22.285715,background,0.000000,64.199997,0,0,0.793651,0.571429
31.571428,22.285715,background,0.000000,63.110001,0,0,0.809524,0.571429
32.190475,22.285715,background,0.000000,62.049999,0,0,0.825397,0.571429
32.809525,22.285715,background,0.000000,61.000000,0,0,0.841270,0.571429
33.428570,22.285715,background,0.000000,59.959999,0,0,0.857143,0.571429
34.047619,22.285715,background,0.000000,58.889999,0,0,0.873016,0.571429
34.666668,22.285715,background,0.000000,57.720001,0,0,0.888889,0.571429
35.285713,22.285715,background,0.000000,56.290001,0,0,0.904762,0.571429
35.904762,22.285715,background,0.000000,55.049999,0,0,0.920635,0.571429
36.523811,22.285715,background,0.000000,54.009998,0,0,0.936508,0.571429
37.142857,22.285715,background,0.000000,53.139999,0,0,0.952381,0.571429
37.761906,22.285715,background,0.000000,52.430000,0,0,0.968254,0.571429
38.380951,22.285715,background,0.000000,51.889999,0,0,0.984127,0.571429
39.000000,22.285715,background,0.000000,51.590000,0,0,1.000000,0.571429
0.000000,22.904762,DRAM_3,20.000000,58.169998,1,1,0.000000,0.587302
0.619048,22.904762,DRAM_3,20.000000,58.540001,1,0,0.015873,0.587302
1.238095,22.904762,DRAM_3,20.000000,59.180000,1,0,0.031746,0.587302
1.857143,22.904762,DRAM_3,20.000000,60.029999,1,0,0.047619,0.587302
2.476191,22.904762,DRAM_3,20.000000,61.040001,1,0,0.063492,0.587302
3.095238,22.904762,DRAM_3,20.000000,62.220001,1,0,0.079365,0.587302
3.714286,22.904762,DRAM_3,20.000000,63.590000,1,0,0.095238,0.587302
4.333333,22.904762,DRAM_3,20.000000,65.199997,1,0,0.111111,0.587302
4.952381,22.904762,DRAM_3,20.000000,67.129997,1,0,0.126984,0.587302
5.571429,22.904762,DRAM_3,20.000000,69.529999,1,0,0.142857,0.587302
6.190476,22.904762,DRAM_3,20.000000,72.620003,1,0,0.158730,0.587302
6.809524,22.904762,DRAM_3,20.000000,76.730003,1,0,0.174603,0.587302
7.428571,22.904762,DRAM_3,20.000000,82.080002,1,0,0.190476,0.587302
8.047619,22.904762,DRAM_3,20.000000,86.589996,1,0,0.206349,0.587302
8.666667,22.904762,DRAM_3,20.000000,89.480003,1,0,0.222222,0.587302
9.285714,22.904762,CPU2_3,150.000000,91.440002,1,1,0.238095,0.587302
9.904762,22.904762,CPU2_3,150.000000,92.949997,1,0,0.253968,0.587302
10.523809,22.904762,CPU2_3,150.000000,94.199997,1,0,0.269841,0.587302
11.142858,22.904762,CPU2_3,150.000000,95.260002,1,0,0.285714,0.587302
11.761905,22.904762,CPU2_3,150.000000,96.169998,1,0,0.301587,0.587302
12.380953,22.904762,CPU2_3,150.000000,96.970001,1,0,0.317460,0.587302
13.000000,22.904762,CPU2_3,150.000000,97.650002,1,0,0.333333,0.587302
13.619047,22.904762,CPU2_3,150.000000,98.230003,1,0,0.349206,0.587302
14.238095,22.904762,CPU2_3,150.000000,98.699997,1,0,0.365079,0.587302
14.857142,22.904762,CPU2_3,150.000000,99.089996,1,0,0.380952,0.587302
15.476191,22.904762,CPU2_3,150.000000,99.379997,1,0,0.396825,0.587302
16.095238,22.904762,CPU2_3,150.000000,99.580002,1,0,0.412698,0.587302
16.714285,22.904762,CPU2_3,150.000000,99.690002,1,1,0.428571,0.587302
17.333334,22.904762,background,0.000000,99.709999,0,0,0.444444,0.587302
17.952381,22.904762,CPU2_0,150.000000,99.620003,1,1,0.460317,0.587302
18.571428,22.904762,CPU2_0,150.000000,99.430000,1,0,0.476190,0.587302
19.190475,22.904762,CPU2_0,150.000000,99.129997,1,0,0.492063,0.587302
19.809525,22.904762,CPU2_0,150.000000,98.720001,1,0,0.507937,0.587302
20.428572,22.904762,CPU2_0,150.000000,98.190002,1,0,0.523810,0.587302
21.047619,22.904762,CPU2_0,150.000000,97.540001,1,0,0.539683,0.587302
21.666666,22.904762,CPU2_0,150.000000,96.760002,1,0,0.555556,0.587302
22.285715,22.904762,CPU2_0,150.000000,95.830002,1,0,0.571429,0.587302
22.904762,22.904762,CPU2_0,150.000000,94.669998,1,0,0.587302,0.587302
23.523809,22.904762,CPU2_0,150.000000,93.160004,1,0,0.603175,0.587302
24.142857,22.904762,CPU2_0,150.000000,90.900002,1,0,0.619048,0.587302
24.761906,22.904762,CPU2_0,150.000000,86.930000,1,0,0.634921,0.587302
25.380953,22.904762,CPU2_0,150.000000,79.620003,1,0,0.650794,0.587302
26.000000,22.904762,background,0.000000,75.440002,0,1,0.666667,0.587302
26.619047,22.904762,background,0.000000,72.980003,0,0,0.682540,0.587302
27.238094,22.904762,background,0.000000,71.220001,0,0,0.698413,0.587302
27.857143,22.904762,background,0.000000,69.750000,0,0,0.714286,0.587302
28.476191,22.904762,background,0.000000,68.440002,0,0,0.730159,0.587302
29.095238,22.904762,background,0.000000,67.209999,0,0,0.746032,0.587302
29.714285,22.904762,background,0.000000,66.040001,0,0,0.761905,0.587302
30.333334,22.904762,background,0.000000,64.919998,0,0,0.777778,0.587302
30.952381,22.904762,background,0.000000,63.830002,0,0,0.793651,0.587302
31.571428,22.904762,background,0.000000,62.759998,0,0,0.809524,0.587302
32.190475,22.904762,background,0.000000,61.720001,0,0,0.825397,0.587302
32.809525,22.904762,background,0.000000,60.689999,0,0,0.841270,0.587302
33.428570,22.904762,background,0.000000,59.680000,0,0,0.857143,0.587302
34.047619,22.904762,background,0.000000,58.619999,0,0,0.873016,0.587302
34.666668,22.904762,background,0.000000,57.470001,0,0,0.888889,0.587302
35.285713,22.904762,background,0.000000,56.049999,0,0,0.904762,0.587302
35.904762,22.904762,background,0.000000,54.840000,0,0,0.920635,0.587302
36.523811,22.904762,background,0.000000,53.810001,0,0,0.936508,0.587302
37.142857,22.904762,background,0.000000,52.950001,0,0,0.952381,0.587302
37.761906,22.904762,background,0.000000,52.250000,0,0,0.968254,0.587302
38.380951,22.904762,background,0.000000,51.730000,0,0,0.984127,0.587302
39.000000,22.904762,background,0.000000,51.430000,0,0,1.000000,0.587302
0.000000,23.523809,DRAM_3,20.000000,57.840000,1,1,0.000000,0.603175
0.619048,23.523809,DRAM_3,20.000000,58.200001,1,0,0.015873,0.603175
1.238095,23.523809,DRAM_3,20.000000,58.820000,1,0,0.031746,0.603175
1.857143,23.523809,DRAM_3,20.000000,59.639999,1,0,0.047619,0.603175
2.476191,23.523809,DRAM_3,20.000000,60.630001,1,0,0.063492,0.603175
3.095238,23.523809,DRAM_3,20.000000,61.779999,1,0,0.079365,0.603175
3.714286,23.523809,DRAM_3,20.000000,63.099998,1,0,0.095238,0.603175
4.333333,23.523809,DRAM_3,20.000000,64.650002,1,0,0.111111,0.603175
4.952381,23.523809,DRAM_3,20.000000,66.510002,1,0,0.126984,0.603175
5.571429,23.523809,DRAM_3,20.000000,68.820000,1,0,0.142857,0.603175
6.190476,23.523809,DRAM_3,20.000000,71.820000,1,0,0.158730,0.603175
6.809524,23.523809,DRAM_3,20.000000,75.830002,1,0,0.174603,0.603175
7.428571,23.523809,DRAM_3,20.000000,81.110001,1,0,0.190476,0.603175
8.047619,23.523809,DRAM_3,20.000000,85.620003,1,0,0.206349,0.603175
8.666667,23.523809,DRAM_3,20.000000,88.459999,1,0,0.222222,0.603175
9.285714,23.523809,CPU2_3,150.000000,90.360001,1,1,0.238095,0.603175
9.904762,23.523809,CPU2_3,150.000000,91.820000,1,0,0.253968,0.603175
10.523809,23.523809,CPU2_3,150.000000,93.019997,1,0,0.269841,0.603175
11.142858,23.523809,CPU2_3,150.000000,94.040001,1,0,0.285714,0.603175
11.761905,23.523809,CPU2_3,150.000000,94.919998,1,0,0.301587,0.603175
12.380953,23.523809,CPU2_3,150.000000,95.690002,1,0,0.317460,0.603175
13.000000,23.523809,CPU2_3,150.000000,96.349998,1,0,0.333333,0.603175
13.619047,23.523809,CPU2_3,150.000000,96.910004,1,0,0.349206,0.603175
14.238095,23.523809,CPU2_3,150.000000,97.370003,1,0,0.365079,0.603175
14.857142,23.523809,CPU2_3,150.000000,97.750000,1,0,0.380952,0.603175
15.476191,23.523809,CPU2_3,150.000000,98.050003,1,0,0.396825,0.603175
16.095238,23.523809,CPU2_3,150.000000,98.269997,1,0,0.412698,0.603175
16.714285,23.523809,CPU2_3,150.000000,98.410004,1,1,0.428571,0.603175
17.333334,23.523809,background,0.000000,98.470001,0,0,0.444444,0.603175
17.952381,23.523809,CPU2_0,150.000000,98.419998,1,1,0.460317,0.603175
18.571428,23.523809,CPU2_0,150.000000,98.260002,1,0,0.476190,0.603175
19.190475,23.523809,CPU2_0,150.000000,97.980003,1,0,0.492063,0.603175
19.809525,23.523809,CPU2_0,150.000000,97.589996,1,0,0.507937,0.603175
20.428572,23.523809,CPU2_0,150.000000,97.089996,1,0,0.523810,0.603175
21.047619,23.523809,CPU2_0,150.000000,96.470001,1,0,0.539683,0.603175
21.666666,23.523809,CPU2_0,150.000000,95.720001,1,0,0.555556,0.603175
22.285715,23.523809,CPU2_0,150.000000,94.809998,1,0,0.571429,0.603175
22.904762,23.523809,CPU2_0,150.000000,93.690002,1,0,0.587302,0.603175
23.523809,23.523809,CPU2_0,150.000000,92.209999,1,0,0.603175,0.603175
24.142857,23.523809,CPU2_0,150.000000,90.010002,1,0,0.619048,0.603175
24.761906,23.523809,CPU2_0,150.000000,86.080002,1,0,0.634921,0.603175
25.380953,23.523809,CPU2_0,150.000000,78.820000,1,0,0.650794,0.603175
26.000000,23.523809,background,0.000000,74.699997,0,1,0.666667,0.603175
26.619047,23.523809,background,0.000000,72.290001,0,0,0.682540,0.603175
27.238094,23.523809,background,0.000000,70.570000,0,0,0.698413,0.603175
27.857143,23.523809,background,0.000000,69.150002,0,0,0.714286,0.603175
28.476191,23.523809,background,0.000000,67.879997,0,0,0.730159,0.603175
29.095238,23.523809,background,0.000000,66.690002,0,0,0.746032,0.603175
29.714285,23.523809,background,0.000000,65.559998,0,0,0.761905,0.603175
30.333334,23.523809,background,0.000000,64.459999,0,0,0.777778,0.603175
30.952381,23.523809,background,0.000000,63.400002,0,0,0.793651,0.603175
31.571428,23.523809,background,0.000000,62.360001,0,0,0.809524,0.603175
32.190475,23.523809,background,0.000000,61.349998,0,0,0.825397,0.603175
32.809525,23.523809,background,0.000000,60.349998,0,0,0.841270,0.603175
33.428570,23.523809,background,0.000000,59.349998,0,0,0.857143,0.603175
34.047619,23.523809,background,0.000000,58.310001,0,0,0.873016,0.603175
34.666668,23.523809,background,0.000000,57.180000,0,0,0.888889,0.603175
35.285713,23.523809,background,0.000000,55.790001,0,0,0.904762,0.603175
35.904762,23.523809,background,0.000000,54.590000,0,0,0.920635,0.603175
36.523811,23.523809,background,0.000000,53.580002,0,0,0.936508,0.603175
37.142857,23.523809,background,0.000000,52.740002,0,0,0.952381,0.603175
37.761906,23.523809,background,0.000000,52.049999,0,0,0.968254,0.603175
38.380951,23.523809,background,0.000000,51.540001,0,0,0.984127,0.603175
39.000000,23.523809,background,0.000000,51.240002,0,0,1.000000,0.603175
0.000000,24.142857,DRAM_3,20.000000,57.490002,1,1,0.000000,0.619048
0.619048,24.142857,DRAM_3,20.000000,57.840000,1,0,0.015873,0.619048
1.238095,24.142857,DRAM_3,20.000000,58.439999,1,0,0.031746,0.619048
1.857143,24.142857,DRAM_3,20.000000,59.230000,1,0,0.047619,0.619048
2.476191,24.142857,DRAM_3,20.000000,60.189999,1,0,0.063492,0.619048
3.095238,24.142857,DRAM_3,20.000000,61.290001,1,0,0.079365,0.619048
3.714286,24.142857,DRAM_3,20.000000,62.560001,1,0,0.095238,0.619048
4.333333,24.142857,DRAM_3,20.000000,64.040001,1,0,0.111111,0.619048
4.952381,24.142857,DRAM_3,20.000000,65.809998,1,0,0.126984,0.619048
5.571429,24.142857,DRAM_3,20.000000,68.000000,1,0,0.142857,0.619048
6.190476,24.142857,DRAM_3,20.000000,70.839996,1,0,0.158730,0.619048
6.809524,24.142857,DRAM_3,20.000000,74.680000,1,0,0.174603,0.619048
7.428571,24.142857,DRAM_3,20.000000,79.809998,1,0,0.190476,0.619048
8.047619,24.142857,DRAM_3,20.000000,84.300003,1,0,0.206349,0.619048
8.666667,24.142857,DRAM_3,20.000000,87.059998,1,0,0.222222,0.619048
9.285714,24.142857,CPU2_3,150.000000,88.879997,1,1,0.238095,0.619048
9.904762,24.142857,CPU2_3,150.000000,90.269997,1,0,0.253968,0.619048
10.523809,24.142857,CPU2_3,150.000000,91.419998,1,0,0.269841,0.619048
11.142858,24.142857,CPU2_3,150.000000,92.389999,1,0,0.285714,0.619048
11.761905,24.142857,CPU2_3,150.000000,93.239998,1,0,0.301587,0.619048
12.380953,24.142857,CPU2_3,150.000000,93.970001,1,0,0.317460,0.619048
13.000000,24.142857,CPU2_3,150.000000,94.610001,1,0,0.333333,0.619048
13.619047,24.142857,CPU2_3,150.000000,95.150002,1,0,0.349206,0.619048
14.238095,24.142857,CPU2_3,150.000000,95.599998,1,0,0.365079,0.619048
14.857142,24.142857,CPU2_3,150.000000,95.980003,1,0,0.380952,0.619048
15.476191,24.142857,CPU2_3,150.000000,96.290001,1,0,0.396825,0.619048
16.095238,24.142857,CPU2_3,150.000000,96.550003,1,0,0.412698,0.619048
16.714285,24.142857,CPU2_3,150.000000,96.779999,1,1,0.428571,0.619048
17.333334,24.142857,background,0.000000,96.959999,0,0,0.444444,0.619048
17.952381,24.142857,CPU2_0,150.000000,97.010002,1,1,0.460317,0.619048
18.571428,24.142857,CPU2_0,150.000000,96.900002,1,0,0.476190,0.619048
19.190475,24.142857,CPU2_0,150.000000,96.650002,1,0,0.492063,0.619048
19.809525,24.142857,CPU2_0,150.000000,96.290001,1,0,0.507937,0.619048
20.428572,24.142857,CPU2_0,150.000000,95.809998,1,0,0.523810,0.619048
21.047619,24.142857,CPU2_0,150.000000,95.209999,1,0,0.539683,0.619048
21.666666,24.142857,CPU2_0,150.000000,94.489998,1,0,0.555556,0.619048
22.285715,24.142857,CPU2_0,150.000000,93.620003,1,0,0.571429,0.619048
22.904762,24.142857,CPU2_0,150.000000,92.540001,1,0,0.587302,0.619048
23.523809,24.142857,CPU2_0,150.000000,91.110001,1,0,0.603175,0.619048
24.142857,24.142857,CPU2_0,150.000000,88.959999,1,0,0.619048,0.619048
24.761906,24.142857,CPU2_0,150.000000,85.110001,1,0,0.634921,0.619048
25.380953,24.142857,CPU2_0,150.000000,77.919998,1,0,0.650794,0.619048
26.000000,24.142857,background,0.000000,73.870003,0,1,0.666667,0.619048
26.619047,24.142857,background,0.000000,71.519997,0,0,0.682540,0.619048
27.238094,24.142857,background,0.000000,69.860001,0,0,0.698413,0.619048
27.857143,24.142857,background,0.000000,68.489998,0,0,0.714286,0.619048
28.476191,24.142857,background,0.000000,67.260002,0,0,0.730159,0.619048
29.095238,24.142857,background,0.000000,66.110001,0,0,0.746032,0.619048
29.714285,24.142857,background,0.000000,65.019997,0,0,0.761905,0.619048
30.333334,24.142857,background,0.000000,63.959999,0,0,0.777778,0.619048
30.952381,24.142857,background,0.000000,62.930000,0,0,0.793651,0.619048
31.571428,24.142857,background,0.000000,61.919998,0,0,0.809524,0.619048
32.190475,24.142857,background,0.000000,60.930000,0,0,0.825397,0.619048
32.809525,24.142857,background,0.000000,59.959999,0,0,0.841270,0.619048
33.428570,24.142857,background,0.000000,58.990002,0,0,0.857143,0.619048
34.047619,24.142857,background,0.000000,57.970001,0,0,0.873016,0.619048
34.666668,24.142857,background,0.000000,56.849998,0,0,0.888889,0.619048
35.285713,24.142857,background,0.000000,55.480000,0,0,0.904762,0.619048
35.904762,24.142857,background,0.000000,54.310001,0,0,0.920635,0.619048
36.523811,24.142857,background,0.000000,53.320000,0,0,0.936508,0.619048
37.142857,24.142857,background,0.000000,52.500000,0,0,0.952381,0.619048
37.761906,24.142857,background,0.000000,51.830002,0,0,0.968254,0.619048
38.380951,24.142857,background,0.000000,51.330002,0,0,0.984127,0.619048
39.000000,24.142857,background,0.000000,51.040001,0,0,1.000000,0.619048
0.000000,24.761906,DRAM_3,20.000000,57.110001,1,1,0.000000,0.634921
0.619048,24.761906,DRAM_3,20.000000,57.450001,1,0,0.015873,0.634921
1.238095,24.761906,DRAM_3,20.000000,58.029999,1,0,0.031746,0.634921
1.857143,24.761906,DRAM_3,20.000000,58.799999,1,0,0.047619,0.634921
2.476191,24.761906,DRAM_3,20.000000,59.709999,1,0,0.063492,0.634921
3.095238,24.761906,DRAM_3,20.000000,60.770000,1,0,0.079365,0.634921
3.714286,24.761906,DRAM_3,20.000000,61.970001,1,0,0.095238,0.634921
4.333333,24.761906,DRAM_3,20.000000,63.369999,1,0,0.111111,0.634921
4.952381,24.761906,DRAM_3,20.000000,65.019997,1,0,0.126984,0.634921
5.571429,24.761906,DRAM_3,20.000000,67.050003,1,0,0.142857,0.634921
6.190476,24.761906,DRAM_3,20.000000,69.650002,1,0,0.158730,0.634921
6.809524,24.761906,DRAM_3,20.000000,73.160004,1,0,0.174603,0.634921
7.428571,24.761906,DRAM_3,20.000000,77.919998,1,0,0.190476,0.634921
8.047619,24.761906,DRAM_3,20.000000,82.230003,1,0,0.206349,0.634921
8.666667,24.761906,DRAM_3,20.000000,84.830002,1,0,0.222222,0.634921
9.285714,24.761906,CPU2_3,150.000000,86.519997,1,1,0.238095,0.634921
9.904762,24.761906,CPU2_3,150.000000,87.820000,1,0,0.253968,0.634921
10.523809,24.761906,CPU2_3,150.000000,88.900002,1,0,0.269841,0.634921
11.142858,24.761906,CPU2_3,150.000000,89.820000,1,0,0.285714,0.634921
11.761905,24.761906,CPU2_3,150.000000,90.629997,1,0,0.301587,0.634921
12.380953,24.761906,CPU2_3,150.000000,91.330002,1,0,0.317460,0.634921
13.000000,24.761906,CPU2_3,150.000000,91.940002,1,0,0.333333,0.634921
13.619047,24.761906,CPU2_3,150.000000,92.449997,1,0,0.349206,0.634921
14.238095,24.761906,CPU2_3,150.000000,92.900002,1,0,0.365079,0.634921
14.857142,24.761906,CPU2_3,150.000000,93.269997,1,0,0.380952,0.634921
15.476191,24.761906,CPU2_3,150.000000,93.610001,1,0,0.396825,0.634921
16.095238,24.761906,CPU2_3,150.000000,93.970001,1,0,0.412698,0.634921
16.714285,24.761906,CPU2_3,150.000000,94.430000,1,1,0.428571,0.634921
17.333334,24.761906,background,0.000000,95.010002,0,1,0.444444,0.634921
17.952381,24.761906,CPU2_0,150.000000,95.269997,1,1,0.460317,0.634921
18.571428,24.761906,CPU2_0,150.000000,95.260002,1,1,0.476190,0.634921
19.190475,24.761906,CPU2_0,150.000000,95.070000,1,1,0.492063,0.634921
19.809525,24.761906,CPU2_0,150.000000,94.730003,1,1,0.507937,0.634921
20.428572,24.761906,CPU2_0,150.000000,94.279999,1,1,0.523810,0.634921
21.047619,24.761906,CPU2_0,150.000000,93.709999,1,1,0.539683,0.634921
21.666666,24.761906,CPU2_0,150.000000,93.019997,1,1,0.555556,0.634921
22.285715,24.761906,CPU2_0,150.000000,92.190002,1,1,0.571429,0.634921
22.904762,24.761906,CPU2_0,150.000000,91.160004,1,1,0.587302,0.634921
23.523809,24.761906,CPU2_0,150.000000,89.790001,1,1,0.603175,0.634921
24.142857,24.761906,CPU2_0,150.000000,87.720001,1,1,0.619048,0.634921
24.761906,24.761906,CPU2_0,150.000000,83.959999,1,1,0.634921,0.634921
25.380953,24.761906,CPU2_0,150.000000,76.889999,1,1,0.650794,0.634921
26.000000,24.761906,background,0.000000,72.930000,0,1,0.666667,0.634921
26.619047,24.761906,background,0.000000,70.669998,0,0,0.682540,0.634921
27.238094,24.761906,background,0.000000,69.070000,0,0,0.698413,0.634921
27.857143,24.761906,background,0.000000,67.760002,0,0,0.714286,0.634921
28.476191,24.761906,background,0.000000,66.580002,0,0,0.730159,0.634921
29.095238,24.761906,background,0.000000,65.480003,0,0,0.746032,0.634921
29.714285,24.761906,background,0.000000,64.419998,0,0,0.761905,0.634921
30.333334,24.761906,background,0.000000,63.400002,0,0,0.777778,0.634921
30.952381,24.761906,background,0.000000,62.410000,0,0,0.793651,0.634921
31.571428,24.761906,background,0.000000,61.430000,0,0,0.809524,0.634921
32.190475,24.761906,background,0.000000,60.480000,0,0,0.825397,0.634921
32.809525,24.761906,background,0.000000,59.529999,0,0,0.841270,0.634921
33.428570,24.761906,background,0.000000,58.590000,0,0,0.857143,0.634921
34.047619,24.761906,background,0.000000,57.590000,0,0,0.873016,0.634921
34.666668,24.761906,background,0.000000,56.480000,0,0,0.888889,0.634921
35.285713,24.761906,background,0.000000,55.139999,0,0,0.904762,0.634921
35.904762,24.761906,background,0.000000,53.990002,0,0,0.920635,0.634921
36.523811,24.761906,background,0.000000,53.040001,0,0,0.936508,0.634921
37.142857,24.761906,background,0.000000,52.240002,0,0,0.952381,0.634921
37.761906,24.761906,background,0.000000,51.590000,0,0,0.968254,0.634921
38.380951,24.761906,background,0.000000,51.099998,0,0,0.984127,0.634921
39.000000,24.761906,background,0.000000,50.820000,0,0,1.000000,0.634921
0.000000,25.380953,DRAM_3,20.000000,56.720001,1,1,0.000000,0.650794
0.619048,25.380953,DRAM_3,20.000000,57.049999,1,0,0.015873,0.650794
1.238095,25.380953,DRAM_3,20.000000,57.610001,1,0,0.031746,0.650794
1.857143,25.380953,DRAM_3,20.000000,58.340000,1,0,0.047619,0.650794
2.476191,25.380953,DRAM_3,20.000000,59.220001,1,0,0.063492,0.650794
3.095238,25.380953,DRAM_3,20.000000,60.220001,1,0,0.079365,0.650794
3.714286,25.380953,DRAM_3,20.000000,61.360001,1,0,0.095238,0.650794
4.333333,25.380953,DRAM_3,20.000000,62.650002,1,0,0.111111,0.650794
4.952381,25.380953,DRAM_3,20.000000,64.169998,1,0,0.126984,0.650794
5.571429,25.380953,DRAM_3,20.000000,65.980003,1,0,0.142857,0.650794
6.190476,25.380953,DRAM_3,20.000000,68.250000,1,0,0.158730,0.650794
6.809524,25.380953,DRAM_3,20.000000,71.199997,1,0,0.174603,0.650794
7.428571,25.380953,DRAM_3,20.000000,75.059998,1,0,0.190476,0.650794
8.047619,25.380953,DRAM_3,20.000000,78.519997,1,0,0.206349,0.650794
8.666667,25.380953,DRAM_3,20.000000,80.680000,1,0,0.222222,0.650794
9.285714,25.380953,CPU2_3,150.000000,82.169998,1,1,0.238095,0.650794
9.904762,25.380953,CPU2_3,150.000000,83.349998,1,0,0.253968,0.650794
10.523809,25.380953,CPU2_3,150.000000,84.349998,1,0,0.269841,0.650794
11.142858,25.380953,CPU2_3,150.000000,85.220001,1,0,0.285714,0.650794
11.761905,25.380953,CPU2_3,150.000000,85.980003,1,0,0.301587,0.650794
12.380953,25.380953,CPU2_3,150.000000,86.650002,1,0,0.317460,0.650794
13.000000,25.380953,CPU2_3,150.000000,87.220001,1,0,0.333333,0.650794
13.619047,25.380953,CPU2_3,150.000000,87.720001,1,0,0.349206,0.650794
14.238095,25.380953,CPU2_3,150.000000,88.150002,1,0,0.365079,0.650794
14.857142,25.380953,CPU2_3,150.000000,88.519997,1,0,0.380952,0.650794
15.476191,25.380953,CPU2_3,150.000000,88.900002,1,0,0.396825,0.650794
16.095238,25.380953,CPU2_3,150.000000,89.440002,1,0,0.412698,0.650794
16.714285,25.380953,CPU2_3,150.000000,90.480003,1,1,0.428571,0.650794
17.333334,25.380953,DRAM_0,20.000000,92.279999,1,1,0.444444,0.650794
17.952381,25.380953,CPU2_0,150.000000,93.059998,1,1,0.460317,0.650794
18.571428,25.380953,CPU2_0,150.000000,93.230003,1,1,0.476190,0.650794
19.190475,25.380953,CPU2_0,150.000000,93.099998,1,1,0.492063,0.650794
19.809525,25.380953,CPU2_0,150.000000,92.800003,1,1,0.507937,0.650794
20.428572,25.380953,CPU2_0,150.000000,92.379997,1,1,0.523810,0.650794
21.047619,25.380953,CPU2_0,150.000000,91.839996,1,1,0.539683,0.650794
21.666666,25.380953,CPU2_0,150.000000,91.180000,1,1,0.555556,0.650794
22.285715,25.380953,CPU2_0,150.000000,90.389999,1,1,0.571429,0.650794
22.904762,25.380953,CPU2_0,150.000000,89.410004,1,1,0.587302,0.650794
23.523809,25.380953,CPU2_0,150.000000,88.120003,1,1,0.603175,0.650794
24.142857,25.380953,CPU2_0,150.000000,86.150002,1,1,0.619048,0.650794
24.761906,25.380953,CPU2_0,150.000000,82.540001,1,1,0.634921,0.650794
25.380953,25.380953,CPU2_0,150.000000,75.680000,1,1,0.650794,0.650794
26.000000,25.380953,DRAM_0,20.000000,71.889999,1,1,0.666667,0.650794
26.619047,25.380953,background,0.000000,69.739998,0,0,0.682540,0.650794
27.238094,25.380953,background,0.000000,68.220001,0,0,0.698413,0.650794
27.857143,25.380953,background,0.000000,66.970001,0,0,0.714286,0.650794
28.476191,25.380953,background,0.000000,65.849998,0,0,0.730159,0.650794
29.095238,25.380953,background,0.000000,64.790001,0,0,0.746032,0.650794
29.714285,25.380953,background,0.000000,63.770000,0,0,0.761905,0.650794
30.333334,25.380953,background,0.000000,62.790001,0,0,0.777778,0.650794
30.952381,25.380953,background,0.000000,61.830002,0,0,0.793651,0.650794
31.571428,25.380953,background,0.000000,60.889999,0,0,0.809524,0.650794
32.190475,25.380953,background,0.000000,59.970001,0,0,0.825397,0.650794
32.809525,25.380953,background,0.000000,59.049999,0,0,0.841270,0.650794
33.428570,25.380953,background,0.000000,58.130001,0,0,0.857143,0.650794
34.047619,25.380953,background,0.000000,57.150002,0,0,0.873016,0.650794
34.666668,25.380953,background,0.000000,56.049999,0,0,0.888889,0.650794
35.285713,25.380953,background,0.000000,54.740002,0,0,0.904762,0.650794
35.904762,25.380953,background,0.000000,53.639999,0,0,0.920635,0.650794
36.523811,25.380953,background,0.000000,52.720001,0,0,0.936508,0.650794
37.142857,25.380953,background,0.000000,51.950001,0,0,0.952381,0.650794
37.761906,25.380953,background,0.000000,51.320000,0,0,0.968254,0.650794
38.380951,25.380953,background,0.000000,50.849998,0,0,0.984127,0.650794
39.000000,25.380953,background,0.000000,50.580002,0,0,1.000000,0.650794
0.000000,26.000000,DRAM_3,20.000000,56.320000,1,1,0.000000,0.666667
0.619048,26.000000,DRAM_3,20.000000,56.630001,1,1,0.015873,0.666667
1.238095,26.000000,DRAM_3,20.000000,57.169998,1,1,0.031746,0.666667
1.857143,26.000000,DRAM_3,20.000000,57.869999,1,1,0.047619,0.666667
2.476191,26.000000,DRAM_3,20.000000,58.700001,1,1,0.063492,0.666667
3.095238,26.000000,DRAM_3,20.000000,59.650002,1,1,0.079365,0.666667
3.714286,26.000000,DRAM_3,20.000000,60.709999,1,1,0.095238,0.666667
4.333333,26.000000,DRAM_3,20.000000,61.910000,1,1,0.111111,0.666667
4.952381,26.000000,DRAM_3,20.000000,63.279999,1,1,0.126984,0.666667
5.571429,26.000000,DRAM_3,20.000000,64.870003,1,1,0.142857,0.666667
6.190476,26.000000,DRAM_3,20.000000,66.750000,1,1,0.158730,0.666667
6.809524,26.000000,DRAM_3,20.000000,68.980003,1,1,0.174603,0.666667
7.428571,26.000000,DRAM_3,20.000000,71.440002,1,1,0.190476,0.666667
8.047619,26.000000,DRAM_3,20.000000,73.000000,1,1,0.206349,0.666667
8.666667,26.000000,DRAM_3,20.000000,74.419998,1,1,0.222222,0.666667
9.285714,26.000000,CPU2_3,150.000000,75.629997,1,1,0.238095,0.666667
9.904762,26.000000,CPU2_3,150.000000,76.680000,1,1,0.253968,0.666667
10.523809,26.000000,CPU2_3,150.000000,77.599998,1,1,0.269841,0.666667
11.142858,26.000000,CPU2_3,150.000000,78.410004,1,1,0.285714,0.666667
11.761905,26.000000,CPU2_3,150.000000,79.129997,1,1,0.301587,0.666667
12.380953,26.000000,CPU2_3,150.000000,79.750000,1,1,0.317460,0.666667
13.000000,26.000000,CPU2_3,150.000000,80.300003,1,1,0.333333,0.666667
13.619047,26.000000,CPU2_3,150.000000,80.769997,1,1,0.349206,0.666667
14.238095,26.000000,CPU2_3,150.000000,81.169998,1,1,0.365079,0.666667
14.857142,26.000000,CPU2_3,150.000000,81.540001,1,1,0.380952,0.666667
15.476191,26.000000,CPU2_3,150.000000,81.940002,1,1,0.396825,0.666667
16.095238,26.000000,CPU2_3,150.000000,82.639999,1,1,0.412698,0.666667
16.714285,26.000000,CPU2_3,150.000000,84.449997,1,1,0.428571,0.666667
17.333334,26.000000,DRAM_0,20.000000,88.430000,1,1,0.444444,0.666667
17.952381,26.000000,DRAM_0,20.000000,89.970001,1,0,0.460317,0.666667
18.571428,26.000000,DRAM_0,20.000000,90.370003,1,0,0.476190,0.666667
19.190475,26.000000,DRAM_0,20.000000,90.320000,1,0,0.492063,0.666667
19.809525,26.000000,DRAM_0,20.000000,90.050003,1,0,0.507937,0.666667
20.428572,26.000000,DRAM_0,20.000000,89.650002,1,0,0.523810,0.666667
21.047619,26.000000,DRAM_0,20.000000,89.139999,1,0,0.539683,0.666667
21.666666,26.000000,DRAM_0,20.000000,88.519997,1,0,0.555556,0.666667
22.285715,26.000000,DRAM_0,20.000000,87.760002,1,0,0.571429,0.666667
22.904762,26.000000,DRAM_0,20.000000,86.839996,1,0,0.587302,0.666667
23.523809,26.000000,DRAM_0,20.000000,85.620003,1,0,0.603175,0.666667
24.142857,26.000000,DRAM_0,20.000000,83.779999,1,0,0.619048,0.666667
24.761906,26.000000,DRAM_0,20.000000,80.480003,1,0,0.634921,0.666667
25.380953,26.000000,DRAM_0,20.000000,74.199997,1,0,0.650794,0.666667
26.000000,26.000000,DRAM_0,20.000000,70.730003,1,1,0.666667,0.666667
26.619047,26.000000,background,0.000000,68.730003,0,0,0.682540,0.666667
27.238094,26.000000,background,0.000000,67.309998,0,0,0.698413,0.666667
27.857143,26.000000,background,0.000000,66.120003,0,0,0.714286,0.666667
28.476191,26.000000,background,0.000000,65.040001,0,0,0.730159,0.666667
29.095238,26.000000,background,0.000000,64.019997,0,0,0.746032,0.666667
29.714285,26.000000,background,0.000000,63.049999,0,0,0.761905,0.666667
30.333334,26.000000,background,0.000000,62.099998,0,0,0.777778,0.666667
30.952381,26.000000,background,0.000000,61.169998,0,0,0.793651,0.666667
31.571428,26.000000,background,0.000000,60.259998,0,0,0.809524,0.666667
32.190475,26.000000,background,0.000000,59.369999,0,0,0.825397,0.666667
32.809525,26.000000,background,0.000000,58.480000,0,0,0.841270,0.666667
33.428570,26.000000,background,0.000000,57.590000,0,0,0.857143,0.666667
34.047619,26.000000,background,0.000000,56.619999,0,0,0.873016,0.666667
34.666668,26.000000,background,0.000000,55.509998,0,0,0.888889,0.666667
35.285713,26.000000,background,0.000000,54.270000,0,0,0.904762,0.666667
35.904762,26.000000,background,0.000000,53.240002,0,0,0.920635,0.666667
36.523811,26.000000,background,0.000000,52.369999,0,0,0.936508,0.666667
37.142857,26.000000,background,0.000000,51.639999,0,0,0.952381,0.666667
37.761906,26.000000,background,0.000000,51.040001,0,0,0.968254,0.666667
38.380951,26.000000,background,0.000000,50.590000,0,0,0.984127,0.666667
39.000000,26.000000,background,0.000000,50.330002,0,0,1.000000,0.666667
0.000000,26.619047,background,0.000000,55.889999,0,0,0.000000,0.682540
0.619048,26.619047,background,0.000000,56.189999,0,0,0.015873,0.682540
1.238095,26.619047,background,0.000000,56.709999,0,0,0.031746,0.682540
1.857143,26.619047,background,0.000000,57.380001,0,0,0.047619,0.682540
2.476191,26.619047,background,0.000000,58.169998,0,0,0.063492,0.682540
3.095238,26.619047,background,0.000000,59.060001,0,0,0.079365,0.682540
3.714286,26.619047,background,0.000000,60.049999,0,0,0.095238,0.682540
4.333333,26.619047,background,0.000000,61.160000,0,0,0.111111,0.682540
4.952381,26.619047,background,0.000000,62.389999,0,0,0.126984,0.682540
5.571429,26.619047,background,0.000000,63.770000,0,0,0.142857,0.682540
6.190476,26.619047,background,0.000000,65.349998,0,0,0.158730,0.682540
6.809524,26.619047,background,0.000000,67.089996,0,0,0.174603,0.682540
7.428571,26.619047,background,0.000000,68.879997,0,0,0.190476,0.682540
8.047619,26.619047,background,0.000000,69.959999,0,0,0.206349,0.682540
8.666667,26.619047,background,0.000000,71.050003,0,0,0.222222,0.682540
9.285714,26.619047,background,0.000000,72.089996,0,0,0.238095,0.682540
9.904762,26.619047,background,0.000000,73.029999,0,0,0.253968,0.682540
10.523809,26.619047,background,0.000000,73.870003,0,0,0.269841,0.682540
11.142858,26.619047,background,0.000000,74.620003,0,0,0.285714,0.682540
11.761905,26.619047,background,0.000000,75.290001,0,0,0.301587,0.682540
12.380953,26.619047,background,0.000000,75.879997,0,0,0.317460,0.682540
13.000000,26.619047,background,0.000000,76.389999,0,0,0.333333,0.682540
13.619047,26.619047,background,0.000000,76.830002,0,0,0.349206,0.682540
14.238095,26.619047,background,0.000000,77.209999,0,0,0.365079,0.682540
14.857142,26.619047,background,0.000000,77.540001,0,0,0.380952,0.682540
15.476191,26.619047,background,0.000000,77.870003,0,0,0.396825,0.682540
16.095238,26.619047,background,0.000000,78.360001,0,0,0.412698,0.682540
16.714285,26.619047,background,0.000000,79.480003,0,0,0.428571,0.682540
17.333334,26.619047,DRAM_0,20.000000,82.430000,1,1,0.444444,0.682540
17.952381,26.619047,DRAM_0,20.000000,84.129997,1,0,0.460317,0.682540
18.571428,26.619047,DRAM_0,20.000000,84.669998,1,0,0.476190,0.682540
19.190475,26.619047,DRAM_0,20.000000,84.699997,1,0,0.492063,0.682540
19.809525,26.619047,DRAM_0,20.000000,84.489998,1,0,0.507937,0.682540
20.428572,26.619047,DRAM_0,20.000000,84.120003,1,0,0.523810,0.682540
21.047619,26.619047,DRAM_0,20.000000,83.629997,1,0,0.539683,0.682540
21.666666,26.619047,DRAM_0,20.000000,83.029999,1,0,0.555556,0.682540
22.285715,26.619047,DRAM_0,20.000000,82.309998,1,0,0.571429,0.682540
22.904762,26.619047,DRAM_0,20.000000,81.419998,1,0,0.587302,0.682540
23.523809,26.619047,DRAM_0,20.000000,80.260002,1,0,0.603175,0.682540
24.142857,26.619047,DRAM_0,20.000000,78.610001,1,0,0.619048,0.682540
24.761906,26.619047,DRAM_0,20.000000,75.980003,1,0,0.634921,0.682540
25.380953,26.619047,DRAM_0,20.000000,71.889999,1,0,0.650794,0.682540
26.000000,26.619047,DRAM_0,20.000000,69.190002,1,1,0.666667,0.682540
26.619047,26.619047,background,0.000000,67.410004,0,0,0.682540,0.682540
27.238094,26.619047,background,0.000000,66.059998,0,0,0.698413,0.682540
27.857143,26.619047,background,0.000000,64.919998,0,0,0.714286,0.682540
28.476191,26.619047,background,0.000000,63.889999,0,0,0.730159,0.682540
29.095238,26.619047,background,0.000000,62.910000,0,0,0.746032,0.682540
29.714285,26.619047,background,0.000000,61.970001,0,0,0.761905,0.682540
30.333334,26.619047,background,0.000000,61.049999,0,0,0.777778,0.682540
30.952381,26.619047,background,0.000000,60.160000,0,0,0.793651,0.682540
31.571428,26.619047,background,0.000000,59.279999,0,0,0.809524,0.682540
32.190475,26.619047,background,0.000000,58.419998,0,0,0.825397,0.682540
32.809525,26.619047,background,0.000000,57.549999,0,0,0.841270,0.682540
33.428570,26.619047,background,0.000000,56.680000,0,0,0.857143,0.682540
34.047619,26.619047,background,0.000000,55.759998,0,0,0.873016,0.682540
34.666668,26.619047,background,0.000000,54.740002,0,0,0.888889,0.682540
35.285713,26.619047,background,0.000000,53.709999,0,0,0.904762,0.682540
35.904762,26.619047,background,0.000000,52.799999,0,0,0.920635,0.682540
36.523811,26.619047,background,0.000000,52.000000,0,0,0.936508,0.682540
37.142857,26.619047,background,0.000000,51.320000,0,0,0.952381,0.682540
37.761906,26.619047,background,0.000000,50.750000,0,0,0.968254,0.682540
38.380951,26.619047,background,0.000000,50.310001,0,0,0.984127,0.682540
39.000000,26.619047,background,0.000000,50.060001,0,0,1.000000,0.682540
0.000000,27.238094,background,0.000000,55.459999,0,0,0.000000,0.698413
0.619048,27.238094,background,0.000000,55.750000,0,0,0.015873,0.698413
1.238095,27.238094,background,0.000000,56.240002,0,0,0.031746,0.698413
1.857143,27.238094,background,0.000000,56.880001,0,0,0.047619,0.698413
2.476191,27.238094,background,0.000000,57.630001,0,0,0.063492,0.698413
3.095238,27.238094,background,0.000000,58.470001,0,0,0.079365,0.698413
3.714286,27.238094,background,0.000000,59.389999,0,0,0.095238,0.698413
4.333333,27.238094,background,0.000000,60.410000,0,0,0.111111,0.698413
4.952381,27.238094,background,0.000000,61.520000,0,0,0.126984,0.698413
5.571429,27.238094,background,0.000000,62.750000,0,0,0.142857,0.698413
6.190476,27.238094,background,0.000000,64.110001,0,0,0.158730,0.698413
6.809524,27.238094,background,0.000000,65.589996,0,0,0.174603,0.698413
7.428571,27.238094,background,0.000000,67.110001,0,0,0.190476,0.698413
8.047619,27.238094,background,0.000000,68.120003,0,0,0.206349,0.698413
8.666667,27.238094,background,0.000000,69.080002,0,0,0.222222,0.698413
9.285714,27.238094,background,0.000000,70.000000,0,0,0.238095,0.698413
9.904762,27.238094,background,0.000000,70.860001,0,0,0.253968,0.698413
10.523809,27.238094,background,0.000000,71.629997,0,0,0.269841,0.698413
11.142858,27.238094,background,0.000000,72.330002,0,0,0.285714,0.698413
11.761905,27.238094,background,0.000000,72.959999,0,0,0.301587,0.698413
12.380953,27.238094,background,0.000000,73.500000,0,0,0.317460,0.698413
13.000000,27.238094,background,0.000000,73.980003,0,0,0.333333,0.698413
13.619047,27.238094,background,0.000000,74.389999,0,0,0.349206,0.698413
14.238095,27.238094,background,0.000000,74.739998,0,0,0.365079,0.698413
14.857142,27.238094,background,0.000000,75.019997,0,0,0.380952,0.698413
15.476191,27.238094,background,0.000000,75.279999,0,0,0.396825,0.698413
16.095238,27.238094,background,0.000000,75.559998,0,0,0.412698,0.698413
16.714285,27.238094,background,0.000000,76.080002,0,0,0.428571,0.698413
17.333334,27.238094,DRAM_0,20.000000,77.620003,1,1,0.444444,0.698413
17.952381,27.238094,DRAM_0,20.000000,78.870003,1,0,0.460317,0.698413
18.571428,27.238094,DRAM_0,20.000000,79.389999,1,0,0.476190,0.698413
19.190475,27.238094,DRAM_0,20.000000,79.470001,1,0,0.492063,0.698413
19.809525,27.238094,DRAM_0,20.000000,79.300003,1,0,0.507937,0.698413
20.428572,27.238094,DRAM_0,20.000000,78.970001,1,0,0.523810,0.698413
21.047619,27.238094,DRAM_0,20.000000,78.519997,1,0,0.539683,0.698413
21.666666,27.238094,DRAM_0,20.000000,77.949997,1,0,0.555556,0.698413
22.285715,27.238094,DRAM_0,20.000000,77.260002,1,0,0.571429,0.698413
22.904762,27.238094,DRAM_0,20.000000,76.410004,1,0,0.587302,0.698413
23.523809,27.238094,DRAM_0,20.000000,75.330002,1,0,0.603175,0.698413
24.142857,27.238094,DRAM_0,20.000000,73.900002,1,0,0.619048,0.698413
24.761906,27.238094,DRAM_0,20.000000,71.970001,1,0,0.634921,0.698413
25.380953,27.238094,DRAM_0,20.000000,69.559998,1,0,0.650794,0.698413
26.000000,27.238094,DRAM_0,20.000000,67.570000,1,1,0.666667,0.698413
26.619047,27.238094,background,0.000000,66.019997,0,0,0.682540,0.698413
27.238094,27.238094,background,0.000000,64.769997,0,0,0.698413,0.698413
27.857143,27.238094,background,0.000000,63.680000,0,0,0.714286,0.698413
28.476191,27.238094,background,0.000000,62.680000,0,0,0.730159,0.698413
29.095238,27.238094,background,0.000000,61.750000,0,0,0.746032,0.698413
29.714285,27.238094,background,0.000000,60.849998,0,0,0.761905,0.698413
30.333334,27.238094,background,0.000000,59.980000,0,0,0.777778,0.698413
30.952381,27.238094,background,0.000000,59.119999,0,0,0.793651,0.698413
31.571428,27.238094,background,0.000000,58.279999,0,0,0.809524,0.698413
32.190475,27.238094,background,0.000000,57.450001,0,0,0.825397,0.698413
32.809525,27.238094,background,0.000000,56.619999,0,0,0.841270,0.698413
33.428570,27.238094,background,0.000000,55.790001,0,0,0.857143,0.698413
34.047619,27.238094,background,0.000000,54.919998,0,0,0.873016,0.698413
34.666668,27.238094,background,0.000000,54.029999,0,0,0.888889,0.698413
35.285713,27.238094,background,0.000000,53.150002,0,0,0.904762,0.698413
35.904762,27.238094,background,0.000000,52.340000,0,0,0.920635,0.698413
36.523811,27.238094,background,0.000000,51.619999,0,0,0.936508,0.698413
37.142857,27.238094,background,0.000000,50.980000,0,0,0.952381,0.698413
37.761906,27.238094,background,0.000000,50.439999,0,0,0.968254,0.698413
38.380951,27.238094,background,0.000000,50.020000,0,0,0.984127,0.698413
39.000000,27.238094,background,0.000000,49.779999,0,0,1.000000,0.698413
0.000000,27.857143,background,0.000000,55.020000,0,0,0.000000,0.714286
0.619048,27.857143,background,0.000000,55.290001,0,0,0.015873,0.714286
1.238095,27.857143,background,0.000000,55.759998,0,0,0.031746,0.714286
1.857143,27.857143,background,0.000000,56.369999,0,0,0.047619,0.714286
2.476191,27.857143,background,0.000000,57.080002,0,0,0.063492,0.714286
3.095238,27.857143,background,0.000000,57.869999,0,0,0.079365,0.714286
3.714286,27.857143,background,0.000000,58.730000,0,0,0.095238,0.714286
4.333333,27.857143,background,0.000000,59.669998,0,0,0.111111,0.714286
4.952381,27.857143,background,0.000000,60.689999,0,0,0.126984,0.714286
5.571429,27.857143,background,0.000000,61.810001,0,0,0.142857,0.714286
6.190476,27.857143,background,0.000000,63.020000,0,0,0.158730,0.714286
6.809524,27.857143,background,0.000000,64.349998,0,0,0.174603,0.714286
7.428571,27.857143,background,0.000000,65.760002,0,0,0.190476,0.714286
8.047619,27.857143,background,0.000000,66.760002,0,0,0.206349,0.714286
8.666667,27.857143,background,0.000000,67.650002,0,0,0.222222,0.714286
9.285714,27.857143,background,0.000000,68.500000,0,0,0.238095,0.714286
9.904762,27.857143,background,0.000000,69.279999,0,0,0.253968,0.714286
10.523809,27.857143,background,0.000000,70.000000,0,0,0.269841,0.714286
11.142858,27.857143,background,0.000000,70.650002,0,0,0.285714,0.714286
11.761905,27.857143,background,0.000000,71.230003,0,0,0.301587,0.714286
12.380953,27.857143,background,0.000000,71.739998,0,0,0.317460,0.714286
13.000000,27.857143,background,0.000000,72.180000,0,0,0.333333,0.714286
13.619047,27.857143,background,0.000000,72.559998,0,0,0.349206,0.714286
14.238095,27.857143,background,0.000000,72.870003,0,0,0.365079,0.714286
14.857142,27.857143,background,0.000000,73.120003,0,0,0.380952,0.714286
15.476191,27.857143,background,0.000000,73.309998,0,0,0.396825,0.714286
16.095238,27.857143,background,0.000000,73.459999,0,0,0.412698,0.714286
16.714285,27.857143,background,0.000000,73.650002,0,0,0.428571,0.714286
17.333334,27.857143,DRAM_0,20.000000,74.320000,1,1,0.444444,0.714286
17.952381,27.857143,DRAM_0,20.000000,74.970001,1,0,0.460317,0.714286
18.571428,27.857143,DRAM_0,20.000000,75.269997,1,0,0.476190,0.714286
19.190475,27.857143,DRAM_0,20.000000,75.290001,1,0,0.492063,0.714286
19.809525,27.857143,DRAM_0,20.000000,75.110001,1,0,0.507937,0.714286
20.428572,27.857143,DRAM_0,20.000000,74.800003,1,0,0.523810,0.714286
21.047619,27.857143,DRAM_0,20.000000,74.370003,1,0,0.539683,0.714286
21.666666,27.857143,DRAM_0,20.000000,73.839996,1,0,0.555556,0.714286
22.285715,27.857143,DRAM_0,20.000000,73.199997,1,0,0.571429,0.714286
22.904762,27.857143,DRAM_0,20.000000,72.419998,1,0,0.587302,0.714286
23.523809,27.857143,DRAM_0,20.000000,71.480003,1,0,0.603175,0.714286
24.142857,27.857143,DRAM_0,20.000000,70.309998,1,0,0.619048,0.714286
24.761906,27.857143,DRAM_0,20.000000,68.900002,1,0,0.634921,0.714286
25.380953,27.857143,DRAM_0,20.000000,67.320000,1,0,0.650794,0.714286
26.000000,27.857143,DRAM_0,20.000000,65.849998,1,1,0.666667,0.714286
26.619047,27.857143,background,0.000000,64.570000,0,0,0.682540,0.714286
27.238094,27.857143,background,0.000000,63.459999,0,0,0.698413,0.714286
27.857143,27.857143,background,0.000000,62.459999,0,0,0.714286,0.714286
28.476191,27.857143,background,0.000000,61.529999,0,0,0.730159,0.714286
29.095238,27.857143,background,0.000000,60.639999,0,0,0.746032,0.714286
29.714285,27.857143,background,0.000000,59.790001,0,0,0.761905,0.714286
30.333334,27.857143,background,0.000000,58.959999,0,0,0.777778,0.714286
30.952381,27.857143,background,0.000000,58.150002,0,0,0.793651,0.714286
31.571428,27.857143,background,0.000000,57.349998,0,0,0.809524,0.714286
32.190475,27.857143,background,0.000000,56.560001,0,0,0.825397,0.714286
32.809525,27.857143,background,0.000000,55.779999,0,0,0.841270,0.714286
33.428570,27.857143,background,0.000000,54.990002,0,0,0.857143,0.714286
34.047619,27.857143,background,0.000000,54.200001,0,0,0.873016,0.714286
34.666668,27.857143,background,0.000000,53.400002,0,0,0.888889,0.714286
35.285713,27.857143,background,0.000000,52.630001,0,0,0.904762,0.714286
35.904762,27.857143,background,0.000000,51.900002,0,0,0.920635,0.714286
36.523811,27.857143,background,0.000000,51.230000,0,0,0.936508,0.714286
37.142857,27.857143,background,0.000000,50.630001,0,0,0.952381,0.714286
37.761906,27.857143,background,0.000000,50.119999,0,0,0.968254,0.714286
38.380951,27.857143,background,0.000000,49.730000,0,0,0.984127,0.714286
39.000000,27.857143,background,0.000000,49.500000,0,0,1.000000,0.714286
0.000000,28.476191,background,0.000000,54.570000,0,0,0.000000,0.730159
0.619048,28.476191,background,0.000000,54.830002,0,0,0.015873,0.730159
1.238095,28.476191,background,0.000000,55.279999,0,0,0.031746,0.730159
1.857143,28.476191,background,0.000000,55.849998,0,0,0.047619,0.730159
2.476191,28.476191,background,0.000000,56.520000,0,0,0.063492,0.730159
3.095238,28.476191,background,0.000000,57.270000,0,0,0.079365,0.730159
3.714286,28.476191,background,0.000000,58.080002,0,0,0.095238,0.730159
4.333333,28.476191,background,0.000000,58.950001,0,0,0.111111,0.730159
4.952381,28.476191,background,0.000000,59.900002,0,0,0.126984,0.730159
5.571429,28.476191,background,0.000000,60.919998,0,0,0.142857,0.730159
6.190476,28.476191,background,0.000000,62.040001,0,0,0.158730,0.730159
6.809524,28.476191,background,0.000000,63.279999,0,0,0.174603,0.730159
7.428571,28.476191,background,0.000000,64.620003,0,0,0.190476,0.730159
8.047619,28.476191,background,0.000000,65.610001,0,0,0.206349,0.730159
8.666667,28.476191,background,0.000000,66.449997,0,0,0.222222,0.730159
9.285714,28.476191,background,0.000000,67.230003,0,0,0.238095,0.730159
9.904762,28.476191,background,0.000000,67.959999,0,0,0.253968,0.730159
10.523809,28.476191,background,0.000000,68.620003,0,0,0.269841,0.730159
11.142858,28.476191,background,0.000000,69.220001,0,0,0.285714,0.730159
11.761905,28.476191,background,0.000000,69.760002,0,0,0.301587,0.730159
12.380953,28.476191,background,0.000000,70.239998,0,0,0.317460,0.730159
13.000000,28.476191,background,0.000000,70.650002,0,0,0.333333,0.730159
13.619047,28.476191,background,0.000000,71.000000,0,0,0.349206,0.730159
14.238095,28.476191,background,0.000000,71.279999,0,0,0.365079,0.730159
14.857142,28.476191,background,0.000000,71.500000,0,0,0.380952,0.730159
15.476191,28.476191,background,0.000000,71.639999,0,0,0.396825,0.730159
16.095238,28.476191,background,0.000000,71.709999,0,0,0.412698,0.730159
16.714285,28.476191,background,0.000000,71.730003,0,0,0.428571,0.730159
17.333334,28.476191,DRAM_0,20.000000,71.930000,1,1,0.444444,0.730159
17.952381,28.476191,DRAM_0,20.000000,72.139999,1,0,0.460317,0.730159
18.571428,28.476191,DRAM_0,20.000000,72.199997,1,0,0.476190,0.730159
19.190475,28.476191,DRAM_0,20.000000,72.120003,1,0,0.492063,0.730159
19.809525,28.476191,DRAM_0,20.000000,71.910004,1,0,0.507937,0.730159
20.428572,28.476191,DRAM_0,20.000000,71.589996,1,0,0.523810,0.730159
21.047619,28.476191,DRAM_0,20.000000,71.180000,1,0,0.539683,0.730159
21.666666,28.476191,DRAM_0,20.000000,70.690002,1,0,0.555556,0.730159
22.285715,28.476191,DRAM_0,20.000000,70.099998,1,0,0.571429,0.730159
22.904762,28.476191,DRAM_0,20.000000,69.400002,1,0,0.587302,0.730159
23.523809,28.476191,DRAM_0,20.000000,68.589996,1,0,0.603175,0.730159
24.142857,28.476191,DRAM_0,20.000000,67.639999,1,0,0.619048,0.730159
24.761906,28.476191,DRAM_0,20.000000,66.559998,1,0,0.634921,0.730159
25.380953,28.476191,DRAM_0,20.000000,65.400002,1,0,0.650794,0.730159
26.000000,28.476191,DRAM_0,20.000000,64.269997,1,1,0.666667,0.730159
26.619047,28.476191,background,0.000000,63.209999,0,0,0.682540,0.730159
27.238094,28.476191,background,0.000000,62.240002,0,0,0.698413,0.730159
27.857143,28.476191,background,0.000000,61.330002,0,0,0.714286,0.730159
28.476191,28.476191,background,0.000000,60.470001,0,0,0.730159,0.730159
29.095238,28.476191,background,0.000000,59.639999,0,0,0.746032,0.730159
29.714285,28.476191,background,0.000000,58.840000,0,0,0.761905,0.730159
30.333334,28.476191,background,0.000000,58.060001,0,0,0.777778,0.730159
30.952381,28.476191,background,0.000000,57.290001,0,0,0.793651,0.730159
31.571428,28.476191,background,0.000000,56.529999,0,0,0.809524,0.730159
32.190475,28.476191,background,0.000000,55.779999,0,0,0.825397,0.730159
32.809525,28.476191,background,0.000000,55.040001,0,0,0.841270,0.730159
33.428570,28.476191,background,0.000000,54.299999,0,0,0.857143,0.730159
34.047619,28.476191,background,0.000000,53.570000,0,0,0.873016,0.730159
34.666668,28.476191,background,0.000000,52.840000,0,0,0.888889,0.730159
35.285713,28.476191,background,0.000000,52.139999,0,0,0.904762,0.730159
35.904762,28.476191,background,0.000000,51.470001,0,0,0.920635,0.730159
36.523811,28.476191,background,0.000000,50.849998,0,0,0.936508,0.730159
37.142857,28.476191,background,0.000000,50.279999,0,0,0.952381,0.730159
37.761906,28.476191,background,0.000000,49.799999,0,0,0.968254,0.730159
38.380951,28.476191,background,0.000000,49.419998,0,0,0.984127,0.730159
39.000000,28.476191,background,0.000000,49.209999,0,0,1.000000,0.730159
0.000000,29.095238,background,0.000000,54.110001,0,0,0.000000,0.746032
0.619048,29.095238,background,0.000000,54.360001,0,0,0.015873,0.746032
1.238095,29.095238,background,0.000000,54.790001,0,0,0.031746,0.746032
1.857143,29.095238,background,0.000000,55.330002,0,0,0.047619,0.746032
2.476191,29.095238,background,0.000000,55.959999,0,0,0.063492,0.746032
3.095238,29.095238,background,0.000000,56.669998,0,0,0.079365,0.746032
3.714286,29.095238,background,0.000000,57.430000,0,0,0.095238,0.746032
4.333333,29.095238,background,0.000000,58.250000,0,0,0.111111,0.746032
4.952381,29.095238,background,0.000000,59.130001,0,0,0.126984,0.746032
5.571429,29.095238,background,0.000000,60.090000,0,0,0.142857,0.746032
6.190476,29.095238,background,0.000000,61.130001,0,0,0.158730,0.746032
6.809524,29.095238,background,0.000000,62.299999,0,0,0.174603,0.746032
7.428571,29.095238,background,0.000000,63.590000,0,0,0.190476,0.746032
8.047619,29.095238,background,0.000000,64.550003,0,0,0.206349,0.746032
8.666667,29.095238,background,0.000000,65.349998,0,0,0.222222,0.746032
9.285714,29.095238,background,0.000000,66.080002,0,0,0.238095,0.746032
9.904762,29.095238,background,0.000000,66.760002,0,0,0.253968,0.746032
10.523809,29.095238,background,0.000000,67.379997,0,0,0.269841,0.746032
11.142858,29.095238,background,0.000000,67.940002,0,0,0.285714,0.746032
11.761905,29.095238,background,0.000000,68.440002,0,0,0.301587,0.746032
12.380953,29.095238,background,0.000000,68.879997,0,0,0.317460,0.746032
13.000000,29.095238,background,0.000000,69.260002,0,0,0.333333,0.746032
13.619047,29.095238,background,0.000000,69.580002,0,0,0.349206,0.746032
14.238095,29.095238,background,0.000000,69.839996,0,0,0.365079,0.746032
14.857142,29.095238,background,0.000000,70.019997,0,0,0.380952,0.746032
15.476191,29.095238,background,0.000000,70.139999,0,0,0.396825,0.746032
16.095238,29.095238,background,0.000000,70.160004,0,0,0.412698,0.746032
16.714285,29.095238,background,0.000000,70.080002,0,0,0.428571,0.746032
17.333334,29.095238,DRAM_0,20.000000,70.019997,1,1,0.444444,0.746032
17.952381,29.095238,DRAM_0,20.000000,69.930000,1,0,0.460317,0.746032
18.571428,29.095238,DRAM_0,20.000000,69.820000,1,0,0.476190,0.746032
19.190475,29.095238,DRAM_0,20.000000,69.639999,1,0,0.492063,0.746032
19.809525,29.095238,DRAM_0,20.000000,69.389999,1,0,0.507937,0.746032
20.428572,29.095238,DRAM_0,20.000000,69.070000,1,0,0.523810,0.746032
21.047619,29.095238,DRAM_0,20.000000,68.680000,1,0,0.539683,0.746032
21.666666,29.095238,DRAM_0,20.000000,68.209999,1,0,0.555556,0.746032
22.285715,29.095238,DRAM_0,20.000000,67.669998,1,0,0.571429,0.746032
22.904762,29.095238,DRAM_0,20.000000,67.050003,1,0,0.587302,0.746032
23.523809,29.095238,DRAM_0,20.000000,66.349998,1,0,0.603175,0.746032
24.142857,29.095238,DRAM_0,20.000000,65.559998,1,0,0.619048,0.746032
24.761906,29.095238,DRAM_0,20.000000,64.690002,1,0,0.634921,0.746032
25.380953,29.095238,DRAM_0,20.000000,63.770000,1,0,0.650794,0.746032
26.000000,29.095238,DRAM_0,20.000000,62.849998,1,1,0.666667,0.746032
26.619047,29.095238,background,0.000000,61.959999,0,0,0.682540,0.746032
27.238094,29.095238,background,0.000000,61.099998,0,0,0.698413,0.746032
27.857143,29.095238,background,0.000000,60.279999,0,0,0.714286,0.746032
28.476191,29.095238,background,0.000000,59.490002,0,0,0.730159,0.746032
29.095238,29.095238,background,0.000000,58.720001,0,0,0.746032,0.746032
29.714285,29.095238,background,0.000000,57.970001,0,0,0.761905,0.746032
30.333334,29.095238,background,0.000000,57.240002,0,0,0.777778,0.746032
30.952381,29.095238,background,0.000000,56.509998,0,0,0.793651,0.746032
31.571428,29.095238,background,0.000000,55.790001,0,0,0.809524,0.746032
32.190475,29.095238,background,0.000000,55.080002,0,0,0.825397,0.746032
32.809525,29.095238,background,0.000000,54.380001,0,0,0.841270,0.746032
33.428570,29.095238,background,0.000000,53.689999,0,0,0.857143,0.746032
34.047619,29.095238,background,0.000000,53.000000,0,0,0.873016,0.746032
34.666668,29.095238,background,0.000000,52.330002,0,0,0.888889,0.746032
35.285713,29.095238,background,0.000000,51.680000,0,0,0.904762,0.746032
35.904762,29.095238,background,0.000000,51.049999,0,0,0.920635,0.746032
36.523811,29.095238,background,0.000000,50.470001,0,0,0.936508,0.746032
37.142857,29.095238,background,0.000000,49.930000,0,0,0.952381,0.746032
37.761906,29.095238,background,0.000000,49.480000,0,0,0.968254,0.746032
38.380951,29.095238,background,0.000000,49.119999,0,0,0.984127,0.746032
39.000000,29.095238,background,0.000000,48.910000,0,0,1.000000,0.746032
0.000000,29.714285,background,0.000000,53.660000,0,0,0.000000,0.761905
0.619048,29.714285,background,0.000000,53.889999,0,0,0.015873,0.761905
1.238095,29.714285,background,0.000000,54.290001,0,0,0.031746,0.761905
1.857143,29.714285,background,0.000000,54.810001,0,0,0.047619,0.761905
2.476191,29.714285,background,0.000000,55.410000,0,0,0.063492,0.761905
3.095238,29.714285,background,0.000000,56.070000,0,0,0.079365,0.761905
3.714286,29.714285,background,0.000000,56.790001,0,0,0.095238,0.761905
4.333333,29.714285,background,0.000000,57.560001,0,0,0.111111,0.761905
4.952381,29.714285,background,0.000000,58.380001,0,0,0.126984,0.761905
5.571429,29.714285,background,0.000000,59.279999,0,0,0.142857,0.761905
6.190476,29.714285,background,0.000000,60.270000,0,0,0.158730,0.761905
6.809524,29.714285,background,0.000000,61.380001,0,0,0.174603,0.761905
7.428571,29.714285,background,0.000000,62.619999,0,0,0.190476,0.761905
8.047619,29.714285,background,0.000000,63.560001,0,0,0.206349,0.761905
8.666667,29.714285,background,0.000000,64.320000,0,0,0.222222,0.761905
9.285714,29.714285,background,0.000000,65.000000,0,0,0.238095,0.761905
9.904762,29.714285,background,0.000000,65.629997,0,0,0.253968,0.761905
10.523809,29.714285,background,0.000000,66.209999,0,0,0.269841,0.761905
11.142858,29.714285,background,0.000000,66.730003,0,0,0.285714,0.761905
11.761905,29.714285,background,0.000000,67.199997,0,0,0.301587,0.761905
12.380953,29.714285,background,0.000000,67.610001,0,0,0.317460,0.761905
13.000000,29.714285,background,0.000000,67.959999,0,0,0.333333,0.761905
13.619047,29.714285,background,0.000000,68.250000,0,0,0.349206,0.761905
14.238095,29.714285,background,0.000000,68.480003,0,0,0.365079,0.761905
14.857142,29.714285,background,0.000000,68.650002,0,0,0.380952,0.761905
15.476191,29.714285,background,0.000000,68.730003,0,0,0.396825,0.761905
16.095238,29.714285,background,0.000000,68.730003,0,0,0.412698,0.761905
16.714285,29.714285,background,0.000000,68.599998,0,0,0.428571,0.761905
17.333334,29.714285,DRAM_0,20.000000,68.379997,1,1,0.444444,0.761905
17.952381,29.714285,DRAM_0,20.000000,68.110001,1,0,0.460317,0.761905
18.571428,29.714285,DRAM_0,20.000000,67.870003,1,0,0.476190,0.761905
19.190475,29.714285,DRAM_0,20.000000,67.620003,1,0,0.492063,0.761905
19.809525,29.714285,DRAM_0,20.000000,67.339996,1,0,0.507937,0.761905
20.428572,29.714285,DRAM_0,20.000000,67.010002,1,0,0.523810,0.761905
21.047619,29.714285,DRAM_0,20.000000,66.629997,1,0,0.539683,0.761905
21.666666,29.714285,DRAM_0,20.000000,66.199997,1,0,0.555556,0.761905
22.285715,29.714285,DRAM_0,20.000000,65.699997,1,0,0.571429,0.761905
22.904762,29.714285,DRAM_0,20.000000,65.150002,1,0,0.587302,0.761905
23.523809,29.714285,DRAM_0,20.000000,64.529999,1,0,0.603175,0.761905
24.142857,29.714285,DRAM_0,20.000000,63.849998,1,0,0.619048,0.761905
24.761906,29.714285,DRAM_0,20.000000,63.119999,1,0,0.634921,0.761905
25.380953,29.714285,DRAM_0,20.000000,62.360001,1,0,0.650794,0.761905
26.000000,29.714285,DRAM_0,20.000000,61.580002,1,1,0.666667,0.761905
26.619047,29.714285,background,0.000000,60.810001,0,0,0.682540,0.761905
27.238094,29.714285,background,0.000000,60.049999,0,0,0.698413,0.761905
27.857143,29.714285,background,0.000000,59.299999,0,0,0.714286,0.761905
28.476191,29.714285,background,0.000000,58.580002,0,0,0.730159,0.761905
29.095238,29.714285,background,0.000000,57.860001,0,0,0.746032,0.761905
29.714285,29.714285,background,0.000000,57.160000,0,0,0.761905,0.761905
30.333334,29.714285,background,0.000000,56.470001,0,0,0.777778,0.761905
30.952381,29.714285,background,0.000000,55.779999,0,0,0.793651,0.761905
31.571428,29.714285,background,0.000000,55.110001,0,0,0.809524,0.761905
32.190475,29.714285,background,0.000000,54.439999,0,0,0.825397,0.761905
32.809525,29.714285,background,0.000000,53.770000,0,0,0.841270,0.761905
33.428570,29.714285,background,0.000000,53.119999,0,0,0.857143,0.761905
34.047619,29.714285,background,0.000000,52.470001,0,0,0.873016,0.761905
34.666668,29.714285,background,0.000000,51.840000,0,0,0.888889,0.761905
35.285713,29.714285,background,0.000000,51.230000,0,0,0.904762,0.761905
35.904762,29.714285,background,0.000000,50.639999,0,0,0.920635,0.761905
36.523811,29.714285,background,0.000000,50.090000,0,0,0.936508,0.761905
37.142857,29.714285,background,0.000000,49.590000,0,0,0.952381,0.761905
37.761906,29.714285,background,0.000000,49.150002,0,0,0.968254,0.761905
38.380951,29.714285,background,0.000000,48.810001,0,0,0.984127,0.761905
39.000000,29.714285,background,0.000000,48.610001,0,0,1.000000,0.761905
0.000000,30.333334,background,0.000000,53.189999,0,0,0.000000,0.777778
0.619048,30.333334,background,0.000000,53.419998,0,0,0.015873,0.777778
1.238095,30.333334,background,0.000000,53.799999,0,0,0.031746,0.777778
1.857143,30.333334,background,0.000000,54.290001,0,0,0.047619,0.777778
2.476191,30.333334,background,0.000000,54.849998,0,0,0.063492,0.777778
3.095238,30.333334,background,0.000000,55.480000,0,0,0.079365,0.777778
3.714286,30.333334,background,0.000000,56.150002,0,0,0.095238,0.777778
4.333333,30.333334,background,0.000000,56.880001,0,0,0.111111,0.777778
4.952381,30.333334,background,0.000000,57.660000,0,0,0.126984,0.777778
5.571429,30.333334,background,0.000000,58.500000,0,0,0.142857,0.777778
6.190476,30.333334,background,0.000000,59.439999,0,0,0.158730,0.777778
6.809524,30.333334,background,0.000000,60.500000,0,0,0.174603,0.777778
7.428571,30.333334,background,0.000000,61.689999,0,0,0.190476,0.777778
8.047619,30.333334,background,0.000000,62.599998,0,0,0.206349,0.777778
8.666667,30.333334,background,0.000000,63.320000,0,0,0.222222,0.777778
9.285714,30.333334,background,0.000000,63.970001,0,0,0.238095,0.777778
9.904762,30.333334,background,0.000000,64.559998,0,0,0.253968,0.777778
10.523809,30.333334,background,0.000000,65.089996,0,0,0.269841,0.777778
11.142858,30.333334,background,0.000000,65.580002,0,0,0.285714,0.777778
11.761905,30.333334,background,0.000000,66.010002,0,0,0.301587,0.777778
12.380953,30.333334,background,0.000000,66.389999,0,0,0.317460,0.777778
13.000000,30.333334,background,0.000000,66.720001,0,0,0.333333,0.777778
13.619047,30.333334,background,0.000000,66.989998,0,0,0.349206,0.777778
14.238095,30.333334,background,0.000000,67.199997,0,0,0.365079,0.777778
14.857142,30.333334,background,0.000000,67.339996,0,0,0.380952,0.777778
15.476191,30.333334,background,0.000000,67.410004,0,0,0.396825,0.777778
16.095238,30.333334,background,0.000000,67.379997,0,0,0.412698,0.777778
16.714285,30.333334,background,0.000000,67.209999,0,0,0.428571,0.777778
17.333334,30.333334,DRAM_0,20.000000,66.910004,1,1,0.444444,0.777778
17.952381,30.333334,DRAM_0,20.000000,66.529999,1,0,0.460317,0.777778
18.571428,30.333334,DRAM_0,20.000000,66.209999,1,0,0.476190,0.777778
19.190475,30.333334,DRAM_0,20.000000,65.910004,1,0,0.492063,0.777778
19.809525,30.333334,DRAM_0,20.000000,65.599998,1,0,0.507937,0.777778
20.428572,30.333334,DRAM_0,20.000000,65.269997,1,0,0.523810,0.777778
21.047619,30.333334,DRAM_0,20.000000,64.910004,1,0,0.539683,0.777778
21.666666,30.333334,DRAM_0,20.000000,64.500000,1,0,0.555556,0.777778
22.285715,30.333334,DRAM_0,20.000000,64.040001,1,0,0.571429,0.777778
22.904762,30.333334,DRAM_0,20.000000,63.540001,1,0,0.587302,0.777778
23.523809,30.333334,DRAM_0,20.000000,62.990002,1,0,0.603175,0.777778
24.142857,30.333334,DRAM_0,20.000000,62.400002,1,0,0.619048,0.777778
24.761906,30.333334,DRAM_0,20.000000,61.759998,1,0,0.634921,0.777778
25.380953,30.333334,DRAM_0,20.000000,61.099998,1,0,0.650794,0.777778
26.000000,30.333334,DRAM_0,20.000000,60.419998,1,1,0.666667,0.777778
26.619047,30.333334,background,0.000000,59.740002,0,0,0.682540,0.777778
27.238094,30.333334,background,0.000000,59.060001,0,0,0.698413,0.777778
27.857143,30.333334,background,0.000000,58.380001,0,0,0.714286,0.777778
28.476191,30.333334,background,0.000000,57.709999,0,0,0.730159,0.777778
29.095238,30.333334,background,0.000000,57.049999,0,0,0.746032,0.777778
29.714285,30.333334,background,0.000000,56.389999,0,0,0.761905,0.777778
30.333334,30.333334,background,0.000000,55.740002,0,0,0.777778,0.777778
30.952381,30.333334,background,0.000000,55.099998,0,0,0.793651,0.777778
31.571428,30.333334,background,0.000000,54.459999,0,0,0.809524,0.777778
32.190475,30.333334,background,0.000000,53.820000,0,0,0.825397,0.777778
32.809525,30.333334,background,0.000000,53.200001,0,0,0.841270,0.777778
33.428570,30.333334,background,0.000000,52.580002,0,0,0.857143,0.777778
34.047619,30.333334,background,0.000000,51.970001,0,0,0.873016,0.777778
34.666668,30.333334,background,0.000000,51.369999,0,0,0.888889,0.777778
35.285713,30.333334,background,0.000000,50.799999,0,0,0.904762,0.777778
35.904762,30.333334,background,0.000000,50.240002,0,0,0.920635,0.777778
36.523811,30.333334,background,0.000000,49.720001,0,0,0.936508,0.777778
37.142857,30.333334,background,0.000000,49.240002,0,0,0.952381,0.777778
37.761906,30.333334,background,0.000000,48.820000,0,0,0.968254,0.777778
38.380951,30.333334,background,0.000000,48.500000,0,0,0.984127,0.777778
39.000000,30.333334,background,0.000000,48.310001,0,0,1.000000,0.777778
0.000000,30.952381,background,0.000000,52.730000,0,0,0.000000,0.793651
0.619048,30.952381,background,0.000000,52.939999,0,0,0.015873,0.793651
1.238095,30.952381,background,0.000000,53.299999,0,0,0.031746,0.793651
1.857143,30.952381,background,0.000000,53.759998,0,0,0.047619,0.793651
2.476191,30.952381,background,0.000000,54.299999,0,0,0.063492,0.793651
3.095238,30.952381,background,0.000000,54.889999,0,0,0.079365,0.793651
3.714286,30.952381,background,0.000000,55.520000,0,0,0.095238,0.793651
4.333333,30.952381,background,0.000000,56.209999,0,0,0.111111,0.793651
4.952381,30.952381,background,0.000000,56.939999,0,0,0.126984,0.793651
5.571429,30.952381,background,0.000000,57.740002,0,0,0.142857,0.793651
6.190476,30.952381,background,0.000000,58.630001,0,0,0.158730,0.793651
6.809524,30.952381,background,0.000000,59.639999,0,0,0.174603,0.793651
7.428571,30.952381,background,0.000000,60.790001,0,0,0.190476,0.793651
8.047619,30.952381,background,0.000000,61.669998,0,0,0.206349,0.793651
8.666667,30.952381,background,0.000000,62.360001,0,0,0.222222,0.793651
9.285714,30.952381,background,0.000000,62.959999,0,0,0.238095,0.793651
9.904762,30.952381,background,0.000000,63.520000,0,0,0.253968,0.793651
10.523809,30.952381,background,0.000000,64.019997,0,0,0.269841,0.793651
11.142858,30.952381,background,0.000000,64.470001,0,0,0.285714,0.793651
11.761905,30.952381,background,0.000000,64.870003,0,0,0.301587,0.793651
12.380953,30.952381,background,0.000000,65.230003,0,0,0.317460,0.793651
13.000000,30.952381,background,0.000000,65.529999,0,0,0.333333,0.793651
13.619047,30.952381,background,0.000000,65.769997,0,0,0.349206,0.793651
14.238095,30.952381,background,0.000000,65.959999,0,0,0.365079,0.793651
14.857142,30.952381,background,0.000000,66.089996,0,0,0.380952,0.793651
15.476191,30.952381,background,0.000000,66.139999,0,0,0.396825,0.793651
16.095238,30.952381,background,0.000000,66.099998,0,0,0.412698,0.793651
16.714285,30.952381,background,0.000000,65.910004,0,0,0.428571,0.793651
17.333334,30.952381,DRAM_0,20.000000,65.550003,1,1,0.444444,0.793651
17.952381,30.952381,DRAM_0,20.000000,65.099998,1,0,0.460317,0.793651
18.571428,30.952381,DRAM_0,20.000000,64.730003,1,0,0.476190,0.793651
19.190475,30.952381,DRAM_0,20.000000,64.400002,1,0,0.492063,0.793651
19.809525,30.952381,DRAM_0,20.000000,64.089996,1,0,0.507937,0.793651
20.428572,30.952381,DRAM_0,20.000000,63.759998,1,0,0.523810,0.793651
21.047619,30.952381,DRAM_0,20.000000,63.410000,1,0,0.539683,0.793651
21.666666,30.952381,DRAM_0,20.000000,63.020000,1,0,0.555556,0.793651
22.285715,30.952381,DRAM_0,20.000000,62.599998,1,0,0.571429,0.793651
22.904762,30.952381,DRAM_0,20.000000,62.139999,1,0,0.587302,0.793651
23.523809,30.952381,DRAM_0,20.000000,61.650002,1,0,0.603175,0.793651
24.142857,30.952381,DRAM_0,20.000000,61.110001,1,0,0.619048,0.793651
24.761906,30.952381,DRAM_0,20.000000,60.549999,1,0,0.634921,0.793651
25.380953,30.952381,DRAM_0,20.000000,59.959999,1,0,0.650794,0.793651
26.000000,30.952381,DRAM_0,20.000000,59.360001,1,1,0.666667,0.793651
26.619047,30.952381,background,0.000000,58.750000,0,0,0.682540,0.793651
27.238094,30.952381,background,0.000000,58.130001,0,0,0.698413,0.793651
27.857143,30.952381,background,0.000000,57.509998,0,0,0.714286,0.793651
28.476191,30.952381,background,0.000000,56.889999,0,0,0.730159,0.793651
29.095238,30.952381,background,0.000000,56.270000,0,0,0.746032,0.793651
29.714285,30.952381,background,0.000000,55.660000,0,0,0.761905,0.793651
30.333334,30.952381,background,0.000000,55.049999,0,0,0.777778,0.793651
30.952381,30.952381,background,0.000000,54.439999,0,0,0.793651,0.793651
31.571428,30.952381,background,0.000000,53.830002,0,0,0.809524,0.793651
32.190475,30.952381,background,0.000000,53.240002,0,0,0.825397,0.793651
32.809525,30.952381,background,0.000000,52.639999,0,0,0.841270,0.793651
33.428570,30.952381,background,0.000000,52.060001,0,0,0.857143,0.793651
34.047619,30.952381,background,0.000000,51.480000,0,0,0.873016,0.793651
34.666668,30.952381,background,0.000000,50.919998,0,0,0.888889,0.793651
35.285713,30.952381,background,0.000000,50.369999,0,0,0.904762,0.793651
35.904762,30.952381,background,0.000000,49.849998,0,0,0.920635,0.793651
36.523811,30.952381,background,0.000000,49.349998,0,0,0.936508,0.793651
37.142857,30.952381,background,0.000000,48.889999,0,0,0.952381,0.793651
37.761906,30.952381,background,0.000000,48.500000,0,0,0.968254,0.793651
38.380951,30.952381,background,0.000000,48.189999,0,0,0.984127,0.793651
39.000000,30.952381,background,0.000000,48.000000,0,0,1.000000,0.793651
0.000000,31.571428,background,0.000000,52.270000,0,0,0.000000,0.809524
0.619048,31.571428,background,0.000000,52.470001,0,0,0.015873,0.809524
1.238095,31.571428,background,0.000000,52.810001,0,0,0.031746,0.809524
1.857143,31.571428,background,0.000000,53.240002,0,0,0.047619,0.809524
2.476191,31.571428,background,0.000000,53.740002,0,0,0.063492,0.809524
3.095238,31.571428,background,0.000000,54.299999,0,0,0.079365,0.809524
3.714286,31.571428,background,0.000000,54.900002,0,0,0.095238,0.809524
4.333333,31.571428,background,0.000000,55.540001,0,0,0.111111,0.809524
4.952381,31.571428,background,0.000000,56.230000,0,0,0.126984,0.809524
5.571429,31.571428,background,0.000000,56.990002,0,0,0.142857,0.809524
6.190476,31.571428,background,0.000000,57.830002,0,0,0.158730,0.809524
6.809524,31.571428,background,0.000000,58.799999,0,0,0.174603,0.809524
7.428571,31.571428,background,0.000000,59.910000,0,0,0.190476,0.809524
8.047619,31.571428,background,0.000000,60.759998,0,0,0.206349,0.809524
8.666667,31.571428,background,0.000000,61.410000,0,0,0.222222,0.809524
9.285714,31.571428,background,0.000000,61.980000,0,0,0.238095,0.809524
9.904762,31.571428,background,0.000000,62.500000,0,0,0.253968,0.809524
10.523809,31.571428,background,0.000000,62.970001,0,0,0.269841,0.809524
11.142858,31.571428,background,0.000000,63.389999,0,0,0.285714,0.809524
11.761905,31.571428,background,0.000000,63.770000,0,0,0.301587,0.809524
12.380953,31.571428,background,0.000000,64.089996,0,0,0.317460,0.809524
13.000000,31.571428,background,0.000000,64.370003,0,0,0.333333,0.809524
13.619047,31.571428,background,0.000000,64.599998,0,0,0.349206,0.809524
14.238095,31.571428,background,0.000000,64.769997,0,0,0.365079,0.809524
14.857142,31.571428,background,0.000000,64.879997,0,0,0.380952,0.809524
15.476191,31.571428,background,0.000000,64.919998,0,0,0.396825,0.809524
16.095238,31.571428,background,0.000000,64.870003,0,0,0.412698,0.809524
16.714285,31.571428,background,0.000000,64.660004,0,0,0.428571,0.809524
17.333334,31.571428,DRAM_0,20.000000,64.269997,1,1,0.444444,0.809524
17.952381,31.571428,DRAM_0,20.000000,63.790001,1,0,0.460317,0.809524
18.571428,31.571428,DRAM_0,20.000000,63.380001,1,0,0.476190,0.809524
19.190475,31.571428,DRAM_0,20.000000,63.040001,1,0,0.492063,0.809524
19.809525,31.571428,DRAM_0,20.000000,62.720001,1,0,0.507937,0.809524
20.428572,31.571428,DRAM_0,20.000000,62.400002,1,0,0.523810,0.809524
21.047619,31.571428,DRAM_0,20.000000,62.060001,1,0,0.539683,0.809524
21.666666,31.571428,DRAM_0,20.000000,61.700001,1,0,0.555556,0.809524
22.285715,31.571428,DRAM_0,20.000000,61.310001,1,0,0.571429,0.809524
22.904762,31.571428,DRAM_0,20.000000,60.889999,1,0,0.587302,0.809524
23.523809,31.571428,DRAM_0,20.000000,60.430000,1,0,0.603175,0.809524
24.142857,31.571428,DRAM_0,20.000000,59.950001,1,0,0.619048,0.809524
24.761906,31.571428,DRAM_0,20.000000,59.439999,1,0,0.634921,0.809524
25.380953,31.571428,DRAM_0,20.000000,58.910000,1,0,0.650794,0.809524
26.000000,31.571428,DRAM_0,20.000000,58.369999,1,1,0.666667,0.809524
26.619047,31.571428,background,0.000000,57.810001,0,0,0.682540,0.809524
27.238094,31.571428,background,0.000000,57.240002,0,0,0.698413,0.809524
27.857143,31.571428,background,0.000000,56.669998,0,0,0.714286,0.809524
28.476191,31.571428,background,0.000000,56.099998,0,0,0.730159,0.809524
29.095238,31.571428,background,0.000000,55.520000,0,0,0.746032,0.809524
29.714285,31.571428,background,0.000000,54.950001,0,0,0.761905,0.809524
30.333334,31.571428,background,0.000000,54.369999,0,0,0.777778,0.809524
30.952381,31.571428,background,0.000000,53.799999,0,0,0.793651,0.809524
31.571428,31.571428,background,0.000000,53.230000,0,0,0.809524,0.809524
32.190475,31.571428,background,0.000000,52.669998,0,0,0.825397,0.809524
32.809525,31.571428,background,0.000000,52.110001,0,0,0.841270,0.809524
33.428570,31.571428,background,0.000000,51.549999,0,0,0.857143,0.809524
34.047619,31.571428,background,0.000000,51.009998,0,0,0.873016,0.809524
34.666668,31.571428,background,0.000000,50.470001,0,0,0.888889,0.809524
35.285713,31.571428,background,0.000000,49.950001,0,0,0.904762,0.809524
35.904762,31.571428,background,0.000000,49.450001,0,0,0.920635,0.809524
36.523811,31.571428,background,0.000000,48.980000,0,0,0.936508,0.809524
37.142857,31.571428,background,0.000000,48.549999,0,0,0.952381,0.809524
37.761906,31.571428,background,0.000000,48.169998,0,0,0.968254,0.809524
38.380951,31.571428,background,0.000000,47.869999,0,0,0.984127,0.809524
39.000000,31.571428,background,0.000000,47.700001,0,0,1.000000,0.809524
0.000000,32.190475,background,0.000000,51.799999,0,0,0.000000,0.825397
0.619048,32.190475,background,0.000000,51.990002,0,0,0.015873,0.825397
1.238095,32.190475,background,0.000000,52.310001,0,0,0.031746,0.825397
1.857143,32.190475,background,0.000000,52.720001,0,0,0.047619,0.825397
2.476191,32.190475,background,0.000000,53.200001,0,0,0.063492,0.825397
3.095238,32.190475,background,0.000000,53.720001,0,0,0.079365,0.825397
3.714286,32.190475,background,0.000000,54.279999,0,0,0.095238,0.825397
4.333333,32.190475,background,0.000000,54.880001,0,0,0.111111,0.825397
4.952381,32.190475,background,0.000000,55.540001,0,0,0.126984,0.825397
5.571429,32.190475,background,0.000000,56.250000,0,0,0.142857,0.825397
6.190476,32.190475,background,0.000000,57.049999,0,0,0.158730,0.825397
6.809524,32.190475,background,0.000000,57.970001,0,0,0.174603,0.825397
7.428571,32.190475,background,0.000000,59.040001,0,0,0.190476,0.825397
8.047619,32.190475,background,0.000000,59.860001,0,0,0.206349,0.825397
8.666667,32.190475,background,0.000000,60.490002,0,0,0.222222,0.825397
9.285714,32.190475,background,0.000000,61.029999,0,0,0.238095,0.825397
9.904762,32.190475,background,0.000000,61.509998,0,0,0.253968,0.825397
10.523809,32.190475,background,0.000000,61.950001,0,0,0.269841,0.825397
11.142858,32.190475,background,0.000000,62.340000,0,0,0.285714,0.825397
11.761905,32.190475,background,0.000000,62.689999,0,0,0.301587,0.825397
12.380953,32.190475,background,0.000000,62.990002,0,0,0.317460,0.825397
13.000000,32.190475,background,0.000000,63.250000,0,0,0.333333,0.825397
13.619047,32.190475,background,0.000000,63.450001,0,0,0.349206,0.825397
14.238095,32.190475,background,0.000000,63.610001,0,0,0.365079,0.825397
14.857142,32.190475,background,0.000000,63.709999,0,0,0.380952,0.825397
15.476191,32.190475,background,0.000000,63.740002,0,0,0.396825,0.825397
16.095238,32.190475,background,0.000000,63.680000,0,0,0.412698,0.825397
16.714285,32.190475,background,0.000000,63.470001,0,0,0.428571,0.825397
17.333334,32.190475,DRAM_0,20.000000,63.060001,1,1,0.444444,0.825397
17.952381,32.190475,DRAM_0,20.000000,62.549999,1,0,0.460317,0.825397
18.571428,32.190475,DRAM_0,20.000000,62.130001,1,0,0.476190,0.825397
19.190475,32.190475,DRAM_0,20.000000,61.779999,1,0,0.492063,0.825397
19.809525,32.190475,DRAM_0,20.000000,61.459999,1,0,0.507937,0.825397
20.428572,32.190475,DRAM_0,20.000000,61.150002,1,0,0.523810,0.825397
21.047619,32.190475,DRAM_0,20.000000,60.830002,1,0,0.539683,0.825397
21.666666,32.190475,DRAM_0,20.000000,60.490002,1,0,0.555556,0.825397
22.285715,32.190475,DRAM_0,20.000000,60.119999,1,0,0.571429,0.825397
22.904762,32.190475,DRAM_0,20.000000,59.730000,1,0,0.587302,0.825397
23.523809,32.190475,DRAM_0,20.000000,59.320000,1,0,0.603175,0.825397
24.142857,32.190475,DRAM_0,20.000000,58.880001,1,0,0.619048,0.825397
24.761906,32.190475,DRAM_0,20.000000,58.410000,1,0,0.634921,0.825397
25.380953,32.190475,DRAM_0,20.000000,57.930000,1,0,0.650794,0.825397
26.000000,32.190475,DRAM_0,20.000000,57.430000,1,1,0.666667,0.825397
26.619047,32.190475,background,0.000000,56.919998,0,0,0.682540,0.825397
27.238094,32.190475,background,0.000000,56.400002,0,0,0.698413,0.825397
27.857143,32.190475,background,0.000000,55.869999,0,0,0.714286,0.825397
28.476191,32.190475,background,0.000000,55.330002,0,0,0.730159,0.825397
29.095238,32.190475,background,0.000000,54.799999,0,0,0.746032,0.825397
29.714285,32.190475,background,0.000000,54.259998,0,0,0.761905,0.825397
30.333334,32.190475,background,0.000000,53.720001,0,0,0.777778,0.825397
30.952381,32.190475,background,0.000000,53.180000,0,0,0.793651,0.825397
31.571428,32.190475,background,0.000000,52.639999,0,0,0.809524,0.825397
32.190475,32.190475,background,0.000000,52.110001,0,0,0.825397,0.825397
32.809525,32.190475,background,0.000000,51.580002,0,0,0.841270,0.825397
33.428570,32.190475,background,0.000000,51.060001,0,0,0.857143,0.825397
34.047619,32.190475,background,0.000000,50.540001,0,0,0.873016,0.825397
34.666668,32.190475,background,0.000000,50.040001,0,0,0.888889,0.825397
35.285713,32.190475,background,0.000000,49.540001,0,0,0.904762,0.825397
35.904762,32.190475,background,0.000000,49.070000,0,0,0.920635,0.825397
36.523811,32.190475,background,0.000000,48.619999,0,0,0.936508,0.825397
37.142857,32.190475,background,0.000000,48.209999,0,0,0.952381,0.825397
37.761906,32.190475,background,0.000000,47.840000,0,0,0.968254,0.825397
38.380951,32.190475,background,0.000000,47.560001,0,0,0.984127,0.825397
39.000000,32.190475,background,0.000000,47.389999,0,0,1.000000,0.825397
0.000000,32.809525,background,0.000000,51.340000,0,0,0.000000,0.841270
0.619048,32.809525,background,0.000000,51.520000,0,0,0.015873,0.841270
1.238095,32.809525,background,0.000000,51.820000,0,0,0.031746,0.841270
1.857143,32.809525,background,0.000000,52.209999,0,0,0.047619,0.841270
2.476191,32.809525,background,0.000000,52.650002,0,0,0.063492,0.841270
3.095238,32.809525,background,0.000000,53.139999,0,0,0.079365,0.841270
3.714286,32.809525,background,0.000000,53.669998,0,0,0.095238,0.841270
4.333333,32.809525,background,0.000000,54.230000,0,0,0.111111,0.841270
4.952381,32.809525,background,0.000000,54.849998,0,0,0.126984,0.841270
5.571429,32.809525,background,0.000000,55.520000,0,0,0.142857,0.841270
6.190476,32.809525,background,0.000000,56.270000,0,0,0.158730,0.841270
6.809524,32.809525,background,0.000000,57.150002,0,0,0.174603,0.841270
7.428571,32.809525,background,0.000000,58.180000,0,0,0.190476,0.841270
8.047619,32.809525,background,0.000000,58.980000,0,0,0.206349,0.841270
8.666667,32.809525,background,0.000000,59.570000,0,0,0.222222,0.841270
9.285714,32.809525,background,0.000000,60.080002,0,0,0.238095,0.841270
9.904762,32.809525,background,0.000000,60.529999,0,0,0.253968,0.841270
10.523809,32.809525,background,0.000000,60.939999,0,0,0.269841,0.841270
11.142858,32.809525,background,0.000000,61.310001,0,0,0.285714,0.841270
11.761905,32.809525,background,0.000000,61.630001,0,0,0.301587,0.841270
12.380953,32.809525,background,0.000000,61.910000,0,0,0.317460,0.841270
13.000000,32.809525,background,0.000000,62.150002,0,0,0.333333,0.841270
13.619047,32.809525,background,0.000000,62.340000,0,0,0.349206,0.841270
14.238095,32.809525,background,0.000000,62.480000,0,0,0.365079,0.841270
14.857142,32.809525,background,0.000000,62.570000,0,0,0.380952,0.841270
15.476191,32.809525,background,0.000000,62.590000,0,0,0.396825,0.841270
16.095238,32.809525,background,0.000000,62.529999,0,0,0.412698,0.841270
16.714285,32.809525,background,0.000000,62.310001,0,0,0.428571,0.841270
17.333334,32.809525,DRAM_0,20.000000,61.889999,1,1,0.444444,0.841270
17.952381,32.809525,DRAM_0,20.000000,61.360001,1,0,0.460317,0.841270
18.571428,32.809525,DRAM_0,20.000000,60.939999,1,0,0.476190,0.841270
19.190475,32.809525,DRAM_0,20.000000,60.599998,1,0,0.492063,0.841270
19.809525,32.809525,DRAM_0,20.000000,60.290001,1,0,0.507937,0.841270
20.428572,32.809525,DRAM_0,20.000000,59.990002,1,0,0.523810,0.841270
21.047619,32.809525,DRAM_0,20.000000,59.680000,1,0,0.539683,0.841270
21.666666,32.809525,DRAM_0,20.000000,59.360001,1,0,0.555556,0.841270
22.285715,32.809525,DRAM_0,20.000000,59.020000,1,0,0.571429,0.841270
22.904762,32.809525,DRAM_0,20.000000,58.660000,1,0,0.587302,0.841270
23.523809,32.809525,DRAM_0,20.000000,58.279999,1,0,0.603175,0.841270
24.142857,32.809525,DRAM_0,20.000000,57.869999,1,0,0.619048,0.841270
24.761906,32.809525,DRAM_0,20.000000,57.450001,1,0,0.634921,0.841270
25.380953,32.809525,DRAM_0,20.000000,57.000000,1,0,0.650794,0.841270
26.000000,32.809525,DRAM_0,20.000000,56.540001,1,1,0.666667,0.841270
26.619047,32.809525,background,0.000000,56.070000,0,0,0.682540,0.841270
27.238094,32.809525,background,0.000000,55.590000,0,0,0.698413,0.841270
27.857143,32.809525,background,0.000000,55.099998,0,0,0.714286,0.841270
28.476191,32.809525,background,0.000000,54.599998,0,0,0.730159,0.841270
29.095238,32.809525,background,0.000000,54.099998,0,0,0.746032,0.841270
29.714285,32.809525,background,0.000000,53.590000,0,0,0.761905,0.841270
30.333334,32.809525,background,0.000000,53.080002,0,0,0.777778,0.841270
30.952381,32.809525,background,0.000000,52.580002,0,0,0.793651,0.841270
31.571428,32.809525,background,0.000000,52.070000,0,0,0.809524,0.841270
32.190475,32.809525,background,0.000000,51.570000,0,0,0.825397,0.841270
32.809525,32.809525,background,0.000000,51.070000,0,0,0.841270,0.841270
33.428570,32.809525,background,0.000000,50.570000,0,0,0.857143,0.841270
34.047619,32.809525,background,0.000000,50.080002,0,0,0.873016,0.841270
34.666668,32.809525,background,0.000000,49.599998,0,0,0.888889,0.841270
35.285713,32.809525,background,0.000000,49.139999,0,0,0.904762,0.841270
35.904762,32.809525,background,0.000000,48.689999,0,0,0.920635,0.841270
36.523811,32.809525,background,0.000000,48.259998,0,0,0.936508,0.841270
37.142857,32.809525,background,0.000000,47.869999,0,0,0.952381,0.841270
37.761906,32.809525,background,0.000000,47.520000,0,0,0.968254,0.841270
38.380951,32.809525,background,0.000000,47.250000,0,0,0.984127,0.841270
39.000000,32.809525,background,0.000000,47.090000,0,0,1.000000,0.841270
0.000000,33.428570,background,0.000000,50.880001,0,0,0.000000,0.857143
0.619048,33.428570,background,0.000000,51.049999,0,0,0.015873,0.857143
1.238095,33.428570,background,0.000000,51.330002,0,0,0.031746,0.857143
1.857143,33.428570,background,0.000000,51.689999,0,0,0.047619,0.857143
2.476191,33.428570,background,0.000000,52.110001,0,0,0.063492,0.857143
3.095238,33.428570,background,0.000000,52.570000,0,0,0.079365,0.857143
3.714286,33.428570,background,0.000000,53.060001,0,0,0.095238,0.857143
4.333333,33.428570,background,0.000000,53.590000,0,0,0.111111,0.857143
4.952381,33.428570,background,0.000000,54.160000,0,0,0.126984,0.857143
5.571429,33.428570,background,0.000000,54.790001,0,0,0.142857,0.857143
6.190476,33.428570,background,0.000000,55.500000,0,0,0.158730,0.857143
6.809524,33.428570,background,0.000000,56.330002,0,0,0.174603,0.857143
7.428571,33.428570,background,0.000000,57.310001,0,0,0.190476,0.857143
8.047619,33.428570,background,0.000000,58.090000,0,0,0.206349,0.857143
8.666667,33.428570,background,0.000000,58.660000,0,0,0.222222,0.857143
9.285714,33.428570,background,0.000000,59.139999,0,0,0.238095,0.857143
9.904762,33.428570,background,0.000000,59.570000,0,0,0.253968,0.857143
10.523809,33.428570,background,0.000000,59.950001,0,0,0.269841,0.857143
11.142858,33.428570,background,0.000000,60.279999,0,0,0.285714,0.857143
11.761905,33.428570,background,0.000000,60.590000,0,0,0.301587,0.857143
12.380953,33.428570,background,0.000000,60.849998,0,0,0.317460,0.857143
13.000000,33.428570,background,0.000000,61.070000,0,0,0.333333,0.857143
13.619047,33.428570,background,0.000000,61.240002,0,0,0.349206,0.857143
14.238095,33.428570,background,0.000000,61.369999,0,0,0.365079,0.857143
14.857142,33.428570,background,0.000000,61.450001,0,0,0.380952,0.857143
15.476191,33.428570,background,0.000000,61.470001,0,0,0.396825,0.857143
16.095238,33.428570,background,0.000000,61.400002,0,0,0.412698,0.857143
16.714285,33.428570,background,0.000000,61.180000,0,0,0.428571,0.857143
17.333334,33.428570,DRAM_0,20.000000,60.750000,1,1,0.444444,0.857143
17.952381,33.428570,DRAM_0,20.000000,60.220001,1,0,0.460317,0.857143
18.571428,33.428570,DRAM_0,20.000000,59.810001,1,0,0.476190,0.857143
19.190475,33.428570,DRAM_0,20.000000,59.470001,1,0,0.492063,0.857143
19.809525,33.428570,DRAM_0,20.000000,59.169998,1,0,0.507937,0.857143
20.428572,33.428570,DRAM_0,20.000000,58.889999,1,0,0.523810,0.857143
21.047619,33.428570,DRAM_0,20.000000,58.599998,1,0,0.539683,0.857143
21.666666,33.428570,DRAM_0,20.000000,58.299999,1,0,0.555556,0.857143
22.285715,33.428570,DRAM_0,20.000000,57.990002,1,0,0.571429,0.857143
22.904762,33.428570,DRAM_0,20.000000,57.650002,1,0,0.587302,0.857143
23.523809,33.428570,DRAM_0,20.000000,57.299999,1,0,0.603175,0.857143
24.142857,33.428570,DRAM_0,20.000000,56.919998,1,0,0.619048,0.857143
24.761906,33.428570,DRAM_0,20.000000,56.529999,1,0,0.634921,0.857143
25.380953,33.428570,DRAM_0,20.000000,56.119999,1,0,0.650794,0.857143
26.000000,33.428570,DRAM_0,20.000000,55.689999,1,1,0.666667,0.857143
26.619047,33.428570,background,0.000000,55.250000,0,0,0.682540,0.857143
27.238094,33.428570,background,0.000000,54.810001,0,0,0.698413,0.857143
27.857143,33.428570,background,0.000000,54.349998,0,0,0.714286,0.857143
28.476191,33.428570,background,0.000000,53.880001,0,0,0.730159,0.857143
29.095238,33.428570,background,0.000000,53.410000,0,0,0.746032,0.857143
29.714285,33.428570,background,0.000000,52.939999,0,0,0.761905,0.857143
30.333334,33.428570,background,0.000000,52.470001,0,0,0.777778,0.857143
30.952381,33.428570,background,0.000000,51.990002,0,0,0.793651,0.857143
31.571428,33.428570,background,0.000000,51.509998,0,0,0.809524,0.857143
32.190475,33.428570,background,0.000000,51.040001,0,0,0.825397,0.857143
32.809525,33.428570,background,0.000000,50.560001,0,0,0.841270,0.857143
33.428570,33.428570,background,0.000000,50.099998,0,0,0.857143,0.857143
34.047619,33.428570,background,0.000000,49.630001,0,0,0.873016,0.857143
34.666668,33.428570,background,0.000000,49.180000,0,0,0.888889,0.857143
35.285713,33.428570,background,0.000000,48.740002,0,0,0.904762,0.857143
35.904762,33.428570,background,0.000000,48.310001,0,0,0.920635,0.857143
36.523811,33.428570,background,0.000000,47.900002,0,0,0.936508,0.857143
37.142857,33.428570,background,0.000000,47.529999,0,0,0.952381,0.857143
37.761906,33.428570,background,0.000000,47.200001,0,0,0.968254,0.857143
38.380951,33.428570,background,0.000000,46.939999,0,0,0.984127,0.857143
39.000000,33.428570,background,0.000000,46.790001,0,0,1.000000,0.857143
0.000000,34.047619,background,0.000000,50.430000,0,0,0.000000,0.873016
0.619048,34.047619,background,0.000000,50.590000,0,0,0.015873,0.873016
1.238095,34.047619,background,0.000000,50.849998,0,0,0.031746,0.873016
1.857143,34.047619,background,0.000000,51.189999,0,0,0.047619,0.873016
2.476191,34.047619,background,0.000000,51.580002,0,0,0.063492,0.873016
3.095238,34.047619,background,0.000000,52.000000,0,0,0.079365,0.873016
3.714286,34.047619,background,0.000000,52.470001,0,0,0.095238,0.873016
4.333333,34.047619,background,0.000000,52.959999,0,0,0.111111,0.873016
4.952381,34.047619,background,0.000000,53.490002,0,0,0.126984,0.873016
5.571429,34.047619,background,0.000000,54.060001,0,0,0.142857,0.873016
6.190476,34.047619,background,0.000000,54.720001,0,0,0.158730,0.873016
6.809524,34.047619,background,0.000000,55.480000,0,0,0.174603,0.873016
7.428571,34.047619,background,0.000000,56.410000,0,0,0.190476,0.873016
8.047619,34.047619,background,0.000000,57.189999,0,0,0.206349,0.873016
8.666667,34.047619,background,0.000000,57.740002,0,0,0.222222,0.873016
9.285714,34.047619,background,0.000000,58.189999,0,0,0.238095,0.873016
9.904762,34.047619,background,0.000000,58.590000,0,0,0.253968,0.873016
10.523809,34.047619,background,0.000000,58.939999,0,0,0.269841,0.873016
11.142858,34.047619,background,0.000000,59.259998,0,0,0.285714,0.873016
11.761905,34.047619,background,0.000000,59.540001,0,0,0.301587,0.873016
12.380953,34.047619,background,0.000000,59.779999,0,0,0.317460,0.873016
13.000000,34.047619,background,0.000000,59.990002,0,0,0.333333,0.873016
13.619047,34.047619,background,0.000000,60.150002,0,0,0.349206,0.873016
14.238095,34.047619,background,0.000000,60.270000,0,0,0.365079,0.873016
14.857142,34.047619,background,0.000000,60.349998,0,0,0.380952,0.873016
15.476191,34.047619,background,0.000000,60.360001,0,0,0.396825,0.873016
16.095238,34.047619,background,0.000000,60.290001,0,0,0.412698,0.873016
16.714285,34.047619,background,0.000000,60.070000,0,0,0.428571,0.873016
17.333334,34.047619,background,0.000000,59.610001,0,1,0.444444,0.873016
17.952381,34.047619,background,0.000000,59.099998,0,1,0.460317,0.873016
18.571428,34.047619,background,0.000000,58.709999,0,1,0.476190,0.873016
19.190475,34.047619,background,0.000000,58.389999,0,1,0.492063,0.873016
19.809525,34.047619,background,0.000000,58.119999,0,1,0.507937,0.873016
20.428572,34.047619,background,0.000000,57.849998,0,1,0.523810,0.873016
21.047619,34.047619,background,0.000000,57.580002,0,1,0.539683,0.873016
21.666666,34.047619,background,0.000000,57.299999,0,1,0.555556,0.873016
22.285715,34.047619,background,0.000000,57.009998,0,1,0.571429,0.873016
22.904762,34.047619,background,0.000000,56.700001,0,1,0.587302,0.873016
23.523809,34.047619,background,0.000000,56.369999,0,1,0.603175,0.873016
24.142857,34.047619,background,0.000000,56.020000,0,1,0.619048,0.873016
24.761906,34.047619,background,0.000000,55.650002,0,1,0.634921,0.873016
25.380953,34.047619,background,0.000000,55.270000,0,1,0.650794,0.873016
26.000000,34.047619,background,0.000000,54.880001,0,1,0.666667,0.873016
26.619047,34.047619,background,0.000000,54.470001,0,0,0.682540,0.873016
27.238094,34.047619,background,0.000000,54.049999,0,0,0.698413,0.873016
27.857143,34.047619,background,0.000000,53.630001,0,0,0.714286,0.873016
28.476191,34.047619,background,0.000000,53.189999,0,0,0.730159,0.873016
29.095238,34.047619,background,0.000000,52.750000,0,0,0.746032,0.873016
29.714285,34.047619,background,0.000000,52.310001,0,0,0.761905,0.873016
30.333334,34.047619,background,0.000000,51.860001,0,0,0.777778,0.873016
30.952381,34.047619,background,0.000000,51.419998,0,0,0.793651,0.873016
31.571428,34.047619,background,0.000000,50.970001,0,0,0.809524,0.873016
32.190475,34.047619,background,0.000000,50.520000,0,0,0.825397,0.873016
32.809525,34.047619,background,0.000000,50.070000,0,0,0.841270,0.873016
33.428570,34.047619,background,0.000000,49.630001,0,0,0.857143,0.873016
34.047619,34.047619,background,0.000000,49.189999,0,0,0.873016,0.873016
34.666668,34.047619,background,0.000000,48.759998,0,0,0.888889,0.873016
35.285713,34.047619,background,0.000000,48.340000,0,0,0.904762,0.873016
35.904762,34.047619,background,0.000000,47.939999,0,0,0.920635,0.873016
36.523811,34.047619,background,0.000000,47.549999,0,0,0.936508,0.873016
37.142857,34.047619,background,0.000000,47.200001,0,0,0.952381,0.873016
37.761906,34.047619,background,0.000000,46.889999,0,0,0.968254,0.873016
38.380951,34.047619,background,0.000000,46.639999,0,0,0.984127,0.873016
39.000000,34.047619,background,0.000000,46.500000,0,0,1.000000,0.873016
0.000000,34.666668,background,0.000000,49.990002,0,0,0.000000,0.888889
0.619048,34.666668,background,0.000000,50.130001,0,0,0.015873,0.888889
1.238095,34.666668,background,0.000000,50.380001,0,0,0.031746,0.888889
1.857143,34.666668,background,0.000000,50.689999,0,0,0.047619,0.888889
2.476191,34.666668,background,0.000000,51.049999,0,0,0.063492,0.888889
3.095238,34.666668,background,0.000000,51.450001,0,0,0.079365,0.888889
3.714286,34.666668,background,0.000000,51.880001,0,0,0.095238,0.888889
4.333333,34.666668,background,0.000000,52.330002,0,0,0.111111,0.888889
4.952381,34.666668,background,0.000000,52.820000,0,0,0.126984,0.888889
5.571429,34.666668,background,0.000000,53.349998,0,0,0.142857,0.888889
6.190476,34.666668,background,0.000000,53.930000,0,0,0.158730,0.888889
6.809524,34.666668,background,0.000000,54.610001,0,0,0.174603,0.888889
7.428571,34.666668,background,0.000000,55.400002,0,0,0.190476,0.888889
8.047619,34.666668,background,0.000000,56.130001,0,0,0.206349,0.888889
8.666667,34.666668,background,0.000000,56.660000,0,0,0.222222,0.888889
9.285714,34.666668,background,0.000000,57.090000,0,0,0.238095,0.888889
9.904762,34.666668,background,0.000000,57.470001,0,0,0.253968,0.888889
10.523809,34.666668,background,0.000000,57.799999,0,0,0.269841,0.888889
11.142858,34.666668,background,0.000000,58.099998,0,0,0.285714,0.888889
11.761905,34.666668,background,0.000000,58.360001,0,0,0.301587,0.888889
12.380953,34.666668,background,0.000000,58.590000,0,0,0.317460,0.888889
13.000000,34.666668,background,0.000000,58.779999,0,0,0.333333,0.888889
13.619047,34.666668,background,0.000000,58.939999,0,0,0.349206,0.888889
14.238095,34.666668,background,0.000000,59.049999,0,0,0.365079,0.888889
14.857142,34.666668,background,0.000000,59.119999,0,0,0.380952,0.888889
15.476191,34.666668,background,0.000000,59.130001,0,0,0.396825,0.888889
16.095238,34.666668,background,0.000000,59.060001,0,0,0.412698,0.888889
16.714285,34.666668,background,0.000000,58.840000,0,0,0.428571,0.888889
17.333334,34.666668,background,0.000000,58.410000,0,0,0.444444,0.888889
17.952381,34.666668,background,0.000000,57.980000,0,0,0.460317,0.888889
18.571428,34.666668,background,0.000000,57.639999,0,0,0.476190,0.888889
19.190475,34.666668,background,0.000000,57.360001,0,0,0.492063,0.888889
19.809525,34.666668,background,0.000000,57.110001,0,0,0.507937,0.888889
20.428572,34.666668,background,0.000000,56.860001,0,0,0.523810,0.888889
21.047619,34.666668,background,0.000000,56.610001,0,0,0.539683,0.888889
21.666666,34.666668,background,0.000000,56.349998,0,0,0.555556,0.888889
22.285715,34.666668,background,0.000000,56.080002,0,0,0.571429,0.888889
22.904762,34.666668,background,0.000000,55.790001,0,0,0.587302,0.888889
23.523809,34.666668,background,0.000000,55.480000,0,0,0.603175,0.888889
24.142857,34.666668,background,0.000000,55.160000,0,0,0.619048,0.888889
24.761906,34.666668,background,0.000000,54.820000,0,0,0.634921,0.888889
25.380953,34.666668,background,0.000000,54.470001,0,0,0.650794,0.888889
26.000000,34.666668,background,0.000000,54.099998,0,0,0.666667,0.888889
26.619047,34.666668,background,0.000000,53.720001,0,0,0.682540,0.888889
27.238094,34.666668,background,0.000000,53.330002,0,0,0.698413,0.888889
27.857143,34.666668,background,0.000000,52.930000,0,0,0.714286,0.888889
28.476191,34.666668,background,0.000000,52.529999,0,0,0.730159,0.888889
29.095238,34.666668,background,0.000000,52.119999,0,0,0.746032,0.888889
29.714285,34.666668,background,0.000000,51.700001,0,0,0.761905,0.888889
30.333334,34.666668,background,0.000000,51.279999,0,0,0.777778,0.888889
30.952381,34.666668,background,0.000000,50.860001,0,0,0.793651,0.888889
31.571428,34.666668,background,0.000000,50.439999,0,0,0.809524,0.888889
32.190475,34.666668,background,0.000000,50.009998,0,0,0.825397,0.888889
32.809525,34.666668,background,0.000000,49.590000,0,0,0.841270,0.888889
33.428570,34.666668,background,0.000000,49.169998,0,0,0.857143,0.888889
34.047619,34.666668,background,0.000000,48.759998,0,0,0.873016,0.888889
34.666668,34.666668,background,0.000000,48.349998,0,0,0.888889,0.888889
35.285713,34.666668,background,0.000000,47.959999,0,0,0.904762,0.888889
35.904762,34.666668,background,0.000000,47.570000,0,0,0.920635,0.888889
36.523811,34.666668,background,0.000000,47.209999,0,0,0.936508,0.888889
37.142857,34.666668,background,0.000000,46.869999,0,0,0.952381,0.888889
37.761906,34.666668,background,0.000000,46.580002,0,0,0.968254,0.888889
38.380951,34.666668,background,0.000000,46.340000,0,0,0.984127,0.888889
39.000000,34.666668,background,0.000000,46.209999,0,0,1.000000,0.888889
0.000000,35.285713,background,0.000000,49.549999,0,0,0.000000,0.904762
0.619048,35.285713,background,0.000000,49.680000,0,0,0.015873,0.904762
1.238095,35.285713,background,0.000000,49.910000,0,0,0.031746,0.904762
1.857143,35.285713,background,0.000000,50.200001,0,0,0.047619,0.904762
2.476191,35.285713,background,0.000000,50.540001,0,0,0.063492,0.904762
3.095238,35.285713,background,0.000000,50.910000,0,0,0.079365,0.904762
3.714286,35.285713,background,0.000000,51.310001,0,0,0.095238,0.904762
4.333333,35.285713,background,0.000000,51.730000,0,0,0.111111,0.904762
4.952381,35.285713,background,0.000000,52.169998,0,0,0.126984,0.904762
5.571429,35.285713,background,0.000000,52.639999,0,0,0.142857,0.904762
6.190476,35.285713,background,0.000000,53.160000,0,0,0.158730,0.904762
6.809524,35.285713,background,0.000000,53.730000,0,0,0.174603,0.904762
7.428571,35.285713,background,0.000000,54.369999,0,0,0.190476,0.904762
8.047619,35.285713,background,0.000000,55.040001,0,0,0.206349,0.904762
8.666667,35.285713,background,0.000000,55.560001,0,0,0.222222,0.904762
9.285714,35.285713,background,0.000000,55.980000,0,0,0.238095,0.904762
9.904762,35.285713,background,0.000000,56.340000,0,0,0.253968,0.904762
10.523809,35.285713,background,0.000000,56.660000,0,0,0.269841,0.904762
11.142858,35.285713,background,0.000000,56.939999,0,0,0.285714,0.904762
11.761905,35.285713,background,0.000000,57.189999,0,0,0.301587,0.904762
12.380953,35.285713,background,0.000000,57.400002,0,0,0.317460,0.904762
13.000000,35.285713,background,0.000000,57.580002,0,0,0.333333,0.904762
13.619047,35.285713,background,0.000000,57.730000,0,0,0.349206,0.904762
14.238095,35.285713,background,0.000000,57.830002,0,0,0.365079,0.904762
14.857142,35.285713,background,0.000000,57.889999,0,0,0.380952,0.904762
15.476191,35.285713,background,0.000000,57.889999,0,0,0.396825,0.904762
16.095238,35.285713,background,0.000000,57.799999,0,0,0.412698,0.904762
16.714285,35.285713,background,0.000000,57.590000,0,0,0.428571,0.904762
17.333334,35.285713,background,0.000000,57.209999,0,0,0.444444,0.904762
17.952381,35.285713,background,0.000000,56.880001,0,0,0.460317,0.904762
18.571428,35.285713,background,0.000000,56.610001,0,0,0.476190,0.904762
19.190475,35.285713,background,0.000000,56.369999,0,0,0.492063,0.904762
19.809525,35.285713,background,0.000000,56.139999,0,0,0.507937,0.904762
20.428572,35.285713,background,0.000000,55.919998,0,0,0.523810,0.904762
21.047619,35.285713,background,0.000000,55.689999,0,0,0.539683,0.904762
21.666666,35.285713,background,0.000000,55.450001,0,0,0.555556,0.904762
22.285715,35.285713,background,0.000000,55.200001,0,0,0.571429,0.904762
22.904762,35.285713,background,0.000000,54.930000,0,0,0.587302,0.904762
23.523809,35.285713,background,0.000000,54.650002,0,0,0.603175,0.904762
24.142857,35.285713,background,0.000000,54.349998,0,0,0.619048,0.904762
24.761906,35.285713,background,0.000000,54.029999,0,0,0.634921,0.904762
25.380953,35.285713,background,0.000000,53.700001,0,0,0.650794,0.904762
26.000000,35.285713,background,0.000000,53.360001,0,0,0.666667,0.904762
26.619047,35.285713,background,0.000000,53.000000,0,0,0.682540,0.904762
27.238094,35.285713,background,0.000000,52.639999,0,0,0.698413,0.904762
27.857143,35.285713,background,0.000000,52.270000,0,0,0.714286,0.904762
28.476191,35.285713,background,0.000000,51.889999,0,0,0.730159,0.904762
29.095238,35.285713,background,0.000000,51.500000,0,0,0.746032,0.904762
29.714285,35.285713,background,0.000000,51.110001,0,0,0.761905,0.904762
30.333334,35.285713,background,0.000000,50.720001,0,0,0.777778,0.904762
30.952381,35.285713,background,0.000000,50.320000,0,0,0.793651,0.904762
31.571428,35.285713,background,0.000000,49.919998,0,0,0.809524,0.904762
32.190475,35.285713,background,0.000000,49.520000,0,0,0.825397,0.904762
32.809525,35.285713,background,0.000000,49.130001,0,0,0.841270,0.904762
33.428570,35.285713,background,0.000000,48.730000,0,0,0.857143,0.904762
34.047619,35.285713,background,0.000000,48.340000,0,0,0.873016,0.904762
34.666668,35.285713,background,0.000000,47.959999,0,0,0.888889,0.904762
35.285713,35.285713,background,0.000000,47.580002,0,0,0.904762,0.904762
35.904762,35.285713,background,0.000000,47.220001,0,0,0.920635,0.904762
36.523811,35.285713,background,0.000000,46.869999,0,0,0.936508,0.904762
37.142857,35.285713,background,0.000000,46.549999,0,0,0.952381,0.904762
37.761906,35.285713,background,0.000000,46.270000,0,0,0.968254,0.904762
38.380951,35.285713,background,0.000000,46.049999,0,0,0.984127,0.904762
39.000000,35.285713,background,0.000000,45.919998,0,0,1.000000,0.904762
0.000000,35.904762,background,0.000000,49.130001,0,0,0.000000,0.920635
0.619048,35.904762,background,0.000000,49.250000,0,0,0.015873,0.920635
1.238095,35.904762,background,0.000000,49.459999,0,0,0.031746,0.920635
1.857143,35.904762,background,0.000000,49.730000,0,0,0.047619,0.920635
2.476191,35.904762,background,0.000000,50.049999,0,0,0.063492,0.920635
3.095238,35.904762,background,0.000000,50.389999,0,0,0.079365,0.920635
3.714286,35.904762,background,0.000000,50.759998,0,0,0.095238,0.920635
4.333333,35.904762,background,0.000000,51.139999,0,0,0.111111,0.920635
4.952381,35.904762,background,0.000000,51.540001,0,0,0.126984,0.920635
5.571429,35.904762,background,0.000000,51.970001,0,0,0.142857,0.920635
6.190476,35.904762,background,0.000000,52.419998,0,0,0.158730,0.920635
6.809524,35.904762,background,0.000000,52.900002,0,0,0.174603,0.920635
7.428571,35.904762,background,0.000000,53.400002,0,0,0.190476,0.920635
8.047619,35.904762,background,0.000000,53.910000,0,0,0.206349,0.920635
8.666667,35.904762,background,0.000000,54.349998,0,0,0.222222,0.920635
9.285714,35.904762,background,0.000000,54.740002,0,0,0.238095,0.920635
9.904762,35.904762,background,0.000000,55.070000,0,0,0.253968,0.920635
10.523809,35.904762,background,0.000000,55.360001,0,0,0.269841,0.920635
11.142858,35.904762,background,0.000000,55.619999,0,0,0.285714,0.920635
11.761905,35.904762,background,0.000000,55.849998,0,0,0.301587,0.920635
12.380953,35.904762,background,0.000000,56.049999,0,0,0.317460,0.920635
13.000000,35.904762,background,0.000000,56.220001,0,0,0.333333,0.920635
13.619047,35.904762,background,0.000000,56.349998,0,0,0.349206,0.920635
14.238095,35.904762,background,0.000000,56.439999,0,0,0.365079,0.920635
14.857142,35.904762,background,0.000000,56.490002,0,0,0.380952,0.920635
15.476191,35.904762,background,0.000000,56.490002,0,0,0.396825,0.920635
16.095238,35.904762,background,0.000000,56.430000,0,0,0.412698,0.920635
16.714285,35.904762,background,0.000000,56.290001,0,0,0.428571,0.920635
17.333334,35.904762,background,0.000000,56.070000,0,0,0.444444,0.920635
17.952381,35.904762,background,0.000000,55.840000,0,0,0.460317,0.920635
18.571428,35.904762,background,0.000000,55.630001,0,0,0.476190,0.920635
19.190475,35.904762,background,0.000000,55.430000,0,0,0.492063,0.920635
19.809525,35.904762,background,0.000000,55.240002,0,0,0.507937,0.920635
20.428572,35.904762,background,0.000000,55.040001,0,0,0.523810,0.920635
21.047619,35.904762,background,0.000000,54.830002,0,0,0.539683,0.920635
21.666666,35.904762,background,0.000000,54.610001,0,0,0.555556,0.920635
22.285715,35.904762,background,0.000000,54.369999,0,0,0.571429,0.920635
22.904762,35.904762,background,0.000000,54.119999,0,0,0.587302,0.920635
23.523809,35.904762,background,0.000000,53.860001,0,0,0.603175,0.920635
24.142857,35.904762,background,0.000000,53.580002,0,0,0.619048,0.920635
24.761906,35.904762,background,0.000000,53.279999,0,0,0.634921,0.920635
25.380953,35.904762,background,0.000000,52.970001,0,0,0.650794,0.920635
26.000000,35.904762,background,0.000000,52.650002,0,0,0.666667,0.920635
26.619047,35.904762,background,0.000000,52.320000,0,0,0.682540,0.920635
27.238094,35.904762,background,0.000000,51.980000,0,0,0.698413,0.920635
27.857143,35.904762,background,0.000000,51.630001,0,0,0.714286,0.920635
28.476191,35.904762,background,0.000000,51.279999,0,0,0.730159,0.920635
29.095238,35.904762,background,0.000000,50.919998,0,0,0.746032,0.920635
29.714285,35.904762,background,0.000000,50.549999,0,0,0.761905,0.920635
30.333334,35.904762,background,0.000000,50.180000,0,0,0.777778,0.920635
30.952381,35.904762,background,0.000000,49.810001,0,0,0.793651,0.920635
31.571428,35.904762,background,0.000000,49.430000,0,0,0.809524,0.920635
32.190475,35.904762,background,0.000000,49.060001,0,0,0.825397,0.920635
32.809525,35.904762,background,0.000000,48.680000,0,0,0.841270,0.920635
33.428570,35.904762,background,0.000000,48.310001,0,0,0.857143,0.920635
34.047619,35.904762,background,0.000000,47.939999,0,0,0.873016,0.920635
34.666668,35.904762,background,0.000000,47.580002,0,0,0.888889,0.920635
35.285713,35.904762,background,0.000000,47.220001,0,0,0.904762,0.920635
35.904762,35.904762,background,0.000000,46.880001,0,0,0.920635,0.920635
36.523811,35.904762,background,0.000000,46.549999,0,0,0.936508,0.920635
37.142857,35.904762,background,0.000000,46.250000,0,0,0.952381,0.920635
37.761906,35.904762,background,0.000000,45.980000,0,0,0.968254,0.920635
38.380951,35.904762,background,0.000000,45.770000,0,0,0.984127,0.920635
39.000000,35.904762,background,0.000000,45.650002,0,0,1.000000,0.920635
0.000000,36.523811,background,0.000000,48.720001,0,0,0.000000,0.936508
0.619048,36.523811,background,0.000000,48.840000,0,0,0.015873,0.936508
1.238095,36.523811,background,0.000000,49.040001,0,0,0.031746,0.936508
1.857143,36.523811,background,0.000000,49.290001,0,0,0.047619,0.936508
2.476191,36.523811,background,0.000000,49.580002,0,0,0.063492,0.936508
3.095238,36.523811,background,0.000000,49.900002,0,0,0.079365,0.936508
3.714286,36.523811,background,0.000000,50.230000,0,0,0.095238,0.936508
4.333333,36.523811,background,0.000000,50.590000,0,0,0.111111,0.936508
4.952381,36.523811,background,0.000000,50.959999,0,0,0.126984,0.936508
5.571429,36.523811,background,0.000000,51.340000,0,0,0.142857,0.936508
6.190476,36.523811,background,0.000000,51.740002,0,0,0.158730,0.936508
6.809524,36.523811,background,0.000000,52.150002,0,0,0.174603,0.936508
7.428571,36.523811,background,0.000000,52.560001,0,0,0.190476,0.936508
8.047619,36.523811,background,0.000000,52.970001,0,0,0.206349,0.936508
8.666667,36.523811,background,0.000000,53.349998,0,0,0.222222,0.936508
9.285714,36.523811,background,0.000000,53.689999,0,0,0.238095,0.936508
9.904762,36.523811,background,0.000000,53.990002,0,0,0.253968,0.936508
10.523809,36.523811,background,0.000000,54.259998,0,0,0.269841,0.936508
11.142858,36.523811,background,0.000000,54.500000,0,0,0.285714,0.936508
11.761905,36.523811,background,0.000000,54.709999,0,0,0.301587,0.936508
12.380953,36.523811,background,0.000000,54.889999,0,0,0.317460,0.936508
13.000000,36.523811,background,0.000000,55.049999,0,0,0.333333,0.936508
13.619047,36.523811,background,0.000000,55.169998,0,0,0.349206,0.936508
14.238095,36.523811,background,0.000000,55.259998,0,0,0.365079,0.936508
14.857142,36.523811,background,0.000000,55.310001,0,0,0.380952,0.936508
15.476191,36.523811,background,0.000000,55.310001,0,0,0.396825,0.936508
16.095238,36.523811,background,0.000000,55.279999,0,0,0.412698,0.936508
16.714285,36.523811,background,0.000000,55.180000,0,0,0.428571,0.936508
17.333334,36.523811,background,0.000000,55.049999,0,0,0.444444,0.936508
17.952381,36.523811,background,0.000000,54.889999,0,0,0.460317,0.936508
18.571428,36.523811,background,0.000000,54.730000,0,0,0.476190,0.936508
19.190475,36.523811,background,0.000000,54.570000,0,0,0.492063,0.936508
19.809525,36.523811,background,0.000000,54.400002,0,0,0.507937,0.936508
20.428572,36.523811,background,0.000000,54.220001,0,0,0.523810,0.936508
21.047619,36.523811,background,0.000000,54.029999,0,0,0.539683,0.936508
21.666666,36.523811,background,0.000000,53.820000,0,0,0.555556,0.936508
22.285715,36.523811,background,0.000000,53.599998,0,0,0.571429,0.936508
22.904762,36.523811,background,0.000000,53.369999,0,0,0.587302,0.936508
23.523809,36.523811,background,0.000000,53.119999,0,0,0.603175,0.936508
24.142857,36.523811,background,0.000000,52.860001,0,0,0.619048,0.936508
24.761906,36.523811,background,0.000000,52.590000,0,0,0.634921,0.936508
25.380953,36.523811,background,0.000000,52.299999,0,0,0.650794,0.936508
26.000000,36.523811,background,0.000000,52.000000,0,0,0.666667,0.936508
26.619047,36.523811,background,0.000000,51.689999,0,0,0.682540,0.936508
27.238094,36.523811,background,0.000000,51.369999,0,0,0.698413,0.936508
27.857143,36.523811,background,0.000000,51.040001,0,0,0.714286,0.936508
28.476191,36.523811,background,0.000000,50.709999,0,0,0.730159,0.936508
29.095238,36.523811,background,0.000000,50.369999,0,0,0.746032,0.936508
29.714285,36.523811,background,0.000000,50.020000,0,0,0.761905,0.936508
30.333334,36.523811,background,0.000000,49.669998,0,0,0.777778,0.936508
30.952381,36.523811,background,0.000000,49.320000,0,0,0.793651,0.936508
31.571428,36.523811,background,0.000000,48.970001,0,0,0.809524,0.936508
32.190475,36.523811,background,0.000000,48.610001,0,0,0.825397,0.936508
32.809525,36.523811,background,0.000000,48.259998,0,0,0.841270,0.936508
33.428570,36.523811,background,0.000000,47.910000,0,0,0.857143,0.936508
34.047619,36.523811,background,0.000000,47.560001,0,0,0.873016,0.936508
34.666668,36.523811,background,0.000000,47.220001,0,0,0.888889,0.936508
35.285713,36.523811,background,0.000000,46.880001,0,0,0.904762,0.936508
35.904762,36.523811,background,0.000000,46.549999,0,0,0.920635,0.936508
36.523811,36.523811,background,0.000000,46.240002,0,0,0.936508,0.936508
37.142857,36.523811,background,0.000000,45.959999,0,0,0.952381,0.936508
37.761906,36.523811,background,0.000000,45.709999,0,0,0.968254,0.936508
38.380951,36.523811,background,0.000000,45.509998,0,0,0.984127,0.936508
39.000000,36.523811,background,0.000000,45.389999,0,0,1.000000,0.936508
0.000000,37.142857,background,0.000000,48.349998,0,0,0.000000,0.952381
0.619048,37.142857,background,0.000000,48.459999,0,0,0.015873,0.952381
1.238095,37.142857,background,0.000000,48.639999,0,0,0.031746,0.952381
1.857143,37.142857,background,0.000000,48.869999,0,0,0.047619,0.952381
2.476191,37.142857,background,0.000000,49.139999,0,0,0.063492,0.952381
3.095238,37.142857,background,0.000000,49.439999,0,0,0.079365,0.952381
3.714286,37.142857,background,0.000000,49.750000,0,0,0.095238,0.952381
4.333333,37.142857,background,0.000000,50.080002,0,0,0.111111,0.952381
4.952381,37.142857,background,0.000000,50.419998,0,0,0.126984,0.952381
5.571429,37.142857,background,0.000000,50.770000,0,0,0.142857,0.952381
6.190476,37.142857,background,0.000000,51.119999,0,0,0.158730,0.952381
6.809524,37.142857,background,0.000000,51.480000,0,0,0.174603,0.952381
7.428571,37.142857,background,0.000000,51.840000,0,0,0.190476,0.952381
8.047619,37.142857,background,0.000000,52.189999,0,0,0.206349,0.952381
8.666667,37.142857,background,0.000000,52.520000,0,0,0.222222,0.952381
9.285714,37.142857,background,0.000000,52.820000,0,0,0.238095,0.952381
9.904762,37.142857,background,0.000000,53.099998,0,0,0.253968,0.952381
10.523809,37.142857,background,0.000000,53.349998,0,0,0.269841,0.952381
11.142858,37.142857,background,0.000000,53.570000,0,0,0.285714,0.952381
11.761905,37.142857,background,0.000000,53.770000,0,0,0.301587,0.952381
12.380953,37.142857,background,0.000000,53.930000,0,0,0.317460,0.952381
13.000000,37.142857,background,0.000000,54.080002,0,0,0.333333,0.952381
13.619047,37.142857,background,0.000000,54.189999,0,0,0.349206,0.952381
14.238095,37.142857,background,0.000000,54.270000,0,0,0.365079,0.952381
14.857142,37.142857,background,0.000000,54.330002,0,0,0.380952,0.952381
15.476191,37.142857,background,0.000000,54.340000,0,0,0.396825,0.952381
16.095238,37.142857,background,0.000000,54.320000,0,0,0.412698,0.952381
16.714285,37.142857,background,0.000000,54.259998,0,0,0.428571,0.952381
17.333334,37.142857,background,0.000000,54.169998,0,0,0.444444,0.952381
17.952381,37.142857,background,0.000000,54.060001,0,0,0.460317,0.952381
18.571428,37.142857,background,0.000000,53.930000,0,0,0.476190,0.952381
19.190475,37.142857,background,0.000000,53.790001,0,0,0.492063,0.952381
19.809525,37.142857,background,0.000000,53.639999,0,0,0.507937,0.952381
20.428572,37.142857,background,0.000000,53.480000,0,0,0.523810,0.952381
21.047619,37.142857,background,0.000000,53.299999,0,0,0.539683,0.952381
21.666666,37.142857,background,0.000000,53.110001,0,0,0.555556,0.952381
22.285715,37.142857,background,0.000000,52.910000,0,0,0.571429,0.952381
22.904762,37.142857,background,0.000000,52.689999,0,0,0.587302,0.952381
23.523809,37.142857,background,0.000000,52.459999,0,0,0.603175,0.952381
24.142857,37.142857,background,0.000000,52.209999,0,0,0.619048,0.952381
24.761906,37.142857,background,0.000000,51.950001,0,0,0.634921,0.952381
25.380953,37.142857,background,0.000000,51.680000,0,0,0.650794,0.952381
26.000000,37.142857,background,0.000000,51.400002,0,0,0.666667,0.952381
26.619047,37.142857,background,0.000000,51.110001,0,0,0.682540,0.952381
27.238094,37.142857,background,0.000000,50.810001,0,0,0.698413,0.952381
27.857143,37.142857,background,0.000000,50.500000,0,0,0.714286,0.952381
28.476191,37.142857,background,0.000000,50.189999,0,0,0.730159,0.952381
29.095238,37.142857,background,0.000000,49.860001,0,0,0.746032,0.952381
29.714285,37.142857,background,0.000000,49.540001,0,0,0.761905,0.952381
30.333334,37.142857,background,0.000000,49.209999,0,0,0.777778,0.952381
30.952381,37.142857,background,0.000000,48.880001,0,0,0.793651,0.952381
31.571428,37.142857,background,0.000000,48.540001,0,0,0.809524,0.952381
32.190475,37.142857,background,0.000000,48.209999,0,0,0.825397,0.952381
32.809525,37.142857,background,0.000000,47.869999,0,0,0.841270,0.952381
33.428570,37.142857,background,0.000000,47.540001,0,0,0.857143,0.952381
34.047619,37.142857,background,0.000000,47.209999,0,0,0.873016,0.952381
34.666668,37.142857,background,0.000000,46.880001,0,0,0.888889,0.952381
35.285713,37.142857,background,0.000000,46.560001,0,0,0.904762,0.952381
35.904762,37.142857,background,0.000000,46.250000,0,0,0.920635,0.952381
36.523811,37.142857,background,0.000000,45.959999,0,0,0.936508,0.952381
37.142857,37.142857,background,0.000000,45.689999,0,0,0.952381,0.952381
37.761906,37.142857,background,0.000000,45.450001,0,0,0.968254,0.952381
38.380951,37.142857,background,0.000000,45.259998,0,0,0.984127,0.952381
39.000000,37.142857,background,0.000000,45.150002,0,0,1.000000,0.952381
0.000000,37.761906,background,0.000000,48.020000,0,0,0.000000,0.968254
0.619048,37.761906,background,0.000000,48.119999,0,0,0.015873,0.968254
1.238095,37.761906,background,0.000000,48.290001,0,0,0.031746,0.968254
1.857143,37.761906,background,0.000000,48.509998,0,0,0.047619,0.968254
2.476191,37.761906,background,0.000000,48.759998,0,0,0.063492,0.968254
3.095238,37.761906,background,0.000000,49.040001,0,0,0.079365,0.968254
3.714286,37.761906,background,0.000000,49.330002,0,0,0.095238,0.968254
4.333333,37.761906,background,0.000000,49.639999,0,0,0.111111,0.968254
4.952381,37.761906,background,0.000000,49.959999,0,0,0.126984,0.968254
5.571429,37.761906,background,0.000000,50.279999,0,0,0.142857,0.968254
6.190476,37.761906,background,0.000000,50.599998,0,0,0.158730,0.968254
6.809524,37.761906,background,0.000000,50.919998,0,0,0.174603,0.968254
7.428571,37.761906,background,0.000000,51.240002,0,0,0.190476,0.968254
8.047619,37.761906,background,0.000000,51.549999,0,0,0.206349,0.968254
8.666667,37.761906,background,0.000000,51.849998,0,0,0.222222,0.968254
9.285714,37.761906,background,0.000000,52.130001,0,0,0.238095,0.968254
9.904762,37.761906,background,0.000000,52.380001,0,0,0.253968,0.968254
10.523809,37.761906,background,0.000000,52.610001,0,0,0.269841,0.968254
11.142858,37.761906,background,0.000000,52.820000,0,0,0.285714,0.968254
11.761905,37.761906,background,0.000000,53.000000,0,0,0.301587,0.968254
12.380953,37.761906,background,0.000000,53.160000,0,0,0.317460,0.968254
13.000000,37.761906,background,0.000000,53.299999,0,0,0.333333,0.968254
13.619047,37.761906,background,0.000000,53.400002,0,0,0.349206,0.968254
14.238095,37.761906,background,0.000000,53.480000,0,0,0.365079,0.968254
14.857142,37.761906,background,0.000000,53.540001,0,0,0.380952,0.968254
15.476191,37.761906,background,0.000000,53.560001,0,0,0.396825,0.968254
16.095238,37.761906,background,0.000000,53.549999,0,0,0.412698,0.968254
16.714285,37.761906,background,0.000000,53.509998,0,0,0.428571,0.968254
17.333334,37.761906,background,0.000000,53.439999,0,0,0.444444,0.968254
17.952381,37.761906,background,0.000000,53.360001,0,0,0.460317,0.968254
18.571428,37.761906,background,0.000000,53.250000,0,0,0.476190,0.968254
19.190475,37.761906,background,0.000000,53.130001,0,0,0.492063,0.968254
19.809525,37.761906,background,0.000000,52.990002,0,0,0.507937,0.968254
20.428572,37.761906,background,0.000000,52.840000,0,0,0.523810,0.968254
21.047619,37.761906,background,0.000000,52.680000,0,0,0.539683,0.968254
21.666666,37.761906,background,0.000000,52.500000,0,0,0.555556,0.968254
22.285715,37.761906,background,0.000000,52.310001,0,0,0.571429,0.968254
22.904762,37.761906,background,0.000000,52.099998,0,0,0.587302,0.968254
23.523809,37.761906,background,0.000000,51.880001,0,0,0.603175,0.968254
24.142857,37.761906,background,0.000000,51.650002,0,0,0.619048,0.968254
24.761906,37.761906,background,0.000000,51.410000,0,0,0.634921,0.968254
25.380953,37.761906,background,0.000000,51.150002,0,0,0.650794,0.968254
26.000000,37.761906,background,0.000000,50.880001,0,0,0.666667,0.968254
26.619047,37.761906,background,0.000000,50.610001,0,0,0.682540,0.968254
27.238094,37.761906,background,0.000000,50.320000,0,0,0.698413,0.968254
27.857143,37.761906,background,0.000000,50.029999,0,0,0.714286,0.968254
28.476191,37.761906,background,0.000000,49.730000,0,0,0.730159,0.968254
29.095238,37.761906,background,0.000000,49.430000,0,0,0.746032,0.968254
29.714285,37.761906,background,0.000000,49.119999,0,0,0.761905,0.968254
30.333334,37.761906,background,0.000000,48.810001,0,0,0.777778,0.968254
30.952381,37.761906,background,0.000000,48.490002,0,0,0.793651,0.968254
31.571428,37.761906,background,0.000000,48.169998,0,0,0.809524,0.968254
32.190475,37.761906,background,0.000000,47.849998,0,0,0.825397,0.968254
32.809525,37.761906,background,0.000000,47.540001,0,0,0.841270,0.968254
33.428570,37.761906,background,0.000000,47.220001,0,0,0.857143,0.968254
34.047619,37.761906,background,0.000000,46.900002,0,0,0.873016,0.968254
34.666668,37.761906,background,0.000000,46.590000,0,0,0.888889,0.968254
35.285713,37.761906,background,0.000000,46.290001,0,0,0.904762,0.968254
35.904762,37.761906,background,0.000000,45.990002,0,0,0.920635,0.968254
36.523811,37.761906,background,0.000000,45.709999,0,0,0.936508,0.968254
37.142857,37.761906,background,0.000000,45.459999,0,0,0.952381,0.968254
37.761906,37.761906,background,0.000000,45.230000,0,0,0.968254,0.968254
38.380951,37.761906,background,0.000000,45.049999,0,0,0.984127,0.968254
39.000000,37.761906,background,0.000000,44.950001,0,0,1.000000,0.968254
0.000000,38.380951,background,0.000000,47.770000,0,0,0.000000,0.984127
0.619048,38.380951,background,0.000000,47.860001,0,0,0.015873,0.984127
1.238095,38.380951,background,0.000000,48.020000,0,0,0.031746,0.984127
1.857143,38.380951,background,0.000000,48.230000,0,0,0.047619,0.984127
2.476191,38.380951,background,0.000000,48.459999,0,0,0.063492,0.984127
3.095238,38.380951,background,0.000000,48.730000,0,0,0.079365,0.984127
3.714286,38.380951,background,0.000000,49.009998,0,0,0.095238,0.984127
4.333333,38.380951,background,0.000000,49.299999,0,0,0.111111,0.984127
4.952381,38.380951,background,0.000000,49.590000,0,0,0.126984,0.984127
5.571429,38.380951,background,0.000000,49.889999,0,0,0.142857,0.984127
6.190476,38.380951,background,0.000000,50.200001,0,0,0.158730,0.984127
6.809524,38.380951,background,0.000000,50.500000,0,0,0.174603,0.984127
7.428571,38.380951,background,0.000000,50.790001,0,0,0.190476,0.984127
8.047619,38.380951,background,0.000000,51.080002,0,0,0.206349,0.984127
8.666667,38.380951,background,0.000000,51.349998,0,0,0.222222,0.984127
9.285714,38.380951,background,0.000000,51.610001,0,0,0.238095,0.984127
9.904762,38.380951,background,0.000000,51.849998,0,0,0.253968,0.984127
10.523809,38.380951,background,0.000000,52.070000,0,0,0.269841,0.984127
11.142858,38.380951,background,0.000000,52.259998,0,0,0.285714,0.984127
11.761905,38.380951,background,0.000000,52.439999,0,0,0.301587,0.984127
12.380953,38.380951,background,0.000000,52.590000,0,0,0.317460,0.984127
13.000000,38.380951,background,0.000000,52.720001,0,0,0.333333,0.984127
13.619047,38.380951,background,0.000000,52.820000,0,0,0.349206,0.984127
14.238095,38.380951,background,0.000000,52.900002,0,0,0.365079,0.984127
14.857142,38.380951,background,0.000000,52.950001,0,0,0.380952,0.984127
15.476191,38.380951,background,0.000000,52.980000,0,0,0.396825,0.984127
16.095238,38.380951,background,0.000000,52.970001,0,0,0.412698,0.984127
16.714285,38.380951,background,0.000000,52.950001,0,0,0.428571,0.984127
17.333334,38.380951,background,0.000000,52.889999,0,0,0.444444,0.984127
17.952381,38.380951,background,0.000000,52.820000,0,0,0.460317,0.984127
18.571428,38.380951,background,0.000000,52.730000,0,0,0.476190,0.984127
19.190475,38.380951,background,0.000000,52.619999,0,0,0.492063,0.984127
19.809525,38.380951,background,0.000000,52.490002,0,0,0.507937,0.984127
20.428572,38.380951,background,0.000000,52.349998,0,0,0.523810,0.984127
21.047619,38.380951,background,0.000000,52.200001,0,0,0.539683,0.984127
21.666666,38.380951,background,0.000000,52.029999,0,0,0.555556,0.984127
22.285715,38.380951,background,0.000000,51.849998,0,0,0.571429,0.984127
22.904762,38.380951,background,0.000000,51.650002,0,0,0.587302,0.984127
23.523809,38.380951,background,0.000000,51.439999,0,0,0.603175,0.984127
24.142857,38.380951,background,0.000000,51.220001,0,0,0.619048,0.984127
24.761906,38.380951,background,0.000000,50.980000,0,0,0.634921,0.984127
25.380953,38.380951,background,0.000000,50.740002,0,0,0.650794,0.984127
26.000000,38.380951,background,0.000000,50.480000,0,0,0.666667,0.984127
26.619047,38.380951,background,0.000000,50.220001,0,0,0.682540,0.984127
27.238094,38.380951,background,0.000000,49.950001,0,0,0.698413,0.984127
27.857143,38.380951,background,0.000000,49.669998,0,0,0.714286,0.984127
28.476191,38.380951,background,0.000000,49.380001,0,0,0.730159,0.984127
29.095238,38.380951,background,0.000000,49.090000,0,0,0.746032,0.984127
29.714285,38.380951,background,0.000000,48.790001,0,0,0.761905,0.984127
30.333334,38.380951,background,0.000000,48.490002,0,0,0.777778,0.984127
30.952381,38.380951,background,0.000000,48.189999,0,0,0.793651,0.984127
31.571428,38.380951,background,0.000000,47.880001,0,0,0.809524,0.984127
32.190475,38.380951,background,0.000000,47.580002,0,0,0.825397,0.984127
32.809525,38.380951,background,0.000000,47.270000,0,0,0.841270,0.984127
33.428570,38.380951,background,0.000000,46.970001,0,0,0.857143,0.984127
34.047619,38.380951,background,0.000000,46.660000,0,0,0.873016,0.984127
34.666668,38.380951,background,0.000000,46.369999,0,0,0.888889,0.984127
35.285713,38.380951,background,0.000000,46.070000,0,0,0.904762,0.984127
35.904762,38.380951,background,0.000000,45.790001,0,0,0.920635,0.984127
36.523811,38.380951,background,0.000000,45.520000,0,0,0.936508,0.984127
37.142857,38.380951,background,0.000000,45.270000,0,0,0.952381,0.984127
37.761906,38.380951,background,0.000000,45.060001,0,0,0.968254,0.984127
38.380951,38.380951,background,0.000000,44.889999,0,0,0.984127,0.984127
39.000000,38.380951,background,0.000000,44.790001,0,0,1.000000,0.984127
0.000000,39.000000,background,0.000000,47.610001,0,0,0.000000,1.000000
0.619048,39.000000,background,0.000000,47.700001,0,0,0.015873,1.000000
1.238095,39.000000,background,0.000000,47.860001,0,0,0.031746,1.000000
1.857143,39.000000,background,0.000000,48.060001,0,0,0.047619,1.000000
2.476191,39.000000,background,0.000000,48.290001,0,0,0.063492,1.000000
3.095238,39.000000,background,0.000000,48.540001,0,0,0.079365,1.000000
3.714286,39.000000,background,0.000000,48.810001,0,0,0.095238,1.000000
4.333333,39.000000,background,0.000000,49.090000,0,0,0.111111,1.000000
4.952381,39.000000,background,0.000000,49.380001,0,0,0.126984,1.000000
5.571429,39.000000,background,0.000000,49.669998,0,0,0.142857,1.000000
6.190476,39.000000,background,0.000000,49.959999,0,0,0.158730,1.000000
6.809524,39.000000,background,0.000000,50.250000,0,0,0.174603,1.000000
7.428571,39.000000,background,0.000000,50.529999,0,0,0.190476,1.000000
8.047619,39.000000,background,0.000000,50.810001,0,0,0.206349,1.000000
8.666667,39.000000,background,0.000000,51.070000,0,0,0.222222,1.000000
9.285714,39.000000,background,0.000000,51.320000,0,0,0.238095,1.000000
9.904762,39.000000,background,0.000000,51.549999,0,0,0.253968,1.000000
10.523809,39.000000,background,0.000000,51.759998,0,0,0.269841,1.000000
11.142858,39.000000,background,0.000000,51.950001,0,0,0.285714,1.000000
11.761905,39.000000,background,0.000000,52.119999,0,0,0.301587,1.000000
12.380953,39.000000,background,0.000000,52.270000,0,0,0.317460,1.000000
13.000000,39.000000,background,0.000000,52.389999,0,0,0.333333,1.000000
13.619047,39.000000,background,0.000000,52.490002,0,0,0.349206,1.000000
14.238095,39.000000,background,0.000000,52.570000,0,0,0.365079,1.000000
14.857142,39.000000,background,0.000000,52.619999,0,0,0.380952,1.000000
15.476191,39.000000,background,0.000000,52.650002,0,0,0.396825,1.000000
16.095238,39.000000,background,0.000000,52.650002,0,0,0.412698,1.000000
16.714285,39.000000,background,0.000000,52.619999,0,0,0.428571,1.000000
17.333334,39.000000,background,0.000000,52.580002,0,0,0.444444,1.000000
17.952381,39.000000,background,0.000000,52.509998,0,0,0.460317,1.000000
18.571428,39.000000,background,0.000000,52.419998,0,0,0.476190,1.000000
19.190475,39.000000,background,0.000000,52.320000,0,0,0.492063,1.000000
19.809525,39.000000,background,0.000000,52.200001,0,0,0.507937,1.000000
20.428572,39.000000,background,0.000000,52.070000,0,0,0.523810,1.000000
21.047619,39.000000,background,0.000000,51.919998,0,0,0.539683,1.000000
21.666666,39.000000,background,0.000000,51.750000,0,0,0.555556,1.000000
22.285715,39.000000,background,0.000000,51.570000,0,0,0.571429,1.000000
22.904762,39.000000,background,0.000000,51.380001,0,0,0.587302,1.000000
23.523809,39.000000,background,0.000000,51.180000,0,0,0.603175,1.000000
24.142857,39.000000,background,0.000000,50.959999,0,0,0.619048,1.000000
24.761906,39.000000,background,0.000000,50.730000,0,0,0.634921,1.000000
25.380953,39.000000,background,0.000000,50.500000,0,0,0.650794,1.000000
26.000000,39.000000,background,0.000000,50.250000,0,0,0.666667,1.000000
26.619047,39.000000,background,0.000000,49.990002,0,0,0.682540,1.000000
27.238094,39.000000,background,0.000000,49.720001,0,0,0.698413,1.000000
27.857143,39.000000,background,0.000000,49.450001,0,0,0.714286,1.000000
28.476191,39.000000,background,0.000000,49.169998,0,0,0.730159,1.000000
29.095238,39.000000,background,0.000000,48.889999,0,0,0.746032,1.000000
29.714285,39.000000,background,0.000000,48.599998,0,0,0.761905,1.000000
30.333334,39.000000,background,0.000000,48.310001,0,0,0.777778,1.000000
30.952381,39.000000,background,0.000000,48.009998,0,0,0.793651,1.000000
31.571428,39.000000,background,0.000000,47.709999,0,0,0.809524,1.000000
32.190475,39.000000,background,0.000000,47.410000,0,0,0.825397,1.000000
32.809525,39.000000,background,0.000000,47.119999,0,0,0.841270,1.000000
33.428570,39.000000,background,0.000000,46.820000,0,0,0.857143,1.000000
34.047619,39.000000,background,0.000000,46.520000,0,0,0.873016,1.000000
34.666668,39.000000,background,0.000000,46.230000,0,0,0.888889,1.000000
35.285713,39.000000,background,0.000000,45.950001,0,0,0.904762,1.000000
35.904762,39.000000,background,0.000000,45.669998,0,0,0.920635,1.000000
36.523811,39.000000,background,0.000000,45.410000,0,0,0.936508,1.000000
37.142857,39.000000,background,0.000000,45.169998,0,0,0.952381,1.000000
37.761906,39.000000,background,0.000000,44.950001,0,0,0.968254,1.000000
38.380951,39.000000,background,0.000000,44.790001,0,0,0.984127,1.000000
39.000000,39.000000,background,0.000000,44.689999,0,0,1.000000,1.000000
