grid_x,grid_y,chiplet_id,chiplet_power,temperature,occupancy_mask,edge_mask,coord_x_norm,coord_y_norm
0.000000,0.000000,background,0.000000,46.310001,0,0,0.000000,0.000000
0.666667,0.000000,background,0.000000,46.400002,0,0,0.015873,0.000000
1.333333,0.000000,background,0.000000,46.560001,0,0,0.031746,0.000000
2.000000,0.000000,background,0.000000,46.759998,0,0,0.047619,0.000000
2.666667,0.000000,background,0.000000,46.980000,0,0,0.063492,0.000000
3.333333,0.000000,background,0.000000,47.209999,0,0,0.079365,0.000000
4.000000,0.000000,background,0.000000,47.450001,0,0,0.095238,0.000000
4.666667,0.000000,background,0.000000,47.700001,0,0,0.111111,0.000000
5.333333,0.000000,background,0.000000,47.939999,0,0,0.126984,0.000000
6.000000,0.000000,background,0.000000,48.180000,0,0,0.142857,0.000000
6.666667,0.000000,background,0.000000,48.419998,0,0,0.158730,0.000000
7.333333,0.000000,background,0.000000,48.660000,0,0,0.174603,0.000000
8.000000,0.000000,background,0.000000,48.880001,0,0,0.190476,0.000000
8.666667,0.000000,background,0.000000,49.099998,0,0,0.206349,0.000000
9.333333,0.000000,background,0.000000,49.310001,0,0,0.222222,0.000000
10.000000,0.000000,background,0.000000,49.520000,0,0,0.238095,0.000000
10.666667,0.000000,background,0.000000,49.709999,0,0,0.253968,0.000000
11.333333,0.000000,background,0.000000,49.900002,0,0,0.269841,0.000000
12.000000,0.000000,background,0.000000,50.080002,0,0,0.285714,0.000000
12.666667,0.000000,background,0.000000,50.250000,0,0,0.301587,0.000000
13.333333,0.000000,background,0.000000,50.419998,0,0,0.317460,0.000000
14.000000,0.000000,background,0.000000,50.580002,0,0,0.333333,0.000000
14.666667,0.000000,background,0.000000,50.720001,0,0,0.349206,0.000000
15.333333,0.000000,background,0.000000,50.869999,0,0,0.365079,0.000000
16.000000,0.000000,background,0.000000,51.000000,0,0,0.380952,0.000000
16.666666,0.000000,background,0.000000,51.130001,0,0,0.396825,0.000000
17.333334,0.000000,background,0.000000,51.250000,0,0,0.412698,0.000000
18.000000,0.000000,background,0.000000,51.360001,0,0,0.428571,0.000000
18.666666,0.000000,background,0.000000,51.470001,0,0,0.444444,0.000000
19.333334,0.000000,background,0.000000,51.580002,0,0,0.460317,0.000000
20.000000,0.000000,background,0.000000,51.680000,0,0,0.476190,0.000000
20.666666,0.000000,background,0.000000,51.779999,0,0,0.492063,0.000000
21.333334,0.000000,background,0.000000,51.869999,0,0,0.507937,0.000000
22.000000,0.000000,background,0.000000,51.959999,0,0,0.523810,0.000000
22.666666,0.000000,background,0.000000,52.049999,0,0,0.539683,0.000000
23.333334,0.000000,background,0.000000,52.150002,0,0,0.555556,0.000000
24.000000,0.000000,background,0.000000,52.240002,0,0,0.571429,0.000000
24.666666,0.000000,background,0.000000,52.349998,0,0,0.587302,0.000000
25.333334,0.000000,background,0.000000,52.459999,0,0,0.603175,0.000000
26.000000,0.000000,background,0.000000,52.580002,0,0,0.619048,0.000000
26.666666,0.000000,background,0.000000,52.709999,0,0,0.634921,0.000000
27.333334,0.000000,background,0.000000,52.830002,0,0,0.650794,0.000000
28.000000,0.000000,background,0.000000,52.919998,0,0,0.666667,0.000000
28.666666,0.000000,background,0.000000,52.980000,0,0,0.682540,0.000000
29.333334,0.000000,background,0.000000,53.000000,0,0,0.698413,0.000000
30.000000,0.000000,background,0.000000,52.980000,0,0,0.714286,0.000000
30.666666,0.000000,background,0.000000,52.939999,0,0,0.730159,0.000000
31.333334,0.000000,background,0.000000,52.869999,0,0,0.746032,0.000000
32.000000,0.000000,background,0.000000,52.770000,0,0,0.761905,0.000000
32.666668,0.000000,background,0.000000,52.650002,0,0,0.777778,0.000000
33.333332,0.000000,background,0.000000,52.509998,0,0,0.793651,0.000000
34.000000,0.000000,background,0.000000,52.349998,0,0,0.809524,0.000000
34.666668,0.000000,background,0.000000,52.160000,0,0,0.825397,0.000000
35.333332,0.000000,background,0.000000,51.950001,0,0,0.841270,0.000000
36.000000,0.000000,background,0.000000,51.720001,0,0,0.857143,0.000000
36.666668,0.000000,background,0.000000,51.459999,0,0,0.873016,0.000000
37.333332,0.000000,background,0.000000,51.180000,0,0,0.888889,0.000000
38.000000,0.000000,background,0.000000,50.880001,0,0,0.904762,0.000000
38.666668,0.000000,background,0.000000,50.549999,0,0,0.920635,0.000000
39.333332,0.000000,background,0.000000,50.209999,0,0,0.936508,0.000000
40.000000,0.000000,background,0.000000,49.889999,0,0,0.952381,0.000000
40.666668,0.000000,background,0.000000,49.599998,0,0,0.968254,0.000000
41.333332,0.000000,background,0.000000,49.380001,0,0,0.984127,0.000000
42.000000,0.000000,background,0.000000,49.250000,0,0,1.000000,0.000000
0.000000,0.666667,background,0.000000,46.450001,0,0,0.000000,0.015873
0.666667,0.666667,background,0.000000,46.549999,0,0,0.015873,0.015873
1.333333,0.666667,background,0.000000,46.709999,0,0,0.031746,0.015873
2.000000,0.666667,background,0.000000,46.910000,0,0,0.047619,0.015873
2.666667,0.666667,background,0.000000,47.139999,0,0,0.063492,0.015873
3.333333,0.666667,background,0.000000,47.380001,0,0,0.079365,0.015873
4.000000,0.666667,background,0.000000,47.630001,0,0,0.095238,0.015873
4.666667,0.666667,background,0.000000,47.889999,0,0,0.111111,0.015873
5.333333,0.666667,background,0.000000,48.139999,0,0,0.126984,0.015873
6.000000,0.666667,background,0.000000,48.389999,0,0,0.142857,0.015873
6.666667,0.666667,background,0.000000,48.630001,0,0,0.158730,0.015873
7.333333,0.666667,background,0.000000,48.869999,0,0,0.174603,0.015873
8.000000,0.666667,background,0.000000,49.099998,0,0,0.190476,0.015873
8.666667,0.666667,background,0.000000,49.330002,0,0,0.206349,0.015873
9.333333,0.666667,background,0.000000,49.540001,0,0,0.222222,0.015873
10.000000,0.666667,background,0.000000,49.750000,0,0,0.238095,0.015873
10.666667,0.666667,background,0.000000,49.950001,0,0,0.253968,0.015873
11.333333,0.666667,background,0.000000,50.150002,0,0,0.269841,0.015873
12.000000,0.666667,background,0.000000,50.330002,0,0,0.285714,0.015873
12.666667,0.666667,background,0.000000,50.509998,0,0,0.301587,0.015873
13.333333,0.666667,background,0.000000,50.680000,0,0,0.317460,0.015873
14.000000,0.666667,background,0.000000,50.840000,0,0,0.333333,0.015873
14.666667,0.666667,background,0.000000,50.990002,0,0,0.349206,0.015873
15.333333,0.666667,background,0.000000,51.130001,0,0,0.365079,0.015873
16.000000,0.666667,background,0.000000,51.270000,0,0,0.380952,0.015873
16.666666,0.666667,background,0.000000,51.400002,0,0,0.396825,0.015873
17.333334,0.666667,background,0.000000,51.529999,0,0,0.412698,0.015873
18.000000,0.666667,background,0.000000,51.639999,0,0,0.428571,0.015873
18.666666,0.666667,background,0.000000,51.759998,0,0,0.444444,0.015873
19.333334,0.666667,background,0.000000,51.860001,0,0,0.460317,0.015873
20.000000,0.666667,background,0.000000,51.959999,0,0,0.476190,0.015873
20.666666,0.666667,background,0.000000,52.060001,0,0,0.492063,0.015873
21.333334,0.666667,background,0.000000,52.160000,0,0,0.507937,0.015873
22.000000,0.666667,background,0.000000,52.250000,0,0,0.523810,0.015873
22.666666,0.666667,background,0.000000,52.349998,0,0,0.539683,0.015873
23.333334,0.666667,background,0.000000,52.450001,0,0,0.555556,0.015873
24.000000,0.666667,background,0.000000,52.549999,0,0,0.571429,0.015873
24.666666,0.666667,background,0.000000,52.660000,0,0,0.587302,0.015873
25.333334,0.666667,background,0.000000,52.790001,0,0,0.603175,0.015873
26.000000,0.666667,background,0.000000,52.930000,0,0,0.619048,0.015873
26.666666,0.666667,background,0.000000,53.090000,0,0,0.634921,0.015873
27.333334,0.666667,background,0.000000,53.250000,0,0,0.650794,0.015873
28.000000,0.666667,background,0.000000,53.369999,0,0,0.666667,0.015873
28.666666,0.666667,background,0.000000,53.439999,0,0,0.682540,0.015873
29.333334,0.666667,background,0.000000,53.459999,0,0,0.698413,0.015873
30.000000,0.666667,background,0.000000,53.450001,0,0,0.714286,0.015873
30.666666,0.666667,background,0.000000,53.410000,0,0,0.730159,0.015873
31.333334,0.666667,background,0.000000,53.330002,0,0,0.746032,0.015873
32.000000,0.666667,background,0.000000,53.240002,0,0,0.761905,0.015873
32.666668,0.666667,background,0.000000,53.110001,0,0,0.777778,0.015873
33.333332,0.666667,background,0.000000,52.970001,0,0,0.793651,0.015873
34.000000,0.666667,background,0.000000,52.799999,0,0,0.809524,0.015873
34.666668,0.666667,background,0.000000,52.610001,0,0,0.825397,0.015873
35.333332,0.666667,background,0.000000,52.389999,0,0,0.841270,0.015873
36.000000,0.666667,background,0.000000,52.150002,0,0,0.857143,0.015873
36.666668,0.666667,background,0.000000,51.889999,0,0,0.873016,0.015873
37.333332,0.666667,background,0.000000,51.599998,0,0,0.888889,0.015873
38.000000,0.666667,background,0.000000,51.270000,0,0,0.904762,0.015873
38.666668,0.666667,background,0.000000,50.919998,0,0,0.920635,0.015873
39.333332,0.666667,background,0.000000,50.540001,0,0,0.936508,0.015873
40.000000,0.666667,background,0.000000,50.169998,0,0,0.952381,0.015873
40.666668,0.666667,background,0.000000,49.860001,0,0,0.968254,0.015873
41.333332,0.666667,background,0.000000,49.610001,0,0,0.984127,0.015873
42.000000,0.666667,background,0.000000,49.470001,0,0,1.000000,0.015873
0.000000,1.333333,background,0.000000,46.700001,0,0,0.000000,0.031746
0.666667,1.333333,background,0.000000,46.799999,0,0,0.015873,0.031746
1.333333,1.333333,background,0.000000,46.970001,0,0,0.031746,0.031746
2.000000,1.333333,background,0.000000,47.180000,0,0,0.047619,0.031746
2.666667,1.333333,background,0.000000,47.419998,0,0,0.063492,0.031746
3.333333,1.333333,background,0.000000,47.680000,0,0,0.079365,0.031746
4.000000,1.333333,background,0.000000,47.939999,0,0,0.095238,0.031746
4.666667,1.333333,background,0.000000,48.200001,0,0,0.111111,0.031746
5.333333,1.333333,background,0.000000,48.459999,0,0,0.126984,0.031746
6.000000,1.333333,background,0.000000,48.720001,0,0,0.142857,0.031746
6.666667,1.333333,background,0.000000,48.980000,0,0,0.158730,0.031746
7.333333,1.333333,background,0.000000,49.230000,0,0,0.174603,0.031746
8.000000,1.333333,background,0.000000,49.470001,0,0,0.190476,0.031746
8.666667,1.333333,background,0.000000,49.700001,0,0,0.206349,0.031746
9.333333,1.333333,background,0.000000,49.930000,0,0,0.222222,0.031746
10.000000,1.333333,background,0.000000,50.150002,0,0,0.238095,0.031746
10.666667,1.333333,background,0.000000,50.360001,0,0,0.253968,0.031746
11.333333,1.333333,background,0.000000,50.560001,0,0,0.269841,0.031746
12.000000,1.333333,background,0.000000,50.750000,0,0,0.285714,0.031746
12.666667,1.333333,background,0.000000,50.930000,0,0,0.301587,0.031746
13.333333,1.333333,background,0.000000,51.110001,0,0,0.317460,0.031746
14.000000,1.333333,background,0.000000,51.279999,0,0,0.333333,0.031746
14.666667,1.333333,background,0.000000,51.430000,0,0,0.349206,0.031746
15.333333,1.333333,background,0.000000,51.580002,0,0,0.365079,0.031746
16.000000,1.333333,background,0.000000,51.730000,0,0,0.380952,0.031746
16.666666,1.333333,background,0.000000,51.860001,0,0,0.396825,0.031746
17.333334,1.333333,background,0.000000,51.990002,0,0,0.412698,0.031746
18.000000,1.333333,background,0.000000,52.110001,0,0,0.428571,0.031746
18.666666,1.333333,background,0.000000,52.230000,0,0,0.444444,0.031746
19.333334,1.333333,background,0.000000,52.340000,0,0,0.460317,0.031746
20.000000,1.333333,background,0.000000,52.439999,0,0,0.476190,0.031746
20.666666,1.333333,background,0.000000,52.549999,0,0,0.492063,0.031746
21.333334,1.333333,background,0.000000,52.650002,0,0,0.507937,0.031746
22.000000,1.333333,background,0.000000,52.750000,0,0,0.523810,0.031746
22.666666,1.333333,background,0.000000,52.849998,0,0,0.539683,0.031746
23.333334,1.333333,background,0.000000,52.950001,0,0,0.555556,0.031746
24.000000,1.333333,background,0.000000,53.060001,0,0,0.571429,0.031746
24.666666,1.333333,background,0.000000,53.189999,0,0,0.587302,0.031746
25.333334,1.333333,background,0.000000,53.340000,0,0,0.603175,0.031746
26.000000,1.333333,background,0.000000,53.529999,0,0,0.619048,0.031746
26.666666,1.333333,background,0.000000,53.759998,0,0,0.634921,0.031746
27.333334,1.333333,background,0.000000,54.020000,0,0,0.650794,0.031746
28.000000,1.333333,background,0.000000,54.200001,0,0,0.666667,0.031746
28.666666,1.333333,background,0.000000,54.299999,0,0,0.682540,0.031746
29.333334,1.333333,background,0.000000,54.330002,0,0,0.698413,0.031746
30.000000,1.333333,background,0.000000,54.320000,0,0,0.714286,0.031746
30.666666,1.333333,background,0.000000,54.270000,0,0,0.730159,0.031746
31.333334,1.333333,background,0.000000,54.189999,0,0,0.746032,0.031746
32.000000,1.333333,background,0.000000,54.090000,0,0,0.761905,0.031746
32.666668,1.333333,background,0.000000,53.959999,0,0,0.777778,0.031746
33.333332,1.333333,background,0.000000,53.810001,0,0,0.793651,0.031746
34.000000,1.333333,background,0.000000,53.630001,0,0,0.809524,0.031746
34.666668,1.333333,background,0.000000,53.430000,0,0,0.825397,0.031746
35.333332,1.333333,background,0.000000,53.209999,0,0,0.841270,0.031746
36.000000,1.333333,background,0.000000,52.959999,0,0,0.857143,0.031746
36.666668,1.333333,background,0.000000,52.680000,0,0,0.873016,0.031746
37.333332,1.333333,background,0.000000,52.369999,0,0,0.888889,0.031746
38.000000,1.333333,background,0.000000,52.020000,0,0,0.904762,0.031746
38.666668,1.333333,background,0.000000,51.610001,0,0,0.920635,0.031746
39.333332,1.333333,background,0.000000,51.130001,0,0,0.936508,0.031746
40.000000,1.333333,background,0.000000,50.680000,0,0,0.952381,0.031746
40.666668,1.333333,background,0.000000,50.290001,0,0,0.968254,0.031746
41.333332,1.333333,background,0.000000,50.009998,0,0,0.984127,0.031746
42.000000,1.333333,background,0.000000,49.849998,0,0,1.000000,0.031746
0.000000,2.000000,background,0.000000,47.000000,0,0,0.000000,0.047619
0.666667,2.000000,background,0.000000,47.110001,0,0,0.015873,0.047619
1.333333,2.000000,background,0.000000,47.290001,0,0,0.031746,0.047619
2.000000,2.000000,background,0.000000,47.520000,0,0,0.047619,0.047619
2.666667,2.000000,background,0.000000,47.779999,0,0,0.063492,0.047619
3.333333,2.000000,background,0.000000,48.049999,0,0,0.079365,0.047619
4.000000,2.000000,background,0.000000,48.320000,0,0,0.095238,0.047619
4.666667,2.000000,background,0.000000,48.599998,0,0,0.111111,0.047619
5.333333,2.000000,background,0.000000,48.880001,0,0,0.126984,0.047619
6.000000,2.000000,background,0.000000,49.150002,0,0,0.142857,0.047619
6.666667,2.000000,background,0.000000,49.419998,0,0,0.158730,0.047619
7.333333,2.000000,background,0.000000,49.680000,0,0,0.174603,0.047619
8.000000,2.000000,background,0.000000,49.939999,0,0,0.190476,0.047619
8.666667,2.000000,background,0.000000,50.189999,0,0,0.206349,0.047619
9.333333,2.000000,background,0.000000,50.419998,0,0,0.222222,0.047619
10.000000,2.000000,background,0.000000,50.650002,0,0,0.238095,0.047619
10.666667,2.000000,background,0.000000,50.869999,0,0,0.253968,0.047619
11.333333,2.000000,background,0.000000,51.080002,0,0,0.269841,0.047619
12.000000,2.000000,background,0.000000,51.279999,0,0,0.285714,0.047619
12.666667,2.000000,background,0.000000,51.480000,0,0,0.301587,0.047619
13.333333,2.000000,background,0.000000,51.660000,0,0,0.317460,0.047619
14.000000,2.000000,background,0.000000,51.830002,0,0,0.333333,0.047619
14.666667,2.000000,background,0.000000,52.000000,0,0,0.349206,0.047619
15.333333,2.000000,background,0.000000,52.150002,0,0,0.365079,0.047619
16.000000,2.000000,background,0.000000,52.299999,0,0,0.380952,0.047619
16.666666,2.000000,background,0.000000,52.439999,0,0,0.396825,0.047619
17.333334,2.000000,background,0.000000,52.580002,0,0,0.412698,0.047619
18.000000,2.000000,background,0.000000,52.700001,0,0,0.428571,0.047619
18.666666,2.000000,background,0.000000,52.820000,0,0,0.444444,0.047619
19.333334,2.000000,background,0.000000,52.939999,0,0,0.460317,0.047619
20.000000,2.000000,background,0.000000,53.049999,0,0,0.476190,0.047619
20.666666,2.000000,background,0.000000,53.160000,0,0,0.492063,0.047619
21.333334,2.000000,background,0.000000,53.259998,0,0,0.507937,0.047619
22.000000,2.000000,background,0.000000,53.369999,0,0,0.523810,0.047619
22.666666,2.000000,background,0.000000,53.470001,0,0,0.539683,0.047619
23.333334,2.000000,background,0.000000,53.590000,0,0,0.555556,0.047619
24.000000,2.000000,background,0.000000,53.709999,0,0,0.571429,0.047619
24.666666,2.000000,background,0.000000,53.860001,0,0,0.587302,0.047619
25.333334,2.000000,background,0.000000,54.049999,0,0,0.603175,0.047619
26.000000,2.000000,background,0.000000,54.310001,0,0,0.619048,0.047619
26.666666,2.000000,background,0.000000,54.660000,0,0,0.634921,0.047619
27.333334,2.000000,background,0.000000,55.110001,0,0,0.650794,0.047619
28.000000,2.000000,background,0.000000,55.389999,0,0,0.666667,0.047619
28.666666,2.000000,background,0.000000,55.509998,0,0,0.682540,0.047619
29.333334,2.000000,background,0.000000,55.540001,0,0,0.698413,0.047619
30.000000,2.000000,background,0.000000,55.529999,0,0,0.714286,0.047619
30.666666,2.000000,background,0.000000,55.480000,0,0,0.730159,0.047619
31.333334,2.000000,background,0.000000,55.389999,0,0,0.746032,0.047619
32.000000,2.000000,background,0.000000,55.279999,0,0,0.761905,0.047619
32.666668,2.000000,background,0.000000,55.150002,0,0,0.777778,0.047619
33.333332,2.000000,background,0.000000,54.980000,0,0,0.793651,0.047619
34.000000,2.000000,background,0.000000,54.799999,0,0,0.809524,0.047619
34.666668,2.000000,background,0.000000,54.590000,0,0,0.825397,0.047619
35.333332,2.000000,background,0.000000,54.349998,0,0,0.841270,0.047619
36.000000,2.000000,background,0.000000,54.080002,0,0,0.857143,0.047619
36.666668,2.000000,background,0.000000,53.790001,0,0,0.873016,0.047619
37.333332,2.000000,background,0.000000,53.459999,0,0,0.888889,0.047619
38.000000,2.000000,background,0.000000,53.080002,0,0,0.904762,0.047619
38.666668,2.000000,background,0.000000,52.610001,0,0,0.920635,0.047619
39.333332,2.000000,background,0.000000,51.950001,0,0,0.936508,0.047619
40.000000,2.000000,background,0.000000,51.340000,0,0,0.952381,0.047619
40.666668,2.000000,background,0.000000,50.849998,0,0,0.968254,0.047619
41.333332,2.000000,background,0.000000,50.509998,0,0,0.984127,0.047619
42.000000,2.000000,background,0.000000,50.330002,0,0,1.000000,0.047619
0.000000,2.666667,background,0.000000,47.349998,0,0,0.000000,0.063492
0.666667,2.666667,background,0.000000,47.470001,0,0,0.015873,0.063492
1.333333,2.666667,background,0.000000,47.669998,0,0,0.031746,0.063492
2.000000,2.666667,background,0.000000,47.910000,0,0,0.047619,0.063492
2.666667,2.666667,background,0.000000,48.180000,0,0,0.063492,0.063492
3.333333,2.666667,background,0.000000,48.470001,0,0,0.079365,0.063492
4.000000,2.666667,background,0.000000,48.770000,0,0,0.095238,0.063492
4.666667,2.666667,background,0.000000,49.060001,0,0,0.111111,0.063492
5.333333,2.666667,background,0.000000,49.360001,0,0,0.126984,0.063492
6.000000,2.666667,background,0.000000,49.650002,0,0,0.142857,0.063492
6.666667,2.666667,background,0.000000,49.930000,0,0,0.158730,0.063492
7.333333,2.666667,background,0.000000,50.209999,0,0,0.174603,0.063492
8.000000,2.666667,background,0.000000,50.480000,0,0,0.190476,0.063492
8.666667,2.666667,background,0.000000,50.740002,0,0,0.206349,0.063492
9.333333,2.666667,background,0.000000,50.990002,0,0,0.222222,0.063492
10.000000,2.666667,background,0.000000,51.230000,0,0,0.238095,0.063492
10.666667,2.666667,background,0.000000,51.459999,0,0,0.253968,0.063492
11.333333,2.666667,background,0.000000,51.689999,0,0,0.269841,0.063492
12.000000,2.666667,GPU_1,300.000000,51.900002,1,1,0.285714,0.063492
12.666667,2.666667,GPU_1,300.000000,52.099998,1,1,0.301587,0.063492
13.333333,2.666667,GPU_1,300.000000,52.290001,1,1,0.317460,0.063492
14.000000,2.666667,GPU_1,300.000000,52.470001,1,1,0.333333,0.063492
14.666667,2.666667,GPU_1,300.000000,52.639999,1,1,0.349206,0.063492
15.333333,2.666667,GPU_1,300.000000,52.810001,1,1,0.365079,0.063492
16.000000,2.666667,GPU_1,300.000000,52.959999,1,1,0.380952,0.063492
16.666666,2.666667,GPU_1,300.000000,53.110001,1,1,0.396825,0.063492
17.333334,2.666667,GPU_1,300.000000,53.250000,1,1,0.412698,0.063492
18.000000,2.666667,GPU_1,300.000000,53.380001,1,1,0.428571,0.063492
18.666666,2.666667,GPU_1,300.000000,53.509998,1,1,0.444444,0.063492
19.333334,2.666667,GPU_1,300.000000,53.630001,1,1,0.460317,0.063492
20.000000,2.666667,GPU_1,300.000000,53.740002,1,1,0.476190,0.063492
20.666666,2.666667,GPU_1,300.000000,53.849998,1,1,0.492063,0.063492
21.333334,2.666667,GPU_1,300.000000,53.959999,1,1,0.507937,0.063492
22.000000,2.666667,GPU_1,300.000000,54.070000,1,1,0.523810,0.063492
22.666666,2.666667,GPU_1,300.000000,54.189999,1,1,0.539683,0.063492
23.333334,2.666667,GPU_1,300.000000,54.310001,1,1,0.555556,0.063492
24.000000,2.666667,GPU_1,300.000000,54.450001,1,1,0.571429,0.063492
24.666666,2.666667,GPU_1,300.000000,54.619999,1,1,0.587302,0.063492
25.333334,2.666667,GPU_1,300.000000,54.849998,1,1,0.603175,0.063492
26.000000,2.666667,GPU_1,300.000000,55.169998,1,1,0.619048,0.063492
26.666666,2.666667,GPU_1,300.000000,55.639999,1,1,0.634921,0.063492
27.333334,2.666667,GPU_1,300.000000,56.130001,1,1,0.650794,0.063492
28.000000,2.666667,GPU_1,300.000000,56.410000,1,1,0.666667,0.063492
28.666666,2.666667,GPU_1,300.000000,56.509998,1,1,0.682540,0.063492
29.333334,2.666667,GPU_1,300.000000,56.540001,1,1,0.698413,0.063492
30.000000,2.666667,background,0.000000,56.509998,0,1,0.714286,0.063492
30.666666,2.666667,background,0.000000,56.459999,0,0,0.730159,0.063492
31.333334,2.666667,background,0.000000,56.369999,0,0,0.746032,0.063492
32.000000,2.666667,background,0.000000,56.250000,0,0,0.761905,0.063492
32.666668,2.666667,background,0.000000,56.110001,0,0,0.777778,0.063492
33.333332,2.666667,background,0.000000,55.939999,0,0,0.793651,0.063492
34.000000,2.666667,background,0.000000,55.750000,0,0,0.809524,0.063492
34.666668,2.666667,background,0.000000,55.529999,0,0,0.825397,0.063492
35.333332,2.666667,background,0.000000,55.279999,0,0,0.841270,0.063492
36.000000,2.666667,background,0.000000,55.009998,0,0,0.857143,0.063492
36.666668,2.666667,background,0.000000,54.700001,0,0,0.873016,0.063492
37.333332,2.666667,background,0.000000,54.369999,0,0,0.888889,0.063492
38.000000,2.666667,background,0.000000,53.980000,0,0,0.904762,0.063492
38.666668,2.666667,background,0.000000,53.500000,0,0,0.920635,0.063492
39.333332,2.666667,background,0.000000,52.740002,0,0,0.936508,0.063492
40.000000,2.666667,background,0.000000,52.070000,0,0,0.952381,0.063492
40.666668,2.666667,background,0.000000,51.480000,0,0,0.968254,0.063492
41.333332,2.666667,background,0.000000,51.080002,0,0,0.984127,0.063492
42.000000,2.666667,background,0.000000,50.860001,0,0,1.000000,0.063492
0.000000,3.333333,background,0.000000,47.740002,0,0,0.000000,0.079365
0.666667,3.333333,background,0.000000,47.869999,0,0,0.015873,0.079365
1.333333,3.333333,background,0.000000,48.080002,0,0,0.031746,0.079365
2.000000,3.333333,background,0.000000,48.340000,0,0,0.047619,0.079365
2.666667,3.333333,background,0.000000,48.630001,0,0,0.063492,0.079365
3.333333,3.333333,background,0.000000,48.939999,0,0,0.079365,0.079365
4.000000,3.333333,background,0.000000,49.250000,0,0,0.095238,0.079365
4.666667,3.333333,background,0.000000,49.570000,0,0,0.111111,0.079365
5.333333,3.333333,background,0.000000,49.880001,0,0,0.126984,0.079365
6.000000,3.333333,background,0.000000,50.189999,0,0,0.142857,0.079365
6.666667,3.333333,background,0.000000,50.490002,0,0,0.158730,0.079365
7.333333,3.333333,background,0.000000,50.790001,0,0,0.174603,0.079365
8.000000,3.333333,background,0.000000,51.070000,0,0,0.190476,0.079365
8.666667,3.333333,background,0.000000,51.349998,0,0,0.206349,0.079365
9.333333,3.333333,background,0.000000,51.610001,0,0,0.222222,0.079365
10.000000,3.333333,background,0.000000,51.869999,0,0,0.238095,0.079365
10.666667,3.333333,background,0.000000,52.110001,0,0,0.253968,0.079365
11.333333,3.333333,background,0.000000,52.349998,0,0,0.269841,0.079365
12.000000,3.333333,GPU_1,300.000000,52.570000,1,1,0.285714,0.079365
12.666667,3.333333,GPU_1,300.000000,52.779999,1,0,0.301587,0.079365
13.333333,3.333333,GPU_1,300.000000,52.980000,1,0,0.317460,0.079365
14.000000,3.333333,GPU_1,300.000000,53.169998,1,0,0.333333,0.079365
14.666667,3.333333,GPU_1,300.000000,53.349998,1,0,0.349206,0.079365
15.333333,3.333333,GPU_1,300.000000,53.520000,1,0,0.365079,0.079365
16.000000,3.333333,GPU_1,300.000000,53.680000,1,0,0.380952,0.079365
16.666666,3.333333,GPU_1,300.000000,53.840000,1,0,0.396825,0.079365
17.333334,3.333333,GPU_1,300.000000,53.980000,1,0,0.412698,0.079365
18.000000,3.333333,GPU_1,300.000000,54.119999,1,0,0.428571,0.079365
18.666666,3.333333,GPU_1,300.000000,54.250000,1,0,0.444444,0.079365
19.333334,3.333333,GPU_1,300.000000,54.369999,1,0,0.460317,0.079365
20.000000,3.333333,GPU_1,300.000000,54.490002,1,0,0.476190,0.079365
20.666666,3.333333,GPU_1,300.000000,54.610001,1,0,0.492063,0.079365
21.333334,3.333333,GPU_1,300.000000,54.730000,1,0,0.507937,0.079365
22.000000,3.333333,GPU_1,300.000000,54.840000,1,0,0.523810,0.079365
22.666666,3.333333,GPU_1,300.000000,54.970001,1,0,0.539683,0.079365
23.333334,3.333333,GPU_1,300.000000,55.099998,1,0,0.555556,0.079365
24.000000,3.333333,GPU_1,300.000000,55.250000,1,0,0.571429,0.079365
24.666666,3.333333,GPU_1,300.000000,55.439999,1,0,0.587302,0.079365
25.333334,3.333333,GPU_1,300.000000,55.689999,1,0,0.603175,0.079365
26.000000,3.333333,GPU_1,300.000000,56.049999,1,0,0.619048,0.079365
26.666666,3.333333,GPU_1,300.000000,56.549999,1,0,0.634921,0.079365
27.333334,3.333333,GPU_1,300.000000,57.020000,1,0,0.650794,0.079365
28.000000,3.333333,GPU_1,300.000000,57.279999,1,0,0.666667,0.079365
28.666666,3.333333,GPU_1,300.000000,57.389999,1,0,0.682540,0.079365
29.333334,3.333333,GPU_1,300.000000,57.410000,1,0,0.698413,0.079365
30.000000,3.333333,background,0.000000,57.389999,0,1,0.714286,0.079365
30.666666,3.333333,background,0.000000,57.330002,0,0,0.730159,0.079365
31.333334,3.333333,background,0.000000,57.240002,0,0,0.746032,0.079365
32.000000,3.333333,background,0.000000,57.119999,0,0,0.761905,0.079365
32.666668,3.333333,background,0.000000,56.970001,0,0,0.777778,0.079365
33.333332,3.333333,background,0.000000,56.790001,0,0,0.793651,0.079365
34.000000,3.333333,background,0.000000,56.580002,0,0,0.809524,0.079365
34.666668,3.333333,background,0.000000,56.349998,0,0,0.825397,0.079365
35.333332,3.333333,background,0.000000,56.090000,0,0,0.841270,0.079365
36.000000,3.333333,background,0.000000,55.810001,0,0,0.857143,0.079365
36.666668,3.333333,background,0.000000,55.490002,0,0,0.873016,0.079365
37.333332,3.333333,background,0.000000,55.130001,0,0,0.888889,0.079365
38.000000,3.333333,background,0.000000,54.730000,0,0,0.904762,0.079365
38.666668,3.333333,background,0.000000,54.230000,0,0,0.920635,0.079365
39.333332,3.333333,background,0.000000,53.439999,0,0,0.936508,0.079365
40.000000,3.333333,background,0.000000,52.759998,0,0,0.952381,0.079365
40.666668,3.333333,background,0.000000,52.119999,0,0,0.968254,0.079365
41.333332,3.333333,background,0.000000,51.680000,0,0,0.984127,0.079365
42.000000,3.333333,background,0.000000,51.439999,0,0,1.000000,0.079365
0.000000,4.000000,background,0.000000,48.150002,0,0,0.000000,0.095238
0.666667,4.000000,background,0.000000,48.290001,0,0,0.015873,0.095238
1.333333,4.000000,background,0.000000,48.520000,0,0,0.031746,0.095238
2.000000,4.000000,background,0.000000,48.799999,0,0,0.047619,0.095238
2.666667,4.000000,background,0.000000,49.110001,0,0,0.063492,0.095238
3.333333,4.000000,background,0.000000,49.439999,0,0,0.079365,0.095238
4.000000,4.000000,background,0.000000,49.770000,0,0,0.095238,0.095238
4.666667,4.000000,background,0.000000,50.110001,0,0,0.111111,0.095238
5.333333,4.000000,background,0.000000,50.439999,0,0,0.126984,0.095238
6.000000,4.000000,background,0.000000,50.770000,0,0,0.142857,0.095238
6.666667,4.000000,background,0.000000,51.099998,0,0,0.158730,0.095238
7.333333,4.000000,background,0.000000,51.410000,0,0,0.174603,0.095238
8.000000,4.000000,background,0.000000,51.709999,0,0,0.190476,0.095238
8.666667,4.000000,background,0.000000,52.000000,0,0,0.206349,0.095238
9.333333,4.000000,background,0.000000,52.279999,0,0,0.222222,0.095238
10.000000,4.000000,background,0.000000,52.549999,0,0,0.238095,0.095238
10.666667,4.000000,background,0.000000,52.810001,0,0,0.253968,0.095238
11.333333,4.000000,background,0.000000,53.049999,0,0,0.269841,0.095238
12.000000,4.000000,GPU_1,300.000000,53.290001,1,1,0.285714,0.095238
12.666667,4.000000,GPU_1,300.000000,53.509998,1,0,0.301587,0.095238
13.333333,4.000000,GPU_1,300.000000,53.720001,1,0,0.317460,0.095238
14.000000,4.000000,GPU_1,300.000000,53.919998,1,0,0.333333,0.095238
14.666667,4.000000,GPU_1,300.000000,54.110001,1,0,0.349206,0.095238
15.333333,4.000000,GPU_1,300.000000,54.290001,1,0,0.365079,0.095238
16.000000,4.000000,GPU_1,300.000000,54.450001,1,0,0.380952,0.095238
16.666666,4.000000,GPU_1,300.000000,54.610001,1,0,0.396825,0.095238
17.333334,4.000000,GPU_1,300.000000,54.759998,1,0,0.412698,0.095238
18.000000,4.000000,GPU_1,300.000000,54.900002,1,0,0.428571,0.095238
18.666666,4.000000,GPU_1,300.000000,55.040001,1,0,0.444444,0.095238
19.333334,4.000000,GPU_1,300.000000,55.169998,1,0,0.460317,0.095238
20.000000,4.000000,GPU_1,300.000000,55.290001,1,0,0.476190,0.095238
20.666666,4.000000,GPU_1,300.000000,55.410000,1,0,0.492063,0.095238
21.333334,4.000000,GPU_1,300.000000,55.540001,1,0,0.507937,0.095238
22.000000,4.000000,GPU_1,300.000000,55.660000,1,0,0.523810,0.095238
22.666666,4.000000,GPU_1,300.000000,55.790001,1,0,0.539683,0.095238
23.333334,4.000000,GPU_1,300.000000,55.930000,1,0,0.555556,0.095238
24.000000,4.000000,GPU_1,300.000000,56.090000,1,0,0.571429,0.095238
24.666666,4.000000,GPU_1,300.000000,56.299999,1,0,0.587302,0.095238
25.333334,4.000000,GPU_1,300.000000,56.560001,1,0,0.603175,0.095238
26.000000,4.000000,GPU_1,300.000000,56.939999,1,0,0.619048,0.095238
26.666666,4.000000,GPU_1,300.000000,57.459999,1,0,0.634921,0.095238
27.333334,4.000000,GPU_1,300.000000,57.919998,1,0,0.650794,0.095238
28.000000,4.000000,GPU_1,300.000000,58.189999,1,0,0.666667,0.095238
28.666666,4.000000,GPU_1,300.000000,58.299999,1,0,0.682540,0.095238
29.333334,4.000000,GPU_1,300.000000,58.320000,1,0,0.698413,0.095238
30.000000,4.000000,background,0.000000,58.299999,0,1,0.714286,0.095238
30.666666,4.000000,background,0.000000,58.240002,0,0,0.730159,0.095238
31.333334,4.000000,background,0.000000,58.139999,0,0,0.746032,0.095238
32.000000,4.000000,background,0.000000,58.009998,0,0,0.761905,0.095238
32.666668,4.000000,background,0.000000,57.849998,0,0,0.777778,0.095238
33.333332,4.000000,background,0.000000,57.660000,0,0,0.793651,0.095238
34.000000,4.000000,background,0.000000,57.450001,0,0,0.809524,0.095238
34.666668,4.000000,background,0.000000,57.200001,0,0,0.825397,0.095238
35.333332,4.000000,background,0.000000,56.930000,0,0,0.841270,0.095238
36.000000,4.000000,background,0.000000,56.619999,0,0,0.857143,0.095238
36.666668,4.000000,background,0.000000,56.279999,0,0,0.873016,0.095238
37.333332,4.000000,background,0.000000,55.910000,0,0,0.888889,0.095238
38.000000,4.000000,background,0.000000,55.480000,0,0,0.904762,0.095238
38.666668,4.000000,background,0.000000,54.950001,0,0,0.920635,0.095238
39.333332,4.000000,background,0.000000,54.139999,0,0,0.936508,0.095238
40.000000,4.000000,background,0.000000,53.439999,0,0,0.952381,0.095238
40.666668,4.000000,background,0.000000,52.770000,0,0,0.968254,0.095238
41.333332,4.000000,background,0.000000,52.299999,0,0,0.984127,0.095238
42.000000,4.000000,background,0.000000,52.040001,0,0,1.000000,0.095238
0.000000,4.666667,background,0.000000,48.590000,0,0,0.000000,0.111111
0.666667,4.666667,background,0.000000,48.740002,0,0,0.015873,0.111111
1.333333,4.666667,background,0.000000,48.980000,0,0,0.031746,0.111111
2.000000,4.666667,background,0.000000,49.279999,0,0,0.047619,0.111111
2.666667,4.666667,background,0.000000,49.610001,0,0,0.063492,0.111111
3.333333,4.666667,background,0.000000,49.970001,0,0,0.079365,0.111111
4.000000,4.666667,background,0.000000,50.330002,0,0,0.095238,0.111111
4.666667,4.666667,background,0.000000,50.689999,0,0,0.111111,0.111111
5.333333,4.666667,background,0.000000,51.040001,0,0,0.126984,0.111111
6.000000,4.666667,background,0.000000,51.389999,0,0,0.142857,0.111111
6.666667,4.666667,background,0.000000,51.740002,0,0,0.158730,0.111111
7.333333,4.666667,background,0.000000,52.070000,0,0,0.174603,0.111111
8.000000,4.666667,background,0.000000,52.389999,0,0,0.190476,0.111111
8.666667,4.666667,background,0.000000,52.700001,0,0,0.206349,0.111111
9.333333,4.666667,background,0.000000,52.990002,0,0,0.222222,0.111111
10.000000,4.666667,background,0.000000,53.279999,0,0,0.238095,0.111111
10.666667,4.666667,background,0.000000,53.549999,0,0,0.253968,0.111111
11.333333,4.666667,background,0.000000,53.810001,0,0,0.269841,0.111111
12.000000,4.666667,GPU_1,300.000000,54.049999,1,1,0.285714,0.111111
12.666667,4.666667,GPU_1,300.000000,54.279999,1,0,0.301587,0.111111
13.333333,4.666667,GPU_1,300.000000,54.500000,1,0,0.317460,0.111111
14.000000,4.666667,GPU_1,300.000000,54.709999,1,0,0.333333,0.111111
14.666667,4.666667,GPU_1,300.000000,54.910000,1,0,0.349206,0.111111
15.333333,4.666667,GPU_1,300.000000,55.090000,1,0,0.365079,0.111111
16.000000,4.666667,GPU_1,300.000000,55.259998,1,0,0.380952,0.111111
16.666666,4.666667,GPU_1,300.000000,55.430000,1,0,0.396825,0.111111
17.333334,4.666667,GPU_1,300.000000,55.580002,1,0,0.412698,0.111111
18.000000,4.666667,GPU_1,300.000000,55.730000,1,0,0.428571,0.111111
18.666666,4.666667,GPU_1,300.000000,55.869999,1,0,0.444444,0.111111
19.333334,4.666667,GPU_1,300.000000,56.000000,1,0,0.460317,0.111111
20.000000,4.666667,GPU_1,300.000000,56.130001,1,0,0.476190,0.111111
20.666666,4.666667,GPU_1,300.000000,56.259998,1,0,0.492063,0.111111
21.333334,4.666667,GPU_1,300.000000,56.380001,1,0,0.507937,0.111111
22.000000,4.666667,GPU_1,300.000000,56.509998,1,0,0.523810,0.111111
22.666666,4.666667,GPU_1,300.000000,56.650002,1,0,0.539683,0.111111
23.333334,4.666667,GPU_1,300.000000,56.799999,1,0,0.555556,0.111111
24.000000,4.666667,GPU_1,300.000000,56.970001,1,0,0.571429,0.111111
24.666666,4.666667,GPU_1,300.000000,57.180000,1,0,0.587302,0.111111
25.333334,4.666667,GPU_1,300.000000,57.459999,1,0,0.603175,0.111111
26.000000,4.666667,GPU_1,300.000000,57.840000,1,0,0.619048,0.111111
26.666666,4.666667,GPU_1,300.000000,58.369999,1,0,0.634921,0.111111
27.333334,4.666667,GPU_1,300.000000,58.830002,1,0,0.650794,0.111111
28.000000,4.666667,GPU_1,300.000000,59.110001,1,0,0.666667,0.111111
28.666666,4.666667,GPU_1,300.000000,59.220001,1,0,0.682540,0.111111
29.333334,4.666667,GPU_1,300.000000,59.240002,1,0,0.698413,0.111111
30.000000,4.666667,background,0.000000,59.220001,0,1,0.714286,0.111111
30.666666,4.666667,background,0.000000,59.150002,0,0,0.730159,0.111111
31.333334,4.666667,background,0.000000,59.049999,0,0,0.746032,0.111111
32.000000,4.666667,background,0.000000,58.910000,0,0,0.761905,0.111111
32.666668,4.666667,background,0.000000,58.750000,0,0,0.777778,0.111111
33.333332,4.666667,background,0.000000,58.549999,0,0,0.793651,0.111111
34.000000,4.666667,background,0.000000,58.320000,0,0,0.809524,0.111111
34.666668,4.666667,background,0.000000,58.060001,0,0,0.825397,0.111111
35.333332,4.666667,background,0.000000,57.770000,0,0,0.841270,0.111111
36.000000,4.666667,background,0.000000,57.450001,0,0,0.857143,0.111111
36.666668,4.666667,background,0.000000,57.090000,0,0,0.873016,0.111111
37.333332,4.666667,background,0.000000,56.689999,0,0,0.888889,0.111111
38.000000,4.666667,background,0.000000,56.230000,0,0,0.904762,0.111111
38.666668,4.666667,background,0.000000,55.680000,0,0,0.920635,0.111111
39.333332,4.666667,background,0.000000,54.840000,0,0,0.936508,0.111111
40.000000,4.666667,background,0.000000,54.119999,0,0,0.952381,0.111111
40.666668,4.666667,background,0.000000,53.430000,0,0,0.968254,0.111111
41.333332,4.666667,background,0.000000,52.930000,0,0,0.984127,0.111111
42.000000,4.666667,background,0.000000,52.669998,0,0,1.000000,0.111111
0.000000,5.333333,background,0.000000,49.049999,0,0,0.000000,0.126984
0.666667,5.333333,background,0.000000,49.209999,0,0,0.015873,0.126984
1.333333,5.333333,background,0.000000,49.470001,0,0,0.031746,0.126984
2.000000,5.333333,background,0.000000,49.790001,0,0,0.047619,0.126984
2.666667,5.333333,background,0.000000,50.150002,0,0,0.063492,0.126984
3.333333,5.333333,background,0.000000,50.529999,0,0,0.079365,0.126984
4.000000,5.333333,background,0.000000,50.910000,0,0,0.095238,0.126984
4.666667,5.333333,background,0.000000,51.299999,0,0,0.111111,0.126984
5.333333,5.333333,background,0.000000,51.680000,0,0,0.126984,0.126984
6.000000,5.333333,background,0.000000,52.049999,0,0,0.142857,0.126984
6.666667,5.333333,background,0.000000,52.410000,0,0,0.158730,0.126984
7.333333,5.333333,background,0.000000,52.770000,0,0,0.174603,0.126984
8.000000,5.333333,background,0.000000,53.110001,0,0,0.190476,0.126984
8.666667,5.333333,background,0.000000,53.430000,0,0,0.206349,0.126984
9.333333,5.333333,background,0.000000,53.740002,0,0,0.222222,0.126984
10.000000,5.333333,background,0.000000,54.040001,0,0,0.238095,0.126984
10.666667,5.333333,background,0.000000,54.330002,0,0,0.253968,0.126984
11.333333,5.333333,background,0.000000,54.599998,0,0,0.269841,0.126984
12.000000,5.333333,GPU_1,300.000000,54.860001,1,1,0.285714,0.126984
12.666667,5.333333,GPU_1,300.000000,55.099998,1,0,0.301587,0.126984
13.333333,5.333333,GPU_1,300.000000,55.330002,1,0,0.317460,0.126984
14.000000,5.333333,GPU_1,300.000000,55.540001,1,0,0.333333,0.126984
14.666667,5.333333,GPU_1,300.000000,55.750000,1,0,0.349206,0.126984
15.333333,5.333333,GPU_1,300.000000,55.939999,1,0,0.365079,0.126984
16.000000,5.333333,GPU_1,300.000000,56.119999,1,0,0.380952,0.126984
16.666666,5.333333,GPU_1,300.000000,56.279999,1,0,0.396825,0.126984
17.333334,5.333333,GPU_1,300.000000,56.439999,1,0,0.412698,0.126984
18.000000,5.333333,GPU_1,300.000000,56.590000,1,0,0.428571,0.126984
18.666666,5.333333,GPU_1,300.000000,56.730000,1,0,0.444444,0.126984
19.333334,5.333333,GPU_1,300.000000,56.869999,1,0,0.460317,0.126984
20.000000,5.333333,GPU_1,300.000000,57.000000,1,0,0.476190,0.126984
20.666666,5.333333,GPU_1,300.000000,57.130001,1,0,0.492063,0.126984
21.333334,5.333333,GPU_1,300.000000,57.259998,1,0,0.507937,0.126984
22.000000,5.333333,GPU_1,300.000000,57.400002,1,0,0.523810,0.126984
22.666666,5.333333,GPU_1,300.000000,57.549999,1,0,0.539683,0.126984
23.333334,5.333333,GPU_1,300.000000,57.709999,1,0,0.555556,0.126984
24.000000,5.333333,GPU_1,300.000000,57.889999,1,0,0.571429,0.126984
24.666666,5.333333,GPU_1,300.000000,58.110001,1,0,0.587302,0.126984
25.333334,5.333333,GPU_1,300.000000,58.389999,1,0,0.603175,0.126984
26.000000,5.333333,GPU_1,300.000000,58.779999,1,0,0.619048,0.126984
26.666666,5.333333,GPU_1,300.000000,59.299999,1,0,0.634921,0.126984
27.333334,5.333333,GPU_1,300.000000,59.759998,1,0,0.650794,0.126984
28.000000,5.333333,GPU_1,300.000000,60.029999,1,0,0.666667,0.126984
28.666666,5.333333,GPU_1,300.000000,60.150002,1,0,0.682540,0.126984
29.333334,5.333333,GPU_1,300.000000,60.169998,1,0,0.698413,0.126984
30.000000,5.333333,background,0.000000,60.139999,0,1,0.714286,0.126984
30.666666,5.333333,background,0.000000,60.070000,0,1,0.730159,0.126984
31.333334,5.333333,background,0.000000,59.970001,0,1,0.746032,0.126984
32.000000,5.333333,background,0.000000,59.820000,0,1,0.761905,0.126984
32.666668,5.333333,background,0.000000,59.650002,0,1,0.777778,0.126984
33.333332,5.333333,background,0.000000,59.439999,0,1,0.793651,0.126984
34.000000,5.333333,background,0.000000,59.200001,0,1,0.809524,0.126984
34.666668,5.333333,background,0.000000,58.919998,0,1,0.825397,0.126984
35.333332,5.333333,background,0.000000,58.610001,0,1,0.841270,0.126984
36.000000,5.333333,background,0.000000,58.270000,0,1,0.857143,0.126984
36.666668,5.333333,background,0.000000,57.889999,0,1,0.873016,0.126984
37.333332,5.333333,background,0.000000,57.470001,0,1,0.888889,0.126984
38.000000,5.333333,background,0.000000,56.990002,0,1,0.904762,0.126984
38.666668,5.333333,background,0.000000,56.410000,0,0,0.920635,0.126984
39.333332,5.333333,background,0.000000,55.549999,0,0,0.936508,0.126984
40.000000,5.333333,background,0.000000,54.820000,0,0,0.952381,0.126984
40.666668,5.333333,background,0.000000,54.110001,0,0,0.968254,0.126984
41.333332,5.333333,background,0.000000,53.599998,0,0,0.984127,0.126984
42.000000,5.333333,background,0.000000,53.320000,0,0,1.000000,0.126984
0.000000,6.000000,background,0.000000,49.529999,0,0,0.000000,0.142857
0.666667,6.000000,background,0.000000,49.700001,0,0,0.015873,0.142857
1.333333,6.000000,background,0.000000,49.980000,0,0,0.031746,0.142857
2.000000,6.000000,background,0.000000,50.330002,0,0,0.047619,0.142857
2.666667,6.000000,background,0.000000,50.709999,0,0,0.063492,0.142857
3.333333,6.000000,background,0.000000,51.119999,0,0,0.079365,0.142857
4.000000,6.000000,background,0.000000,51.529999,0,0,0.095238,0.142857
4.666667,6.000000,background,0.000000,51.939999,0,0,0.111111,0.142857
5.333333,6.000000,background,0.000000,52.349998,0,0,0.126984,0.142857
6.000000,6.000000,background,0.000000,52.750000,0,0,0.142857,0.142857
6.666667,6.000000,background,0.000000,53.139999,0,0,0.158730,0.142857
7.333333,6.000000,background,0.000000,53.509998,0,0,0.174603,0.142857
8.000000,6.000000,background,0.000000,53.869999,0,0,0.190476,0.142857
8.666667,6.000000,background,0.000000,54.209999,0,0,0.206349,0.142857
9.333333,6.000000,background,0.000000,54.540001,0,0,0.222222,0.142857
10.000000,6.000000,background,0.000000,54.860001,0,0,0.238095,0.142857
10.666667,6.000000,background,0.000000,55.160000,0,0,0.253968,0.142857
11.333333,6.000000,background,0.000000,55.439999,0,0,0.269841,0.142857
12.000000,6.000000,GPU_1,300.000000,55.709999,1,1,0.285714,0.142857
12.666667,6.000000,GPU_1,300.000000,55.959999,1,0,0.301587,0.142857
13.333333,6.000000,GPU_1,300.000000,56.200001,1,0,0.317460,0.142857
14.000000,6.000000,GPU_1,300.000000,56.419998,1,0,0.333333,0.142857
14.666667,6.000000,GPU_1,300.000000,56.630001,1,0,0.349206,0.142857
15.333333,6.000000,GPU_1,300.000000,56.830002,1,0,0.365079,0.142857
16.000000,6.000000,GPU_1,300.000000,57.009998,1,0,0.380952,0.142857
16.666666,6.000000,GPU_1,300.000000,57.189999,1,0,0.396825,0.142857
17.333334,6.000000,GPU_1,300.000000,57.349998,1,0,0.412698,0.142857
18.000000,6.000000,GPU_1,300.000000,57.500000,1,0,0.428571,0.142857
18.666666,6.000000,GPU_1,300.000000,57.639999,1,0,0.444444,0.142857
19.333334,6.000000,GPU_1,300.000000,57.779999,1,0,0.460317,0.142857
20.000000,6.000000,GPU_1,300.000000,57.910000,1,0,0.476190,0.142857
20.666666,6.000000,GPU_1,300.000000,58.049999,1,0,0.492063,0.142857
21.333334,6.000000,GPU_1,300.000000,58.180000,1,0,0.507937,0.142857
22.000000,6.000000,GPU_1,300.000000,58.330002,1,0,0.523810,0.142857
22.666666,6.000000,GPU_1,300.000000,58.480000,1,0,0.539683,0.142857
23.333334,6.000000,GPU_1,300.000000,58.650002,1,0,0.555556,0.142857
24.000000,6.000000,GPU_1,300.000000,58.849998,1,0,0.571429,0.142857
24.666666,6.000000,GPU_1,300.000000,59.080002,1,0,0.587302,0.142857
25.333334,6.000000,GPU_1,300.000000,59.360001,1,0,0.603175,0.142857
26.000000,6.000000,GPU_1,300.000000,59.740002,1,0,0.619048,0.142857
26.666666,6.000000,GPU_1,300.000000,60.259998,1,0,0.634921,0.142857
27.333334,6.000000,GPU_1,300.000000,60.709999,1,0,0.650794,0.142857
28.000000,6.000000,GPU_1,300.000000,60.980000,1,0,0.666667,0.142857
28.666666,6.000000,GPU_1,300.000000,61.090000,1,0,0.682540,0.142857
29.333334,6.000000,GPU_1,300.000000,61.110001,1,0,0.698413,0.142857
30.000000,6.000000,HBM_2,25.000000,61.080002,1,1,0.714286,0.142857
30.666666,6.000000,HBM_2,25.000000,61.009998,1,0,0.730159,0.142857
31.333334,6.000000,HBM_2,25.000000,60.889999,1,0,0.746032,0.142857
32.000000,6.000000,HBM_2,25.000000,60.740002,1,0,0.761905,0.142857
32.666668,6.000000,HBM_2,25.000000,60.549999,1,0,0.777778,0.142857
33.333332,6.000000,HBM_2,25.000000,60.330002,1,0,0.793651,0.142857
34.000000,6.000000,HBM_2,25.000000,60.080002,1,0,0.809524,0.142857
34.666668,6.000000,HBM_2,25.000000,59.790001,1,0,0.825397,0.142857
35.333332,6.000000,HBM_2,25.000000,59.459999,1,0,0.841270,0.142857
36.000000,6.000000,HBM_2,25.000000,59.099998,1,0,0.857143,0.142857
36.666668,6.000000,HBM_2,25.000000,58.700001,1,0,0.873016,0.142857
37.333332,6.000000,HBM_2,25.000000,58.259998,1,0,0.888889,0.142857
38.000000,6.000000,background,0.000000,57.759998,0,1,0.904762,0.142857
38.666668,6.000000,background,0.000000,57.160000,0,0,0.920635,0.142857
39.333332,6.000000,background,0.000000,56.279999,0,0,0.936508,0.142857
40.000000,6.000000,background,0.000000,55.540001,0,0,0.952381,0.142857
40.666668,6.000000,background,0.000000,54.820000,0,0,0.968254,0.142857
41.333332,6.000000,background,0.000000,54.299999,0,0,0.984127,0.142857
42.000000,6.000000,background,0.000000,54.009998,0,0,1.000000,0.142857
0.000000,6.666667,background,0.000000,50.040001,0,0,0.000000,0.158730
0.666667,6.666667,background,0.000000,50.220001,0,0,0.015873,0.158730
1.333333,6.666667,background,0.000000,50.520000,0,0,0.031746,0.158730
2.000000,6.666667,background,0.000000,50.900002,0,0,0.047619,0.158730
2.666667,6.666667,background,0.000000,51.320000,0,0,0.063492,0.158730
3.333333,6.666667,background,0.000000,51.750000,0,0,0.079365,0.158730
4.000000,6.666667,background,0.000000,52.200001,0,0,0.095238,0.158730
4.666667,6.666667,background,0.000000,52.639999,0,0,0.111111,0.158730
5.333333,6.666667,background,0.000000,53.080002,0,0,0.126984,0.158730
6.000000,6.666667,background,0.000000,53.500000,0,0,0.142857,0.158730
6.666667,6.666667,background,0.000000,53.910000,0,0,0.158730,0.158730
7.333333,6.666667,background,0.000000,54.310001,0,0,0.174603,0.158730
8.000000,6.666667,background,0.000000,54.689999,0,0,0.190476,0.158730
8.666667,6.666667,background,0.000000,55.049999,0,0,0.206349,0.158730
9.333333,6.666667,background,0.000000,55.400002,0,0,0.222222,0.158730
10.000000,6.666667,background,0.000000,55.730000,0,0,0.238095,0.158730
10.666667,6.666667,background,0.000000,56.040001,0,0,0.253968,0.158730
11.333333,6.666667,background,0.000000,56.330002,0,0,0.269841,0.158730
12.000000,6.666667,GPU_1,300.000000,56.610001,1,1,0.285714,0.158730
12.666667,6.666667,GPU_1,300.000000,56.880001,1,0,0.301587,0.158730
13.333333,6.666667,GPU_1,300.000000,57.130001,1,0,0.317460,0.158730
14.000000,6.666667,GPU_1,300.000000,57.360001,1,0,0.333333,0.158730
14.666667,6.666667,GPU_1,300.000000,57.570000,1,0,0.349206,0.158730
15.333333,6.666667,GPU_1,300.000000,57.779999,1,0,0.365079,0.158730
16.000000,6.666667,GPU_1,300.000000,57.959999,1,0,0.380952,0.158730
16.666666,6.666667,GPU_1,300.000000,58.139999,1,0,0.396825,0.158730
17.333334,6.666667,GPU_1,300.000000,58.299999,1,0,0.412698,0.158730
18.000000,6.666667,GPU_1,300.000000,58.450001,1,0,0.428571,0.158730
18.666666,6.666667,GPU_1,300.000000,58.590000,1,0,0.444444,0.158730
19.333334,6.666667,GPU_1,300.000000,58.730000,1,0,0.460317,0.158730
20.000000,6.666667,GPU_1,300.000000,58.860001,1,0,0.476190,0.158730
20.666666,6.666667,GPU_1,300.000000,59.000000,1,0,0.492063,0.158730
21.333334,6.666667,GPU_1,300.000000,59.139999,1,0,0.507937,0.158730
22.000000,6.666667,GPU_1,300.000000,59.290001,1,0,0.523810,0.158730
22.666666,6.666667,GPU_1,300.000000,59.459999,1,0,0.539683,0.158730
23.333334,6.666667,GPU_1,300.000000,59.650002,1,0,0.555556,0.158730
24.000000,6.666667,GPU_1,300.000000,59.860001,1,0,0.571429,0.158730
24.666666,6.666667,GPU_1,300.000000,60.099998,1,0,0.587302,0.158730
25.333334,6.666667,GPU_1,300.000000,60.389999,1,0,0.603175,0.158730
26.000000,6.666667,GPU_1,300.000000,60.759998,1,0,0.619048,0.158730
26.666666,6.666667,GPU_1,300.000000,61.250000,1,0,0.634921,0.158730
27.333334,6.666667,GPU_1,300.000000,61.669998,1,0,0.650794,0.158730
28.000000,6.666667,GPU_1,300.000000,61.939999,1,0,0.666667,0.158730
28.666666,6.666667,GPU_1,300.000000,62.049999,1,0,0.682540,0.158730
29.333334,6.666667,GPU_1,300.000000,62.070000,1,0,0.698413,0.158730
30.000000,6.666667,HBM_2,25.000000,62.029999,1,1,0.714286,0.158730
30.666666,6.666667,HBM_2,25.000000,61.950001,1,0,0.730159,0.158730
31.333334,6.666667,HBM_2,25.000000,61.830002,1,0,0.746032,0.158730
32.000000,6.666667,HBM_2,25.000000,61.669998,1,0,0.761905,0.158730
32.666668,6.666667,HBM_2,25.000000,61.470001,1,0,0.777778,0.158730
33.333332,6.666667,HBM_2,25.000000,61.240002,1,0,0.793651,0.158730
34.000000,6.666667,HBM_2,25.000000,60.980000,1,0,0.809524,0.158730
34.666668,6.666667,HBM_2,25.000000,60.669998,1,0,0.825397,0.158730
35.333332,6.666667,HBM_2,25.000000,60.330002,1,0,0.841270,0.158730
36.000000,6.666667,HBM_2,25.000000,59.950001,1,0,0.857143,0.158730
36.666668,6.666667,HBM_2,25.000000,59.529999,1,0,0.873016,0.158730
37.333332,6.666667,HBM_2,25.000000,59.060001,1,0,0.888889,0.158730
38.000000,6.666667,background,0.000000,58.540001,0,1,0.904762,0.158730
38.666668,6.666667,background,0.000000,57.919998,0,0,0.920635,0.158730
39.333332,6.666667,background,0.000000,57.029999,0,0,0.936508,0.158730
40.000000,6.666667,background,0.000000,56.299999,0,0,0.952381,0.158730
40.666668,6.666667,background,0.000000,55.580002,0,0,0.968254,0.158730
41.333332,6.666667,background,0.000000,55.060001,0,0,0.984127,0.158730
42.000000,6.666667,background,0.000000,54.770000,0,0,1.000000,0.158730
0.000000,7.333333,background,0.000000,50.570000,0,0,0.000000,0.174603
0.666667,7.333333,background,0.000000,50.770000,0,0,0.015873,0.174603
1.333333,7.333333,background,0.000000,51.099998,0,0,0.031746,0.174603
2.000000,7.333333,background,0.000000,51.509998,0,0,0.047619,0.174603
2.666667,7.333333,background,0.000000,51.970001,0,0,0.063492,0.174603
3.333333,7.333333,background,0.000000,52.439999,0,0,0.079365,0.174603
4.000000,7.333333,background,0.000000,52.919998,0,0,0.095238,0.174603
4.666667,7.333333,background,0.000000,53.400002,0,0,0.111111,0.174603
5.333333,7.333333,background,0.000000,53.869999,0,0,0.126984,0.174603
6.000000,7.333333,background,0.000000,54.320000,0,0,0.142857,0.174603
6.666667,7.333333,background,0.000000,54.750000,0,0,0.158730,0.174603
7.333333,7.333333,background,0.000000,55.169998,0,0,0.174603,0.174603
8.000000,7.333333,background,0.000000,55.570000,0,0,0.190476,0.174603
8.666667,7.333333,background,0.000000,55.959999,0,0,0.206349,0.174603
9.333333,7.333333,background,0.000000,56.320000,0,0,0.222222,0.174603
10.000000,7.333333,background,0.000000,56.669998,0,0,0.238095,0.174603
10.666667,7.333333,background,0.000000,56.990002,0,0,0.253968,0.174603
11.333333,7.333333,background,0.000000,57.299999,0,0,0.269841,0.174603
12.000000,7.333333,GPU_1,300.000000,57.590000,1,1,0.285714,0.174603
12.666667,7.333333,GPU_1,300.000000,57.869999,1,0,0.301587,0.174603
13.333333,7.333333,GPU_1,300.000000,58.119999,1,0,0.317460,0.174603
14.000000,7.333333,GPU_1,300.000000,58.360001,1,0,0.333333,0.174603
14.666667,7.333333,GPU_1,300.000000,58.590000,1,0,0.349206,0.174603
15.333333,7.333333,GPU_1,300.000000,58.790001,1,0,0.365079,0.174603
16.000000,7.333333,GPU_1,300.000000,58.980000,1,0,0.380952,0.174603
16.666666,7.333333,GPU_1,300.000000,59.160000,1,0,0.396825,0.174603
17.333334,7.333333,GPU_1,300.000000,59.320000,1,0,0.412698,0.174603
18.000000,7.333333,GPU_1,300.000000,59.470001,1,0,0.428571,0.174603
18.666666,7.333333,GPU_1,300.000000,59.610001,1,0,0.444444,0.174603
19.333334,7.333333,GPU_1,300.000000,59.740002,1,0,0.460317,0.174603
20.000000,7.333333,GPU_1,300.000000,59.869999,1,0,0.476190,0.174603
20.666666,7.333333,GPU_1,300.000000,60.000000,1,0,0.492063,0.174603
21.333334,7.333333,GPU_1,300.000000,60.139999,1,0,0.507937,0.174603
22.000000,7.333333,GPU_1,300.000000,60.299999,1,0,0.523810,0.174603
22.666666,7.333333,GPU_1,300.000000,60.490002,1,0,0.539683,0.174603
23.333334,7.333333,GPU_1,300.000000,60.709999,1,0,0.555556,0.174603
24.000000,7.333333,GPU_1,300.000000,60.950001,1,0,0.571429,0.174603
24.666666,7.333333,GPU_1,300.000000,61.220001,1,0,0.587302,0.174603
25.333334,7.333333,GPU_1,300.000000,61.509998,1,0,0.603175,0.174603
26.000000,7.333333,GPU_1,300.000000,61.860001,1,0,0.619048,0.174603
26.666666,7.333333,GPU_1,300.000000,62.299999,1,0,0.634921,0.174603
27.333334,7.333333,GPU_1,300.000000,62.680000,1,0,0.650794,0.174603
28.000000,7.333333,GPU_1,300.000000,62.930000,1,0,0.666667,0.174603
28.666666,7.333333,GPU_1,300.000000,63.029999,1,0,0.682540,0.174603
29.333334,7.333333,GPU_1,300.000000,63.049999,1,0,0.698413,0.174603
30.000000,7.333333,HBM_2,25.000000,63.009998,1,1,0.714286,0.174603
30.666666,7.333333,HBM_2,25.000000,62.919998,1,0,0.730159,0.174603
31.333334,7.333333,HBM_2,25.000000,62.790001,1,0,0.746032,0.174603
32.000000,7.333333,HBM_2,25.000000,62.630001,1,0,0.761905,0.174603
32.666668,7.333333,HBM_2,25.000000,62.419998,1,0,0.777778,0.174603
33.333332,7.333333,HBM_2,25.000000,62.180000,1,0,0.793651,0.174603
34.000000,7.333333,HBM_2,25.000000,61.900002,1,0,0.809524,0.174603
34.666668,7.333333,HBM_2,25.000000,61.580002,1,0,0.825397,0.174603
35.333332,7.333333,HBM_2,25.000000,61.220001,1,0,0.841270,0.174603
36.000000,7.333333,HBM_2,25.000000,60.820000,1,0,0.857143,0.174603
36.666668,7.333333,HBM_2,25.000000,60.380001,1,0,0.873016,0.174603
37.333332,7.333333,HBM_2,25.000000,59.900002,1,0,0.888889,0.174603
38.000000,7.333333,background,0.000000,59.349998,0,1,0.904762,0.174603
38.666668,7.333333,background,0.000000,58.709999,0,0,0.920635,0.174603
39.333332,7.333333,background,0.000000,57.820000,0,0,0.936508,0.174603
40.000000,7.333333,background,0.000000,57.119999,0,0,0.952381,0.174603
40.666668,7.333333,background,0.000000,56.430000,0,0,0.968254,0.174603
41.333332,7.333333,background,0.000000,55.919998,0,0,0.984127,0.174603
42.000000,7.333333,background,0.000000,55.630001,0,0,1.000000,0.174603
0.000000,8.000000,background,0.000000,51.150002,0,0,0.000000,0.190476
0.666667,8.000000,background,0.000000,51.369999,0,0,0.015873,0.190476
1.333333,8.000000,background,0.000000,51.730000,0,0,0.031746,0.190476
2.000000,8.000000,background,0.000000,52.180000,0,0,0.047619,0.190476
2.666667,8.000000,background,0.000000,52.689999,0,0,0.063492,0.190476
3.333333,8.000000,background,0.000000,53.209999,0,0,0.079365,0.190476
4.000000,8.000000,background,0.000000,53.730000,0,0,0.095238,0.190476
4.666667,8.000000,background,0.000000,54.250000,0,0,0.111111,0.190476
5.333333,8.000000,background,0.000000,54.750000,0,0,0.126984,0.190476
6.000000,8.000000,background,0.000000,55.230000,0,0,0.142857,0.190476
6.666667,8.000000,background,0.000000,55.689999,0,0,0.158730,0.190476
7.333333,8.000000,background,0.000000,56.130001,0,0,0.174603,0.190476
8.000000,8.000000,background,0.000000,56.560001,0,0,0.190476,0.190476
8.666667,8.000000,background,0.000000,56.959999,0,0,0.206349,0.190476
9.333333,8.000000,background,0.000000,57.340000,0,0,0.222222,0.190476
10.000000,8.000000,background,0.000000,57.709999,0,0,0.238095,0.190476
10.666667,8.000000,background,0.000000,58.049999,0,0,0.253968,0.190476
11.333333,8.000000,background,0.000000,58.369999,0,0,0.269841,0.190476
12.000000,8.000000,GPU_1,300.000000,58.669998,1,1,0.285714,0.190476
12.666667,8.000000,GPU_1,300.000000,58.959999,1,0,0.301587,0.190476
13.333333,8.000000,GPU_1,300.000000,59.220001,1,0,0.317460,0.190476
14.000000,8.000000,GPU_1,300.000000,59.470001,1,0,0.333333,0.190476
14.666667,8.000000,GPU_1,300.000000,59.689999,1,0,0.349206,0.190476
15.333333,8.000000,GPU_1,300.000000,59.900002,1,0,0.365079,0.190476
16.000000,8.000000,GPU_1,300.000000,60.099998,1,0,0.380952,0.190476
16.666666,8.000000,GPU_1,300.000000,60.270000,1,0,0.396825,0.190476
17.333334,8.000000,GPU_1,300.000000,60.430000,1,0,0.412698,0.190476
18.000000,8.000000,GPU_1,300.000000,60.570000,1,0,0.428571,0.190476
18.666666,8.000000,GPU_1,300.000000,60.700001,1,0,0.444444,0.190476
19.333334,8.000000,GPU_1,300.000000,60.820000,1,0,0.460317,0.190476
20.000000,8.000000,GPU_1,300.000000,60.939999,1,0,0.476190,0.190476
20.666666,8.000000,GPU_1,300.000000,61.060001,1,0,0.492063,0.190476
21.333334,8.000000,GPU_1,300.000000,61.200001,1,0,0.507937,0.190476
22.000000,8.000000,GPU_1,300.000000,61.380001,1,0,0.523810,0.190476
22.666666,8.000000,GPU_1,300.000000,61.599998,1,0,0.539683,0.190476
23.333334,8.000000,GPU_1,300.000000,61.860001,1,0,0.555556,0.190476
24.000000,8.000000,GPU_1,300.000000,62.160000,1,0,0.571429,0.190476
24.666666,8.000000,GPU_1,300.000000,62.480000,1,0,0.587302,0.190476
25.333334,8.000000,GPU_1,300.000000,62.790001,1,0,0.603175,0.190476
26.000000,8.000000,GPU_1,300.000000,63.110001,1,0,0.619048,0.190476
26.666666,8.000000,GPU_1,300.000000,63.459999,1,0,0.634921,0.190476
27.333334,8.000000,GPU_1,300.000000,63.750000,1,0,0.650794,0.190476
28.000000,8.000000,GPU_1,300.000000,63.980000,1,0,0.666667,0.190476
28.666666,8.000000,GPU_1,300.000000,64.070000,1,0,0.682540,0.190476
29.333334,8.000000,GPU_1,300.000000,64.080002,1,0,0.698413,0.190476
30.000000,8.000000,HBM_2,25.000000,64.029999,1,1,0.714286,0.190476
30.666666,8.000000,HBM_2,25.000000,63.939999,1,0,0.730159,0.190476
31.333334,8.000000,HBM_2,25.000000,63.799999,1,0,0.746032,0.190476
32.000000,8.000000,HBM_2,25.000000,63.630001,1,0,0.761905,0.190476
32.666668,8.000000,HBM_2,25.000000,63.410000,1,0,0.777778,0.190476
33.333332,8.000000,HBM_2,25.000000,63.150002,1,0,0.793651,0.190476
34.000000,8.000000,HBM_2,25.000000,62.860001,1,0,0.809524,0.190476
34.666668,8.000000,HBM_2,25.000000,62.529999,1,0,0.825397,0.190476
35.333332,8.000000,HBM_2,25.000000,62.150002,1,0,0.841270,0.190476
36.000000,8.000000,HBM_2,25.000000,61.740002,1,0,0.857143,0.190476
36.666668,8.000000,HBM_2,25.000000,61.279999,1,0,0.873016,0.190476
37.333332,8.000000,HBM_2,25.000000,60.779999,1,0,0.888889,0.190476
38.000000,8.000000,background,0.000000,60.209999,0,1,0.904762,0.190476
38.666668,8.000000,background,0.000000,59.560001,0,0,0.920635,0.190476
39.333332,8.000000,background,0.000000,58.669998,0,0,0.936508,0.190476
40.000000,8.000000,background,0.000000,58.049999,0,0,0.952381,0.190476
40.666668,8.000000,background,0.000000,57.430000,0,0,0.968254,0.190476
41.333332,8.000000,background,0.000000,56.939999,0,0,0.984127,0.190476
42.000000,8.000000,background,0.000000,56.660000,0,0,1.000000,0.190476
0.000000,8.666667,background,0.000000,51.759998,0,0,0.000000,0.206349
0.666667,8.666667,background,0.000000,52.009998,0,0,0.015873,0.206349
1.333333,8.666667,background,0.000000,52.419998,0,0,0.031746,0.206349
2.000000,8.666667,background,0.000000,52.930000,0,0,0.047619,0.206349
2.666667,8.666667,background,0.000000,53.500000,0,0,0.063492,0.206349
3.333333,8.666667,background,0.000000,54.080002,0,0,0.079365,0.206349
4.000000,8.666667,background,0.000000,54.660000,0,0,0.095238,0.206349
4.666667,8.666667,background,0.000000,55.220001,0,0,0.111111,0.206349
5.333333,8.666667,background,0.000000,55.759998,0,0,0.126984,0.206349
6.000000,8.666667,background,0.000000,56.270000,0,0,0.142857,0.206349
6.666667,8.666667,background,0.000000,56.770000,0,0,0.158730,0.206349
7.333333,8.666667,background,0.000000,57.240002,0,0,0.174603,0.206349
8.000000,8.666667,background,0.000000,57.680000,0,0,0.190476,0.206349
8.666667,8.666667,background,0.000000,58.099998,0,0,0.206349,0.206349
9.333333,8.666667,background,0.000000,58.509998,0,0,0.222222,0.206349
10.000000,8.666667,background,0.000000,58.880001,0,0,0.238095,0.206349
10.666667,8.666667,background,0.000000,59.240002,0,0,0.253968,0.206349
11.333333,8.666667,background,0.000000,59.580002,0,0,0.269841,0.206349
12.000000,8.666667,GPU_1,300.000000,59.889999,1,1,0.285714,0.206349
12.666667,8.666667,GPU_1,300.000000,60.180000,1,0,0.301587,0.206349
13.333333,8.666667,GPU_1,300.000000,60.459999,1,0,0.317460,0.206349
14.000000,8.666667,GPU_1,300.000000,60.709999,1,0,0.333333,0.206349
14.666667,8.666667,GPU_1,300.000000,60.939999,1,0,0.349206,0.206349
15.333333,8.666667,GPU_1,300.000000,61.150002,1,0,0.365079,0.206349
16.000000,8.666667,GPU_1,300.000000,61.340000,1,0,0.380952,0.206349
16.666666,8.666667,GPU_1,300.000000,61.520000,1,0,0.396825,0.206349
17.333334,8.666667,GPU_1,300.000000,61.669998,1,0,0.412698,0.206349
18.000000,8.666667,GPU_1,300.000000,61.799999,1,0,0.428571,0.206349
18.666666,8.666667,GPU_1,300.000000,61.919998,1,0,0.444444,0.206349
19.333334,8.666667,GPU_1,300.000000,62.009998,1,0,0.460317,0.206349
20.000000,8.666667,GPU_1,300.000000,62.099998,1,0,0.476190,0.206349
20.666666,8.666667,GPU_1,300.000000,62.200001,1,0,0.492063,0.206349
21.333334,8.666667,GPU_1,300.000000,62.330002,1,0,0.507937,0.206349
22.000000,8.666667,GPU_1,300.000000,62.520000,1,0,0.523810,0.206349
22.666666,8.666667,GPU_1,300.000000,62.790001,1,0,0.539683,0.206349
23.333334,8.666667,GPU_1,300.000000,63.139999,1,0,0.555556,0.206349
24.000000,8.666667,GPU_1,300.000000,63.560001,1,0,0.571429,0.206349
24.666666,8.666667,GPU_1,300.000000,63.980000,1,0,0.587302,0.206349
25.333334,8.666667,GPU_1,300.000000,64.339996,1,0,0.603175,0.206349
26.000000,8.666667,GPU_1,300.000000,64.610001,1,0,0.619048,0.206349
26.666666,8.666667,GPU_1,300.000000,64.820000,1,0,0.634921,0.206349
27.333334,8.666667,GPU_1,300.000000,64.940002,1,0,0.650794,0.206349
28.000000,8.666667,GPU_1,300.000000,65.120003,1,0,0.666667,0.206349
28.666666,8.666667,GPU_1,300.000000,65.199997,1,0,0.682540,0.206349
29.333334,8.666667,GPU_1,300.000000,65.199997,1,0,0.698413,0.206349
30.000000,8.666667,HBM_2,25.000000,65.139999,1,1,0.714286,0.206349
30.666666,8.666667,HBM_2,25.000000,65.040001,1,0,0.730159,0.206349
31.333334,8.666667,HBM_2,25.000000,64.900002,1,0,0.746032,0.206349
32.000000,8.666667,HBM_2,25.000000,64.709999,1,0,0.761905,0.206349
32.666668,8.666667,HBM_2,25.000000,64.480003,1,0,0.777778,0.206349
33.333332,8.666667,HBM_2,25.000000,64.220001,1,0,0.793651,0.206349
34.000000,8.666667,HBM_2,25.000000,63.910000,1,0,0.809524,0.206349
34.666668,8.666667,HBM_2,25.000000,63.560001,1,0,0.825397,0.206349
35.333332,8.666667,HBM_2,25.000000,63.169998,1,0,0.841270,0.206349
36.000000,8.666667,HBM_2,25.000000,62.740002,1,0,0.857143,0.206349
36.666668,8.666667,HBM_2,25.000000,62.270000,1,0,0.873016,0.206349
37.333332,8.666667,HBM_2,25.000000,61.750000,1,0,0.888889,0.206349
38.000000,8.666667,background,0.000000,61.169998,0,1,0.904762,0.206349
38.666668,8.666667,background,0.000000,60.509998,0,0,0.920635,0.206349
39.333332,8.666667,background,0.000000,59.660000,0,0,0.936508,0.206349
40.000000,8.666667,background,0.000000,59.189999,0,0,0.952381,0.206349
40.666668,8.666667,background,0.000000,58.669998,0,0,0.968254,0.206349
41.333332,8.666667,background,0.000000,58.209999,0,0,0.984127,0.206349
42.000000,8.666667,background,0.000000,57.930000,0,0,1.000000,0.206349
0.000000,9.333333,background,0.000000,52.430000,0,0,0.000000,0.222222
0.666667,9.333333,background,0.000000,52.709999,0,0,0.015873,0.222222
1.333333,9.333333,background,0.000000,53.189999,0,0,0.031746,0.222222
2.000000,9.333333,background,0.000000,53.790001,0,0,0.047619,0.222222
2.666667,9.333333,background,0.000000,54.459999,0,0,0.063492,0.222222
3.333333,9.333333,background,0.000000,55.119999,0,0,0.079365,0.222222
4.000000,9.333333,background,0.000000,55.770000,0,0,0.095238,0.222222
4.666667,9.333333,background,0.000000,56.380001,0,0,0.111111,0.222222
5.333333,9.333333,background,0.000000,56.970001,0,0,0.126984,0.222222
6.000000,9.333333,background,0.000000,57.520000,0,0,0.142857,0.222222
6.666667,9.333333,background,0.000000,58.040001,0,0,0.158730,0.222222
7.333333,9.333333,background,0.000000,58.540001,0,0,0.174603,0.222222
8.000000,9.333333,background,0.000000,59.009998,0,0,0.190476,0.222222
8.666667,9.333333,background,0.000000,59.450001,0,0,0.206349,0.222222
9.333333,9.333333,background,0.000000,59.869999,0,0,0.222222,0.222222
10.000000,9.333333,background,0.000000,60.270000,0,0,0.238095,0.222222
10.666667,9.333333,background,0.000000,60.639999,0,0,0.253968,0.222222
11.333333,9.333333,background,0.000000,60.990002,0,0,0.269841,0.222222
12.000000,9.333333,GPU_1,300.000000,61.310001,1,1,0.285714,0.222222
12.666667,9.333333,GPU_1,300.000000,61.610001,1,0,0.301587,0.222222
13.333333,9.333333,GPU_1,300.000000,61.889999,1,0,0.317460,0.222222
14.000000,9.333333,GPU_1,300.000000,62.150002,1,0,0.333333,0.222222
14.666667,9.333333,GPU_1,300.000000,62.389999,1,0,0.349206,0.222222
15.333333,9.333333,GPU_1,300.000000,62.599998,1,0,0.365079,0.222222
16.000000,9.333333,GPU_1,300.000000,62.790001,1,0,0.380952,0.222222
16.666666,9.333333,GPU_1,300.000000,62.959999,1,0,0.396825,0.222222
17.333334,9.333333,GPU_1,300.000000,63.110001,1,0,0.412698,0.222222
18.000000,9.333333,GPU_1,300.000000,63.220001,1,0,0.428571,0.222222
18.666666,9.333333,GPU_1,300.000000,63.310001,1,0,0.444444,0.222222
19.333334,9.333333,GPU_1,300.000000,63.369999,1,0,0.460317,0.222222
20.000000,9.333333,GPU_1,300.000000,63.410000,1,0,0.476190,0.222222
20.666666,9.333333,GPU_1,300.000000,63.450001,1,0,0.492063,0.222222
21.333334,9.333333,GPU_1,300.000000,63.549999,1,0,0.507937,0.222222
22.000000,9.333333,GPU_1,300.000000,63.750000,1,0,0.523810,0.222222
22.666666,9.333333,GPU_1,300.000000,64.089996,1,0,0.539683,0.222222
23.333334,9.333333,GPU_1,300.000000,64.589996,1,0,0.555556,0.222222
24.000000,9.333333,GPU_1,300.000000,65.230003,1,0,0.571429,0.222222
24.666666,9.333333,GPU_1,300.000000,65.900002,1,0,0.587302,0.222222
25.333334,9.333333,GPU_1,300.000000,66.349998,1,0,0.603175,0.222222
26.000000,9.333333,GPU_1,300.000000,66.580002,1,0,0.619048,0.222222
26.666666,9.333333,GPU_1,300.000000,66.580002,1,0,0.634921,0.222222
27.333334,9.333333,GPU_1,300.000000,66.400002,1,0,0.650794,0.222222
28.000000,9.333333,GPU_1,300.000000,66.489998,1,0,0.666667,0.222222
28.666666,9.333333,GPU_1,300.000000,66.540001,1,0,0.682540,0.222222
29.333334,9.333333,GPU_1,300.000000,66.519997,1,0,0.698413,0.222222
30.000000,9.333333,HBM_2,25.000000,66.459999,1,1,0.714286,0.222222
30.666666,9.333333,HBM_2,25.000000,66.349998,1,0,0.730159,0.222222
31.333334,9.333333,HBM_2,25.000000,66.199997,1,0,0.746032,0.222222
32.000000,9.333333,HBM_2,25.000000,66.000000,1,0,0.761905,0.222222
32.666668,9.333333,HBM_2,25.000000,65.760002,1,0,0.777778,0.222222
33.333332,9.333333,HBM_2,25.000000,65.480003,1,0,0.793651,0.222222
34.000000,9.333333,HBM_2,25.000000,65.160004,1,0,0.809524,0.222222
34.666668,9.333333,HBM_2,25.000000,64.800003,1,0,0.825397,0.222222
35.333332,9.333333,HBM_2,25.000000,64.400002,1,0,0.841270,0.222222
36.000000,9.333333,HBM_2,25.000000,63.950001,1,0,0.857143,0.222222
36.666668,9.333333,HBM_2,25.000000,63.459999,1,0,0.873016,0.222222
37.333332,9.333333,HBM_2,25.000000,62.919998,1,0,0.888889,0.222222
38.000000,9.333333,background,0.000000,62.340000,0,1,0.904762,0.222222
38.666668,9.333333,background,0.000000,61.689999,0,0,0.920635,0.222222
39.333332,9.333333,background,0.000000,60.930000,0,0,0.936508,0.222222
40.000000,9.333333,background,0.000000,60.730000,0,0,0.952381,0.222222
40.666668,9.333333,background,0.000000,60.330002,0,0,0.968254,0.222222
41.333332,9.333333,background,0.000000,59.889999,0,0,0.984127,0.222222
42.000000,9.333333,background,0.000000,59.590000,0,0,1.000000,0.222222
0.000000,10.000000,background,0.000000,53.150002,0,0,0.000000,0.238095
0.666667,10.000000,background,0.000000,53.490002,0,0,0.015873,0.238095
1.333333,10.000000,background,0.000000,54.070000,0,0,0.031746,0.238095
2.000000,10.000000,background,0.000000,54.820000,0,0,0.047619,0.238095
2.666667,10.000000,background,0.000000,55.639999,0,0,0.063492,0.238095
3.333333,10.000000,background,0.000000,56.430000,0,0,0.079365,0.238095
4.000000,10.000000,background,0.000000,57.160000,0,0,0.095238,0.238095
4.666667,10.000000,background,0.000000,57.840000,0,0,0.111111,0.238095
5.333333,10.000000,background,0.000000,58.470001,0,0,0.126984,0.238095
6.000000,10.000000,background,0.000000,59.060001,0,0,0.142857,0.238095
6.666667,10.000000,background,0.000000,59.610001,0,0,0.158730,0.238095
7.333333,10.000000,background,0.000000,60.139999,0,0,0.174603,0.238095
8.000000,10.000000,background,0.000000,60.630001,0,0,0.190476,0.238095
8.666667,10.000000,background,0.000000,61.099998,0,0,0.206349,0.238095
9.333333,10.000000,background,0.000000,61.540001,0,0,0.222222,0.238095
10.000000,10.000000,background,0.000000,61.950001,0,0,0.238095,0.238095
10.666667,10.000000,background,0.000000,62.340000,0,0,0.253968,0.238095
11.333333,10.000000,background,0.000000,62.700001,0,0,0.269841,0.238095
12.000000,10.000000,GPU_1,300.000000,63.029999,1,1,0.285714,0.238095
12.666667,10.000000,GPU_1,300.000000,63.340000,1,0,0.301587,0.238095
13.333333,10.000000,GPU_1,300.000000,63.630001,1,0,0.317460,0.238095
14.000000,10.000000,GPU_1,300.000000,63.889999,1,0,0.333333,0.238095
14.666667,10.000000,GPU_1,300.000000,64.129997,1,0,0.349206,0.238095
15.333333,10.000000,GPU_1,300.000000,64.349998,1,0,0.365079,0.238095
16.000000,10.000000,GPU_1,300.000000,64.540001,1,0,0.380952,0.238095
16.666666,10.000000,GPU_1,300.000000,64.699997,1,0,0.396825,0.238095
17.333334,10.000000,GPU_1,300.000000,64.839996,1,0,0.412698,0.238095
18.000000,10.000000,GPU_1,300.000000,64.930000,1,0,0.428571,0.238095
18.666666,10.000000,GPU_1,300.000000,64.989998,1,0,0.444444,0.238095
19.333334,10.000000,GPU_1,300.000000,64.989998,1,0,0.460317,0.238095
20.000000,10.000000,GPU_1,300.000000,64.940002,1,0,0.476190,0.238095
20.666666,10.000000,GPU_1,300.000000,64.849998,1,0,0.492063,0.238095
21.333334,10.000000,GPU_1,300.000000,64.870003,1,0,0.507937,0.238095
22.000000,10.000000,GPU_1,300.000000,65.050003,1,0,0.523810,0.238095
22.666666,10.000000,GPU_1,300.000000,65.480003,1,0,0.539683,0.238095
23.333334,10.000000,GPU_1,300.000000,66.209999,1,0,0.555556,0.238095
24.000000,10.000000,GPU_1,300.000000,67.279999,1,0,0.571429,0.238095
24.666666,10.000000,GPU_1,300.000000,68.430000,1,0,0.587302,0.238095
25.333334,10.000000,GPU_1,300.000000,69.029999,1,0,0.603175,0.238095
26.000000,10.000000,GPU_1,300.000000,69.260002,1,0,0.619048,0.238095
26.666666,10.000000,GPU_1,300.000000,69.080002,1,0,0.634921,0.238095
27.333334,10.000000,GPU_1,300.000000,68.459999,1,0,0.650794,0.238095
28.000000,10.000000,GPU_1,300.000000,68.419998,1,0,0.666667,0.238095
28.666666,10.000000,GPU_1,300.000000,68.419998,1,0,0.682540,0.238095
29.333334,10.000000,GPU_1,300.000000,68.389999,1,0,0.698413,0.238095
30.000000,10.000000,HBM_2,25.000000,68.320000,1,1,0.714286,0.238095
30.666666,10.000000,HBM_2,25.000000,68.199997,1,0,0.730159,0.238095
31.333334,10.000000,HBM_2,25.000000,68.029999,1,0,0.746032,0.238095
32.000000,10.000000,HBM_2,25.000000,67.830002,1,0,0.761905,0.238095
32.666668,10.000000,HBM_2,25.000000,67.580002,1,0,0.777778,0.238095
33.333332,10.000000,HBM_2,25.000000,67.290001,1,0,0.793651,0.238095
34.000000,10.000000,HBM_2,25.000000,66.959999,1,0,0.809524,0.238095
34.666668,10.000000,HBM_2,25.000000,66.580002,1,0,0.825397,0.238095
35.333332,10.000000,HBM_2,25.000000,66.169998,1,0,0.841270,0.238095
36.000000,10.000000,HBM_2,25.000000,65.699997,1,0,0.857143,0.238095
36.666668,10.000000,HBM_2,25.000000,65.199997,1,0,0.873016,0.238095
37.333332,10.000000,HBM_2,25.000000,64.650002,1,0,0.888889,0.238095
38.000000,10.000000,background,0.000000,64.050003,0,1,0.904762,0.238095
38.666668,10.000000,background,0.000000,63.450001,0,0,0.920635,0.238095
39.333332,10.000000,background,0.000000,62.869999,0,0,0.936508,0.238095
40.000000,10.000000,background,0.000000,62.959999,0,0,0.952381,0.238095
40.666668,10.000000,background,0.000000,62.610001,0,0,0.968254,0.238095
41.333332,10.000000,background,0.000000,62.099998,0,0,0.984127,0.238095
42.000000,10.000000,background,0.000000,61.709999,0,0,1.000000,0.238095
0.000000,10.666667,background,0.000000,53.930000,0,0,0.000000,0.253968
0.666667,10.666667,background,0.000000,54.340000,0,0,0.015873,0.253968
1.333333,10.666667,background,0.000000,55.090000,0,0,0.031746,0.253968
2.000000,10.666667,background,0.000000,56.080002,0,0,0.047619,0.253968
2.666667,10.666667,background,0.000000,57.189999,0,0,0.063492,0.253968
3.333333,10.666667,background,0.000000,58.160000,0,0,0.079365,0.253968
4.000000,10.666667,background,0.000000,59.000000,0,0,0.095238,0.253968
4.666667,10.666667,background,0.000000,59.740002,0,0,0.111111,0.253968
5.333333,10.666667,background,0.000000,60.419998,0,0,0.126984,0.253968
6.000000,10.666667,background,0.000000,61.040001,0,0,0.142857,0.253968
6.666667,10.666667,background,0.000000,61.630001,0,0,0.158730,0.253968
7.333333,10.666667,background,0.000000,62.180000,0,0,0.174603,0.253968
8.000000,10.666667,background,0.000000,62.700001,0,0,0.190476,0.253968
8.666667,10.666667,background,0.000000,63.189999,0,0,0.206349,0.253968
9.333333,10.666667,background,0.000000,63.650002,0,0,0.222222,0.253968
10.000000,10.666667,background,0.000000,64.080002,0,0,0.238095,0.253968
10.666667,10.666667,background,0.000000,64.480003,0,0,0.253968,0.253968
11.333333,10.666667,background,0.000000,64.849998,0,0,0.269841,0.253968
12.000000,10.666667,GPU_1,300.000000,65.199997,1,1,0.285714,0.253968
12.666667,10.666667,GPU_1,300.000000,65.519997,1,0,0.301587,0.253968
13.333333,10.666667,GPU_1,300.000000,65.820000,1,0,0.317460,0.253968
14.000000,10.666667,GPU_1,300.000000,66.080002,1,0,0.333333,0.253968
14.666667,10.666667,GPU_1,300.000000,66.330002,1,0,0.349206,0.253968
15.333333,10.666667,GPU_1,300.000000,66.540001,1,0,0.365079,0.253968
16.000000,10.666667,GPU_1,300.000000,66.730003,1,0,0.380952,0.253968
16.666666,10.666667,GPU_1,300.000000,66.889999,1,0,0.396825,0.253968
17.333334,10.666667,GPU_1,300.000000,67.010002,1,0,0.412698,0.253968
18.000000,10.666667,GPU_1,300.000000,67.089996,1,0,0.428571,0.253968
18.666666,10.666667,GPU_1,300.000000,67.110001,1,0,0.444444,0.253968
19.333334,10.666667,GPU_1,300.000000,67.029999,1,0,0.460317,0.253968
20.000000,10.666667,GPU_1,300.000000,66.809998,1,0,0.476190,0.253968
20.666666,10.666667,GPU_1,300.000000,66.459999,1,0,0.492063,0.253968
21.333334,10.666667,GPU_1,300.000000,66.279999,1,0,0.507937,0.253968
22.000000,10.666667,GPU_1,300.000000,66.400002,1,0,0.523810,0.253968
22.666666,10.666667,GPU_1,300.000000,66.900002,1,0,0.539683,0.253968
23.333334,10.666667,GPU_1,300.000000,67.879997,1,0,0.555556,0.253968
24.000000,10.666667,GPU_1,300.000000,69.260002,1,0,0.571429,0.253968
24.666666,10.666667,GPU_1,300.000000,70.839996,1,0,0.587302,0.253968
25.333334,10.666667,GPU_1,300.000000,71.500000,1,0,0.603175,0.253968
26.000000,10.666667,GPU_1,300.000000,71.779999,1,0,0.619048,0.253968
26.666666,10.666667,GPU_1,300.000000,71.820000,1,0,0.634921,0.253968
27.333334,10.666667,GPU_1,300.000000,71.580002,1,0,0.650794,0.253968
28.000000,10.666667,GPU_1,300.000000,71.519997,1,0,0.666667,0.253968
28.666666,10.666667,GPU_1,300.000000,71.500000,1,0,0.682540,0.253968
29.333334,10.666667,GPU_1,300.000000,71.459999,1,0,0.698413,0.253968
30.000000,10.666667,HBM_2,25.000000,71.370003,1,1,0.714286,0.253968
30.666666,10.666667,HBM_2,25.000000,71.239998,1,0,0.730159,0.253968
31.333334,10.666667,HBM_2,25.000000,71.070000,1,0,0.746032,0.253968
32.000000,10.666667,HBM_2,25.000000,70.860001,1,0,0.761905,0.253968
32.666668,10.666667,HBM_2,25.000000,70.599998,1,0,0.777778,0.253968
33.333332,10.666667,HBM_2,25.000000,70.290001,1,0,0.793651,0.253968
34.000000,10.666667,HBM_2,25.000000,69.949997,1,0,0.809524,0.253968
34.666668,10.666667,HBM_2,25.000000,69.559998,1,0,0.825397,0.253968
35.333332,10.666667,HBM_2,25.000000,69.129997,1,0,0.841270,0.253968
36.000000,10.666667,HBM_2,25.000000,68.650002,1,0,0.857143,0.253968
36.666668,10.666667,HBM_2,25.000000,68.129997,1,0,0.873016,0.253968
37.333332,10.666667,HBM_2,25.000000,67.570000,1,0,0.888889,0.253968
38.000000,10.666667,background,0.000000,66.959999,0,1,0.904762,0.253968
38.666668,10.666667,background,0.000000,66.349998,0,0,0.920635,0.253968
39.333332,10.666667,background,0.000000,65.820000,0,0,0.936508,0.253968
40.000000,10.666667,background,0.000000,65.370003,0,0,0.952381,0.253968
40.666668,10.666667,background,0.000000,64.730003,0,0,0.968254,0.253968
41.333332,10.666667,background,0.000000,64.040001,0,0,0.984127,0.253968
42.000000,10.666667,background,0.000000,63.500000,0,0,1.000000,0.253968
0.000000,11.333333,background,0.000000,54.740002,0,0,0.000000,0.269841
0.666667,11.333333,background,0.000000,55.259998,0,0,0.015873,0.269841
1.333333,11.333333,background,0.000000,56.240002,0,0,0.031746,0.269841
2.000000,11.333333,background,0.000000,57.630001,0,0,0.047619,0.269841
2.666667,11.333333,background,0.000000,59.299999,0,0,0.063492,0.269841
3.333333,11.333333,background,0.000000,60.490002,0,0,0.079365,0.269841
4.000000,11.333333,background,0.000000,61.419998,0,0,0.095238,0.269841
4.666667,11.333333,background,0.000000,62.220001,0,0,0.111111,0.269841
5.333333,11.333333,background,0.000000,62.939999,0,0,0.126984,0.269841
6.000000,11.333333,background,0.000000,63.599998,0,0,0.142857,0.269841
6.666667,11.333333,background,0.000000,64.220001,0,0,0.158730,0.269841
7.333333,11.333333,background,0.000000,64.790001,0,0,0.174603,0.269841
8.000000,11.333333,background,0.000000,65.339996,0,0,0.190476,0.269841
8.666667,11.333333,background,0.000000,65.849998,0,0,0.206349,0.269841
9.333333,11.333333,background,0.000000,66.330002,0,0,0.222222,0.269841
10.000000,11.333333,background,0.000000,66.769997,0,0,0.238095,0.269841
10.666667,11.333333,background,0.000000,67.190002,0,0,0.253968,0.269841
11.333333,11.333333,background,0.000000,67.580002,0,0,0.269841,0.269841
12.000000,11.333333,GPU_1,300.000000,67.940002,1,1,0.285714,0.269841
12.666667,11.333333,GPU_1,300.000000,68.269997,1,0,0.301587,0.269841
13.333333,11.333333,GPU_1,300.000000,68.570000,1,0,0.317460,0.269841
14.000000,11.333333,GPU_1,300.000000,68.839996,1,0,0.333333,0.269841
14.666667,11.333333,GPU_1,300.000000,69.080002,1,0,0.349206,0.269841
15.333333,11.333333,GPU_1,300.000000,69.300003,1,0,0.365079,0.269841
16.000000,11.333333,GPU_1,300.000000,69.489998,1,0,0.380952,0.269841
16.666666,11.333333,GPU_1,300.000000,69.639999,1,0,0.396825,0.269841
17.333334,11.333333,GPU_1,300.000000,69.760002,1,0,0.412698,0.269841
18.000000,11.333333,GPU_1,300.000000,69.830002,1,0,0.428571,0.269841
18.666666,11.333333,GPU_1,300.000000,69.820000,1,0,0.444444,0.269841
19.333334,11.333333,GPU_1,300.000000,69.669998,1,0,0.460317,0.269841
20.000000,11.333333,GPU_1,300.000000,69.230003,1,0,0.476190,0.269841
20.666666,11.333333,GPU_1,300.000000,68.300003,1,0,0.492063,0.269841
21.333334,11.333333,GPU_1,300.000000,67.769997,1,0,0.507937,0.269841
22.000000,11.333333,GPU_1,300.000000,67.739998,1,0,0.523810,0.269841
22.666666,11.333333,GPU_1,300.000000,68.230003,1,0,0.539683,0.269841
23.333334,11.333333,GPU_1,300.000000,69.330002,1,0,0.555556,0.269841
24.000000,11.333333,GPU_1,300.000000,70.820000,1,0,0.571429,0.269841
24.666666,11.333333,GPU_1,300.000000,72.589996,1,0,0.587302,0.269841
25.333334,11.333333,GPU_1,300.000000,73.300003,1,0,0.603175,0.269841
26.000000,11.333333,GPU_1,300.000000,73.639999,1,0,0.619048,0.269841
26.666666,11.333333,GPU_1,300.000000,73.779999,1,0,0.634921,0.269841
27.333334,11.333333,GPU_1,300.000000,73.779999,1,0,0.650794,0.269841
28.000000,11.333333,GPU_1,300.000000,73.779999,1,0,0.666667,0.269841
28.666666,11.333333,GPU_1,300.000000,73.760002,1,0,0.682540,0.269841
29.333334,11.333333,GPU_1,300.000000,73.709999,1,0,0.698413,0.269841
30.000000,11.333333,HBM_2,25.000000,73.610001,1,1,0.714286,0.269841
30.666666,11.333333,HBM_2,25.000000,73.480003,1,0,0.730159,0.269841
31.333334,11.333333,HBM_2,25.000000,73.290001,1,0,0.746032,0.269841
32.000000,11.333333,HBM_2,25.000000,73.070000,1,0,0.761905,0.269841
32.666668,11.333333,HBM_2,25.000000,72.800003,1,0,0.777778,0.269841
33.333332,11.333333,HBM_2,25.000000,72.489998,1,0,0.793651,0.269841
34.000000,11.333333,HBM_2,25.000000,72.129997,1,0,0.809524,0.269841
34.666668,11.333333,HBM_2,25.000000,71.730003,1,0,0.825397,0.269841
35.333332,11.333333,HBM_2,25.000000,71.279999,1,0,0.841270,0.269841
36.000000,11.333333,HBM_2,25.000000,70.790001,1,0,0.857143,0.269841
36.666668,11.333333,HBM_2,25.000000,70.250000,1,0,0.873016,0.269841
37.333332,11.333333,HBM_2,25.000000,69.669998,1,0,0.888889,0.269841
38.000000,11.333333,background,0.000000,69.050003,0,1,0.904762,0.269841
38.666668,11.333333,background,0.000000,68.400002,0,0,0.920635,0.269841
39.333332,11.333333,background,0.000000,67.739998,0,0,0.936508,0.269841
40.000000,11.333333,background,0.000000,67.070000,0,0,0.952381,0.269841
40.666668,11.333333,background,0.000000,66.309998,0,0,0.968254,0.269841
41.333332,11.333333,background,0.000000,65.559998,0,0,0.984127,0.269841
42.000000,11.333333,background,0.000000,64.959999,0,0,1.000000,0.269841
0.000000,12.000000,background,0.000000,55.549999,0,0,0.000000,0.285714
0.666667,12.000000,background,0.000000,56.200001,0,0,0.015873,0.285714
1.333333,12.000000,background,0.000000,57.450001,0,0,0.031746,0.285714
2.000000,12.000000,background,0.000000,59.189999,0,0,0.047619,0.285714
2.666667,12.000000,background,0.000000,61.419998,0,0,0.063492,0.285714
3.333333,12.000000,background,0.000000,62.669998,0,0,0.079365,0.285714
4.000000,12.000000,background,0.000000,63.630001,0,0,0.095238,0.285714
4.666667,12.000000,background,0.000000,64.440002,0,0,0.111111,0.285714
5.333333,12.000000,background,0.000000,65.180000,0,0,0.126984,0.285714
6.000000,12.000000,background,0.000000,65.860001,0,0,0.142857,0.285714
6.666667,12.000000,background,0.000000,66.500000,0,0,0.158730,0.285714
7.333333,12.000000,background,0.000000,67.099998,0,0,0.174603,0.285714
8.000000,12.000000,background,0.000000,67.660004,0,0,0.190476,0.285714
8.666667,12.000000,background,0.000000,68.190002,0,0,0.206349,0.285714
9.333333,12.000000,background,0.000000,68.680000,0,0,0.222222,0.285714
10.000000,12.000000,background,0.000000,69.139999,0,0,0.238095,0.285714
10.666667,12.000000,background,0.000000,69.570000,0,0,0.253968,0.285714
11.333333,12.000000,background,0.000000,69.959999,0,0,0.269841,0.285714
12.000000,12.000000,GPU_1,300.000000,70.330002,1,1,0.285714,0.285714
12.666667,12.000000,GPU_1,300.000000,70.669998,1,0,0.301587,0.285714
13.333333,12.000000,GPU_1,300.000000,70.970001,1,0,0.317460,0.285714
14.000000,12.000000,GPU_1,300.000000,71.250000,1,0,0.333333,0.285714
14.666667,12.000000,GPU_1,300.000000,71.500000,1,0,0.349206,0.285714
15.333333,12.000000,GPU_1,300.000000,71.709999,1,0,0.365079,0.285714
16.000000,12.000000,GPU_1,300.000000,71.900002,1,0,0.380952,0.285714
16.666666,12.000000,GPU_1,300.000000,72.050003,1,0,0.396825,0.285714
17.333334,12.000000,GPU_1,300.000000,72.169998,1,0,0.412698,0.285714
18.000000,12.000000,GPU_1,300.000000,72.239998,1,0,0.428571,0.285714
18.666666,12.000000,GPU_1,300.000000,72.230003,1,0,0.444444,0.285714
19.333334,12.000000,GPU_1,300.000000,72.080002,1,0,0.460317,0.285714
20.000000,12.000000,GPU_1,300.000000,71.589996,1,0,0.476190,0.285714
20.666666,12.000000,GPU_1,300.000000,70.070000,1,0,0.492063,0.285714
21.333334,12.000000,GPU_1,300.000000,69.220001,1,0,0.507937,0.285714
22.000000,12.000000,GPU_1,300.000000,69.010002,1,0,0.523810,0.285714
22.666666,12.000000,GPU_1,300.000000,69.440002,1,0,0.539683,0.285714
23.333334,12.000000,GPU_1,300.000000,70.519997,1,0,0.555556,0.285714
24.000000,12.000000,GPU_1,300.000000,71.989998,1,0,0.571429,0.285714
24.666666,12.000000,GPU_1,300.000000,73.800003,1,0,0.587302,0.285714
25.333334,12.000000,GPU_1,300.000000,74.540001,1,0,0.603175,0.285714
26.000000,12.000000,GPU_1,300.000000,74.900002,1,0,0.619048,0.285714
26.666666,12.000000,GPU_1,300.000000,75.089996,1,0,0.634921,0.285714
27.333334,12.000000,GPU_1,300.000000,75.169998,1,0,0.650794,0.285714
28.000000,12.000000,GPU_1,300.000000,75.199997,1,0,0.666667,0.285714
28.666666,12.000000,GPU_1,300.000000,75.190002,1,0,0.682540,0.285714
29.333334,12.000000,GPU_1,300.000000,75.129997,1,0,0.698413,0.285714
30.000000,12.000000,HBM_2,25.000000,75.029999,1,1,0.714286,0.285714
30.666666,12.000000,HBM_2,25.000000,74.879997,1,0,0.730159,0.285714
31.333334,12.000000,HBM_2,25.000000,74.690002,1,0,0.746032,0.285714
32.000000,12.000000,HBM_2,25.000000,74.459999,1,0,0.761905,0.285714
32.666668,12.000000,HBM_2,25.000000,74.180000,1,0,0.777778,0.285714
33.333332,12.000000,HBM_2,25.000000,73.849998,1,0,0.793651,0.285714
34.000000,12.000000,HBM_2,25.000000,73.480003,1,0,0.809524,0.285714
34.666668,12.000000,HBM_2,25.000000,73.070000,1,0,0.825397,0.285714
35.333332,12.000000,HBM_2,25.000000,72.610001,1,0,0.841270,0.285714
36.000000,12.000000,HBM_2,25.000000,72.099998,1,0,0.857143,0.285714
36.666668,12.000000,HBM_2,25.000000,71.550003,1,0,0.873016,0.285714
37.333332,12.000000,HBM_2,25.000000,70.949997,1,0,0.888889,0.285714
38.000000,12.000000,background,0.000000,70.309998,0,1,0.904762,0.285714
38.666668,12.000000,background,0.000000,69.620003,0,0,0.920635,0.285714
39.333332,12.000000,background,0.000000,68.900002,0,0,0.936508,0.285714
40.000000,12.000000,background,0.000000,68.129997,0,0,0.952381,0.285714
40.666668,12.000000,background,0.000000,67.330002,0,0,0.968254,0.285714
41.333332,12.000000,background,0.000000,66.529999,0,0,0.984127,0.285714
42.000000,12.000000,background,0.000000,65.900002,0,0,1.000000,0.285714
0.000000,12.666667,background,0.000000,56.320000,0,0,0.000000,0.301587
0.666667,12.666667,background,0.000000,57.049999,0,0,0.015873,0.301587
1.333333,12.666667,background,0.000000,58.490002,0,0,0.031746,0.301587
2.000000,12.666667,background,0.000000,60.450001,0,0,0.047619,0.301587
2.666667,12.666667,background,0.000000,63.000000,0,0,0.063492,0.301587
3.333333,12.666667,background,0.000000,64.349998,0,0,0.079365,0.301587
4.000000,12.666667,background,0.000000,65.349998,0,0,0.095238,0.301587
4.666667,12.666667,background,0.000000,66.199997,0,0,0.111111,0.301587
5.333333,12.666667,background,0.000000,66.970001,0,0,0.126984,0.301587
6.000000,12.666667,background,0.000000,67.680000,0,0,0.142857,0.301587
6.666667,12.666667,background,0.000000,68.339996,0,0,0.158730,0.301587
7.333333,12.666667,background,0.000000,68.959999,0,0,0.174603,0.301587
8.000000,12.666667,background,0.000000,69.540001,0,0,0.190476,0.301587
8.666667,12.666667,background,0.000000,70.080002,0,0,0.206349,0.301587
9.333333,12.666667,background,0.000000,70.589996,0,0,0.222222,0.301587
10.000000,12.666667,background,0.000000,71.059998,0,0,0.238095,0.301587
10.666667,12.666667,background,0.000000,71.500000,0,0,0.253968,0.301587
11.333333,12.666667,background,0.000000,71.900002,0,0,0.269841,0.301587
12.000000,12.666667,GPU_1,300.000000,72.279999,1,1,0.285714,0.301587
12.666667,12.666667,GPU_1,300.000000,72.620003,1,0,0.301587,0.301587
13.333333,12.666667,GPU_1,300.000000,72.930000,1,0,0.317460,0.301587
14.000000,12.666667,GPU_1,300.000000,73.209999,1,0,0.333333,0.301587
14.666667,12.666667,GPU_1,300.000000,73.459999,1,0,0.349206,0.301587
15.333333,12.666667,GPU_1,300.000000,73.680000,1,0,0.365079,0.301587
16.000000,12.666667,GPU_1,300.000000,73.860001,1,0,0.380952,0.301587
16.666666,12.666667,GPU_1,300.000000,74.010002,1,0,0.396825,0.301587
17.333334,12.666667,GPU_1,300.000000,74.120003,1,0,0.412698,0.301587
18.000000,12.666667,GPU_1,300.000000,74.180000,1,0,0.428571,0.301587
18.666666,12.666667,GPU_1,300.000000,74.150002,1,0,0.444444,0.301587
19.333334,12.666667,GPU_1,300.000000,73.970001,1,0,0.460317,0.301587
20.000000,12.666667,GPU_1,300.000000,73.400002,1,0,0.476190,0.301587
20.666666,12.666667,GPU_1,300.000000,71.550003,1,0,0.492063,0.301587
21.333334,12.666667,GPU_1,300.000000,70.500000,1,0,0.507937,0.301587
22.000000,12.666667,GPU_1,300.000000,70.160004,1,0,0.523810,0.301587
22.666666,12.666667,GPU_1,300.000000,70.510002,1,0,0.539683,0.301587
23.333334,12.666667,GPU_1,300.000000,71.559998,1,0,0.555556,0.301587
24.000000,12.666667,GPU_1,300.000000,72.980003,1,0,0.571429,0.301587
24.666666,12.666667,GPU_1,300.000000,74.800003,1,0,0.587302,0.301587
25.333334,12.666667,GPU_1,300.000000,75.550003,1,0,0.603175,0.301587
26.000000,12.666667,GPU_1,300.000000,75.919998,1,0,0.619048,0.301587
26.666666,12.666667,GPU_1,300.000000,76.120003,1,0,0.634921,0.301587
27.333334,12.666667,GPU_1,300.000000,76.230003,1,0,0.650794,0.301587
28.000000,12.666667,GPU_1,300.000000,76.260002,1,0,0.666667,0.301587
28.666666,12.666667,GPU_1,300.000000,76.250000,1,0,0.682540,0.301587
29.333334,12.666667,GPU_1,300.000000,76.190002,1,0,0.698413,0.301587
30.000000,12.666667,HBM_2,25.000000,76.080002,1,1,0.714286,0.301587
30.666666,12.666667,HBM_2,25.000000,75.919998,1,0,0.730159,0.301587
31.333334,12.666667,HBM_2,25.000000,75.720001,1,0,0.746032,0.301587
32.000000,12.666667,HBM_2,25.000000,75.480003,1,0,0.761905,0.301587
32.666668,12.666667,HBM_2,25.000000,75.190002,1,0,0.777778,0.301587
33.333332,12.666667,HBM_2,25.000000,74.849998,1,0,0.793651,0.301587
34.000000,12.666667,HBM_2,25.000000,74.470001,1,0,0.809524,0.301587
34.666668,12.666667,HBM_2,25.000000,74.040001,1,0,0.825397,0.301587
35.333332,12.666667,HBM_2,25.000000,73.570000,1,0,0.841270,0.301587
36.000000,12.666667,HBM_2,25.000000,73.050003,1,0,0.857143,0.301587
36.666668,12.666667,HBM_2,25.000000,72.480003,1,0,0.873016,0.301587
37.333332,12.666667,HBM_2,25.000000,71.870003,1,0,0.888889,0.301587
38.000000,12.666667,background,0.000000,71.199997,0,1,0.904762,0.301587
38.666668,12.666667,background,0.000000,70.489998,0,0,0.920635,0.301587
39.333332,12.666667,background,0.000000,69.730003,0,0,0.936508,0.301587
40.000000,12.666667,background,0.000000,68.930000,0,0,0.952381,0.301587
40.666668,12.666667,background,0.000000,68.089996,0,0,0.968254,0.301587
41.333332,12.666667,background,0.000000,67.260002,0,0,0.984127,0.301587
42.000000,12.666667,background,0.000000,66.610001,0,0,1.000000,0.301587
0.000000,13.333333,background,0.000000,57.000000,0,0,0.000000,0.317460
0.666667,13.333333,background,0.000000,57.779999,0,0,0.015873,0.317460
1.333333,13.333333,background,0.000000,59.310001,0,0,0.031746,0.317460
2.000000,13.333333,background,0.000000,61.320000,0,0,0.047619,0.317460
2.666667,13.333333,background,0.000000,63.970001,0,0,0.063492,0.317460
3.333333,13.333333,background,0.000000,65.379997,0,0,0.079365,0.317460
4.000000,13.333333,background,0.000000,66.419998,0,0,0.095238,0.317460
4.666667,13.333333,background,0.000000,67.320000,0,0,0.111111,0.317460
5.333333,13.333333,background,0.000000,68.120003,0,0,0.126984,0.317460
6.000000,13.333333,background,0.000000,68.849998,0,0,0.142857,0.317460
6.666667,13.333333,background,0.000000,69.540001,0,0,0.158730,0.317460
7.333333,13.333333,background,0.000000,70.180000,0,0,0.174603,0.317460
8.000000,13.333333,background,0.000000,70.779999,0,0,0.190476,0.317460
8.666667,13.333333,background,0.000000,71.339996,0,0,0.206349,0.317460
9.333333,13.333333,background,0.000000,71.860001,0,0,0.222222,0.317460
10.000000,13.333333,background,0.000000,72.339996,0,0,0.238095,0.317460
10.666667,13.333333,background,0.000000,72.790001,0,0,0.253968,0.317460
11.333333,13.333333,background,0.000000,73.209999,0,0,0.269841,0.317460
12.000000,13.333333,GPU_1,300.000000,73.589996,1,1,0.285714,0.317460
12.666667,13.333333,GPU_1,300.000000,73.940002,1,0,0.301587,0.317460
13.333333,13.333333,GPU_1,300.000000,74.250000,1,0,0.317460,0.317460
14.000000,13.333333,GPU_1,300.000000,74.540001,1,0,0.333333,0.317460
14.666667,13.333333,GPU_1,300.000000,74.790001,1,0,0.349206,0.317460
15.333333,13.333333,GPU_1,300.000000,75.000000,1,0,0.365079,0.317460
16.000000,13.333333,GPU_1,300.000000,75.180000,1,0,0.380952,0.317460
16.666666,13.333333,GPU_1,300.000000,75.330002,1,0,0.396825,0.317460
17.333334,13.333333,GPU_1,300.000000,75.430000,1,0,0.412698,0.317460
18.000000,13.333333,GPU_1,300.000000,75.470001,1,0,0.428571,0.317460
18.666666,13.333333,GPU_1,300.000000,75.430000,1,0,0.444444,0.317460
19.333334,13.333333,GPU_1,300.000000,75.220001,1,0,0.460317,0.317460
20.000000,13.333333,GPU_1,300.000000,74.599998,1,0,0.476190,0.317460
20.666666,13.333333,GPU_1,300.000000,72.669998,1,0,0.492063,0.317460
21.333334,13.333333,GPU_1,300.000000,71.570000,1,0,0.507937,0.317460
22.000000,13.333333,GPU_1,300.000000,71.169998,1,0,0.523810,0.317460
22.666666,13.333333,GPU_1,300.000000,71.470001,1,0,0.539683,0.317460
23.333334,13.333333,GPU_1,300.000000,72.470001,1,0,0.555556,0.317460
24.000000,13.333333,GPU_1,300.000000,73.860001,1,0,0.571429,0.317460
24.666666,13.333333,GPU_1,300.000000,75.680000,1,0,0.587302,0.317460
25.333334,13.333333,GPU_1,300.000000,76.430000,1,0,0.603175,0.317460
26.000000,13.333333,GPU_1,300.000000,76.809998,1,0,0.619048,0.317460
26.666666,13.333333,GPU_1,300.000000,77.010002,1,0,0.634921,0.317460
27.333334,13.333333,GPU_1,300.000000,77.120003,1,0,0.650794,0.317460
28.000000,13.333333,GPU_1,300.000000,77.150002,1,0,0.666667,0.317460
28.666666,13.333333,GPU_1,300.000000,77.139999,1,0,0.682540,0.317460
29.333334,13.333333,GPU_1,300.000000,77.070000,1,0,0.698413,0.317460
30.000000,13.333333,HBM_2,25.000000,76.949997,1,1,0.714286,0.317460
30.666666,13.333333,HBM_2,25.000000,76.790001,1,0,0.730159,0.317460
31.333334,13.333333,HBM_2,25.000000,76.580002,1,0,0.746032,0.317460
32.000000,13.333333,HBM_2,25.000000,76.320000,1,0,0.761905,0.317460
32.666668,13.333333,HBM_2,25.000000,76.019997,1,0,0.777778,0.317460
33.333332,13.333333,HBM_2,25.000000,75.680000,1,0,0.793651,0.317460
34.000000,13.333333,HBM_2,25.000000,75.290001,1,0,0.809524,0.317460
34.666668,13.333333,HBM_2,25.000000,74.849998,1,0,0.825397,0.317460
35.333332,13.333333,HBM_2,25.000000,74.360001,1,0,0.841270,0.317460
36.000000,13.333333,HBM_2,25.000000,73.820000,1,0,0.857143,0.317460
36.666668,13.333333,HBM_2,25.000000,73.239998,1,0,0.873016,0.317460
37.333332,13.333333,HBM_2,25.000000,72.610001,1,0,0.888889,0.317460
38.000000,13.333333,background,0.000000,71.930000,0,1,0.904762,0.317460
38.666668,13.333333,background,0.000000,71.199997,0,0,0.920635,0.317460
39.333332,13.333333,background,0.000000,70.410004,0,0,0.936508,0.317460
40.000000,13.333333,background,0.000000,69.580002,0,0,0.952381,0.317460
40.666668,13.333333,background,0.000000,68.709999,0,0,0.968254,0.317460
41.333332,13.333333,background,0.000000,67.860001,0,0,0.984127,0.317460
42.000000,13.333333,background,0.000000,67.190002,0,0,1.000000,0.317460
0.000000,14.000000,background,0.000000,57.590000,0,0,0.000000,0.333333
0.666667,14.000000,background,0.000000,58.400002,0,0,0.015873,0.333333
1.333333,14.000000,background,0.000000,59.959999,0,0,0.031746,0.333333
2.000000,14.000000,background,0.000000,61.990002,0,0,0.047619,0.333333
2.666667,14.000000,background,0.000000,64.690002,0,0,0.063492,0.333333
3.333333,14.000000,background,0.000000,66.139999,0,0,0.079365,0.333333
4.000000,14.000000,background,0.000000,67.230003,0,0,0.095238,0.333333
4.666667,14.000000,background,0.000000,68.160004,0,0,0.111111,0.333333
5.333333,14.000000,background,0.000000,68.989998,0,0,0.126984,0.333333
6.000000,14.000000,background,0.000000,69.760002,0,0,0.142857,0.333333
6.666667,14.000000,background,0.000000,70.470001,0,0,0.158730,0.333333
7.333333,14.000000,background,0.000000,71.129997,0,0,0.174603,0.333333
8.000000,14.000000,background,0.000000,71.739998,0,0,0.190476,0.333333
8.666667,14.000000,background,0.000000,72.320000,0,0,0.206349,0.333333
9.333333,14.000000,background,0.000000,72.860001,0,0,0.222222,0.333333
10.000000,14.000000,background,0.000000,73.360001,0,0,0.238095,0.333333
10.666667,14.000000,background,0.000000,73.820000,0,0,0.253968,0.333333
11.333333,14.000000,background,0.000000,74.239998,0,0,0.269841,0.333333
12.000000,14.000000,GPU_1,300.000000,74.629997,1,1,0.285714,0.333333
12.666667,14.000000,GPU_1,300.000000,74.989998,1,0,0.301587,0.333333
13.333333,14.000000,GPU_1,300.000000,75.309998,1,0,0.317460,0.333333
14.000000,14.000000,GPU_1,300.000000,75.589996,1,0,0.333333,0.333333
14.666667,14.000000,GPU_1,300.000000,75.839996,1,0,0.349206,0.333333
15.333333,14.000000,GPU_1,300.000000,76.059998,1,0,0.365079,0.333333
16.000000,14.000000,GPU_1,300.000000,76.239998,1,0,0.380952,0.333333
16.666666,14.000000,GPU_1,300.000000,76.379997,1,0,0.396825,0.333333
17.333334,14.000000,GPU_1,300.000000,76.470001,1,0,0.412698,0.333333
18.000000,14.000000,GPU_1,300.000000,76.500000,1,0,0.428571,0.333333
18.666666,14.000000,GPU_1,300.000000,76.440002,1,0,0.444444,0.333333
19.333334,14.000000,GPU_1,300.000000,76.209999,1,0,0.460317,0.333333
20.000000,14.000000,GPU_1,300.000000,75.559998,1,0,0.476190,0.333333
20.666666,14.000000,GPU_1,300.000000,73.610001,1,0,0.492063,0.333333
21.333334,14.000000,GPU_1,300.000000,72.489998,1,0,0.507937,0.333333
22.000000,14.000000,GPU_1,300.000000,72.050003,1,0,0.523810,0.333333
22.666666,14.000000,GPU_1,300.000000,72.320000,1,0,0.539683,0.333333
23.333334,14.000000,GPU_1,300.000000,73.290001,1,0,0.555556,0.333333
24.000000,14.000000,GPU_1,300.000000,74.660004,1,0,0.571429,0.333333
24.666666,14.000000,GPU_1,300.000000,76.470001,1,0,0.587302,0.333333
25.333334,14.000000,GPU_1,300.000000,77.220001,1,0,0.603175,0.333333
26.000000,14.000000,GPU_1,300.000000,77.599998,1,0,0.619048,0.333333
26.666666,14.000000,GPU_1,300.000000,77.800003,1,0,0.634921,0.333333
27.333334,14.000000,GPU_1,300.000000,77.900002,1,0,0.650794,0.333333
28.000000,14.000000,GPU_1,300.000000,77.940002,1,0,0.666667,0.333333
28.666666,14.000000,GPU_1,300.000000,77.919998,1,0,0.682540,0.333333
29.333334,14.000000,GPU_1,300.000000,77.839996,1,0,0.698413,0.333333
30.000000,14.000000,HBM_2,25.000000,77.720001,1,1,0.714286,0.333333
30.666666,14.000000,HBM_2,25.000000,77.550003,1,0,0.730159,0.333333
31.333334,14.000000,HBM_2,25.000000,77.330002,1,0,0.746032,0.333333
32.000000,14.000000,HBM_2,25.000000,77.059998,1,0,0.761905,0.333333
32.666668,14.000000,HBM_2,25.000000,76.750000,1,0,0.777778,0.333333
33.333332,14.000000,HBM_2,25.000000,76.400002,1,0,0.793651,0.333333
34.000000,14.000000,HBM_2,25.000000,75.989998,1,0,0.809524,0.333333
34.666668,14.000000,HBM_2,25.000000,75.540001,1,0,0.825397,0.333333
35.333332,14.000000,HBM_2,25.000000,75.040001,1,0,0.841270,0.333333
36.000000,14.000000,HBM_2,25.000000,74.489998,1,0,0.857143,0.333333
36.666668,14.000000,HBM_2,25.000000,73.900002,1,0,0.873016,0.333333
37.333332,14.000000,HBM_2,25.000000,73.250000,1,0,0.888889,0.333333
38.000000,14.000000,background,0.000000,72.550003,0,1,0.904762,0.333333
38.666668,14.000000,background,0.000000,71.800003,0,0,0.920635,0.333333
39.333332,14.000000,background,0.000000,70.989998,0,0,0.936508,0.333333
40.000000,14.000000,background,0.000000,70.139999,0,0,0.952381,0.333333
40.666668,14.000000,background,0.000000,69.250000,0,0,0.968254,0.333333
41.333332,14.000000,background,0.000000,68.370003,0,0,0.984127,0.333333
42.000000,14.000000,background,0.000000,67.680000,0,0,1.000000,0.333333
0.000000,14.666667,background,0.000000,58.110001,0,0,0.000000,0.349206
0.666667,14.666667,background,0.000000,58.939999,0,0,0.015873,0.349206
1.333333,14.666667,background,0.000000,60.520000,0,0,0.031746,0.349206
2.000000,14.666667,background,0.000000,62.560001,0,0,0.047619,0.349206
2.666667,14.666667,background,0.000000,65.290001,0,0,0.063492,0.349206
3.333333,14.666667,background,0.000000,66.779999,0,0,0.079365,0.349206
4.000000,14.666667,background,0.000000,67.900002,0,0,0.095238,0.349206
4.666667,14.666667,background,0.000000,68.860001,0,0,0.111111,0.349206
5.333333,14.666667,background,0.000000,69.720001,0,0,0.126984,0.349206
6.000000,14.666667,background,0.000000,70.510002,0,0,0.142857,0.349206
6.666667,14.666667,background,0.000000,71.250000,0,0,0.158730,0.349206
7.333333,14.666667,background,0.000000,71.930000,0,0,0.174603,0.349206
8.000000,14.666667,background,0.000000,72.559998,0,0,0.190476,0.349206
8.666667,14.666667,background,0.000000,73.150002,0,0,0.206349,0.349206
9.333333,14.666667,background,0.000000,73.709999,0,0,0.222222,0.349206
10.000000,14.666667,background,0.000000,74.220001,0,0,0.238095,0.349206
10.666667,14.666667,background,0.000000,74.690002,0,0,0.253968,0.349206
11.333333,14.666667,background,0.000000,75.120003,0,0,0.269841,0.349206
12.000000,14.666667,GPU_1,300.000000,75.519997,1,1,0.285714,0.349206
12.666667,14.666667,GPU_1,300.000000,75.879997,1,0,0.301587,0.349206
13.333333,14.666667,GPU_1,300.000000,76.209999,1,0,0.317460,0.349206
14.000000,14.666667,GPU_1,300.000000,76.500000,1,0,0.333333,0.349206
14.666667,14.666667,GPU_1,300.000000,76.750000,1,0,0.349206,0.349206
15.333333,14.666667,GPU_1,300.000000,76.959999,1,0,0.365079,0.349206
16.000000,14.666667,GPU_1,300.000000,77.139999,1,0,0.380952,0.349206
16.666666,14.666667,GPU_1,300.000000,77.269997,1,0,0.396825,0.349206
17.333334,14.666667,GPU_1,300.000000,77.360001,1,0,0.412698,0.349206
18.000000,14.666667,GPU_1,300.000000,77.379997,1,0,0.428571,0.349206
18.666666,14.666667,GPU_1,300.000000,77.309998,1,0,0.444444,0.349206
19.333334,14.666667,GPU_1,300.000000,77.059998,1,0,0.460317,0.349206
20.000000,14.666667,GPU_1,300.000000,76.400002,1,0,0.476190,0.349206
20.666666,14.666667,GPU_1,300.000000,74.430000,1,0,0.492063,0.349206
21.333334,14.666667,GPU_1,300.000000,73.300003,1,0,0.507937,0.349206
22.000000,14.666667,GPU_1,300.000000,72.849998,1,0,0.523810,0.349206
22.666666,14.666667,GPU_1,300.000000,73.089996,1,0,0.539683,0.349206
23.333334,14.666667,GPU_1,300.000000,74.040001,1,0,0.555556,0.349206
24.000000,14.666667,GPU_1,300.000000,75.389999,1,0,0.571429,0.349206
24.666666,14.666667,GPU_1,300.000000,77.190002,1,0,0.587302,0.349206
25.333334,14.666667,GPU_1,300.000000,77.940002,1,0,0.603175,0.349206
26.000000,14.666667,GPU_1,300.000000,78.309998,1,0,0.619048,0.349206
26.666666,14.666667,GPU_1,300.000000,78.510002,1,0,0.634921,0.349206
27.333334,14.666667,GPU_1,300.000000,78.610001,1,0,0.650794,0.349206
28.000000,14.666667,GPU_1,300.000000,78.639999,1,0,0.666667,0.349206
28.666666,14.666667,GPU_1,300.000000,78.610001,1,0,0.682540,0.349206
29.333334,14.666667,GPU_1,300.000000,78.529999,1,0,0.698413,0.349206
30.000000,14.666667,HBM_2,25.000000,78.400002,1,1,0.714286,0.349206
30.666666,14.666667,HBM_2,25.000000,78.220001,1,0,0.730159,0.349206
31.333334,14.666667,HBM_2,25.000000,78.000000,1,0,0.746032,0.349206
32.000000,14.666667,HBM_2,25.000000,77.720001,1,0,0.761905,0.349206
32.666668,14.666667,HBM_2,25.000000,77.400002,1,0,0.777778,0.349206
33.333332,14.666667,HBM_2,25.000000,77.040001,1,0,0.793651,0.349206
34.000000,14.666667,HBM_2,25.000000,76.620003,1,0,0.809524,0.349206
34.666668,14.666667,HBM_2,25.000000,76.160004,1,0,0.825397,0.349206
35.333332,14.666667,HBM_2,25.000000,75.650002,1,0,0.841270,0.349206
36.000000,14.666667,HBM_2,25.000000,75.080002,1,0,0.857143,0.349206
36.666668,14.666667,HBM_2,25.000000,74.470001,1,0,0.873016,0.349206
37.333332,14.666667,HBM_2,25.000000,73.809998,1,0,0.888889,0.349206
38.000000,14.666667,background,0.000000,73.089996,0,1,0.904762,0.349206
38.666668,14.666667,background,0.000000,72.330002,0,0,0.920635,0.349206
39.333332,14.666667,background,0.000000,71.500000,0,0,0.936508,0.349206
40.000000,14.666667,background,0.000000,70.629997,0,0,0.952381,0.349206
40.666668,14.666667,background,0.000000,69.709999,0,0,0.968254,0.349206
41.333332,14.666667,background,0.000000,68.809998,0,0,0.984127,0.349206
42.000000,14.666667,background,0.000000,68.099998,0,0,1.000000,0.349206
0.000000,15.333333,background,0.000000,58.570000,0,0,0.000000,0.365079
0.666667,15.333333,background,0.000000,59.400002,0,0,0.015873,0.365079
1.333333,15.333333,background,0.000000,61.000000,0,0,0.031746,0.365079
2.000000,15.333333,background,0.000000,63.060001,0,0,0.047619,0.365079
2.666667,15.333333,background,0.000000,65.809998,0,0,0.063492,0.365079
3.333333,15.333333,background,0.000000,67.330002,0,0,0.079365,0.365079
4.000000,15.333333,background,0.000000,68.480003,0,0,0.095238,0.365079
4.666667,15.333333,background,0.000000,69.470001,0,0,0.111111,0.365079
5.333333,15.333333,background,0.000000,70.349998,0,0,0.126984,0.365079
6.000000,15.333333,background,0.000000,71.169998,0,0,0.142857,0.365079
6.666667,15.333333,background,0.000000,71.919998,0,0,0.158730,0.365079
7.333333,15.333333,background,0.000000,72.620003,0,0,0.174603,0.365079
8.000000,15.333333,background,0.000000,73.269997,0,0,0.190476,0.365079
8.666667,15.333333,background,0.000000,73.879997,0,0,0.206349,0.365079
9.333333,15.333333,background,0.000000,74.449997,0,0,0.222222,0.365079
10.000000,15.333333,background,0.000000,74.970001,0,0,0.238095,0.365079
10.666667,15.333333,background,0.000000,75.449997,0,0,0.253968,0.365079
11.333333,15.333333,background,0.000000,75.900002,0,0,0.269841,0.365079
12.000000,15.333333,GPU_1,300.000000,76.300003,1,1,0.285714,0.365079
12.666667,15.333333,GPU_1,300.000000,76.669998,1,0,0.301587,0.365079
13.333333,15.333333,GPU_1,300.000000,77.000000,1,0,0.317460,0.365079
14.000000,15.333333,GPU_1,300.000000,77.290001,1,0,0.333333,0.365079
14.666667,15.333333,GPU_1,300.000000,77.540001,1,0,0.349206,0.365079
15.333333,15.333333,GPU_1,300.000000,77.760002,1,0,0.365079,0.365079
16.000000,15.333333,GPU_1,300.000000,77.930000,1,0,0.380952,0.365079
16.666666,15.333333,GPU_1,300.000000,78.059998,1,0,0.396825,0.365079
17.333334,15.333333,GPU_1,300.000000,78.139999,1,0,0.412698,0.365079
18.000000,15.333333,GPU_1,300.000000,78.150002,1,0,0.428571,0.365079
18.666666,15.333333,GPU_1,300.000000,78.070000,1,0,0.444444,0.365079
19.333334,15.333333,GPU_1,300.000000,77.809998,1,0,0.460317,0.365079
20.000000,15.333333,GPU_1,300.000000,77.129997,1,0,0.476190,0.365079
20.666666,15.333333,GPU_1,300.000000,75.160004,1,0,0.492063,0.365079
21.333334,15.333333,GPU_1,300.000000,74.019997,1,0,0.507937,0.365079
22.000000,15.333333,GPU_1,300.000000,73.559998,1,0,0.523810,0.365079
22.666666,15.333333,GPU_1,300.000000,73.790001,1,0,0.539683,0.365079
23.333334,15.333333,GPU_1,300.000000,74.720001,1,0,0.555556,0.365079
24.000000,15.333333,GPU_1,300.000000,76.050003,1,0,0.571429,0.365079
24.666666,15.333333,GPU_1,300.000000,77.839996,1,0,0.587302,0.365079
25.333334,15.333333,GPU_1,300.000000,78.589996,1,0,0.603175,0.365079
26.000000,15.333333,GPU_1,300.000000,78.959999,1,0,0.619048,0.365079
26.666666,15.333333,GPU_1,300.000000,79.160004,1,0,0.634921,0.365079
27.333334,15.333333,GPU_1,300.000000,79.250000,1,0,0.650794,0.365079
28.000000,15.333333,GPU_1,300.000000,79.269997,1,0,0.666667,0.365079
28.666666,15.333333,GPU_1,300.000000,79.239998,1,0,0.682540,0.365079
29.333334,15.333333,GPU_1,300.000000,79.150002,1,0,0.698413,0.365079
30.000000,15.333333,HBM_2,25.000000,79.010002,1,1,0.714286,0.365079
30.666666,15.333333,HBM_2,25.000000,78.830002,1,0,0.730159,0.365079
31.333334,15.333333,HBM_2,25.000000,78.589996,1,0,0.746032,0.365079
32.000000,15.333333,HBM_2,25.000000,78.309998,1,0,0.761905,0.365079
32.666668,15.333333,HBM_2,25.000000,77.980003,1,0,0.777778,0.365079
33.333332,15.333333,HBM_2,25.000000,77.599998,1,0,0.793651,0.365079
34.000000,15.333333,HBM_2,25.000000,77.180000,1,0,0.809524,0.365079
34.666668,15.333333,HBM_2,25.000000,76.699997,1,0,0.825397,0.365079
35.333332,15.333333,HBM_2,25.000000,76.180000,1,0,0.841270,0.365079
36.000000,15.333333,HBM_2,25.000000,75.610001,1,0,0.857143,0.365079
36.666668,15.333333,HBM_2,25.000000,74.980003,1,0,0.873016,0.365079
37.333332,15.333333,HBM_2,25.000000,74.300003,1,0,0.888889,0.365079
38.000000,15.333333,background,0.000000,73.570000,0,1,0.904762,0.365079
38.666668,15.333333,background,0.000000,72.790001,0,0,0.920635,0.365079
39.333332,15.333333,background,0.000000,71.949997,0,0,0.936508,0.365079
40.000000,15.333333,background,0.000000,71.050003,0,0,0.952381,0.365079
40.666668,15.333333,background,0.000000,70.120003,0,0,0.968254,0.365079
41.333332,15.333333,background,0.000000,69.190002,0,0,0.984127,0.365079
42.000000,15.333333,background,0.000000,68.470001,0,0,1.000000,0.365079
0.000000,16.000000,background,0.000000,58.970001,0,0,0.000000,0.380952
0.666667,16.000000,background,0.000000,59.820000,0,0,0.015873,0.380952
1.333333,16.000000,background,0.000000,61.430000,0,0,0.031746,0.380952
2.000000,16.000000,background,0.000000,63.500000,0,0,0.047619,0.380952
2.666667,16.000000,background,0.000000,66.269997,0,0,0.063492,0.380952
3.333333,16.000000,background,0.000000,67.809998,0,0,0.079365,0.380952
4.000000,16.000000,background,0.000000,68.989998,0,0,0.095238,0.380952
4.666667,16.000000,background,0.000000,70.000000,0,0,0.111111,0.380952
5.333333,16.000000,background,0.000000,70.910004,0,0,0.126984,0.380952
6.000000,16.000000,background,0.000000,71.739998,0,0,0.142857,0.380952
6.666667,16.000000,background,0.000000,72.510002,0,0,0.158730,0.380952
7.333333,16.000000,background,0.000000,73.230003,0,0,0.174603,0.380952
8.000000,16.000000,background,0.000000,73.900002,0,0,0.190476,0.380952
8.666667,16.000000,background,0.000000,74.519997,0,0,0.206349,0.380952
9.333333,16.000000,background,0.000000,75.099998,0,0,0.222222,0.380952
10.000000,16.000000,background,0.000000,75.629997,0,0,0.238095,0.380952
10.666667,16.000000,background,0.000000,76.129997,0,0,0.253968,0.380952
11.333333,16.000000,background,0.000000,76.580002,0,0,0.269841,0.380952
12.000000,16.000000,GPU_1,300.000000,76.989998,1,1,0.285714,0.380952
12.666667,16.000000,GPU_1,300.000000,77.360001,1,0,0.301587,0.380952
13.333333,16.000000,GPU_1,300.000000,77.699997,1,0,0.317460,0.380952
14.000000,16.000000,GPU_1,300.000000,77.989998,1,0,0.333333,0.380952
14.666667,16.000000,GPU_1,300.000000,78.250000,1,0,0.349206,0.380952
15.333333,16.000000,GPU_1,300.000000,78.459999,1,0,0.365079,0.380952
16.000000,16.000000,GPU_1,300.000000,78.629997,1,0,0.380952,0.380952
16.666666,16.000000,GPU_1,300.000000,78.760002,1,0,0.396825,0.380952
17.333334,16.000000,GPU_1,300.000000,78.830002,1,0,0.412698,0.380952
18.000000,16.000000,GPU_1,300.000000,78.839996,1,0,0.428571,0.380952
18.666666,16.000000,GPU_1,300.000000,78.750000,1,0,0.444444,0.380952
19.333334,16.000000,GPU_1,300.000000,78.480003,1,0,0.460317,0.380952
20.000000,16.000000,GPU_1,300.000000,77.800003,1,0,0.476190,0.380952
20.666666,16.000000,GPU_1,300.000000,75.809998,1,0,0.492063,0.380952
21.333334,16.000000,GPU_1,300.000000,74.669998,1,0,0.507937,0.380952
22.000000,16.000000,GPU_1,300.000000,74.190002,1,0,0.523810,0.380952
22.666666,16.000000,GPU_1,300.000000,74.410004,1,0,0.539683,0.380952
23.333334,16.000000,GPU_1,300.000000,75.330002,1,0,0.555556,0.380952
24.000000,16.000000,GPU_1,300.000000,76.650002,1,0,0.571429,0.380952
24.666666,16.000000,GPU_1,300.000000,78.440002,1,0,0.587302,0.380952
25.333334,16.000000,GPU_1,300.000000,79.180000,1,0,0.603175,0.380952
26.000000,16.000000,GPU_1,300.000000,79.540001,1,0,0.619048,0.380952
26.666666,16.000000,GPU_1,300.000000,79.739998,1,0,0.634921,0.380952
27.333334,16.000000,GPU_1,300.000000,79.820000,1,0,0.650794,0.380952
28.000000,16.000000,GPU_1,300.000000,79.839996,1,0,0.666667,0.380952
28.666666,16.000000,GPU_1,300.000000,79.800003,1,0,0.682540,0.380952
29.333334,16.000000,GPU_1,300.000000,79.709999,1,0,0.698413,0.380952
30.000000,16.000000,HBM_2,25.000000,79.559998,1,1,0.714286,0.380952
30.666666,16.000000,HBM_2,25.000000,79.370003,1,0,0.730159,0.380952
31.333334,16.000000,HBM_2,25.000000,79.120003,1,0,0.746032,0.380952
32.000000,16.000000,HBM_2,25.000000,78.830002,1,0,0.761905,0.380952
32.666668,16.000000,HBM_2,25.000000,78.489998,1,0,0.777778,0.380952
33.333332,16.000000,HBM_2,25.000000,78.110001,1,0,0.793651,0.380952
34.000000,16.000000,HBM_2,25.000000,77.669998,1,0,0.809524,0.380952
34.666668,16.000000,HBM_2,25.000000,77.190002,1,0,0.825397,0.380952
35.333332,16.000000,HBM_2,25.000000,76.650002,1,0,0.841270,0.380952
36.000000,16.000000,HBM_2,25.000000,76.059998,1,0,0.857143,0.380952
36.666668,16.000000,HBM_2,25.000000,75.430000,1,0,0.873016,0.380952
37.333332,16.000000,HBM_2,25.000000,74.739998,1,0,0.888889,0.380952
38.000000,16.000000,background,0.000000,73.989998,0,1,0.904762,0.380952
38.666668,16.000000,background,0.000000,73.190002,0,0,0.920635,0.380952
39.333332,16.000000,background,0.000000,72.330002,0,0,0.936508,0.380952
40.000000,16.000000,background,0.000000,71.419998,0,0,0.952381,0.380952
40.666668,16.000000,background,0.000000,70.470001,0,0,0.968254,0.380952
41.333332,16.000000,background,0.000000,69.529999,0,0,0.984127,0.380952
42.000000,16.000000,background,0.000000,68.790001,0,0,1.000000,0.380952
0.000000,16.666666,background,0.000000,59.330002,0,0,0.000000,0.396825
0.666667,16.666666,background,0.000000,60.180000,0,0,0.015873,0.396825
1.333333,16.666666,background,0.000000,61.799999,0,0,0.031746,0.396825
2.000000,16.666666,background,0.000000,63.880001,0,0,0.047619,0.396825
2.666667,16.666666,background,0.000000,66.669998,0,0,0.063492,0.396825
3.333333,16.666666,background,0.000000,68.230003,0,0,0.079365,0.396825
4.000000,16.666666,background,0.000000,69.430000,0,0,0.095238,0.396825
4.666667,16.666666,background,0.000000,70.459999,0,0,0.111111,0.396825
5.333333,16.666666,background,0.000000,71.389999,0,0,0.126984,0.396825
6.000000,16.666666,background,0.000000,72.250000,0,0,0.142857,0.396825
6.666667,16.666666,background,0.000000,73.040001,0,0,0.158730,0.396825
7.333333,16.666666,background,0.000000,73.769997,0,0,0.174603,0.396825
8.000000,16.666666,background,0.000000,74.449997,0,0,0.190476,0.396825
8.666667,16.666666,background,0.000000,75.089996,0,0,0.206349,0.396825
9.333333,16.666666,background,0.000000,75.680000,0,0,0.222222,0.396825
10.000000,16.666666,background,0.000000,76.220001,0,0,0.238095,0.396825
10.666667,16.666666,background,0.000000,76.720001,0,0,0.253968,0.396825
11.333333,16.666666,background,0.000000,77.180000,0,0,0.269841,0.396825
12.000000,16.666666,GPU_1,300.000000,77.599998,1,1,0.285714,0.396825
12.666667,16.666666,GPU_1,300.000000,77.980003,1,0,0.301587,0.396825
13.333333,16.666666,GPU_1,300.000000,78.320000,1,0,0.317460,0.396825
14.000000,16.666666,GPU_1,300.000000,78.620003,1,0,0.333333,0.396825
14.666667,16.666666,GPU_1,300.000000,78.870003,1,0,0.349206,0.396825
15.333333,16.666666,GPU_1,300.000000,79.089996,1,0,0.365079,0.396825
16.000000,16.666666,GPU_1,300.000000,79.260002,1,0,0.380952,0.396825
16.666666,16.666666,GPU_1,300.000000,79.379997,1,0,0.396825,0.396825
17.333334,16.666666,GPU_1,300.000000,79.449997,1,0,0.412698,0.396825
18.000000,16.666666,GPU_1,300.000000,79.449997,1,0,0.428571,0.396825
18.666666,16.666666,GPU_1,300.000000,79.360001,1,0,0.444444,0.396825
19.333334,16.666666,GPU_1,300.000000,79.080002,1,0,0.460317,0.396825
20.000000,16.666666,GPU_1,300.000000,78.389999,1,0,0.476190,0.396825
20.666666,16.666666,GPU_1,300.000000,76.400002,1,0,0.492063,0.396825
21.333334,16.666666,GPU_1,300.000000,75.250000,1,0,0.507937,0.396825
22.000000,16.666666,GPU_1,300.000000,74.760002,1,0,0.523810,0.396825
22.666666,16.666666,GPU_1,300.000000,74.970001,1,0,0.539683,0.396825
23.333334,16.666666,GPU_1,300.000000,75.879997,1,0,0.555556,0.396825
24.000000,16.666666,GPU_1,300.000000,77.190002,1,0,0.571429,0.396825
24.666666,16.666666,GPU_1,300.000000,78.970001,1,0,0.587302,0.396825
25.333334,16.666666,GPU_1,300.000000,79.709999,1,0,0.603175,0.396825
26.000000,16.666666,GPU_1,300.000000,80.070000,1,0,0.619048,0.396825
26.666666,16.666666,GPU_1,300.000000,80.250000,1,0,0.634921,0.396825
27.333334,16.666666,GPU_1,300.000000,80.339996,1,0,0.650794,0.396825
28.000000,16.666666,GPU_1,300.000000,80.349998,1,0,0.666667,0.396825
28.666666,16.666666,GPU_1,300.000000,80.300003,1,0,0.682540,0.396825
29.333334,16.666666,GPU_1,300.000000,80.199997,1,0,0.698413,0.396825
30.000000,16.666666,HBM_2,25.000000,80.040001,1,1,0.714286,0.396825
30.666666,16.666666,HBM_2,25.000000,79.839996,1,0,0.730159,0.396825
31.333334,16.666666,HBM_2,25.000000,79.589996,1,0,0.746032,0.396825
32.000000,16.666666,HBM_2,25.000000,79.290001,1,0,0.761905,0.396825
32.666668,16.666666,HBM_2,25.000000,78.940002,1,0,0.777778,0.396825
33.333332,16.666666,HBM_2,25.000000,78.550003,1,0,0.793651,0.396825
34.000000,16.666666,HBM_2,25.000000,78.099998,1,0,0.809524,0.396825
34.666668,16.666666,HBM_2,25.000000,77.610001,1,0,0.825397,0.396825
35.333332,16.666666,HBM_2,25.000000,77.059998,1,0,0.841270,0.396825
36.000000,16.666666,HBM_2,25.000000,76.459999,1,0,0.857143,0.396825
36.666668,16.666666,HBM_2,25.000000,75.809998,1,0,0.873016,0.396825
37.333332,16.666666,HBM_2,25.000000,75.110001,1,0,0.888889,0.396825
38.000000,16.666666,background,0.000000,74.349998,0,1,0.904762,0.396825
38.666668,16.666666,background,0.000000,73.540001,0,0,0.920635,0.396825
39.333332,16.666666,background,0.000000,72.669998,0,0,0.936508,0.396825
40.000000,16.666666,background,0.000000,71.739998,0,0,0.952381,0.396825
40.666668,16.666666,background,0.000000,70.769997,0,0,0.968254,0.396825
41.333332,16.666666,background,0.000000,69.820000,0,0,0.984127,0.396825
42.000000,16.666666,background,0.000000,69.070000,0,0,1.000000,0.396825
0.000000,17.333334,background,0.000000,59.639999,0,0,0.000000,0.412698
0.666667,17.333334,background,0.000000,60.490002,0,0,0.015873,0.412698
1.333333,17.333334,background,0.000000,62.130001,0,0,0.031746,0.412698
2.000000,17.333334,background,0.000000,64.220001,0,0,0.047619,0.412698
2.666667,17.333334,background,0.000000,67.019997,0,0,0.063492,0.412698
3.333333,17.333334,background,0.000000,68.599998,0,0,0.079365,0.412698
4.000000,17.333334,background,0.000000,69.820000,0,0,0.095238,0.412698
4.666667,17.333334,background,0.000000,70.870003,0,0,0.111111,0.412698
5.333333,17.333334,background,0.000000,71.820000,0,0,0.126984,0.412698
6.000000,17.333334,background,0.000000,72.690002,0,0,0.142857,0.412698
6.666667,17.333334,background,0.000000,73.489998,0,0,0.158730,0.412698
7.333333,17.333334,background,0.000000,74.239998,0,0,0.174603,0.412698
8.000000,17.333334,background,0.000000,74.940002,0,0,0.190476,0.412698
8.666667,17.333334,background,0.000000,75.580002,0,0,0.206349,0.412698
9.333333,17.333334,background,0.000000,76.180000,0,0,0.222222,0.412698
10.000000,17.333334,background,0.000000,76.739998,0,0,0.238095,0.412698
10.666667,17.333334,background,0.000000,77.250000,0,0,0.253968,0.412698
11.333333,17.333334,background,0.000000,77.720001,0,0,0.269841,0.412698
12.000000,17.333334,GPU_1,300.000000,78.139999,1,1,0.285714,0.412698
12.666667,17.333334,GPU_1,300.000000,78.519997,1,0,0.301587,0.412698
13.333333,17.333334,GPU_1,300.000000,78.870003,1,0,0.317460,0.412698
14.000000,17.333334,GPU_1,300.000000,79.169998,1,0,0.333333,0.412698
14.666667,17.333334,GPU_1,300.000000,79.419998,1,0,0.349206,0.412698
15.333333,17.333334,GPU_1,300.000000,79.639999,1,0,0.365079,0.412698
16.000000,17.333334,GPU_1,300.000000,79.809998,1,0,0.380952,0.412698
16.666666,17.333334,GPU_1,300.000000,79.930000,1,0,0.396825,0.412698
17.333334,17.333334,GPU_1,300.000000,80.000000,1,0,0.412698,0.412698
18.000000,17.333334,GPU_1,300.000000,80.000000,1,0,0.428571,0.412698
18.666666,17.333334,GPU_1,300.000000,79.889999,1,0,0.444444,0.412698
19.333334,17.333334,GPU_1,300.000000,79.610001,1,0,0.460317,0.412698
20.000000,17.333334,GPU_1,300.000000,78.919998,1,0,0.476190,0.412698
20.666666,17.333334,GPU_1,300.000000,76.919998,1,0,0.492063,0.412698
21.333334,17.333334,GPU_1,300.000000,75.769997,1,0,0.507937,0.412698
22.000000,17.333334,GPU_1,300.000000,75.269997,1,0,0.523810,0.412698
22.666666,17.333334,GPU_1,300.000000,75.470001,1,0,0.539683,0.412698
23.333334,17.333334,GPU_1,300.000000,76.370003,1,0,0.555556,0.412698
24.000000,17.333334,GPU_1,300.000000,77.669998,1,0,0.571429,0.412698
24.666666,17.333334,GPU_1,300.000000,79.449997,1,0,0.587302,0.412698
25.333334,17.333334,GPU_1,300.000000,80.180000,1,0,0.603175,0.412698
26.000000,17.333334,GPU_1,300.000000,80.529999,1,0,0.619048,0.412698
26.666666,17.333334,GPU_1,300.000000,80.709999,1,0,0.634921,0.412698
27.333334,17.333334,GPU_1,300.000000,80.790001,1,0,0.650794,0.412698
28.000000,17.333334,GPU_1,300.000000,80.790001,1,0,0.666667,0.412698
28.666666,17.333334,GPU_1,300.000000,80.739998,1,0,0.682540,0.412698
29.333334,17.333334,GPU_1,300.000000,80.629997,1,0,0.698413,0.412698
30.000000,17.333334,HBM_2,25.000000,80.470001,1,1,0.714286,0.412698
30.666666,17.333334,HBM_2,25.000000,80.260002,1,1,0.730159,0.412698
31.333334,17.333334,HBM_2,25.000000,80.000000,1,1,0.746032,0.412698
32.000000,17.333334,HBM_2,25.000000,79.690002,1,1,0.761905,0.412698
32.666668,17.333334,HBM_2,25.000000,79.330002,1,1,0.777778,0.412698
33.333332,17.333334,HBM_2,25.000000,78.930000,1,1,0.793651,0.412698
34.000000,17.333334,HBM_2,25.000000,78.470001,1,1,0.809524,0.412698
34.666668,17.333334,HBM_2,25.000000,77.970001,1,1,0.825397,0.412698
35.333332,17.333334,HBM_2,25.000000,77.410004,1,1,0.841270,0.412698
36.000000,17.333334,HBM_2,25.000000,76.800003,1,1,0.857143,0.412698
36.666668,17.333334,HBM_2,25.000000,76.139999,1,1,0.873016,0.412698
37.333332,17.333334,HBM_2,25.000000,75.430000,1,1,0.888889,0.412698
38.000000,17.333334,background,0.000000,74.660004,0,1,0.904762,0.412698
38.666668,17.333334,background,0.000000,73.830002,0,1,0.920635,0.412698
39.333332,17.333334,background,0.000000,72.949997,0,1,0.936508,0.412698
40.000000,17.333334,background,0.000000,72.010002,0,1,0.952381,0.412698
40.666668,17.333334,background,0.000000,71.029999,0,1,0.968254,0.412698
41.333332,17.333334,background,0.000000,70.059998,0,1,0.984127,0.412698
42.000000,17.333334,background,0.000000,69.300003,0,1,1.000000,0.412698
0.000000,18.000000,background,0.000000,59.900002,0,0,0.000000,0.428571
0.666667,18.000000,background,0.000000,60.770000,0,0,0.015873,0.428571
1.333333,18.000000,background,0.000000,62.410000,0,0,0.031746,0.428571
2.000000,18.000000,background,0.000000,64.510002,0,0,0.047619,0.428571
2.666667,18.000000,background,0.000000,67.330002,0,0,0.063492,0.428571
3.333333,18.000000,background,0.000000,68.919998,0,0,0.079365,0.428571
4.000000,18.000000,background,0.000000,70.160004,0,0,0.095238,0.428571
4.666667,18.000000,background,0.000000,71.220001,0,0,0.111111,0.428571
5.333333,18.000000,background,0.000000,72.190002,0,0,0.126984,0.428571
6.000000,18.000000,background,0.000000,73.070000,0,0,0.142857,0.428571
6.666667,18.000000,background,0.000000,73.889999,0,0,0.158730,0.428571
7.333333,18.000000,background,0.000000,74.650002,0,0,0.174603,0.428571
8.000000,18.000000,background,0.000000,75.349998,0,0,0.190476,0.428571
8.666667,18.000000,background,0.000000,76.010002,0,0,0.206349,0.428571
9.333333,18.000000,background,0.000000,76.620003,0,0,0.222222,0.428571
10.000000,18.000000,background,0.000000,77.190002,0,0,0.238095,0.428571
10.666667,18.000000,background,0.000000,77.699997,0,0,0.253968,0.428571
11.333333,18.000000,background,0.000000,78.180000,0,0,0.269841,0.428571
12.000000,18.000000,GPU_1,300.000000,78.610001,1,1,0.285714,0.428571
12.666667,18.000000,GPU_1,300.000000,79.000000,1,0,0.301587,0.428571
13.333333,18.000000,GPU_1,300.000000,79.339996,1,0,0.317460,0.428571
14.000000,18.000000,GPU_1,300.000000,79.650002,1,0,0.333333,0.428571
14.666667,18.000000,GPU_1,300.000000,79.910004,1,0,0.349206,0.428571
15.333333,18.000000,GPU_1,300.000000,80.120003,1,0,0.365079,0.428571
16.000000,18.000000,GPU_1,300.000000,80.290001,1,0,0.380952,0.428571
16.666666,18.000000,GPU_1,300.000000,80.419998,1,0,0.396825,0.428571
17.333334,18.000000,GPU_1,300.000000,80.480003,1,0,0.412698,0.428571
18.000000,18.000000,GPU_1,300.000000,80.470001,1,0,0.428571,0.428571
18.666666,18.000000,GPU_1,300.000000,80.370003,1,0,0.444444,0.428571
19.333334,18.000000,GPU_1,300.000000,80.080002,1,0,0.460317,0.428571
20.000000,18.000000,GPU_1,300.000000,79.379997,1,0,0.476190,0.428571
20.666666,18.000000,GPU_1,300.000000,77.379997,1,0,0.492063,0.428571
21.333334,18.000000,GPU_1,300.000000,76.220001,1,0,0.507937,0.428571
22.000000,18.000000,GPU_1,300.000000,75.720001,1,0,0.523810,0.428571
22.666666,18.000000,GPU_1,300.000000,75.910004,1,0,0.539683,0.428571
23.333334,18.000000,GPU_1,300.000000,76.800003,1,0,0.555556,0.428571
24.000000,18.000000,GPU_1,300.000000,78.099998,1,0,0.571429,0.428571
24.666666,18.000000,GPU_1,300.000000,79.860001,1,0,0.587302,0.428571
25.333334,18.000000,GPU_1,300.000000,80.589996,1,0,0.603175,0.428571
26.000000,18.000000,GPU_1,300.000000,80.940002,1,0,0.619048,0.428571
26.666666,18.000000,GPU_1,300.000000,81.110001,1,0,0.634921,0.428571
27.333334,18.000000,GPU_1,300.000000,81.180000,1,0,0.650794,0.428571
28.000000,18.000000,GPU_1,300.000000,81.180000,1,0,0.666667,0.428571
28.666666,18.000000,GPU_1,300.000000,81.110001,1,0,0.682540,0.428571
29.333334,18.000000,GPU_1,300.000000,81.000000,1,0,0.698413,0.428571
30.000000,18.000000,CPU1_0,105.000000,80.830002,1,1,0.714286,0.428571
30.666666,18.000000,CPU1_0,105.000000,80.610001,1,0,0.730159,0.428571
31.333334,18.000000,CPU1_0,105.000000,80.339996,1,0,0.746032,0.428571
32.000000,18.000000,CPU1_0,105.000000,80.029999,1,0,0.761905,0.428571
32.666668,18.000000,CPU1_0,105.000000,79.660004,1,0,0.777778,0.428571
33.333332,18.000000,CPU1_0,105.000000,79.250000,1,0,0.793651,0.428571
34.000000,18.000000,CPU1_0,105.000000,78.779999,1,0,0.809524,0.428571
34.666668,18.000000,CPU1_0,105.000000,78.269997,1,0,0.825397,0.428571
35.333332,18.000000,CPU1_0,105.000000,77.699997,1,0,0.841270,0.428571
36.000000,18.000000,CPU1_0,105.000000,77.089996,1,0,0.857143,0.428571
36.666668,18.000000,CPU1_0,105.000000,76.419998,1,0,0.873016,0.428571
37.333332,18.000000,CPU1_0,105.000000,75.690002,1,0,0.888889,0.428571
38.000000,18.000000,CPU1_0,105.000000,74.910004,1,0,0.904762,0.428571
38.666668,18.000000,CPU1_0,105.000000,74.080002,1,0,0.920635,0.428571
39.333332,18.000000,CPU1_0,105.000000,73.180000,1,0,0.936508,0.428571
40.000000,18.000000,CPU1_0,105.000000,72.230003,1,0,0.952381,0.428571
40.666668,18.000000,CPU1_0,105.000000,71.239998,1,0,0.968254,0.428571
41.333332,18.000000,CPU1_0,105.000000,70.250000,1,0,0.984127,0.428571
42.000000,18.000000,background,0.000000,69.489998,0,1,1.000000,0.428571
0.000000,18.666666,background,0.000000,60.130001,0,0,0.000000,0.444444
0.666667,18.666666,background,0.000000,61.000000,0,0,0.015873,0.444444
1.333333,18.666666,background,0.000000,62.650002,0,0,0.031746,0.444444
2.000000,18.666666,background,0.000000,64.760002,0,0,0.047619,0.444444
2.666667,18.666666,background,0.000000,67.589996,0,0,0.063492,0.444444
3.333333,18.666666,background,0.000000,69.190002,0,0,0.079365,0.444444
4.000000,18.666666,background,0.000000,70.440002,0,0,0.095238,0.444444
4.666667,18.666666,background,0.000000,71.519997,0,0,0.111111,0.444444
5.333333,18.666666,background,0.000000,72.500000,0,0,0.126984,0.444444
6.000000,18.666666,background,0.000000,73.389999,0,0,0.142857,0.444444
6.666667,18.666666,background,0.000000,74.220001,0,0,0.158730,0.444444
7.333333,18.666666,background,0.000000,74.989998,0,0,0.174603,0.444444
8.000000,18.666666,background,0.000000,75.709999,0,0,0.190476,0.444444
8.666667,18.666666,background,0.000000,76.379997,0,0,0.206349,0.444444
9.333333,18.666666,background,0.000000,77.000000,0,0,0.222222,0.444444
10.000000,18.666666,background,0.000000,77.570000,0,0,0.238095,0.444444
10.666667,18.666666,background,0.000000,78.089996,0,0,0.253968,0.444444
11.333333,18.666666,background,0.000000,78.570000,0,0,0.269841,0.444444
12.000000,18.666666,GPU_1,300.000000,79.010002,1,1,0.285714,0.444444
12.666667,18.666666,GPU_1,300.000000,79.400002,1,0,0.301587,0.444444
13.333333,18.666666,GPU_1,300.000000,79.750000,1,0,0.317460,0.444444
14.000000,18.666666,GPU_1,300.000000,80.059998,1,0,0.333333,0.444444
14.666667,18.666666,GPU_1,300.000000,80.320000,1,0,0.349206,0.444444
15.333333,18.666666,GPU_1,300.000000,80.540001,1,0,0.365079,0.444444
16.000000,18.666666,GPU_1,300.000000,80.709999,1,0,0.380952,0.444444
16.666666,18.666666,GPU_1,300.000000,80.830002,1,0,0.396825,0.444444
17.333334,18.666666,GPU_1,300.000000,80.900002,1,0,0.412698,0.444444
18.000000,18.666666,GPU_1,300.000000,80.889999,1,0,0.428571,0.444444
18.666666,18.666666,GPU_1,300.000000,80.779999,1,0,0.444444,0.444444
19.333334,18.666666,GPU_1,300.000000,80.489998,1,0,0.460317,0.444444
20.000000,18.666666,GPU_1,300.000000,79.779999,1,0,0.476190,0.444444
20.666666,18.666666,GPU_1,300.000000,77.769997,1,0,0.492063,0.444444
21.333334,18.666666,GPU_1,300.000000,76.610001,1,0,0.507937,0.444444
22.000000,18.666666,GPU_1,300.000000,76.099998,1,0,0.523810,0.444444
22.666666,18.666666,GPU_1,300.000000,76.290001,1,0,0.539683,0.444444
23.333334,18.666666,GPU_1,300.000000,77.169998,1,0,0.555556,0.444444
24.000000,18.666666,GPU_1,300.000000,78.459999,1,0,0.571429,0.444444
24.666666,18.666666,GPU_1,300.000000,80.220001,1,0,0.587302,0.444444
25.333334,18.666666,GPU_1,300.000000,80.940002,1,0,0.603175,0.444444
26.000000,18.666666,GPU_1,300.000000,81.279999,1,0,0.619048,0.444444
26.666666,18.666666,GPU_1,300.000000,81.449997,1,0,0.634921,0.444444
27.333334,18.666666,GPU_1,300.000000,81.510002,1,0,0.650794,0.444444
28.000000,18.666666,GPU_1,300.000000,81.500000,1,0,0.666667,0.444444
28.666666,18.666666,GPU_1,300.000000,81.430000,1,0,0.682540,0.444444
29.333334,18.666666,GPU_1,300.000000,81.309998,1,0,0.698413,0.444444
30.000000,18.666666,CPU1_0,105.000000,81.129997,1,1,0.714286,0.444444
30.666666,18.666666,CPU1_0,105.000000,80.900002,1,0,0.730159,0.444444
31.333334,18.666666,CPU1_0,105.000000,80.629997,1,0,0.746032,0.444444
32.000000,18.666666,CPU1_0,105.000000,80.309998,1,0,0.761905,0.444444
32.666668,18.666666,CPU1_0,105.000000,79.930000,1,0,0.777778,0.444444
33.333332,18.666666,CPU1_0,105.000000,79.510002,1,0,0.793651,0.444444
34.000000,18.666666,CPU1_0,105.000000,79.040001,1,0,0.809524,0.444444
34.666668,18.666666,CPU1_0,105.000000,78.510002,1,0,0.825397,0.444444
35.333332,18.666666,CPU1_0,105.000000,77.940002,1,0,0.841270,0.444444
36.000000,18.666666,CPU1_0,105.000000,77.309998,1,0,0.857143,0.444444
36.666668,18.666666,CPU1_0,105.000000,76.639999,1,0,0.873016,0.444444
37.333332,18.666666,CPU1_0,105.000000,75.900002,1,0,0.888889,0.444444
38.000000,18.666666,CPU1_0,105.000000,75.110001,1,0,0.904762,0.444444
38.666668,18.666666,CPU1_0,105.000000,74.269997,1,0,0.920635,0.444444
39.333332,18.666666,CPU1_0,105.000000,73.360001,1,0,0.936508,0.444444
40.000000,18.666666,CPU1_0,105.000000,72.400002,1,0,0.952381,0.444444
40.666668,18.666666,CPU1_0,105.000000,71.400002,1,0,0.968254,0.444444
41.333332,18.666666,CPU1_0,105.000000,70.410004,1,0,0.984127,0.444444
42.000000,18.666666,background,0.000000,69.639999,0,1,1.000000,0.444444
0.000000,19.333334,background,0.000000,60.310001,0,0,0.000000,0.460317
0.666667,19.333334,background,0.000000,61.189999,0,0,0.015873,0.460317
1.333333,19.333334,background,0.000000,62.849998,0,0,0.031746,0.460317
2.000000,19.333334,background,0.000000,64.970001,0,0,0.047619,0.460317
2.666667,19.333334,background,0.000000,67.800003,0,0,0.063492,0.460317
3.333333,19.333334,background,0.000000,69.419998,0,0,0.079365,0.460317
4.000000,19.333334,background,0.000000,70.680000,0,0,0.095238,0.460317
4.666667,19.333334,background,0.000000,71.769997,0,0,0.111111,0.460317
5.333333,19.333334,background,0.000000,72.750000,0,0,0.126984,0.460317
6.000000,19.333334,background,0.000000,73.660004,0,0,0.142857,0.460317
6.666667,19.333334,background,0.000000,74.500000,0,0,0.158730,0.460317
7.333333,19.333334,background,0.000000,75.279999,0,0,0.174603,0.460317
8.000000,19.333334,background,0.000000,76.010002,0,0,0.190476,0.460317
8.666667,19.333334,background,0.000000,76.680000,0,0,0.206349,0.460317
9.333333,19.333334,background,0.000000,77.309998,0,0,0.222222,0.460317
10.000000,19.333334,background,0.000000,77.889999,0,0,0.238095,0.460317
10.666667,19.333334,background,0.000000,78.419998,0,0,0.253968,0.460317
11.333333,19.333334,background,0.000000,78.900002,0,0,0.269841,0.460317
12.000000,19.333334,GPU_1,300.000000,79.349998,1,1,0.285714,0.460317
12.666667,19.333334,GPU_1,300.000000,79.739998,1,0,0.301587,0.460317
13.333333,19.333334,GPU_1,300.000000,80.099998,1,0,0.317460,0.460317
14.000000,19.333334,GPU_1,300.000000,80.410004,1,0,0.333333,0.460317
14.666667,19.333334,GPU_1,300.000000,80.669998,1,0,0.349206,0.460317
15.333333,19.333334,GPU_1,300.000000,80.889999,1,0,0.365079,0.460317
16.000000,19.333334,GPU_1,300.000000,81.059998,1,0,0.380952,0.460317
16.666666,19.333334,GPU_1,300.000000,81.180000,1,0,0.396825,0.460317
17.333334,19.333334,GPU_1,300.000000,81.250000,1,0,0.412698,0.460317
18.000000,19.333334,GPU_1,300.000000,81.239998,1,0,0.428571,0.460317
18.666666,19.333334,GPU_1,300.000000,81.129997,1,0,0.444444,0.460317
19.333334,19.333334,GPU_1,300.000000,80.830002,1,0,0.460317,0.460317
20.000000,19.333334,GPU_1,300.000000,80.129997,1,0,0.476190,0.460317
20.666666,19.333334,GPU_1,300.000000,78.110001,1,0,0.492063,0.460317
21.333334,19.333334,GPU_1,300.000000,76.949997,1,0,0.507937,0.460317
22.000000,19.333334,GPU_1,300.000000,76.430000,1,0,0.523810,0.460317
22.666666,19.333334,GPU_1,300.000000,76.610001,1,0,0.539683,0.460317
23.333334,19.333334,GPU_1,300.000000,77.480003,1,0,0.555556,0.460317
24.000000,19.333334,GPU_1,300.000000,78.769997,1,0,0.571429,0.460317
24.666666,19.333334,GPU_1,300.000000,80.519997,1,0,0.587302,0.460317
25.333334,19.333334,GPU_1,300.000000,81.239998,1,0,0.603175,0.460317
26.000000,19.333334,GPU_1,300.000000,81.570000,1,0,0.619048,0.460317
26.666666,19.333334,GPU_1,300.000000,81.730003,1,0,0.634921,0.460317
27.333334,19.333334,GPU_1,300.000000,81.790001,1,0,0.650794,0.460317
28.000000,19.333334,GPU_1,300.000000,81.769997,1,0,0.666667,0.460317
28.666666,19.333334,GPU_1,300.000000,81.690002,1,0,0.682540,0.460317
29.333334,19.333334,GPU_1,300.000000,81.559998,1,0,0.698413,0.460317
30.000000,19.333334,CPU1_0,105.000000,81.370003,1,1,0.714286,0.460317
30.666666,19.333334,CPU1_0,105.000000,81.139999,1,0,0.730159,0.460317
31.333334,19.333334,CPU1_0,105.000000,80.860001,1,0,0.746032,0.460317
32.000000,19.333334,CPU1_0,105.000000,80.519997,1,0,0.761905,0.460317
32.666668,19.333334,CPU1_0,105.000000,80.139999,1,0,0.777778,0.460317
33.333332,19.333334,CPU1_0,105.000000,79.709999,1,0,0.793651,0.460317
34.000000,19.333334,CPU1_0,105.000000,79.230003,1,0,0.809524,0.460317
34.666668,19.333334,CPU1_0,105.000000,78.699997,1,0,0.825397,0.460317
35.333332,19.333334,CPU1_0,105.000000,78.120003,1,0,0.841270,0.460317
36.000000,19.333334,CPU1_0,105.000000,77.480003,1,0,0.857143,0.460317
36.666668,19.333334,CPU1_0,105.000000,76.800003,1,0,0.873016,0.460317
37.333332,19.333334,CPU1_0,105.000000,76.059998,1,0,0.888889,0.460317
38.000000,19.333334,CPU1_0,105.000000,75.260002,1,0,0.904762,0.460317
38.666668,19.333334,CPU1_0,105.000000,74.410004,1,0,0.920635,0.460317
39.333332,19.333334,CPU1_0,105.000000,73.500000,1,0,0.936508,0.460317
40.000000,19.333334,CPU1_0,105.000000,72.529999,1,0,0.952381,0.460317
40.666668,19.333334,CPU1_0,105.000000,71.519997,1,0,0.968254,0.460317
41.333332,19.333334,CPU1_0,105.000000,70.519997,1,0,0.984127,0.460317
42.000000,19.333334,background,0.000000,69.739998,0,1,1.000000,0.460317
0.000000,20.000000,background,0.000000,60.459999,0,0,0.000000,0.476190
0.666667,20.000000,background,0.000000,61.330002,0,0,0.015873,0.476190
1.333333,20.000000,background,0.000000,63.000000,0,0,0.031746,0.476190
2.000000,20.000000,background,0.000000,65.129997,0,0,0.047619,0.476190
2.666667,20.000000,background,0.000000,67.970001,0,0,0.063492,0.476190
3.333333,20.000000,background,0.000000,69.589996,0,0,0.079365,0.476190
4.000000,20.000000,background,0.000000,70.860001,0,0,0.095238,0.476190
4.666667,20.000000,background,0.000000,71.959999,0,0,0.111111,0.476190
5.333333,20.000000,background,0.000000,72.959999,0,0,0.126984,0.476190
6.000000,20.000000,background,0.000000,73.870003,0,0,0.142857,0.476190
6.666667,20.000000,background,0.000000,74.720001,0,0,0.158730,0.476190
7.333333,20.000000,background,0.000000,75.510002,0,0,0.174603,0.476190
8.000000,20.000000,background,0.000000,76.239998,0,0,0.190476,0.476190
8.666667,20.000000,background,0.000000,76.919998,0,0,0.206349,0.476190
9.333333,20.000000,background,0.000000,77.559998,0,0,0.222222,0.476190
10.000000,20.000000,background,0.000000,78.139999,0,0,0.238095,0.476190
10.666667,20.000000,background,0.000000,78.680000,0,0,0.253968,0.476190
11.333333,20.000000,background,0.000000,79.169998,0,0,0.269841,0.476190
12.000000,20.000000,GPU_1,300.000000,79.620003,1,1,0.285714,0.476190
12.666667,20.000000,GPU_1,300.000000,80.019997,1,0,0.301587,0.476190
13.333333,20.000000,GPU_1,300.000000,80.379997,1,0,0.317460,0.476190
14.000000,20.000000,GPU_1,300.000000,80.690002,1,0,0.333333,0.476190
14.666667,20.000000,GPU_1,300.000000,80.959999,1,0,0.349206,0.476190
15.333333,20.000000,GPU_1,300.000000,81.180000,1,0,0.365079,0.476190
16.000000,20.000000,GPU_1,300.000000,81.349998,1,0,0.380952,0.476190
16.666666,20.000000,GPU_1,300.000000,81.470001,1,0,0.396825,0.476190
17.333334,20.000000,GPU_1,300.000000,81.540001,1,0,0.412698,0.476190
18.000000,20.000000,GPU_1,300.000000,81.529999,1,0,0.428571,0.476190
18.666666,20.000000,GPU_1,300.000000,81.410004,1,0,0.444444,0.476190
19.333334,20.000000,GPU_1,300.000000,81.120003,1,0,0.460317,0.476190
20.000000,20.000000,GPU_1,300.000000,80.410004,1,0,0.476190,0.476190
20.666666,20.000000,GPU_1,300.000000,78.389999,1,0,0.492063,0.476190
21.333334,20.000000,GPU_1,300.000000,77.220001,1,0,0.507937,0.476190
22.000000,20.000000,GPU_1,300.000000,76.699997,1,0,0.523810,0.476190
22.666666,20.000000,GPU_1,300.000000,76.870003,1,0,0.539683,0.476190
23.333334,20.000000,GPU_1,300.000000,77.739998,1,0,0.555556,0.476190
24.000000,20.000000,GPU_1,300.000000,79.019997,1,0,0.571429,0.476190
24.666666,20.000000,GPU_1,300.000000,80.769997,1,0,0.587302,0.476190
25.333334,20.000000,GPU_1,300.000000,81.480003,1,0,0.603175,0.476190
26.000000,20.000000,GPU_1,300.000000,81.800003,1,0,0.619048,0.476190
26.666666,20.000000,GPU_1,300.000000,81.949997,1,0,0.634921,0.476190
27.333334,20.000000,GPU_1,300.000000,82.000000,1,0,0.650794,0.476190
28.000000,20.000000,GPU_1,300.000000,81.980003,1,0,0.666667,0.476190
28.666666,20.000000,GPU_1,300.000000,81.889999,1,0,0.682540,0.476190
29.333334,20.000000,GPU_1,300.000000,81.750000,1,0,0.698413,0.476190
30.000000,20.000000,CPU1_0,105.000000,81.559998,1,1,0.714286,0.476190
30.666666,20.000000,CPU1_0,105.000000,81.309998,1,0,0.730159,0.476190
31.333334,20.000000,CPU1_0,105.000000,81.019997,1,0,0.746032,0.476190
32.000000,20.000000,CPU1_0,105.000000,80.680000,1,0,0.761905,0.476190
32.666668,20.000000,CPU1_0,105.000000,80.290001,1,0,0.777778,0.476190
33.333332,20.000000,CPU1_0,105.000000,79.849998,1,0,0.793651,0.476190
34.000000,20.000000,CPU1_0,105.000000,79.370003,1,0,0.809524,0.476190
34.666668,20.000000,CPU1_0,105.000000,78.830002,1,0,0.825397,0.476190
35.333332,20.000000,CPU1_0,105.000000,78.239998,1,0,0.841270,0.476190
36.000000,20.000000,CPU1_0,105.000000,77.599998,1,0,0.857143,0.476190
36.666668,20.000000,CPU1_0,105.000000,76.910004,1,0,0.873016,0.476190
37.333332,20.000000,CPU1_0,105.000000,76.160004,1,0,0.888889,0.476190
38.000000,20.000000,CPU1_0,105.000000,75.360001,1,0,0.904762,0.476190
38.666668,20.000000,CPU1_0,105.000000,74.500000,1,0,0.920635,0.476190
39.333332,20.000000,CPU1_0,105.000000,73.580002,1,0,0.936508,0.476190
40.000000,20.000000,CPU1_0,105.000000,72.610001,1,0,0.952381,0.476190
40.666668,20.000000,CPU1_0,105.000000,71.589996,1,0,0.968254,0.476190
41.333332,20.000000,CPU1_0,105.000000,70.589996,1,0,0.984127,0.476190
42.000000,20.000000,background,0.000000,69.809998,0,1,1.000000,0.476190
0.000000,20.666666,background,0.000000,60.560001,0,0,0.000000,0.492063
0.666667,20.666666,background,0.000000,61.439999,0,0,0.015873,0.492063
1.333333,20.666666,background,0.000000,63.110001,0,0,0.031746,0.492063
2.000000,20.666666,background,0.000000,65.239998,0,0,0.047619,0.492063
2.666667,20.666666,background,0.000000,68.089996,0,0,0.063492,0.492063
3.333333,20.666666,background,0.000000,69.720001,0,0,0.079365,0.492063
4.000000,20.666666,background,0.000000,71.000000,0,0,0.095238,0.492063
4.666667,20.666666,background,0.000000,72.110001,0,0,0.111111,0.492063
5.333333,20.666666,background,0.000000,73.110001,0,0,0.126984,0.492063
6.000000,20.666666,background,0.000000,74.029999,0,0,0.142857,0.492063
6.666667,20.666666,background,0.000000,74.879997,0,0,0.158730,0.492063
7.333333,20.666666,background,0.000000,75.680000,0,0,0.174603,0.492063
8.000000,20.666666,background,0.000000,76.419998,0,0,0.190476,0.492063
8.666667,20.666666,background,0.000000,77.110001,0,0,0.206349,0.492063
9.333333,20.666666,background,0.000000,77.739998,0,0,0.222222,0.492063
10.000000,20.666666,background,0.000000,78.330002,0,0,0.238095,0.492063
10.666667,20.666666,background,0.000000,78.879997,0,0,0.253968,0.492063
11.333333,20.666666,background,0.000000,79.370003,0,0,0.269841,0.492063
12.000000,20.666666,background,0.000000,79.830002,0,1,0.285714,0.492063
12.666667,20.666666,background,0.000000,80.230003,0,1,0.301587,0.492063
13.333333,20.666666,background,0.000000,80.589996,0,1,0.317460,0.492063
14.000000,20.666666,background,0.000000,80.910004,0,1,0.333333,0.492063
14.666667,20.666666,background,0.000000,81.180000,0,1,0.349206,0.492063
15.333333,20.666666,background,0.000000,81.400002,0,1,0.365079,0.492063
16.000000,20.666666,background,0.000000,81.580002,0,1,0.380952,0.492063
16.666666,20.666666,background,0.000000,81.699997,0,1,0.396825,0.492063
17.333334,20.666666,background,0.000000,81.769997,0,1,0.412698,0.492063
18.000000,20.666666,background,0.000000,81.760002,0,1,0.428571,0.492063
18.666666,20.666666,background,0.000000,81.639999,0,1,0.444444,0.492063
19.333334,20.666666,background,0.000000,81.339996,0,1,0.460317,0.492063
20.000000,20.666666,background,0.000000,80.629997,0,1,0.476190,0.492063
20.666666,20.666666,background,0.000000,78.610001,0,1,0.492063,0.492063
21.333334,20.666666,background,0.000000,77.440002,0,1,0.507937,0.492063
22.000000,20.666666,background,0.000000,76.910004,0,1,0.523810,0.492063
22.666666,20.666666,background,0.000000,77.080002,0,1,0.539683,0.492063
23.333334,20.666666,background,0.000000,77.940002,0,1,0.555556,0.492063
24.000000,20.666666,background,0.000000,79.209999,0,1,0.571429,0.492063
24.666666,20.666666,background,0.000000,80.959999,0,1,0.587302,0.492063
25.333334,20.666666,background,0.000000,81.660004,0,1,0.603175,0.492063
26.000000,20.666666,background,0.000000,81.980003,0,1,0.619048,0.492063
26.666666,20.666666,background,0.000000,82.120003,0,1,0.634921,0.492063
27.333334,20.666666,background,0.000000,82.160004,0,1,0.650794,0.492063
28.000000,20.666666,background,0.000000,82.129997,0,1,0.666667,0.492063
28.666666,20.666666,background,0.000000,82.029999,0,1,0.682540,0.492063
29.333334,20.666666,background,0.000000,81.879997,0,1,0.698413,0.492063
30.000000,20.666666,CPU1_0,105.000000,81.680000,1,1,0.714286,0.492063
30.666666,20.666666,CPU1_0,105.000000,81.430000,1,0,0.730159,0.492063
31.333334,20.666666,CPU1_0,105.000000,81.129997,1,0,0.746032,0.492063
32.000000,20.666666,CPU1_0,105.000000,80.779999,1,0,0.761905,0.492063
32.666668,20.666666,CPU1_0,105.000000,80.389999,1,0,0.777778,0.492063
33.333332,20.666666,CPU1_0,105.000000,79.940002,1,0,0.793651,0.492063
34.000000,20.666666,CPU1_0,105.000000,79.440002,1,0,0.809524,0.492063
34.666668,20.666666,CPU1_0,105.000000,78.900002,1,0,0.825397,0.492063
35.333332,20.666666,CPU1_0,105.000000,78.300003,1,0,0.841270,0.492063
36.000000,20.666666,CPU1_0,105.000000,77.660004,1,0,0.857143,0.492063
36.666668,20.666666,CPU1_0,105.000000,76.959999,1,0,0.873016,0.492063
37.333332,20.666666,CPU1_0,105.000000,76.209999,1,0,0.888889,0.492063
38.000000,20.666666,CPU1_0,105.000000,75.400002,1,0,0.904762,0.492063
38.666668,20.666666,CPU1_0,105.000000,74.529999,1,0,0.920635,0.492063
39.333332,20.666666,CPU1_0,105.000000,73.610001,1,0,0.936508,0.492063
40.000000,20.666666,CPU1_0,105.000000,72.639999,1,0,0.952381,0.492063
40.666668,20.666666,CPU1_0,105.000000,71.620003,1,0,0.968254,0.492063
41.333332,20.666666,CPU1_0,105.000000,70.610001,1,0,0.984127,0.492063
42.000000,20.666666,background,0.000000,69.830002,0,1,1.000000,0.492063
0.000000,21.333334,background,0.000000,60.630001,0,0,0.000000,0.507937
0.666667,21.333334,background,0.000000,61.509998,0,0,0.015873,0.507937
1.333333,21.333334,background,0.000000,63.189999,0,0,0.031746,0.507937
2.000000,21.333334,background,0.000000,65.320000,0,0,0.047619,0.507937
2.666667,21.333334,background,0.000000,68.169998,0,0,0.063492,0.507937
3.333333,21.333334,background,0.000000,69.809998,0,0,0.079365,0.507937
4.000000,21.333334,background,0.000000,71.080002,0,0,0.095238,0.507937
4.666667,21.333334,background,0.000000,72.199997,0,0,0.111111,0.507937
5.333333,21.333334,background,0.000000,73.199997,0,0,0.126984,0.507937
6.000000,21.333334,background,0.000000,74.129997,0,0,0.142857,0.507937
6.666667,21.333334,background,0.000000,74.989998,0,0,0.158730,0.507937
7.333333,21.333334,background,0.000000,75.790001,0,0,0.174603,0.507937
8.000000,21.333334,background,0.000000,76.529999,0,0,0.190476,0.507937
8.666667,21.333334,background,0.000000,77.230003,0,0,0.206349,0.507937
9.333333,21.333334,background,0.000000,77.870003,0,0,0.222222,0.507937
10.000000,21.333334,background,0.000000,78.470001,0,0,0.238095,0.507937
10.666667,21.333334,background,0.000000,79.010002,0,0,0.253968,0.507937
11.333333,21.333334,background,0.000000,79.510002,0,0,0.269841,0.507937
12.000000,21.333334,background,0.000000,79.970001,0,0,0.285714,0.507937
12.666667,21.333334,background,0.000000,80.379997,0,0,0.301587,0.507937
13.333333,21.333334,background,0.000000,80.750000,0,0,0.317460,0.507937
14.000000,21.333334,background,0.000000,81.070000,0,0,0.333333,0.507937
14.666667,21.333334,background,0.000000,81.339996,0,0,0.349206,0.507937
15.333333,21.333334,background,0.000000,81.570000,0,0,0.365079,0.507937
16.000000,21.333334,background,0.000000,81.739998,0,0,0.380952,0.507937
16.666666,21.333334,background,0.000000,81.870003,0,0,0.396825,0.507937
17.333334,21.333334,background,0.000000,81.930000,0,0,0.412698,0.507937
18.000000,21.333334,background,0.000000,81.919998,0,0,0.428571,0.507937
18.666666,21.333334,background,0.000000,81.809998,0,0,0.444444,0.507937
19.333334,21.333334,background,0.000000,81.510002,0,0,0.460317,0.507937
20.000000,21.333334,background,0.000000,80.800003,0,0,0.476190,0.507937
20.666666,21.333334,background,0.000000,78.779999,0,0,0.492063,0.507937
21.333334,21.333334,background,0.000000,77.599998,0,0,0.507937,0.507937
22.000000,21.333334,background,0.000000,77.070000,0,0,0.523810,0.507937
22.666666,21.333334,background,0.000000,77.230003,0,0,0.539683,0.507937
23.333334,21.333334,background,0.000000,78.080002,0,0,0.555556,0.507937
24.000000,21.333334,background,0.000000,79.349998,0,0,0.571429,0.507937
24.666666,21.333334,background,0.000000,81.089996,0,0,0.587302,0.507937
25.333334,21.333334,background,0.000000,81.779999,0,0,0.603175,0.507937
26.000000,21.333334,background,0.000000,82.089996,0,0,0.619048,0.507937
26.666666,21.333334,background,0.000000,82.230003,0,0,0.634921,0.507937
27.333334,21.333334,background,0.000000,82.260002,0,0,0.650794,0.507937
28.000000,21.333334,background,0.000000,82.220001,0,0,0.666667,0.507937
28.666666,21.333334,background,0.000000,82.110001,0,0,0.682540,0.507937
29.333334,21.333334,background,0.000000,81.959999,0,0,0.698413,0.507937
30.000000,21.333334,CPU1_0,105.000000,81.750000,1,1,0.714286,0.507937
30.666666,21.333334,CPU1_0,105.000000,81.489998,1,0,0.730159,0.507937
31.333334,21.333334,CPU1_0,105.000000,81.180000,1,0,0.746032,0.507937
32.000000,21.333334,CPU1_0,105.000000,80.820000,1,0,0.761905,0.507937
32.666668,21.333334,CPU1_0,105.000000,80.419998,1,0,0.777778,0.507937
33.333332,21.333334,CPU1_0,105.000000,79.959999,1,0,0.793651,0.507937
34.000000,21.333334,CPU1_0,105.000000,79.459999,1,0,0.809524,0.507937
34.666668,21.333334,CPU1_0,105.000000,78.910004,1,0,0.825397,0.507937
35.333332,21.333334,CPU1_0,105.000000,78.309998,1,0,0.841270,0.507937
36.000000,21.333334,CPU1_0,105.000000,77.660004,1,0,0.857143,0.507937
36.666668,21.333334,CPU1_0,105.000000,76.959999,1,0,0.873016,0.507937
37.333332,21.333334,CPU1_0,105.000000,76.199997,1,0,0.888889,0.507937
38.000000,21.333334,CPU1_0,105.000000,75.389999,1,0,0.904762,0.507937
38.666668,21.333334,CPU1_0,105.000000,74.519997,1,0,0.920635,0.507937
39.333332,21.333334,CPU1_0,105.000000,73.599998,1,0,0.936508,0.507937
40.000000,21.333334,CPU1_0,105.000000,72.620003,1,0,0.952381,0.507937
40.666668,21.333334,CPU1_0,105.000000,71.599998,1,0,0.968254,0.507937
41.333332,21.333334,CPU1_0,105.000000,70.599998,1,0,0.984127,0.507937
42.000000,21.333334,background,0.000000,69.809998,0,1,1.000000,0.507937
0.000000,22.000000,background,0.000000,60.660000,0,0,0.000000,0.523810
0.666667,22.000000,background,0.000000,61.540001,0,0,0.015873,0.523810
1.333333,22.000000,background,0.000000,63.220001,0,0,0.031746,0.523810
2.000000,22.000000,background,0.000000,65.349998,0,0,0.047619,0.523810
2.666667,22.000000,background,0.000000,68.199997,0,0,0.063492,0.523810
3.333333,22.000000,background,0.000000,69.839996,0,0,0.079365,0.523810
4.000000,22.000000,background,0.000000,71.120003,0,0,0.095238,0.523810
4.666667,22.000000,background,0.000000,72.239998,0,0,0.111111,0.523810
5.333333,22.000000,background,0.000000,73.250000,0,0,0.126984,0.523810
6.000000,22.000000,background,0.000000,74.180000,0,0,0.142857,0.523810
6.666667,22.000000,background,0.000000,75.040001,0,0,0.158730,0.523810
7.333333,22.000000,background,0.000000,75.839996,0,0,0.174603,0.523810
8.000000,22.000000,background,0.000000,76.589996,0,0,0.190476,0.523810
8.666667,22.000000,background,0.000000,77.290001,0,0,0.206349,0.523810
9.333333,22.000000,background,0.000000,77.940002,0,0,0.222222,0.523810
10.000000,22.000000,background,0.000000,78.529999,0,0,0.238095,0.523810
10.666667,22.000000,background,0.000000,79.089996,0,0,0.253968,0.523810
11.333333,22.000000,background,0.000000,79.589996,0,0,0.269841,0.523810
12.000000,22.000000,background,0.000000,80.050003,0,0,0.285714,0.523810
12.666667,22.000000,background,0.000000,80.470001,0,0,0.301587,0.523810
13.333333,22.000000,background,0.000000,80.830002,0,0,0.317460,0.523810
14.000000,22.000000,background,0.000000,81.160004,0,0,0.333333,0.523810
14.666667,22.000000,background,0.000000,81.440002,0,0,0.349206,0.523810
15.333333,22.000000,background,0.000000,81.669998,0,0,0.365079,0.523810
16.000000,22.000000,background,0.000000,81.849998,0,0,0.380952,0.523810
16.666666,22.000000,background,0.000000,81.970001,0,0,0.396825,0.523810
17.333334,22.000000,background,0.000000,82.040001,0,0,0.412698,0.523810
18.000000,22.000000,background,0.000000,82.029999,0,0,0.428571,0.523810
18.666666,22.000000,background,0.000000,81.919998,0,0,0.444444,0.523810
19.333334,22.000000,background,0.000000,81.620003,0,0,0.460317,0.523810
20.000000,22.000000,background,0.000000,80.910004,0,0,0.476190,0.523810
20.666666,22.000000,background,0.000000,78.889999,0,0,0.492063,0.523810
21.333334,22.000000,background,0.000000,77.699997,0,0,0.507937,0.523810
22.000000,22.000000,background,0.000000,77.169998,0,0,0.523810,0.523810
22.666666,22.000000,background,0.000000,77.320000,0,0,0.539683,0.523810
23.333334,22.000000,background,0.000000,78.169998,0,0,0.555556,0.523810
24.000000,22.000000,background,0.000000,79.430000,0,0,0.571429,0.523810
24.666666,22.000000,background,0.000000,81.160004,0,0,0.587302,0.523810
25.333334,22.000000,background,0.000000,81.849998,0,0,0.603175,0.523810
26.000000,22.000000,background,0.000000,82.150002,0,0,0.619048,0.523810
26.666666,22.000000,background,0.000000,82.279999,0,0,0.634921,0.523810
27.333334,22.000000,background,0.000000,82.300003,0,0,0.650794,0.523810
28.000000,22.000000,background,0.000000,82.250000,0,0,0.666667,0.523810
28.666666,22.000000,background,0.000000,82.139999,0,0,0.682540,0.523810
29.333334,22.000000,background,0.000000,81.970001,0,0,0.698413,0.523810
30.000000,22.000000,CPU1_0,105.000000,81.750000,1,1,0.714286,0.523810
30.666666,22.000000,CPU1_0,105.000000,81.480003,1,0,0.730159,0.523810
31.333334,22.000000,CPU1_0,105.000000,81.169998,1,0,0.746032,0.523810
32.000000,22.000000,CPU1_0,105.000000,80.800003,1,0,0.761905,0.523810
32.666668,22.000000,CPU1_0,105.000000,80.389999,1,0,0.777778,0.523810
33.333332,22.000000,CPU1_0,105.000000,79.930000,1,0,0.793651,0.523810
34.000000,22.000000,CPU1_0,105.000000,79.419998,1,0,0.809524,0.523810
34.666668,22.000000,CPU1_0,105.000000,78.860001,1,0,0.825397,0.523810
35.333332,22.000000,CPU1_0,105.000000,78.260002,1,0,0.841270,0.523810
36.000000,22.000000,CPU1_0,105.000000,77.599998,1,0,0.857143,0.523810
36.666668,22.000000,CPU1_0,105.000000,76.900002,1,0,0.873016,0.523810
37.333332,22.000000,CPU1_0,105.000000,76.139999,1,0,0.888889,0.523810
38.000000,22.000000,CPU1_0,105.000000,75.320000,1,0,0.904762,0.523810
38.666668,22.000000,CPU1_0,105.000000,74.459999,1,0,0.920635,0.523810
39.333332,22.000000,CPU1_0,105.000000,73.529999,1,0,0.936508,0.523810
40.000000,22.000000,CPU1_0,105.000000,72.550003,1,0,0.952381,0.523810
40.666668,22.000000,CPU1_0,105.000000,71.540001,1,0,0.968254,0.523810
41.333332,22.000000,CPU1_0,105.000000,70.529999,1,0,0.984127,0.523810
42.000000,22.000000,background,0.000000,69.750000,0,1,1.000000,0.523810
0.000000,22.666666,background,0.000000,60.639999,0,0,0.000000,0.539683
0.666667,22.666666,background,0.000000,61.529999,0,0,0.015873,0.539683
1.333333,22.666666,background,0.000000,63.200001,0,0,0.031746,0.539683
2.000000,22.666666,background,0.000000,65.339996,0,0,0.047619,0.539683
2.666667,22.666666,background,0.000000,68.190002,0,0,0.063492,0.539683
3.333333,22.666666,background,0.000000,69.830002,0,0,0.079365,0.539683
4.000000,22.666666,background,0.000000,71.110001,0,0,0.095238,0.539683
4.666667,22.666666,background,0.000000,72.230003,0,0,0.111111,0.539683
5.333333,22.666666,background,0.000000,73.239998,0,0,0.126984,0.539683
6.000000,22.666666,background,0.000000,74.169998,0,0,0.142857,0.539683
6.666667,22.666666,background,0.000000,75.029999,0,0,0.158730,0.539683
7.333333,22.666666,background,0.000000,75.839996,0,0,0.174603,0.539683
8.000000,22.666666,background,0.000000,76.589996,0,0,0.190476,0.539683
8.666667,22.666666,background,0.000000,77.290001,0,0,0.206349,0.539683
9.333333,22.666666,background,0.000000,77.940002,0,0,0.222222,0.539683
10.000000,22.666666,background,0.000000,78.540001,0,0,0.238095,0.539683
10.666667,22.666666,background,0.000000,79.099998,0,0,0.253968,0.539683
11.333333,22.666666,background,0.000000,79.610001,0,0,0.269841,0.539683
12.000000,22.666666,background,0.000000,80.070000,0,0,0.285714,0.539683
12.666667,22.666666,background,0.000000,80.489998,0,0,0.301587,0.539683
13.333333,22.666666,background,0.000000,80.860001,0,0,0.317460,0.539683
14.000000,22.666666,background,0.000000,81.190002,0,0,0.333333,0.539683
14.666667,22.666666,background,0.000000,81.470001,0,0,0.349206,0.539683
15.333333,22.666666,background,0.000000,81.699997,0,0,0.365079,0.539683
16.000000,22.666666,background,0.000000,81.889999,0,0,0.380952,0.539683
16.666666,22.666666,background,0.000000,82.019997,0,0,0.396825,0.539683
17.333334,22.666666,background,0.000000,82.089996,0,0,0.412698,0.539683
18.000000,22.666666,background,0.000000,82.080002,0,0,0.428571,0.539683
18.666666,22.666666,background,0.000000,81.970001,0,0,0.444444,0.539683
19.333334,22.666666,background,0.000000,81.680000,0,0,0.460317,0.539683
20.000000,22.666666,background,0.000000,80.959999,0,0,0.476190,0.539683
20.666666,22.666666,background,0.000000,78.940002,0,0,0.492063,0.539683
21.333334,22.666666,background,0.000000,77.750000,0,0,0.507937,0.539683
22.000000,22.666666,background,0.000000,77.209999,0,0,0.523810,0.539683
22.666666,22.666666,background,0.000000,77.360001,0,0,0.539683,0.539683
23.333334,22.666666,background,0.000000,78.199997,0,0,0.555556,0.539683
24.000000,22.666666,background,0.000000,79.459999,0,0,0.571429,0.539683
24.666666,22.666666,background,0.000000,81.180000,0,0,0.587302,0.539683
25.333334,22.666666,background,0.000000,81.860001,0,0,0.603175,0.539683
26.000000,22.666666,background,0.000000,82.150002,0,0,0.619048,0.539683
26.666666,22.666666,background,0.000000,82.269997,0,0,0.634921,0.539683
27.333334,22.666666,background,0.000000,82.279999,0,0,0.650794,0.539683
28.000000,22.666666,background,0.000000,82.220001,0,0,0.666667,0.539683
28.666666,22.666666,background,0.000000,82.099998,0,0,0.682540,0.539683
29.333334,22.666666,background,0.000000,81.919998,0,0,0.698413,0.539683
30.000000,22.666666,CPU1_0,105.000000,81.699997,1,1,0.714286,0.539683
30.666666,22.666666,CPU1_0,105.000000,81.419998,1,0,0.730159,0.539683
31.333334,22.666666,CPU1_0,105.000000,81.089996,1,0,0.746032,0.539683
32.000000,22.666666,CPU1_0,105.000000,80.720001,1,0,0.761905,0.539683
32.666668,22.666666,CPU1_0,105.000000,80.300003,1,0,0.777778,0.539683
33.333332,22.666666,CPU1_0,105.000000,79.830002,1,0,0.793651,0.539683
34.000000,22.666666,CPU1_0,105.000000,79.320000,1,0,0.809524,0.539683
34.666668,22.666666,CPU1_0,105.000000,78.760002,1,0,0.825397,0.539683
35.333332,22.666666,CPU1_0,105.000000,78.150002,1,0,0.841270,0.539683
36.000000,22.666666,CPU1_0,105.000000,77.489998,1,0,0.857143,0.539683
36.666668,22.666666,CPU1_0,105.000000,76.779999,1,0,0.873016,0.539683
37.333332,22.666666,CPU1_0,105.000000,76.019997,1,0,0.888889,0.539683
38.000000,22.666666,CPU1_0,105.000000,75.199997,1,0,0.904762,0.539683
38.666668,22.666666,CPU1_0,105.000000,74.339996,1,0,0.920635,0.539683
39.333332,22.666666,CPU1_0,105.000000,73.410004,1,0,0.936508,0.539683
40.000000,22.666666,CPU1_0,105.000000,72.440002,1,0,0.952381,0.539683
40.666668,22.666666,CPU1_0,105.000000,71.419998,1,0,0.968254,0.539683
41.333332,22.666666,CPU1_0,105.000000,70.430000,1,0,0.984127,0.539683
42.000000,22.666666,background,0.000000,69.650002,0,1,1.000000,0.539683
0.000000,23.333334,background,0.000000,60.590000,0,0,0.000000,0.555556
0.666667,23.333334,background,0.000000,61.470001,0,0,0.015873,0.555556
1.333333,23.333334,background,0.000000,63.150002,0,0,0.031746,0.555556
2.000000,23.333334,background,0.000000,65.279999,0,0,0.047619,0.555556
2.666667,23.333334,background,0.000000,68.129997,0,0,0.063492,0.555556
3.333333,23.333334,background,0.000000,69.769997,0,0,0.079365,0.555556
4.000000,23.333334,background,0.000000,71.050003,0,0,0.095238,0.555556
4.666667,23.333334,background,0.000000,72.160004,0,0,0.111111,0.555556
5.333333,23.333334,background,0.000000,73.169998,0,0,0.126984,0.555556
6.000000,23.333334,background,0.000000,74.099998,0,0,0.142857,0.555556
6.666667,23.333334,background,0.000000,74.970001,0,0,0.158730,0.555556
7.333333,23.333334,background,0.000000,75.779999,0,0,0.174603,0.555556
8.000000,23.333334,background,0.000000,76.529999,0,0,0.190476,0.555556
8.666667,23.333334,background,0.000000,77.230003,0,0,0.206349,0.555556
9.333333,23.333334,background,0.000000,77.879997,0,0,0.222222,0.555556
10.000000,23.333334,background,0.000000,78.489998,0,0,0.238095,0.555556
10.666667,23.333334,background,0.000000,79.040001,0,0,0.253968,0.555556
11.333333,23.333334,background,0.000000,79.559998,0,0,0.269841,0.555556
12.000000,23.333334,background,0.000000,80.019997,0,0,0.285714,0.555556
12.666667,23.333334,background,0.000000,80.449997,0,0,0.301587,0.555556
13.333333,23.333334,background,0.000000,80.820000,0,0,0.317460,0.555556
14.000000,23.333334,background,0.000000,81.160004,0,0,0.333333,0.555556
14.666667,23.333334,background,0.000000,81.440002,0,0,0.349206,0.555556
15.333333,23.333334,background,0.000000,81.680000,0,0,0.365079,0.555556
16.000000,23.333334,background,0.000000,81.870003,0,0,0.380952,0.555556
16.666666,23.333334,background,0.000000,82.000000,0,0,0.396825,0.555556
17.333334,23.333334,background,0.000000,82.080002,0,0,0.412698,0.555556
18.000000,23.333334,background,0.000000,82.080002,0,0,0.428571,0.555556
18.666666,23.333334,background,0.000000,81.970001,0,0,0.444444,0.555556
19.333334,23.333334,background,0.000000,81.669998,0,0,0.460317,0.555556
20.000000,23.333334,background,0.000000,80.959999,0,0,0.476190,0.555556
20.666666,23.333334,background,0.000000,78.940002,0,0,0.492063,0.555556
21.333334,23.333334,background,0.000000,77.750000,0,0,0.507937,0.555556
22.000000,23.333334,background,0.000000,77.209999,0,0,0.523810,0.555556
22.666666,23.333334,background,0.000000,77.349998,0,0,0.539683,0.555556
23.333334,23.333334,background,0.000000,78.180000,0,0,0.555556,0.555556
24.000000,23.333334,background,0.000000,79.430000,0,0,0.571429,0.555556
24.666666,23.333334,background,0.000000,81.150002,0,0,0.587302,0.555556
25.333334,23.333334,background,0.000000,81.820000,0,0,0.603175,0.555556
26.000000,23.333334,background,0.000000,82.099998,0,0,0.619048,0.555556
26.666666,23.333334,background,0.000000,82.209999,0,0,0.634921,0.555556
27.333334,23.333334,background,0.000000,82.209999,0,0,0.650794,0.555556
28.000000,23.333334,background,0.000000,82.139999,0,0,0.666667,0.555556
28.666666,23.333334,background,0.000000,82.010002,0,0,0.682540,0.555556
29.333334,23.333334,background,0.000000,81.820000,0,0,0.698413,0.555556
30.000000,23.333334,CPU1_0,105.000000,81.580002,1,1,0.714286,0.555556
30.666666,23.333334,CPU1_0,105.000000,81.290001,1,0,0.730159,0.555556
31.333334,23.333334,CPU1_0,105.000000,80.959999,1,0,0.746032,0.555556
32.000000,23.333334,CPU1_0,105.000000,80.580002,1,0,0.761905,0.555556
32.666668,23.333334,CPU1_0,105.000000,80.150002,1,0,0.777778,0.555556
33.333332,23.333334,CPU1_0,105.000000,79.680000,1,0,0.793651,0.555556
34.000000,23.333334,CPU1_0,105.000000,79.160004,1,0,0.809524,0.555556
34.666668,23.333334,CPU1_0,105.000000,78.589996,1,0,0.825397,0.555556
35.333332,23.333334,CPU1_0,105.000000,77.980003,1,0,0.841270,0.555556
36.000000,23.333334,CPU1_0,105.000000,77.309998,1,0,0.857143,0.555556
36.666668,23.333334,CPU1_0,105.000000,76.599998,1,0,0.873016,0.555556
37.333332,23.333334,CPU1_0,105.000000,75.839996,1,0,0.888889,0.555556
38.000000,23.333334,CPU1_0,105.000000,75.029999,1,0,0.904762,0.555556
38.666668,23.333334,CPU1_0,105.000000,74.160004,1,0,0.920635,0.555556
39.333332,23.333334,CPU1_0,105.000000,73.239998,1,0,0.936508,0.555556
40.000000,23.333334,CPU1_0,105.000000,72.269997,1,0,0.952381,0.555556
40.666668,23.333334,CPU1_0,105.000000,71.260002,1,0,0.968254,0.555556
41.333332,23.333334,CPU1_0,105.000000,70.269997,1,0,0.984127,0.555556
42.000000,23.333334,background,0.000000,69.500000,0,1,1.000000,0.555556
0.000000,24.000000,background,0.000000,60.500000,0,0,0.000000,0.571429
0.666667,24.000000,background,0.000000,61.380001,0,0,0.015873,0.571429
1.333333,24.000000,background,0.000000,63.049999,0,0,0.031746,0.571429
2.000000,24.000000,background,0.000000,65.180000,0,0,0.047619,0.571429
2.666667,24.000000,background,0.000000,68.029999,0,0,0.063492,0.571429
3.333333,24.000000,background,0.000000,69.660004,0,0,0.079365,0.571429
4.000000,24.000000,background,0.000000,70.940002,0,0,0.095238,0.571429
4.666667,24.000000,background,0.000000,72.050003,0,0,0.111111,0.571429
5.333333,24.000000,background,0.000000,73.059998,0,0,0.126984,0.571429
6.000000,24.000000,background,0.000000,73.980003,0,0,0.142857,0.571429
6.666667,24.000000,background,0.000000,74.849998,0,0,0.158730,0.571429
7.333333,24.000000,background,0.000000,75.650002,0,0,0.174603,0.571429
8.000000,24.000000,background,0.000000,76.410004,0,0,0.190476,0.571429
8.666667,24.000000,background,0.000000,77.110001,0,0,0.206349,0.571429
9.333333,24.000000,background,0.000000,77.760002,0,0,0.222222,0.571429
10.000000,24.000000,background,0.000000,78.370003,0,0,0.238095,0.571429
10.666667,24.000000,GPU_0,300.000000,78.930000,1,1,0.253968,0.571429
11.333333,24.000000,GPU_0,300.000000,79.440002,1,1,0.269841,0.571429
12.000000,24.000000,GPU_0,300.000000,79.910004,1,1,0.285714,0.571429
12.666667,24.000000,GPU_0,300.000000,80.339996,1,1,0.301587,0.571429
13.333333,24.000000,GPU_0,300.000000,80.720001,1,1,0.317460,0.571429
14.000000,24.000000,GPU_0,300.000000,81.059998,1,1,0.333333,0.571429
14.666667,24.000000,GPU_0,300.000000,81.349998,1,1,0.349206,0.571429
15.333333,24.000000,GPU_0,300.000000,81.599998,1,1,0.365079,0.571429
16.000000,24.000000,GPU_0,300.000000,81.790001,1,1,0.380952,0.571429
16.666666,24.000000,GPU_0,300.000000,81.930000,1,1,0.396825,0.571429
17.333334,24.000000,GPU_0,300.000000,82.010002,1,1,0.412698,0.571429
18.000000,24.000000,GPU_0,300.000000,82.010002,1,1,0.428571,0.571429
18.666666,24.000000,GPU_0,300.000000,81.910004,1,1,0.444444,0.571429
19.333334,24.000000,GPU_0,300.000000,81.620003,1,1,0.460317,0.571429
20.000000,24.000000,GPU_0,300.000000,80.910004,1,1,0.476190,0.571429
20.666666,24.000000,GPU_0,300.000000,78.879997,1,1,0.492063,0.571429
21.333334,24.000000,GPU_0,300.000000,77.690002,1,1,0.507937,0.571429
22.000000,24.000000,GPU_0,300.000000,77.150002,1,1,0.523810,0.571429
22.666666,24.000000,GPU_0,300.000000,77.279999,1,1,0.539683,0.571429
23.333334,24.000000,GPU_0,300.000000,78.110001,1,1,0.555556,0.571429
24.000000,24.000000,GPU_0,300.000000,79.349998,1,1,0.571429,0.571429
24.666666,24.000000,GPU_0,300.000000,81.059998,1,1,0.587302,0.571429
25.333334,24.000000,GPU_0,300.000000,81.720001,1,1,0.603175,0.571429
26.000000,24.000000,GPU_0,300.000000,81.989998,1,1,0.619048,0.571429
26.666666,24.000000,GPU_0,300.000000,82.089996,1,1,0.634921,0.571429
27.333334,24.000000,GPU_0,300.000000,82.080002,1,1,0.650794,0.571429
28.000000,24.000000,GPU_0,300.000000,81.989998,1,1,0.666667,0.571429
28.666666,24.000000,background,0.000000,81.849998,0,1,0.682540,0.571429
29.333334,24.000000,background,0.000000,81.650002,0,0,0.698413,0.571429
30.000000,24.000000,CPU1_0,105.000000,81.400002,1,1,0.714286,0.571429
30.666666,24.000000,CPU1_0,105.000000,81.110001,1,0,0.730159,0.571429
31.333334,24.000000,CPU1_0,105.000000,80.760002,1,0,0.746032,0.571429
32.000000,24.000000,CPU1_0,105.000000,80.370003,1,0,0.761905,0.571429
32.666668,24.000000,CPU1_0,105.000000,79.940002,1,0,0.777778,0.571429
33.333332,24.000000,CPU1_0,105.000000,79.459999,1,0,0.793651,0.571429
34.000000,24.000000,CPU1_0,105.000000,78.930000,1,0,0.809524,0.571429
34.666668,24.000000,CPU1_0,105.000000,78.360001,1,0,0.825397,0.571429
35.333332,24.000000,CPU1_0,105.000000,77.739998,1,0,0.841270,0.571429
36.000000,24.000000,CPU1_0,105.000000,77.070000,1,0,0.857143,0.571429
36.666668,24.000000,CPU1_0,105.000000,76.360001,1,0,0.873016,0.571429
37.333332,24.000000,CPU1_0,105.000000,75.599998,1,0,0.888889,0.571429
38.000000,24.000000,CPU1_0,105.000000,74.790001,1,0,0.904762,0.571429
38.666668,24.000000,CPU1_0,105.000000,73.930000,1,0,0.920635,0.571429
39.333332,24.000000,CPU1_0,105.000000,73.010002,1,0,0.936508,0.571429
40.000000,24.000000,CPU1_0,105.000000,72.050003,1,0,0.952381,0.571429
40.666668,24.000000,CPU1_0,105.000000,71.050003,1,0,0.968254,0.571429
41.333332,24.000000,CPU1_0,105.000000,70.070000,1,0,0.984127,0.571429
42.000000,24.000000,background,0.000000,69.300003,0,1,1.000000,0.571429
0.000000,24.666666,background,0.000000,60.360001,0,0,0.000000,0.587302
0.666667,24.666666,background,0.000000,61.240002,0,0,0.015873,0.587302
1.333333,24.666666,background,0.000000,62.910000,0,0,0.031746,0.587302
2.000000,24.666666,background,0.000000,65.029999,0,0,0.047619,0.587302
2.666667,24.666666,background,0.000000,67.879997,0,0,0.063492,0.587302
3.333333,24.666666,background,0.000000,69.500000,0,0,0.079365,0.587302
4.000000,24.666666,background,0.000000,70.769997,0,0,0.095238,0.587302
4.666667,24.666666,background,0.000000,71.879997,0,0,0.111111,0.587302
5.333333,24.666666,background,0.000000,72.879997,0,0,0.126984,0.587302
6.000000,24.666666,background,0.000000,73.809998,0,0,0.142857,0.587302
6.666667,24.666666,background,0.000000,74.669998,0,0,0.158730,0.587302
7.333333,24.666666,background,0.000000,75.470001,0,0,0.174603,0.587302
8.000000,24.666666,background,0.000000,76.220001,0,0,0.190476,0.587302
8.666667,24.666666,background,0.000000,76.919998,0,0,0.206349,0.587302
9.333333,24.666666,background,0.000000,77.580002,0,0,0.222222,0.587302
10.000000,24.666666,background,0.000000,78.190002,0,0,0.238095,0.587302
10.666667,24.666666,GPU_0,300.000000,78.750000,1,1,0.253968,0.587302
11.333333,24.666666,GPU_0,300.000000,79.269997,1,0,0.269841,0.587302
12.000000,24.666666,GPU_0,300.000000,79.739998,1,0,0.285714,0.587302
12.666667,24.666666,GPU_0,300.000000,80.169998,1,0,0.301587,0.587302
13.333333,24.666666,GPU_0,300.000000,80.559998,1,0,0.317460,0.587302
14.000000,24.666666,GPU_0,300.000000,80.900002,1,0,0.333333,0.587302
14.666667,24.666666,GPU_0,300.000000,81.199997,1,0,0.349206,0.587302
15.333333,24.666666,GPU_0,300.000000,81.449997,1,0,0.365079,0.587302
16.000000,24.666666,GPU_0,300.000000,81.650002,1,0,0.380952,0.587302
16.666666,24.666666,GPU_0,300.000000,81.800003,1,0,0.396825,0.587302
17.333334,24.666666,GPU_0,300.000000,81.879997,1,0,0.412698,0.587302
18.000000,24.666666,GPU_0,300.000000,81.889999,1,0,0.428571,0.587302
18.666666,24.666666,GPU_0,300.000000,81.790001,1,0,0.444444,0.587302
19.333334,24.666666,GPU_0,300.000000,81.510002,1,0,0.460317,0.587302
20.000000,24.666666,GPU_0,300.000000,80.800003,1,0,0.476190,0.587302
20.666666,24.666666,GPU_0,300.000000,78.779999,1,0,0.492063,0.587302
21.333334,24.666666,GPU_0,300.000000,77.589996,1,0,0.507937,0.587302
22.000000,24.666666,GPU_0,300.000000,77.029999,1,0,0.523810,0.587302
22.666666,24.666666,GPU_0,300.000000,77.160004,1,0,0.539683,0.587302
23.333334,24.666666,GPU_0,300.000000,77.980003,1,0,0.555556,0.587302
24.000000,24.666666,GPU_0,300.000000,79.209999,1,0,0.571429,0.587302
24.666666,24.666666,GPU_0,300.000000,80.910004,1,0,0.587302,0.587302
25.333334,24.666666,GPU_0,300.000000,81.559998,1,0,0.603175,0.587302
26.000000,24.666666,GPU_0,300.000000,81.820000,1,0,0.619048,0.587302
26.666666,24.666666,GPU_0,300.000000,81.900002,1,0,0.634921,0.587302
27.333334,24.666666,GPU_0,300.000000,81.879997,1,0,0.650794,0.587302
28.000000,24.666666,GPU_0,300.000000,81.790001,1,0,0.666667,0.587302
28.666666,24.666666,background,0.000000,81.629997,0,1,0.682540,0.587302
29.333334,24.666666,background,0.000000,81.419998,0,0,0.698413,0.587302
30.000000,24.666666,CPU1_0,105.000000,81.160004,1,1,0.714286,0.587302
30.666666,24.666666,CPU1_0,105.000000,80.849998,1,0,0.730159,0.587302
31.333334,24.666666,CPU1_0,105.000000,80.500000,1,0,0.746032,0.587302
32.000000,24.666666,CPU1_0,105.000000,80.099998,1,0,0.761905,0.587302
32.666668,24.666666,CPU1_0,105.000000,79.650002,1,0,0.777778,0.587302
33.333332,24.666666,CPU1_0,105.000000,79.169998,1,0,0.793651,0.587302
34.000000,24.666666,CPU1_0,105.000000,78.629997,1,0,0.809524,0.587302
34.666668,24.666666,CPU1_0,105.000000,78.059998,1,0,0.825397,0.587302
35.333332,24.666666,CPU1_0,105.000000,77.440002,1,0,0.841270,0.587302
36.000000,24.666666,CPU1_0,105.000000,76.769997,1,0,0.857143,0.587302
36.666668,24.666666,CPU1_0,105.000000,76.059998,1,0,0.873016,0.587302
37.333332,24.666666,CPU1_0,105.000000,75.300003,1,0,0.888889,0.587302
38.000000,24.666666,CPU1_0,105.000000,74.489998,1,0,0.904762,0.587302
38.666668,24.666666,CPU1_0,105.000000,73.629997,1,0,0.920635,0.587302
39.333332,24.666666,CPU1_0,105.000000,72.720001,1,0,0.936508,0.587302
40.000000,24.666666,CPU1_0,105.000000,71.769997,1,0,0.952381,0.587302
40.666668,24.666666,CPU1_0,105.000000,70.779999,1,0,0.968254,0.587302
41.333332,24.666666,CPU1_0,105.000000,69.809998,1,0,0.984127,0.587302
42.000000,24.666666,background,0.000000,69.050003,0,1,1.000000,0.587302
0.000000,25.333334,background,0.000000,60.180000,0,0,0.000000,0.603175
0.666667,25.333334,background,0.000000,61.060001,0,0,0.015873,0.603175
1.333333,25.333334,background,0.000000,62.720001,0,0,0.031746,0.603175
2.000000,25.333334,background,0.000000,64.839996,0,0,0.047619,0.603175
2.666667,25.333334,background,0.000000,67.680000,0,0,0.063492,0.603175
3.333333,25.333334,background,0.000000,69.300003,0,0,0.079365,0.603175
4.000000,25.333334,background,0.000000,70.559998,0,0,0.095238,0.603175
4.666667,25.333334,background,0.000000,71.660004,0,0,0.111111,0.603175
5.333333,25.333334,background,0.000000,72.650002,0,0,0.126984,0.603175
6.000000,25.333334,background,0.000000,73.570000,0,0,0.142857,0.603175
6.666667,25.333334,background,0.000000,74.430000,0,0,0.158730,0.603175
7.333333,25.333334,background,0.000000,75.230003,0,0,0.174603,0.603175
8.000000,25.333334,background,0.000000,75.970001,0,0,0.190476,0.603175
8.666667,25.333334,background,0.000000,76.669998,0,0,0.206349,0.603175
9.333333,25.333334,background,0.000000,77.330002,0,0,0.222222,0.603175
10.000000,25.333334,background,0.000000,77.940002,0,0,0.238095,0.603175
10.666667,25.333334,GPU_0,300.000000,78.500000,1,1,0.253968,0.603175
11.333333,25.333334,GPU_0,300.000000,79.019997,1,0,0.269841,0.603175
12.000000,25.333334,GPU_0,300.000000,79.500000,1,0,0.285714,0.603175
12.666667,25.333334,GPU_0,300.000000,79.930000,1,0,0.301587,0.603175
13.333333,25.333334,GPU_0,300.000000,80.330002,1,0,0.317460,0.603175
14.000000,25.333334,GPU_0,300.000000,80.669998,1,0,0.333333,0.603175
14.666667,25.333334,GPU_0,300.000000,80.980003,1,0,0.349206,0.603175
15.333333,25.333334,GPU_0,300.000000,81.239998,1,0,0.365079,0.603175
16.000000,25.333334,GPU_0,300.000000,81.449997,1,0,0.380952,0.603175
16.666666,25.333334,GPU_0,300.000000,81.599998,1,0,0.396825,0.603175
17.333334,25.333334,GPU_0,300.000000,81.699997,1,0,0.412698,0.603175
18.000000,25.333334,GPU_0,300.000000,81.720001,1,0,0.428571,0.603175
18.666666,25.333334,GPU_0,300.000000,81.620003,1,0,0.444444,0.603175
19.333334,25.333334,GPU_0,300.000000,81.349998,1,0,0.460317,0.603175
20.000000,25.333334,GPU_0,300.000000,80.639999,1,0,0.476190,0.603175
20.666666,25.333334,GPU_0,300.000000,78.620003,1,0,0.492063,0.603175
21.333334,25.333334,GPU_0,300.000000,77.430000,1,0,0.507937,0.603175
22.000000,25.333334,GPU_0,300.000000,76.870003,1,0,0.523810,0.603175
22.666666,25.333334,GPU_0,300.000000,77.000000,1,0,0.539683,0.603175
23.333334,25.333334,GPU_0,300.000000,77.800003,1,0,0.555556,0.603175
24.000000,25.333334,GPU_0,300.000000,79.019997,1,0,0.571429,0.603175
24.666666,25.333334,GPU_0,300.000000,80.709999,1,0,0.587302,0.603175
25.333334,25.333334,GPU_0,300.000000,81.349998,1,0,0.603175,0.603175
26.000000,25.333334,GPU_0,300.000000,81.589996,1,0,0.619048,0.603175
26.666666,25.333334,GPU_0,300.000000,81.660004,1,0,0.634921,0.603175
27.333334,25.333334,GPU_0,300.000000,81.620003,1,0,0.650794,0.603175
28.000000,25.333334,GPU_0,300.000000,81.510002,1,0,0.666667,0.603175
28.666666,25.333334,background,0.000000,81.339996,0,1,0.682540,0.603175
29.333334,25.333334,background,0.000000,81.120003,0,0,0.698413,0.603175
30.000000,25.333334,CPU1_0,105.000000,80.839996,1,1,0.714286,0.603175
30.666666,25.333334,CPU1_0,105.000000,80.519997,1,0,0.730159,0.603175
31.333334,25.333334,CPU1_0,105.000000,80.160004,1,0,0.746032,0.603175
32.000000,25.333334,CPU1_0,105.000000,79.750000,1,0,0.761905,0.603175
32.666668,25.333334,CPU1_0,105.000000,79.300003,1,0,0.777778,0.603175
33.333332,25.333334,CPU1_0,105.000000,78.800003,1,0,0.793651,0.603175
34.000000,25.333334,CPU1_0,105.000000,78.269997,1,0,0.809524,0.603175
34.666668,25.333334,CPU1_0,105.000000,77.690002,1,0,0.825397,0.603175
35.333332,25.333334,CPU1_0,105.000000,77.059998,1,0,0.841270,0.603175
36.000000,25.333334,CPU1_0,105.000000,76.389999,1,0,0.857143,0.603175
36.666668,25.333334,CPU1_0,105.000000,75.680000,1,0,0.873016,0.603175
37.333332,25.333334,CPU1_0,105.000000,74.919998,1,0,0.888889,0.603175
38.000000,25.333334,CPU1_0,105.000000,74.120003,1,0,0.904762,0.603175
38.666668,25.333334,CPU1_0,105.000000,73.269997,1,0,0.920635,0.603175
39.333332,25.333334,CPU1_0,105.000000,72.370003,1,0,0.936508,0.603175
40.000000,25.333334,CPU1_0,105.000000,71.419998,1,0,0.952381,0.603175
40.666668,25.333334,CPU1_0,105.000000,70.449997,1,0,0.968254,0.603175
41.333332,25.333334,CPU1_0,105.000000,69.489998,1,0,0.984127,0.603175
42.000000,25.333334,background,0.000000,68.750000,0,1,1.000000,0.603175
0.000000,26.000000,background,0.000000,59.959999,0,0,0.000000,0.619048
0.666667,26.000000,background,0.000000,60.830002,0,0,0.015873,0.619048
1.333333,26.000000,background,0.000000,62.480000,0,0,0.031746,0.619048
2.000000,26.000000,background,0.000000,64.599998,0,0,0.047619,0.619048
2.666667,26.000000,background,0.000000,67.430000,0,0,0.063492,0.619048
3.333333,26.000000,background,0.000000,69.029999,0,0,0.079365,0.619048
4.000000,26.000000,background,0.000000,70.279999,0,0,0.095238,0.619048
4.666667,26.000000,background,0.000000,71.370003,0,0,0.111111,0.619048
5.333333,26.000000,background,0.000000,72.360001,0,0,0.126984,0.619048
6.000000,26.000000,background,0.000000,73.269997,0,0,0.142857,0.619048
6.666667,26.000000,background,0.000000,74.120003,0,0,0.158730,0.619048
7.333333,26.000000,background,0.000000,74.910004,0,0,0.174603,0.619048
8.000000,26.000000,background,0.000000,75.660004,0,0,0.190476,0.619048
8.666667,26.000000,background,0.000000,76.360001,0,0,0.206349,0.619048
9.333333,26.000000,background,0.000000,77.010002,0,0,0.222222,0.619048
10.000000,26.000000,background,0.000000,77.620003,0,0,0.238095,0.619048
10.666667,26.000000,GPU_0,300.000000,78.180000,1,1,0.253968,0.619048
11.333333,26.000000,GPU_0,300.000000,78.709999,1,0,0.269841,0.619048
12.000000,26.000000,GPU_0,300.000000,79.190002,1,0,0.285714,0.619048
12.666667,26.000000,GPU_0,300.000000,79.629997,1,0,0.301587,0.619048
13.333333,26.000000,GPU_0,300.000000,80.019997,1,0,0.317460,0.619048
14.000000,26.000000,GPU_0,300.000000,80.379997,1,0,0.333333,0.619048
14.666667,26.000000,GPU_0,300.000000,80.690002,1,0,0.349206,0.619048
15.333333,26.000000,GPU_0,300.000000,80.959999,1,0,0.365079,0.619048
16.000000,26.000000,GPU_0,300.000000,81.180000,1,0,0.380952,0.619048
16.666666,26.000000,GPU_0,300.000000,81.349998,1,0,0.396825,0.619048
17.333334,26.000000,GPU_0,300.000000,81.449997,1,0,0.412698,0.619048
18.000000,26.000000,GPU_0,300.000000,81.480003,1,0,0.428571,0.619048
18.666666,26.000000,GPU_0,300.000000,81.400002,1,0,0.444444,0.619048
19.333334,26.000000,GPU_0,300.000000,81.129997,1,0,0.460317,0.619048
20.000000,26.000000,GPU_0,300.000000,80.430000,1,0,0.476190,0.619048
20.666666,26.000000,GPU_0,300.000000,78.419998,1,0,0.492063,0.619048
21.333334,26.000000,GPU_0,300.000000,77.230003,1,0,0.507937,0.619048
22.000000,26.000000,GPU_0,300.000000,76.660004,1,0,0.523810,0.619048
22.666666,26.000000,GPU_0,300.000000,76.779999,1,0,0.539683,0.619048
23.333334,26.000000,GPU_0,300.000000,77.559998,1,0,0.555556,0.619048
24.000000,26.000000,GPU_0,300.000000,78.769997,1,0,0.571429,0.619048
24.666666,26.000000,GPU_0,300.000000,80.449997,1,0,0.587302,0.619048
25.333334,26.000000,GPU_0,300.000000,81.070000,1,0,0.603175,0.619048
26.000000,26.000000,GPU_0,300.000000,81.290001,1,0,0.619048,0.619048
26.666666,26.000000,GPU_0,300.000000,81.339996,1,0,0.634921,0.619048
27.333334,26.000000,GPU_0,300.000000,81.290001,1,0,0.650794,0.619048
28.000000,26.000000,GPU_0,300.000000,81.160004,1,0,0.666667,0.619048
28.666666,26.000000,background,0.000000,80.970001,0,1,0.682540,0.619048
29.333334,26.000000,background,0.000000,80.730003,0,0,0.698413,0.619048
30.000000,26.000000,CPU1_0,105.000000,80.449997,1,1,0.714286,0.619048
30.666666,26.000000,CPU1_0,105.000000,80.110001,1,0,0.730159,0.619048
31.333334,26.000000,CPU1_0,105.000000,79.739998,1,0,0.746032,0.619048
32.000000,26.000000,CPU1_0,105.000000,79.320000,1,0,0.761905,0.619048
32.666668,26.000000,CPU1_0,105.000000,78.860001,1,0,0.777778,0.619048
33.333332,26.000000,CPU1_0,105.000000,78.360001,1,0,0.793651,0.619048
34.000000,26.000000,CPU1_0,105.000000,77.809998,1,0,0.809524,0.619048
34.666668,26.000000,CPU1_0,105.000000,77.230003,1,0,0.825397,0.619048
35.333332,26.000000,CPU1_0,105.000000,76.599998,1,0,0.841270,0.619048
36.000000,26.000000,CPU1_0,105.000000,75.930000,1,0,0.857143,0.619048
36.666668,26.000000,CPU1_0,105.000000,75.220001,1,0,0.873016,0.619048
37.333332,26.000000,CPU1_0,105.000000,74.459999,1,0,0.888889,0.619048
38.000000,26.000000,CPU1_0,105.000000,73.660004,1,0,0.904762,0.619048
38.666668,26.000000,CPU1_0,105.000000,72.820000,1,0,0.920635,0.619048
39.333332,26.000000,CPU1_0,105.000000,71.930000,1,0,0.936508,0.619048
40.000000,26.000000,CPU1_0,105.000000,71.000000,1,0,0.952381,0.619048
40.666668,26.000000,CPU1_0,105.000000,70.040001,1,0,0.968254,0.619048
41.333332,26.000000,CPU1_0,105.000000,69.099998,1,0,0.984127,0.619048
42.000000,26.000000,background,0.000000,68.370003,0,1,1.000000,0.619048
0.000000,26.666666,background,0.000000,59.680000,0,0,0.000000,0.634921
0.666667,26.666666,background,0.000000,60.549999,0,0,0.015873,0.634921
1.333333,26.666666,background,0.000000,62.200001,0,0,0.031746,0.634921
2.000000,26.666666,background,0.000000,64.309998,0,0,0.047619,0.634921
2.666667,26.666666,background,0.000000,67.120003,0,0,0.063492,0.634921
3.333333,26.666666,background,0.000000,68.709999,0,0,0.079365,0.634921
4.000000,26.666666,background,0.000000,69.949997,0,0,0.095238,0.634921
4.666667,26.666666,background,0.000000,71.019997,0,0,0.111111,0.634921
5.333333,26.666666,background,0.000000,72.000000,0,0,0.126984,0.634921
6.000000,26.666666,background,0.000000,72.900002,0,0,0.142857,0.634921
6.666667,26.666666,background,0.000000,73.739998,0,0,0.158730,0.634921
7.333333,26.666666,background,0.000000,74.529999,0,0,0.174603,0.634921
8.000000,26.666666,background,0.000000,75.269997,0,0,0.190476,0.634921
8.666667,26.666666,background,0.000000,75.970001,0,0,0.206349,0.634921
9.333333,26.666666,background,0.000000,76.620003,0,0,0.222222,0.634921
10.000000,26.666666,background,0.000000,77.220001,0,0,0.238095,0.634921
10.666667,26.666666,GPU_0,300.000000,77.790001,1,1,0.253968,0.634921
11.333333,26.666666,GPU_0,300.000000,78.320000,1,0,0.269841,0.634921
12.000000,26.666666,GPU_0,300.000000,78.800003,1,0,0.285714,0.634921
12.666667,26.666666,GPU_0,300.000000,79.239998,1,0,0.301587,0.634921
13.333333,26.666666,GPU_0,300.000000,79.650002,1,0,0.317460,0.634921
14.000000,26.666666,GPU_0,300.000000,80.010002,1,0,0.333333,0.634921
14.666667,26.666666,GPU_0,300.000000,80.330002,1,0,0.349206,0.634921
15.333333,26.666666,GPU_0,300.000000,80.610001,1,0,0.365079,0.634921
16.000000,26.666666,GPU_0,300.000000,80.839996,1,0,0.380952,0.634921
16.666666,26.666666,GPU_0,300.000000,81.019997,1,0,0.396825,0.634921
17.333334,26.666666,GPU_0,300.000000,81.139999,1,0,0.412698,0.634921
18.000000,26.666666,GPU_0,300.000000,81.190002,1,0,0.428571,0.634921
18.666666,26.666666,GPU_0,300.000000,81.120003,1,0,0.444444,0.634921
19.333334,26.666666,GPU_0,300.000000,80.870003,1,0,0.460317,0.634921
20.000000,26.666666,GPU_0,300.000000,80.180000,1,0,0.476190,0.634921
20.666666,26.666666,GPU_0,300.000000,78.169998,1,0,0.492063,0.634921
21.333334,26.666666,GPU_0,300.000000,76.980003,1,0,0.507937,0.634921
22.000000,26.666666,GPU_0,300.000000,76.410004,1,0,0.523810,0.634921
22.666666,26.666666,GPU_0,300.000000,76.510002,1,0,0.539683,0.634921
23.333334,26.666666,GPU_0,300.000000,77.269997,1,0,0.555556,0.634921
24.000000,26.666666,GPU_0,300.000000,78.459999,1,0,0.571429,0.634921
24.666666,26.666666,GPU_0,300.000000,80.110001,1,0,0.587302,0.634921
25.333334,26.666666,GPU_0,300.000000,80.699997,1,0,0.603175,0.634921
26.000000,26.666666,GPU_0,300.000000,80.910004,1,0,0.619048,0.634921
26.666666,26.666666,GPU_0,300.000000,80.930000,1,0,0.634921,0.634921
27.333334,26.666666,GPU_0,300.000000,80.860001,1,0,0.650794,0.634921
28.000000,26.666666,GPU_0,300.000000,80.709999,1,0,0.666667,0.634921
28.666666,26.666666,background,0.000000,80.510002,0,1,0.682540,0.634921
29.333334,26.666666,background,0.000000,80.250000,0,0,0.698413,0.634921
30.000000,26.666666,CPU1_0,105.000000,79.949997,1,1,0.714286,0.634921
30.666666,26.666666,CPU1_0,105.000000,79.599998,1,0,0.730159,0.634921
31.333334,26.666666,CPU1_0,105.000000,79.209999,1,0,0.746032,0.634921
32.000000,26.666666,CPU1_0,105.000000,78.779999,1,0,0.761905,0.634921
32.666668,26.666666,CPU1_0,105.000000,78.309998,1,0,0.777778,0.634921
33.333332,26.666666,CPU1_0,105.000000,77.800003,1,0,0.793651,0.634921
34.000000,26.666666,CPU1_0,105.000000,77.250000,1,0,0.809524,0.634921
34.666668,26.666666,CPU1_0,105.000000,76.660004,1,0,0.825397,0.634921
35.333332,26.666666,CPU1_0,105.000000,76.029999,1,0,0.841270,0.634921
36.000000,26.666666,CPU1_0,105.000000,75.360001,1,0,0.857143,0.634921
36.666668,26.666666,CPU1_0,105.000000,74.650002,1,0,0.873016,0.634921
37.333332,26.666666,CPU1_0,105.000000,73.900002,1,0,0.888889,0.634921
38.000000,26.666666,CPU1_0,105.000000,73.099998,1,0,0.904762,0.634921
38.666668,26.666666,CPU1_0,105.000000,72.269997,1,0,0.920635,0.634921
39.333332,26.666666,CPU1_0,105.000000,71.389999,1,0,0.936508,0.634921
40.000000,26.666666,CPU1_0,105.000000,70.470001,1,0,0.952381,0.634921
40.666668,26.666666,CPU1_0,105.000000,69.529999,1,0,0.968254,0.634921
41.333332,26.666666,CPU1_0,105.000000,68.599998,1,0,0.984127,0.634921
42.000000,26.666666,background,0.000000,67.889999,0,1,1.000000,0.634921
0.000000,27.333334,background,0.000000,59.349998,0,0,0.000000,0.650794
0.666667,27.333334,background,0.000000,60.200001,0,0,0.015873,0.650794
1.333333,27.333334,background,0.000000,61.840000,0,0,0.031746,0.650794
2.000000,27.333334,background,0.000000,63.950001,0,0,0.047619,0.650794
2.666667,27.333334,HBM_1,25.000000,66.750000,1,1,0.063492,0.650794
3.333333,27.333334,HBM_1,25.000000,68.320000,1,1,0.079365,0.650794
4.000000,27.333334,HBM_1,25.000000,69.540001,1,1,0.095238,0.650794
4.666667,27.333334,HBM_1,25.000000,70.599998,1,1,0.111111,0.650794
5.333333,27.333334,HBM_1,25.000000,71.559998,1,1,0.126984,0.650794
6.000000,27.333334,HBM_1,25.000000,72.449997,1,1,0.142857,0.650794
6.666667,27.333334,HBM_1,25.000000,73.279999,1,1,0.158730,0.650794
7.333333,27.333334,HBM_1,25.000000,74.059998,1,1,0.174603,0.650794
8.000000,27.333334,HBM_1,25.000000,74.800003,1,1,0.190476,0.650794
8.666667,27.333334,HBM_1,25.000000,75.489998,1,1,0.206349,0.650794
9.333333,27.333334,HBM_1,25.000000,76.139999,1,1,0.222222,0.650794
10.000000,27.333334,HBM_1,25.000000,76.739998,1,1,0.238095,0.650794
10.666667,27.333334,GPU_0,300.000000,77.309998,1,1,0.253968,0.650794
11.333333,27.333334,GPU_0,300.000000,77.839996,1,0,0.269841,0.650794
12.000000,27.333334,GPU_0,300.000000,78.320000,1,0,0.285714,0.650794
12.666667,27.333334,GPU_0,300.000000,78.769997,1,0,0.301587,0.650794
13.333333,27.333334,GPU_0,300.000000,79.180000,1,0,0.317460,0.650794
14.000000,27.333334,GPU_0,300.000000,79.550003,1,0,0.333333,0.650794
14.666667,27.333334,GPU_0,300.000000,79.889999,1,0,0.349206,0.650794
15.333333,27.333334,GPU_0,300.000000,80.180000,1,0,0.365079,0.650794
16.000000,27.333334,GPU_0,300.000000,80.430000,1,0,0.380952,0.650794
16.666666,27.333334,GPU_0,300.000000,80.620003,1,0,0.396825,0.650794
17.333334,27.333334,GPU_0,300.000000,80.769997,1,0,0.412698,0.650794
18.000000,27.333334,GPU_0,300.000000,80.830002,1,0,0.428571,0.650794
18.666666,27.333334,GPU_0,300.000000,80.790001,1,0,0.444444,0.650794
19.333334,27.333334,GPU_0,300.000000,80.550003,1,0,0.460317,0.650794
20.000000,27.333334,GPU_0,300.000000,79.879997,1,0,0.476190,0.650794
20.666666,27.333334,GPU_0,300.000000,77.889999,1,0,0.492063,0.650794
21.333334,27.333334,GPU_0,300.000000,76.709999,1,0,0.507937,0.650794
22.000000,27.333334,GPU_0,300.000000,76.129997,1,0,0.523810,0.650794
22.666666,27.333334,GPU_0,300.000000,76.190002,1,0,0.539683,0.650794
23.333334,27.333334,GPU_0,300.000000,76.900002,1,0,0.555556,0.650794
24.000000,27.333334,GPU_0,300.000000,78.050003,1,0,0.571429,0.650794
24.666666,27.333334,GPU_0,300.000000,79.650002,1,0,0.587302,0.650794
25.333334,27.333334,GPU_0,300.000000,80.209999,1,0,0.603175,0.650794
26.000000,27.333334,GPU_0,300.000000,80.379997,1,0,0.619048,0.650794
26.666666,27.333334,GPU_0,300.000000,80.379997,1,0,0.634921,0.650794
27.333334,27.333334,GPU_0,300.000000,80.290001,1,0,0.650794,0.650794
28.000000,27.333334,GPU_0,300.000000,80.120003,1,0,0.666667,0.650794
28.666666,27.333334,background,0.000000,79.889999,0,1,0.682540,0.650794
29.333334,27.333334,background,0.000000,79.610001,0,0,0.698413,0.650794
30.000000,27.333334,CPU1_0,105.000000,79.290001,1,1,0.714286,0.650794
30.666666,27.333334,CPU1_0,105.000000,78.919998,1,0,0.730159,0.650794
31.333334,27.333334,CPU1_0,105.000000,78.510002,1,0,0.746032,0.650794
32.000000,27.333334,CPU1_0,105.000000,78.070000,1,1,0.761905,0.650794
32.666668,27.333334,CPU1_0,105.000000,77.589996,1,1,0.777778,0.650794
33.333332,27.333334,CPU1_0,105.000000,77.070000,1,1,0.793651,0.650794
34.000000,27.333334,CPU1_0,105.000000,76.519997,1,1,0.809524,0.650794
34.666668,27.333334,CPU1_0,105.000000,75.919998,1,1,0.825397,0.650794
35.333332,27.333334,CPU1_0,105.000000,75.290001,1,1,0.841270,0.650794
36.000000,27.333334,CPU1_0,105.000000,74.620003,1,1,0.857143,0.650794
36.666668,27.333334,CPU1_0,105.000000,73.910004,1,1,0.873016,0.650794
37.333332,27.333334,CPU1_0,105.000000,73.160004,1,1,0.888889,0.650794
38.000000,27.333334,CPU1_0,105.000000,72.379997,1,1,0.904762,0.650794
38.666668,27.333334,CPU1_0,105.000000,71.550003,1,1,0.920635,0.650794
39.333332,27.333334,CPU1_0,105.000000,70.680000,1,1,0.936508,0.650794
40.000000,27.333334,CPU1_0,105.000000,69.779999,1,1,0.952381,0.650794
40.666668,27.333334,CPU1_0,105.000000,68.860001,1,0,0.968254,0.650794
41.333332,27.333334,CPU1_0,105.000000,67.959999,1,0,0.984127,0.650794
42.000000,27.333334,background,0.000000,67.260002,0,1,1.000000,0.650794
0.000000,28.000000,background,0.000000,58.950001,0,0,0.000000,0.666667
0.666667,28.000000,background,0.000000,59.790001,0,0,0.015873,0.666667
1.333333,28.000000,background,0.000000,61.419998,0,0,0.031746,0.666667
2.000000,28.000000,background,0.000000,63.520000,0,0,0.047619,0.666667
2.666667,28.000000,HBM_1,25.000000,66.290001,1,1,0.063492,0.666667
3.333333,28.000000,HBM_1,25.000000,67.839996,1,0,0.079365,0.666667
4.000000,28.000000,HBM_1,25.000000,69.040001,1,0,0.095238,0.666667
4.666667,28.000000,HBM_1,25.000000,70.070000,1,0,0.111111,0.666667
5.333333,28.000000,HBM_1,25.000000,71.010002,1,0,0.126984,0.666667
6.000000,28.000000,HBM_1,25.000000,71.889999,1,0,0.142857,0.666667
6.666667,28.000000,HBM_1,25.000000,72.709999,1,0,0.158730,0.666667
7.333333,28.000000,HBM_1,25.000000,73.480003,1,0,0.174603,0.666667
8.000000,28.000000,HBM_1,25.000000,74.209999,1,0,0.190476,0.666667
8.666667,28.000000,HBM_1,25.000000,74.889999,1,0,0.206349,0.666667
9.333333,28.000000,HBM_1,25.000000,75.540001,1,0,0.222222,0.666667
10.000000,28.000000,HBM_1,25.000000,76.139999,1,0,0.238095,0.666667
10.666667,28.000000,GPU_0,300.000000,76.709999,1,1,0.253968,0.666667
11.333333,28.000000,GPU_0,300.000000,77.239998,1,0,0.269841,0.666667
12.000000,28.000000,GPU_0,300.000000,77.730003,1,0,0.285714,0.666667
12.666667,28.000000,GPU_0,300.000000,78.180000,1,0,0.301587,0.666667
13.333333,28.000000,GPU_0,300.000000,78.599998,1,0,0.317460,0.666667
14.000000,28.000000,GPU_0,300.000000,78.980003,1,0,0.333333,0.666667
14.666667,28.000000,GPU_0,300.000000,79.330002,1,0,0.349206,0.666667
15.333333,28.000000,GPU_0,300.000000,79.629997,1,0,0.365079,0.666667
16.000000,28.000000,GPU_0,300.000000,79.900002,1,0,0.380952,0.666667
16.666666,28.000000,GPU_0,300.000000,80.129997,1,0,0.396825,0.666667
17.333334,28.000000,GPU_0,300.000000,80.300003,1,0,0.412698,0.666667
18.000000,28.000000,GPU_0,300.000000,80.400002,1,0,0.428571,0.666667
18.666666,28.000000,GPU_0,300.000000,80.389999,1,0,0.444444,0.666667
19.333334,28.000000,GPU_0,300.000000,80.180000,1,0,0.460317,0.666667
20.000000,28.000000,GPU_0,300.000000,79.540001,1,0,0.476190,0.666667
20.666666,28.000000,GPU_0,300.000000,77.570000,1,0,0.492063,0.666667
21.333334,28.000000,GPU_0,300.000000,76.419998,1,0,0.507937,0.666667
22.000000,28.000000,GPU_0,300.000000,75.839996,1,0,0.523810,0.666667
22.666666,28.000000,GPU_0,300.000000,75.839996,1,0,0.539683,0.666667
23.333334,28.000000,GPU_0,300.000000,76.440002,1,0,0.555556,0.666667
24.000000,28.000000,GPU_0,300.000000,77.480003,1,0,0.571429,0.666667
24.666666,28.000000,GPU_0,300.000000,78.949997,1,0,0.587302,0.666667
25.333334,28.000000,GPU_0,300.000000,79.449997,1,0,0.603175,0.666667
26.000000,28.000000,GPU_0,300.000000,79.580002,1,0,0.619048,0.666667
26.666666,28.000000,GPU_0,300.000000,79.550003,1,0,0.634921,0.666667
27.333334,28.000000,GPU_0,300.000000,79.419998,1,0,0.650794,0.666667
28.000000,28.000000,GPU_0,300.000000,79.230003,1,0,0.666667,0.666667
28.666666,28.000000,background,0.000000,78.980003,0,1,0.682540,0.666667
29.333334,28.000000,background,0.000000,78.669998,0,0,0.698413,0.666667
30.000000,28.000000,CPU1_0,105.000000,78.309998,1,1,0.714286,0.666667
30.666666,28.000000,CPU1_0,105.000000,77.919998,1,0,0.730159,0.666667
31.333334,28.000000,CPU1_0,105.000000,77.489998,1,0,0.746032,0.666667
32.000000,28.000000,CPU1_0,105.000000,77.029999,1,1,0.761905,0.666667
32.666668,28.000000,CPU1_0,105.000000,76.540001,1,0,0.777778,0.666667
33.333332,28.000000,CPU1_0,105.000000,76.010002,1,0,0.793651,0.666667
34.000000,28.000000,CPU1_0,105.000000,75.449997,1,0,0.809524,0.666667
34.666668,28.000000,CPU1_0,105.000000,74.849998,1,0,0.825397,0.666667
35.333332,28.000000,CPU1_0,105.000000,74.220001,1,0,0.841270,0.666667
36.000000,28.000000,CPU1_0,105.000000,73.550003,1,0,0.857143,0.666667
36.666668,28.000000,CPU1_0,105.000000,72.839996,1,0,0.873016,0.666667
37.333332,28.000000,CPU1_0,105.000000,72.099998,1,0,0.888889,0.666667
38.000000,28.000000,CPU1_0,105.000000,71.330002,1,0,0.904762,0.666667
38.666668,28.000000,CPU1_0,105.000000,70.519997,1,0,0.920635,0.666667
39.333332,28.000000,CPU1_0,105.000000,69.660004,1,0,0.936508,0.666667
40.000000,28.000000,CPU1_0,105.000000,68.779999,1,1,0.952381,0.666667
40.666668,28.000000,CPU1_0,105.000000,67.879997,1,0,0.968254,0.666667
41.333332,28.000000,CPU1_0,105.000000,67.000000,1,0,0.984127,0.666667
42.000000,28.000000,background,0.000000,66.330002,0,1,1.000000,0.666667
0.000000,28.666666,background,0.000000,58.459999,0,0,0.000000,0.682540
0.666667,28.666666,background,0.000000,59.290001,0,0,0.015873,0.682540
1.333333,28.666666,background,0.000000,60.880001,0,0,0.031746,0.682540
2.000000,28.666666,background,0.000000,62.970001,0,0,0.047619,0.682540
2.666667,28.666666,HBM_1,25.000000,65.709999,1,1,0.063492,0.682540
3.333333,28.666666,HBM_1,25.000000,67.220001,1,0,0.079365,0.682540
4.000000,28.666666,HBM_1,25.000000,68.379997,1,0,0.095238,0.682540
4.666667,28.666666,HBM_1,25.000000,69.389999,1,0,0.111111,0.682540
5.333333,28.666666,HBM_1,25.000000,70.290001,1,0,0.126984,0.682540
6.000000,28.666666,HBM_1,25.000000,71.139999,1,0,0.142857,0.682540
6.666667,28.666666,HBM_1,25.000000,71.940002,1,0,0.158730,0.682540
7.333333,28.666666,HBM_1,25.000000,72.709999,1,0,0.174603,0.682540
8.000000,28.666666,HBM_1,25.000000,73.430000,1,0,0.190476,0.682540
8.666667,28.666666,HBM_1,25.000000,74.110001,1,0,0.206349,0.682540
9.333333,28.666666,HBM_1,25.000000,74.750000,1,0,0.222222,0.682540
10.000000,28.666666,HBM_1,25.000000,75.349998,1,0,0.238095,0.682540
10.666667,28.666666,GPU_0,300.000000,75.919998,1,1,0.253968,0.682540
11.333333,28.666666,GPU_0,300.000000,76.449997,1,0,0.269841,0.682540
12.000000,28.666666,GPU_0,300.000000,76.940002,1,0,0.285714,0.682540
12.666667,28.666666,GPU_0,300.000000,77.400002,1,0,0.301587,0.682540
13.333333,28.666666,GPU_0,300.000000,77.830002,1,0,0.317460,0.682540
14.000000,28.666666,GPU_0,300.000000,78.220001,1,0,0.333333,0.682540
14.666667,28.666666,GPU_0,300.000000,78.580002,1,0,0.349206,0.682540
15.333333,28.666666,GPU_0,300.000000,78.900002,1,0,0.365079,0.682540
16.000000,28.666666,GPU_0,300.000000,79.199997,1,0,0.380952,0.682540
16.666666,28.666666,GPU_0,300.000000,79.470001,1,0,0.396825,0.682540
17.333334,28.666666,GPU_0,300.000000,79.699997,1,0,0.412698,0.682540
18.000000,28.666666,GPU_0,300.000000,79.860001,1,0,0.428571,0.682540
18.666666,28.666666,GPU_0,300.000000,79.900002,1,0,0.444444,0.682540
19.333334,28.666666,GPU_0,300.000000,79.739998,1,0,0.460317,0.682540
20.000000,28.666666,GPU_0,300.000000,79.150002,1,0,0.476190,0.682540
20.666666,28.666666,GPU_0,300.000000,77.239998,1,0,0.492063,0.682540
21.333334,28.666666,GPU_0,300.000000,76.150002,1,0,0.507937,0.682540
22.000000,28.666666,GPU_0,300.000000,75.589996,1,0,0.523810,0.682540
22.666666,28.666666,GPU_0,300.000000,75.510002,1,0,0.539683,0.682540
23.333334,28.666666,GPU_0,300.000000,75.870003,1,0,0.555556,0.682540
24.000000,28.666666,GPU_0,300.000000,76.559998,1,0,0.571429,0.682540
24.666666,28.666666,GPU_0,300.000000,77.629997,1,0,0.587302,0.682540
25.333334,28.666666,GPU_0,300.000000,77.989998,1,0,0.603175,0.682540
26.000000,28.666666,GPU_0,300.000000,78.070000,1,0,0.619048,0.682540
26.666666,28.666666,GPU_0,300.000000,78.000000,1,0,0.634921,0.682540
27.333334,28.666666,GPU_0,300.000000,77.849998,1,0,0.650794,0.682540
28.000000,28.666666,GPU_0,300.000000,77.620003,1,0,0.666667,0.682540
28.666666,28.666666,background,0.000000,77.320000,0,1,0.682540,0.682540
29.333334,28.666666,background,0.000000,76.949997,0,0,0.698413,0.682540
30.000000,28.666666,CPU1_0,105.000000,76.510002,1,1,0.714286,0.682540
30.666666,28.666666,CPU1_0,105.000000,76.059998,1,0,0.730159,0.682540
31.333334,28.666666,CPU1_0,105.000000,75.599998,1,0,0.746032,0.682540
32.000000,28.666666,CPU1_0,105.000000,75.120003,1,1,0.761905,0.682540
32.666668,28.666666,CPU1_0,105.000000,74.610001,1,0,0.777778,0.682540
33.333332,28.666666,CPU1_0,105.000000,74.080002,1,0,0.793651,0.682540
34.000000,28.666666,CPU1_0,105.000000,73.510002,1,0,0.809524,0.682540
34.666668,28.666666,CPU1_0,105.000000,72.910004,1,0,0.825397,0.682540
35.333332,28.666666,CPU1_0,105.000000,72.269997,1,0,0.841270,0.682540
36.000000,28.666666,CPU1_0,105.000000,71.599998,1,0,0.857143,0.682540
36.666668,28.666666,CPU1_0,105.000000,70.910004,1,0,0.873016,0.682540
37.333332,28.666666,CPU1_0,105.000000,70.190002,1,0,0.888889,0.682540
38.000000,28.666666,CPU1_0,105.000000,69.470001,1,0,0.904762,0.682540
38.666668,28.666666,CPU1_0,105.000000,68.690002,1,0,0.920635,0.682540
39.333332,28.666666,CPU1_0,105.000000,67.860001,1,0,0.936508,0.682540
40.000000,28.666666,CPU1_0,105.000000,67.000000,1,1,0.952381,0.682540
40.666668,28.666666,CPU1_0,105.000000,66.129997,1,0,0.968254,0.682540
41.333332,28.666666,CPU1_0,105.000000,65.300003,1,0,0.984127,0.682540
42.000000,28.666666,background,0.000000,64.669998,0,1,1.000000,0.682540
0.000000,29.333334,background,0.000000,57.900002,0,0,0.000000,0.698413
0.666667,29.333334,background,0.000000,58.669998,0,0,0.015873,0.698413
1.333333,29.333334,background,0.000000,60.180000,0,0,0.031746,0.698413
2.000000,29.333334,background,0.000000,62.220001,0,0,0.047619,0.698413
2.666667,29.333334,HBM_1,25.000000,64.860001,1,1,0.063492,0.698413
3.333333,29.333334,HBM_1,25.000000,66.309998,1,0,0.079365,0.698413
4.000000,29.333334,HBM_1,25.000000,67.430000,1,0,0.095238,0.698413
4.666667,29.333334,HBM_1,25.000000,68.389999,1,0,0.111111,0.698413
5.333333,29.333334,HBM_1,25.000000,69.199997,1,0,0.126984,0.698413
6.000000,29.333334,HBM_1,25.000000,70.000000,1,0,0.142857,0.698413
6.666667,29.333334,HBM_1,25.000000,70.779999,1,0,0.158730,0.698413
7.333333,29.333334,HBM_1,25.000000,71.529999,1,0,0.174603,0.698413
8.000000,29.333334,HBM_1,25.000000,72.239998,1,0,0.190476,0.698413
8.666667,29.333334,HBM_1,25.000000,72.919998,1,0,0.206349,0.698413
9.333333,29.333334,HBM_1,25.000000,73.550003,1,0,0.222222,0.698413
10.000000,29.333334,HBM_1,25.000000,74.150002,1,0,0.238095,0.698413
10.666667,29.333334,GPU_0,300.000000,74.720001,1,1,0.253968,0.698413
11.333333,29.333334,GPU_0,300.000000,75.250000,1,0,0.269841,0.698413
12.000000,29.333334,GPU_0,300.000000,75.750000,1,0,0.285714,0.698413
12.666667,29.333334,GPU_0,300.000000,76.209999,1,0,0.301587,0.698413
13.333333,29.333334,GPU_0,300.000000,76.639999,1,0,0.317460,0.698413
14.000000,29.333334,GPU_0,300.000000,77.050003,1,0,0.333333,0.698413
14.666667,29.333334,GPU_0,300.000000,77.419998,1,0,0.349206,0.698413
15.333333,29.333334,GPU_0,300.000000,77.769997,1,0,0.365079,0.698413
16.000000,29.333334,GPU_0,300.000000,78.110001,1,0,0.380952,0.698413
16.666666,29.333334,GPU_0,300.000000,78.449997,1,0,0.396825,0.698413
17.333334,29.333334,GPU_0,300.000000,78.809998,1,0,0.412698,0.698413
18.000000,29.333334,GPU_0,300.000000,79.120003,1,0,0.428571,0.698413
18.666666,29.333334,GPU_0,300.000000,79.250000,1,0,0.444444,0.698413
19.333334,29.333334,GPU_0,300.000000,79.169998,1,0,0.460317,0.698413
20.000000,29.333334,GPU_0,300.000000,78.660004,1,0,0.476190,0.698413
20.666666,29.333334,GPU_0,300.000000,76.919998,1,0,0.492063,0.698413
21.333334,29.333334,GPU_0,300.000000,75.959999,1,0,0.507937,0.698413
22.000000,29.333334,GPU_0,300.000000,75.489998,1,0,0.523810,0.698413
22.666666,29.333334,GPU_0,300.000000,75.370003,1,0,0.539683,0.698413
23.333334,29.333334,GPU_0,300.000000,75.510002,1,0,0.555556,0.698413
24.000000,29.333334,GPU_0,300.000000,75.870003,1,0,0.571429,0.698413
24.666666,29.333334,GPU_0,300.000000,76.379997,1,0,0.587302,0.698413
25.333334,29.333334,GPU_0,300.000000,76.580002,1,0,0.603175,0.698413
26.000000,29.333334,GPU_0,300.000000,76.589996,1,0,0.619048,0.698413
26.666666,29.333334,GPU_0,300.000000,76.489998,1,0,0.634921,0.698413
27.333334,29.333334,GPU_0,300.000000,76.290001,1,0,0.650794,0.698413
28.000000,29.333334,GPU_0,300.000000,76.000000,1,0,0.666667,0.698413
28.666666,29.333334,background,0.000000,75.599998,0,1,0.682540,0.698413
29.333334,29.333334,background,0.000000,75.040001,0,0,0.698413,0.698413
30.000000,29.333334,CPU1_0,105.000000,74.330002,1,1,0.714286,0.698413
30.666666,29.333334,CPU1_0,105.000000,73.720001,1,1,0.730159,0.698413
31.333334,29.333334,CPU1_0,105.000000,73.180000,1,1,0.746032,0.698413
32.000000,29.333334,CPU1_0,105.000000,72.660004,1,1,0.761905,0.698413
32.666668,29.333334,CPU1_0,105.000000,72.139999,1,1,0.777778,0.698413
33.333332,29.333334,CPU1_0,105.000000,71.589996,1,1,0.793651,0.698413
34.000000,29.333334,CPU1_0,105.000000,71.010002,1,1,0.809524,0.698413
34.666668,29.333334,CPU1_0,105.000000,70.400002,1,1,0.825397,0.698413
35.333332,29.333334,CPU1_0,105.000000,69.769997,1,1,0.841270,0.698413
36.000000,29.333334,CPU1_0,105.000000,69.099998,1,1,0.857143,0.698413
36.666668,29.333334,CPU1_0,105.000000,68.430000,1,1,0.873016,0.698413
37.333332,29.333334,CPU1_0,105.000000,67.809998,1,1,0.888889,0.698413
38.000000,29.333334,CPU1_0,105.000000,67.309998,1,1,0.904762,0.698413
38.666668,29.333334,CPU1_0,105.000000,66.639999,1,1,0.920635,0.698413
39.333332,29.333334,CPU1_0,105.000000,65.870003,1,1,0.936508,0.698413
40.000000,29.333334,CPU1_0,105.000000,65.050003,1,1,0.952381,0.698413
40.666668,29.333334,CPU1_0,105.000000,64.250000,1,1,0.968254,0.698413
41.333332,29.333334,CPU1_0,105.000000,63.540001,1,1,0.984127,0.698413
42.000000,29.333334,background,0.000000,63.060001,0,1,1.000000,0.698413
0.000000,30.000000,background,0.000000,57.240002,0,0,0.000000,0.714286
0.666667,30.000000,background,0.000000,57.919998,0,0,0.015873,0.714286
1.333333,30.000000,background,0.000000,59.240002,0,0,0.031746,0.714286
2.000000,30.000000,background,0.000000,61.040001,0,0,0.047619,0.714286
2.666667,30.000000,HBM_1,25.000000,63.320000,1,1,0.063492,0.714286
3.333333,30.000000,HBM_1,25.000000,64.690002,1,0,0.079365,0.714286
4.000000,30.000000,HBM_1,25.000000,65.750000,1,0,0.095238,0.714286
4.666667,30.000000,HBM_1,25.000000,66.629997,1,0,0.111111,0.714286
5.333333,30.000000,HBM_1,25.000000,67.239998,1,0,0.126984,0.714286
6.000000,30.000000,HBM_1,25.000000,67.959999,1,0,0.142857,0.714286
6.666667,30.000000,HBM_1,25.000000,68.709999,1,0,0.158730,0.714286
7.333333,30.000000,HBM_1,25.000000,69.449997,1,0,0.174603,0.714286
8.000000,30.000000,HBM_1,25.000000,70.160004,1,0,0.190476,0.714286
8.666667,30.000000,HBM_1,25.000000,70.830002,1,0,0.206349,0.714286
9.333333,30.000000,HBM_1,25.000000,71.459999,1,0,0.222222,0.714286
10.000000,30.000000,HBM_1,25.000000,72.050003,1,0,0.238095,0.714286
10.666667,30.000000,GPU_0,300.000000,72.620003,1,1,0.253968,0.714286
11.333333,30.000000,GPU_0,300.000000,73.150002,1,0,0.269841,0.714286
12.000000,30.000000,GPU_0,300.000000,73.650002,1,0,0.285714,0.714286
12.666667,30.000000,GPU_0,300.000000,74.110001,1,0,0.301587,0.714286
13.333333,30.000000,GPU_0,300.000000,74.559998,1,0,0.317460,0.714286
14.000000,30.000000,GPU_0,300.000000,74.970001,1,0,0.333333,0.714286
14.666667,30.000000,GPU_0,300.000000,75.360001,1,0,0.349206,0.714286
15.333333,30.000000,GPU_0,300.000000,75.739998,1,0,0.365079,0.714286
16.000000,30.000000,GPU_0,300.000000,76.139999,1,0,0.380952,0.714286
16.666666,30.000000,GPU_0,300.000000,76.610001,1,0,0.396825,0.714286
17.333334,30.000000,GPU_0,300.000000,77.309998,1,0,0.412698,0.714286
18.000000,30.000000,GPU_0,300.000000,77.989998,1,0,0.428571,0.714286
18.666666,30.000000,GPU_0,300.000000,78.300003,1,0,0.444444,0.714286
19.333334,30.000000,GPU_0,300.000000,78.330002,1,0,0.460317,0.714286
20.000000,30.000000,GPU_0,300.000000,77.989998,1,0,0.476190,0.714286
20.666666,30.000000,GPU_0,300.000000,76.709999,1,0,0.492063,0.714286
21.333334,30.000000,GPU_0,300.000000,75.970001,1,0,0.507937,0.714286
22.000000,30.000000,GPU_0,300.000000,75.669998,1,0,0.523810,0.714286
22.666666,30.000000,GPU_0,300.000000,75.580002,1,0,0.539683,0.714286
23.333334,30.000000,GPU_0,300.000000,75.580002,1,0,0.555556,0.714286
24.000000,30.000000,GPU_0,300.000000,75.650002,1,0,0.571429,0.714286
24.666666,30.000000,GPU_0,300.000000,75.730003,1,0,0.587302,0.714286
25.333334,30.000000,GPU_0,300.000000,75.720001,1,0,0.603175,0.714286
26.000000,30.000000,GPU_0,300.000000,75.620003,1,0,0.619048,0.714286
26.666666,30.000000,GPU_0,300.000000,75.449997,1,0,0.634921,0.714286
27.333334,30.000000,GPU_0,300.000000,75.209999,1,0,0.650794,0.714286
28.000000,30.000000,GPU_0,300.000000,74.870003,1,0,0.666667,0.714286
28.666666,30.000000,background,0.000000,74.360001,0,1,0.682540,0.714286
29.333334,30.000000,background,0.000000,73.510002,0,0,0.698413,0.714286
30.000000,30.000000,background,0.000000,72.269997,0,0,0.714286,0.714286
30.666666,30.000000,background,0.000000,71.470001,0,0,0.730159,0.714286
31.333334,30.000000,background,0.000000,70.860001,0,0,0.746032,0.714286
32.000000,30.000000,HBM_0,25.000000,70.300003,1,1,0.761905,0.714286
32.666668,30.000000,HBM_0,25.000000,69.750000,1,0,0.777778,0.714286
33.333332,30.000000,HBM_0,25.000000,69.190002,1,0,0.793651,0.714286
34.000000,30.000000,HBM_0,25.000000,68.610001,1,0,0.809524,0.714286
34.666668,30.000000,HBM_0,25.000000,67.989998,1,0,0.825397,0.714286
35.333332,30.000000,HBM_0,25.000000,67.349998,1,0,0.841270,0.714286
36.000000,30.000000,HBM_0,25.000000,66.690002,1,0,0.857143,0.714286
36.666668,30.000000,HBM_0,25.000000,66.019997,1,0,0.873016,0.714286
37.333332,30.000000,HBM_0,25.000000,65.440002,1,0,0.888889,0.714286
38.000000,30.000000,HBM_0,25.000000,65.160004,1,0,0.904762,0.714286
38.666668,30.000000,HBM_0,25.000000,64.550003,1,0,0.920635,0.714286
39.333332,30.000000,HBM_0,25.000000,63.790001,1,0,0.936508,0.714286
40.000000,30.000000,HBM_0,25.000000,63.009998,1,1,0.952381,0.714286
40.666668,30.000000,background,0.000000,62.270000,0,0,0.968254,0.714286
41.333332,30.000000,background,0.000000,61.650002,0,0,0.984127,0.714286
42.000000,30.000000,background,0.000000,61.259998,0,0,1.000000,0.714286
0.000000,30.666666,background,0.000000,56.540001,0,0,0.000000,0.730159
0.666667,30.666666,background,0.000000,57.099998,0,0,0.015873,0.730159
1.333333,30.666666,background,0.000000,58.150002,0,0,0.031746,0.730159
2.000000,30.666666,background,0.000000,59.610001,0,0,0.047619,0.730159
2.666667,30.666666,HBM_1,25.000000,61.349998,1,1,0.063492,0.730159
3.333333,30.666666,HBM_1,25.000000,62.650002,1,0,0.079365,0.730159
4.000000,30.666666,HBM_1,25.000000,63.669998,1,0,0.095238,0.730159
4.666667,30.666666,HBM_1,25.000000,64.400002,1,0,0.111111,0.730159
5.333333,30.666666,HBM_1,25.000000,64.610001,1,0,0.126984,0.730159
6.000000,30.666666,HBM_1,25.000000,65.330002,1,0,0.142857,0.730159
6.666667,30.666666,HBM_1,25.000000,66.080002,1,0,0.158730,0.730159
7.333333,30.666666,HBM_1,25.000000,66.809998,1,0,0.174603,0.730159
8.000000,30.666666,HBM_1,25.000000,67.510002,1,0,0.190476,0.730159
8.666667,30.666666,HBM_1,25.000000,68.169998,1,0,0.206349,0.730159
9.333333,30.666666,HBM_1,25.000000,68.790001,1,0,0.222222,0.730159
10.000000,30.666666,HBM_1,25.000000,69.379997,1,0,0.238095,0.730159
10.666667,30.666666,GPU_0,300.000000,69.940002,1,1,0.253968,0.730159
11.333333,30.666666,GPU_0,300.000000,70.470001,1,0,0.269841,0.730159
12.000000,30.666666,GPU_0,300.000000,70.980003,1,0,0.285714,0.730159
12.666667,30.666666,GPU_0,300.000000,71.449997,1,0,0.301587,0.730159
13.333333,30.666666,GPU_0,300.000000,71.900002,1,0,0.317460,0.730159
14.000000,30.666666,GPU_0,300.000000,72.320000,1,0,0.333333,0.730159
14.666667,30.666666,GPU_0,300.000000,72.739998,1,0,0.349206,0.730159
15.333333,30.666666,GPU_0,300.000000,73.150002,1,0,0.365079,0.730159
16.000000,30.666666,GPU_0,300.000000,73.610001,1,0,0.380952,0.730159
16.666666,30.666666,GPU_0,300.000000,74.250000,1,0,0.396825,0.730159
17.333334,30.666666,GPU_0,300.000000,75.410004,1,0,0.412698,0.730159
18.000000,30.666666,GPU_0,300.000000,76.620003,1,0,0.428571,0.730159
18.666666,30.666666,GPU_0,300.000000,77.139999,1,0,0.444444,0.730159
19.333334,30.666666,GPU_0,300.000000,77.330002,1,0,0.460317,0.730159
20.000000,30.666666,GPU_0,300.000000,77.269997,1,0,0.476190,0.730159
20.666666,30.666666,GPU_0,300.000000,76.930000,1,0,0.492063,0.730159
21.333334,30.666666,GPU_0,300.000000,76.709999,1,0,0.507937,0.730159
22.000000,30.666666,GPU_0,300.000000,76.589996,1,0,0.523810,0.730159
22.666666,30.666666,GPU_0,300.000000,76.540001,1,0,0.539683,0.730159
23.333334,30.666666,GPU_0,300.000000,76.500000,1,0,0.555556,0.730159
24.000000,30.666666,GPU_0,300.000000,76.480003,1,0,0.571429,0.730159
24.666666,30.666666,GPU_0,300.000000,76.430000,1,0,0.587302,0.730159
25.333334,30.666666,GPU_0,300.000000,76.339996,1,0,0.603175,0.730159
26.000000,30.666666,GPU_0,300.000000,76.190002,1,0,0.619048,0.730159
26.666666,30.666666,GPU_0,300.000000,75.989998,1,0,0.634921,0.730159
27.333334,30.666666,GPU_0,300.000000,75.709999,1,0,0.650794,0.730159
28.000000,30.666666,GPU_0,300.000000,75.320000,1,0,0.666667,0.730159
28.666666,30.666666,background,0.000000,74.709999,0,1,0.682540,0.730159
29.333334,30.666666,background,0.000000,73.599998,0,0,0.698413,0.730159
30.000000,30.666666,background,0.000000,71.849998,0,0,0.714286,0.730159
30.666666,30.666666,background,0.000000,70.860001,0,0,0.730159,0.730159
31.333334,30.666666,background,0.000000,70.180000,0,0,0.746032,0.730159
32.000000,30.666666,HBM_0,25.000000,69.599998,1,1,0.761905,0.730159
32.666668,30.666666,HBM_0,25.000000,69.040001,1,0,0.777778,0.730159
33.333332,30.666666,HBM_0,25.000000,68.470001,1,0,0.793651,0.730159
34.000000,30.666666,HBM_0,25.000000,67.879997,1,0,0.809524,0.730159
34.666668,30.666666,HBM_0,25.000000,67.260002,1,0,0.825397,0.730159
35.333332,30.666666,HBM_0,25.000000,66.610001,1,0,0.841270,0.730159
36.000000,30.666666,HBM_0,25.000000,65.940002,1,0,0.857143,0.730159
36.666668,30.666666,HBM_0,25.000000,65.260002,1,0,0.873016,0.730159
37.333332,30.666666,HBM_0,25.000000,64.629997,1,0,0.888889,0.730159
38.000000,30.666666,HBM_0,25.000000,64.050003,1,0,0.904762,0.730159
38.666668,30.666666,HBM_0,25.000000,63.150002,1,0,0.920635,0.730159
39.333332,30.666666,HBM_0,25.000000,62.279999,1,0,0.936508,0.730159
40.000000,30.666666,HBM_0,25.000000,61.480000,1,1,0.952381,0.730159
40.666668,30.666666,background,0.000000,60.770000,0,0,0.968254,0.730159
41.333332,30.666666,background,0.000000,60.189999,0,0,0.984127,0.730159
42.000000,30.666666,background,0.000000,59.840000,0,0,1.000000,0.730159
0.000000,31.333334,background,0.000000,55.830002,0,0,0.000000,0.746032
0.666667,31.333334,background,0.000000,56.299999,0,0,0.015873,0.746032
1.333333,31.333334,background,0.000000,57.130001,0,0,0.031746,0.746032
2.000000,31.333334,background,0.000000,58.230000,0,0,0.047619,0.746032
2.666667,31.333334,HBM_1,25.000000,59.470001,1,1,0.063492,0.746032
3.333333,31.333334,HBM_1,25.000000,60.599998,1,0,0.079365,0.746032
4.000000,31.333334,HBM_1,25.000000,61.599998,1,0,0.095238,0.746032
4.666667,31.333334,HBM_1,25.000000,62.470001,1,0,0.111111,0.746032
5.333333,31.333334,HBM_1,25.000000,62.980000,1,0,0.126984,0.746032
6.000000,31.333334,HBM_1,25.000000,63.799999,1,0,0.142857,0.746032
6.666667,31.333334,HBM_1,25.000000,64.559998,1,0,0.158730,0.746032
7.333333,31.333334,HBM_1,25.000000,65.290001,1,0,0.174603,0.746032
8.000000,31.333334,HBM_1,25.000000,65.980003,1,0,0.190476,0.746032
8.666667,31.333334,HBM_1,25.000000,66.629997,1,0,0.206349,0.746032
9.333333,31.333334,HBM_1,25.000000,67.250000,1,0,0.222222,0.746032
10.000000,31.333334,HBM_1,25.000000,67.839996,1,0,0.238095,0.746032
10.666667,31.333334,GPU_0,300.000000,68.389999,1,1,0.253968,0.746032
11.333333,31.333334,GPU_0,300.000000,68.919998,1,0,0.269841,0.746032
12.000000,31.333334,GPU_0,300.000000,69.419998,1,0,0.285714,0.746032
12.666667,31.333334,GPU_0,300.000000,69.900002,1,0,0.301587,0.746032
13.333333,31.333334,GPU_0,300.000000,70.360001,1,0,0.317460,0.746032
14.000000,31.333334,GPU_0,300.000000,70.790001,1,0,0.333333,0.746032
14.666667,31.333334,GPU_0,300.000000,71.220001,1,0,0.349206,0.746032
15.333333,31.333334,GPU_0,300.000000,71.660004,1,0,0.365079,0.746032
16.000000,31.333334,GPU_0,300.000000,72.160004,1,0,0.380952,0.746032
16.666666,31.333334,GPU_0,300.000000,72.900002,1,0,0.396825,0.746032
17.333334,31.333334,GPU_0,300.000000,74.250000,1,0,0.412698,0.746032
18.000000,31.333334,GPU_0,300.000000,75.660004,1,0,0.428571,0.746032
18.666666,31.333334,GPU_0,300.000000,76.309998,1,0,0.444444,0.746032
19.333334,31.333334,GPU_0,300.000000,76.599998,1,0,0.460317,0.746032
20.000000,31.333334,GPU_0,300.000000,76.709999,1,0,0.476190,0.746032
20.666666,31.333334,GPU_0,300.000000,76.690002,1,0,0.492063,0.746032
21.333334,31.333334,GPU_0,300.000000,76.660004,1,0,0.507937,0.746032
22.000000,31.333334,GPU_0,300.000000,76.629997,1,0,0.523810,0.746032
22.666666,31.333334,GPU_0,300.000000,76.599998,1,0,0.539683,0.746032
23.333334,31.333334,GPU_0,300.000000,76.559998,1,0,0.555556,0.746032
24.000000,31.333334,GPU_0,300.000000,76.510002,1,0,0.571429,0.746032
24.666666,31.333334,GPU_0,300.000000,76.430000,1,0,0.587302,0.746032
25.333334,31.333334,GPU_0,300.000000,76.300003,1,0,0.603175,0.746032
26.000000,31.333334,GPU_0,300.000000,76.129997,1,0,0.619048,0.746032
26.666666,31.333334,GPU_0,300.000000,75.900002,1,0,0.634921,0.746032
27.333334,31.333334,GPU_0,300.000000,75.599998,1,0,0.650794,0.746032
28.000000,31.333334,GPU_0,300.000000,75.180000,1,0,0.666667,0.746032
28.666666,31.333334,background,0.000000,74.519997,0,1,0.682540,0.746032
29.333334,31.333334,background,0.000000,73.309998,0,0,0.698413,0.746032
30.000000,31.333334,background,0.000000,71.419998,0,0,0.714286,0.746032
30.666666,31.333334,background,0.000000,70.349998,0,0,0.730159,0.746032
31.333334,31.333334,background,0.000000,69.639999,0,0,0.746032,0.746032
32.000000,31.333334,HBM_0,25.000000,69.040001,1,1,0.761905,0.746032
32.666668,31.333334,HBM_0,25.000000,68.459999,1,0,0.777778,0.746032
33.333332,31.333334,HBM_0,25.000000,67.889999,1,0,0.793651,0.746032
34.000000,31.333334,HBM_0,25.000000,67.290001,1,0,0.809524,0.746032
34.666668,31.333334,HBM_0,25.000000,66.669998,1,0,0.825397,0.746032
35.333332,31.333334,HBM_0,25.000000,66.029999,1,0,0.841270,0.746032
36.000000,31.333334,HBM_0,25.000000,65.349998,1,0,0.857143,0.746032
36.666668,31.333334,HBM_0,25.000000,64.660004,1,0,0.873016,0.746032
37.333332,31.333334,HBM_0,25.000000,63.990002,1,0,0.888889,0.746032
38.000000,31.333334,HBM_0,25.000000,63.230000,1,0,0.904762,0.746032
38.666668,31.333334,HBM_0,25.000000,62.130001,1,0,0.920635,0.746032
39.333332,31.333334,HBM_0,25.000000,61.169998,1,0,0.936508,0.746032
40.000000,31.333334,HBM_0,25.000000,60.340000,1,1,0.952381,0.746032
40.666668,31.333334,background,0.000000,59.630001,0,0,0.968254,0.746032
41.333332,31.333334,background,0.000000,59.070000,0,0,0.984127,0.746032
42.000000,31.333334,background,0.000000,58.740002,0,0,1.000000,0.746032
0.000000,32.000000,background,0.000000,55.160000,0,0,0.000000,0.761905
0.666667,32.000000,background,0.000000,55.560001,0,0,0.015873,0.761905
1.333333,32.000000,background,0.000000,56.240002,0,0,0.031746,0.761905
2.000000,32.000000,background,0.000000,57.130001,0,0,0.047619,0.761905
2.666667,32.000000,HBM_1,25.000000,58.130001,1,1,0.063492,0.761905
3.333333,32.000000,HBM_1,25.000000,59.139999,1,0,0.079365,0.761905
4.000000,32.000000,HBM_1,25.000000,60.150002,1,0,0.095238,0.761905
4.666667,32.000000,HBM_1,25.000000,61.160000,1,0,0.111111,0.761905
5.333333,32.000000,HBM_1,25.000000,61.910000,1,0,0.126984,0.761905
6.000000,32.000000,HBM_1,25.000000,62.779999,1,0,0.142857,0.761905
6.666667,32.000000,HBM_1,25.000000,63.549999,1,0,0.158730,0.761905
7.333333,32.000000,HBM_1,25.000000,64.269997,1,0,0.174603,0.761905
8.000000,32.000000,HBM_1,25.000000,64.949997,1,0,0.190476,0.761905
8.666667,32.000000,HBM_1,25.000000,65.589996,1,0,0.206349,0.761905
9.333333,32.000000,HBM_1,25.000000,66.199997,1,0,0.222222,0.761905
10.000000,32.000000,HBM_1,25.000000,66.779999,1,0,0.238095,0.761905
10.666667,32.000000,GPU_0,300.000000,67.339996,1,1,0.253968,0.761905
11.333333,32.000000,GPU_0,300.000000,67.860001,1,0,0.269841,0.761905
12.000000,32.000000,GPU_0,300.000000,68.360001,1,0,0.285714,0.761905
12.666667,32.000000,GPU_0,300.000000,68.839996,1,0,0.301587,0.761905
13.333333,32.000000,GPU_0,300.000000,69.300003,1,0,0.317460,0.761905
14.000000,32.000000,GPU_0,300.000000,69.750000,1,0,0.333333,0.761905
14.666667,32.000000,GPU_0,300.000000,70.190002,1,0,0.349206,0.761905
15.333333,32.000000,GPU_0,300.000000,70.650002,1,0,0.365079,0.761905
16.000000,32.000000,GPU_0,300.000000,71.190002,1,0,0.380952,0.761905
16.666666,32.000000,GPU_0,300.000000,71.970001,1,0,0.396825,0.761905
17.333334,32.000000,GPU_0,300.000000,73.389999,1,0,0.412698,0.761905
18.000000,32.000000,GPU_0,300.000000,74.889999,1,0,0.428571,0.761905
18.666666,32.000000,GPU_0,300.000000,75.610001,1,0,0.444444,0.761905
19.333334,32.000000,GPU_0,300.000000,75.970001,1,0,0.460317,0.761905
20.000000,32.000000,GPU_0,300.000000,76.160004,1,0,0.476190,0.761905
20.666666,32.000000,GPU_0,300.000000,76.260002,1,0,0.492063,0.761905
21.333334,32.000000,GPU_0,300.000000,76.300003,1,0,0.507937,0.761905
22.000000,32.000000,GPU_0,300.000000,76.320000,1,0,0.523810,0.761905
22.666666,32.000000,GPU_0,300.000000,76.309998,1,0,0.539683,0.761905
23.333334,32.000000,GPU_0,300.000000,76.279999,1,0,0.555556,0.761905
24.000000,32.000000,GPU_0,300.000000,76.209999,1,0,0.571429,0.761905
24.666666,32.000000,GPU_0,300.000000,76.120003,1,0,0.587302,0.761905
25.333334,32.000000,GPU_0,300.000000,75.980003,1,0,0.603175,0.761905
26.000000,32.000000,GPU_0,300.000000,75.790001,1,0,0.619048,0.761905
26.666666,32.000000,GPU_0,300.000000,75.540001,1,0,0.634921,0.761905
27.333334,32.000000,GPU_0,300.000000,75.220001,1,0,0.650794,0.761905
28.000000,32.000000,GPU_0,300.000000,74.779999,1,0,0.666667,0.761905
28.666666,32.000000,background,0.000000,74.089996,0,1,0.682540,0.761905
29.333334,32.000000,background,0.000000,72.839996,0,0,0.698413,0.761905
30.000000,32.000000,background,0.000000,70.889999,0,0,0.714286,0.761905
30.666666,32.000000,background,0.000000,69.790001,0,0,0.730159,0.761905
31.333334,32.000000,background,0.000000,69.059998,0,0,0.746032,0.761905
32.000000,32.000000,HBM_0,25.000000,68.440002,1,1,0.761905,0.761905
32.666668,32.000000,HBM_0,25.000000,67.860001,1,0,0.777778,0.761905
33.333332,32.000000,HBM_0,25.000000,67.269997,1,0,0.793651,0.761905
34.000000,32.000000,HBM_0,25.000000,66.680000,1,0,0.809524,0.761905
34.666668,32.000000,HBM_0,25.000000,66.059998,1,0,0.825397,0.761905
35.333332,32.000000,HBM_0,25.000000,65.410004,1,0,0.841270,0.761905
36.000000,32.000000,HBM_0,25.000000,64.739998,1,0,0.857143,0.761905
36.666668,32.000000,HBM_0,25.000000,64.040001,1,0,0.873016,0.761905
37.333332,32.000000,HBM_0,25.000000,63.349998,1,0,0.888889,0.761905
38.000000,32.000000,HBM_0,25.000000,62.509998,1,0,0.904762,0.761905
38.666668,32.000000,HBM_0,25.000000,61.310001,1,0,0.920635,0.761905
39.333332,32.000000,HBM_0,25.000000,60.299999,1,0,0.936508,0.761905
40.000000,32.000000,HBM_0,25.000000,59.439999,1,1,0.952381,0.761905
40.666668,32.000000,background,0.000000,58.730000,0,0,0.968254,0.761905
41.333332,32.000000,background,0.000000,58.180000,0,0,0.984127,0.761905
42.000000,32.000000,background,0.000000,57.860001,0,0,1.000000,0.761905
0.000000,32.666668,background,0.000000,54.540001,0,0,0.000000,0.777778
0.666667,32.666668,background,0.000000,54.889999,0,0,0.015873,0.777778
1.333333,32.666668,background,0.000000,55.480000,0,0,0.031746,0.777778
2.000000,32.666668,background,0.000000,56.250000,0,0,0.047619,0.777778
2.666667,32.666668,HBM_1,25.000000,57.130001,1,1,0.063492,0.777778
3.333333,32.666668,HBM_1,25.000000,58.070000,1,0,0.079365,0.777778
4.000000,32.666668,HBM_1,25.000000,59.090000,1,0,0.095238,0.777778
4.666667,32.666668,HBM_1,25.000000,60.189999,1,0,0.111111,0.777778
5.333333,32.666668,HBM_1,25.000000,61.060001,1,0,0.126984,0.777778
6.000000,32.666668,HBM_1,25.000000,61.959999,1,0,0.142857,0.777778
6.666667,32.666668,HBM_1,25.000000,62.720001,1,0,0.158730,0.777778
7.333333,32.666668,HBM_1,25.000000,63.430000,1,0,0.174603,0.777778
8.000000,32.666668,HBM_1,25.000000,64.099998,1,0,0.190476,0.777778
8.666667,32.666668,HBM_1,25.000000,64.739998,1,0,0.206349,0.777778
9.333333,32.666668,HBM_1,25.000000,65.339996,1,0,0.222222,0.777778
10.000000,32.666668,HBM_1,25.000000,65.910004,1,0,0.238095,0.777778
10.666667,32.666668,GPU_0,300.000000,66.459999,1,1,0.253968,0.777778
11.333333,32.666668,GPU_0,300.000000,66.980003,1,0,0.269841,0.777778
12.000000,32.666668,GPU_0,300.000000,67.480003,1,0,0.285714,0.777778
12.666667,32.666668,GPU_0,300.000000,67.959999,1,0,0.301587,0.777778
13.333333,32.666668,GPU_0,300.000000,68.430000,1,0,0.317460,0.777778
14.000000,32.666668,GPU_0,300.000000,68.879997,1,0,0.333333,0.777778
14.666667,32.666668,GPU_0,300.000000,69.330002,1,0,0.349206,0.777778
15.333333,32.666668,GPU_0,300.000000,69.809998,1,0,0.365079,0.777778
16.000000,32.666668,GPU_0,300.000000,70.360001,1,0,0.380952,0.777778
16.666666,32.666668,GPU_0,300.000000,71.180000,1,0,0.396825,0.777778
17.333334,32.666668,GPU_0,300.000000,72.639999,1,0,0.412698,0.777778
18.000000,32.666668,GPU_0,300.000000,74.180000,1,0,0.428571,0.777778
18.666666,32.666668,GPU_0,300.000000,74.940002,1,0,0.444444,0.777778
19.333334,32.666668,GPU_0,300.000000,75.349998,1,0,0.460317,0.777778
20.000000,32.666668,GPU_0,300.000000,75.580002,1,0,0.476190,0.777778
20.666666,32.666668,GPU_0,300.000000,75.730003,1,0,0.492063,0.777778
21.333334,32.666668,GPU_0,300.000000,75.809998,1,0,0.507937,0.777778
22.000000,32.666668,GPU_0,300.000000,75.860001,1,0,0.523810,0.777778
22.666666,32.666668,GPU_0,300.000000,75.860001,1,0,0.539683,0.777778
23.333334,32.666668,GPU_0,300.000000,75.839996,1,0,0.555556,0.777778
24.000000,32.666668,GPU_0,300.000000,75.769997,1,0,0.571429,0.777778
24.666666,32.666668,GPU_0,300.000000,75.669998,1,0,0.587302,0.777778
25.333334,32.666668,GPU_0,300.000000,75.519997,1,0,0.603175,0.777778
26.000000,32.666668,GPU_0,300.000000,75.320000,1,0,0.619048,0.777778
26.666666,32.666668,GPU_0,300.000000,75.059998,1,0,0.634921,0.777778
27.333334,32.666668,GPU_0,300.000000,74.730003,1,0,0.650794,0.777778
28.000000,32.666668,GPU_0,300.000000,74.269997,1,0,0.666667,0.777778
28.666666,32.666668,background,0.000000,73.559998,0,1,0.682540,0.777778
29.333334,32.666668,background,0.000000,72.290001,0,0,0.698413,0.777778
30.000000,32.666668,background,0.000000,70.309998,0,0,0.714286,0.777778
30.666666,32.666668,background,0.000000,69.190002,0,0,0.730159,0.777778
31.333334,32.666668,background,0.000000,68.440002,0,0,0.746032,0.777778
32.000000,32.666668,HBM_0,25.000000,67.820000,1,1,0.761905,0.777778
32.666668,32.666668,HBM_0,25.000000,67.230003,1,0,0.777778,0.777778
33.333332,32.666668,HBM_0,25.000000,66.639999,1,0,0.793651,0.777778
34.000000,32.666668,HBM_0,25.000000,66.050003,1,0,0.809524,0.777778
34.666668,32.666668,HBM_0,25.000000,65.430000,1,0,0.825397,0.777778
35.333332,32.666668,HBM_0,25.000000,64.779999,1,0,0.841270,0.777778
36.000000,32.666668,HBM_0,25.000000,64.110001,1,0,0.857143,0.777778
36.666668,32.666668,HBM_0,25.000000,63.419998,1,0,0.873016,0.777778
37.333332,32.666668,HBM_0,25.000000,62.720001,1,0,0.888889,0.777778
38.000000,32.666668,HBM_0,25.000000,61.849998,1,0,0.904762,0.777778
38.666668,32.666668,HBM_0,25.000000,60.599998,1,0,0.920635,0.777778
39.333332,32.666668,HBM_0,25.000000,59.549999,1,0,0.936508,0.777778
40.000000,32.666668,HBM_0,25.000000,58.689999,1,1,0.952381,0.777778
40.666668,32.666668,background,0.000000,57.980000,0,0,0.968254,0.777778
41.333332,32.666668,background,0.000000,57.439999,0,0,0.984127,0.777778
42.000000,32.666668,background,0.000000,57.119999,0,0,1.000000,0.777778
0.000000,33.333332,background,0.000000,53.959999,0,0,0.000000,0.793651
0.666667,33.333332,background,0.000000,54.279999,0,0,0.015873,0.793651
1.333333,33.333332,background,0.000000,54.820000,0,0,0.031746,0.793651
2.000000,33.333332,background,0.000000,55.509998,0,0,0.047619,0.793651
2.666667,33.333332,HBM_1,25.000000,56.320000,1,1,0.063492,0.793651
3.333333,33.333332,HBM_1,25.000000,57.230000,1,0,0.079365,0.793651
4.000000,33.333332,HBM_1,25.000000,58.250000,1,0,0.095238,0.793651
4.666667,33.333332,HBM_1,25.000000,59.389999,1,0,0.111111,0.793651
5.333333,33.333332,HBM_1,25.000000,60.330002,1,0,0.126984,0.793651
6.000000,33.333332,HBM_1,25.000000,61.220001,1,0,0.142857,0.793651
6.666667,33.333332,HBM_1,25.000000,61.980000,1,0,0.158730,0.793651
7.333333,33.333332,HBM_1,25.000000,62.680000,1,0,0.174603,0.793651
8.000000,33.333332,HBM_1,25.000000,63.330002,1,0,0.190476,0.793651
8.666667,33.333332,HBM_1,25.000000,63.950001,1,0,0.206349,0.793651
9.333333,33.333332,HBM_1,25.000000,64.540001,1,0,0.222222,0.793651
10.000000,33.333332,HBM_1,25.000000,65.110001,1,0,0.238095,0.793651
10.666667,33.333332,GPU_0,300.000000,65.650002,1,1,0.253968,0.793651
11.333333,33.333332,GPU_0,300.000000,66.169998,1,0,0.269841,0.793651
12.000000,33.333332,GPU_0,300.000000,66.660004,1,0,0.285714,0.793651
12.666667,33.333332,GPU_0,300.000000,67.139999,1,0,0.301587,0.793651
13.333333,33.333332,GPU_0,300.000000,67.610001,1,0,0.317460,0.793651
14.000000,33.333332,GPU_0,300.000000,68.070000,1,0,0.333333,0.793651
14.666667,33.333332,GPU_0,300.000000,68.529999,1,0,0.349206,0.793651
15.333333,33.333332,GPU_0,300.000000,69.019997,1,0,0.365079,0.793651
16.000000,33.333332,GPU_0,300.000000,69.589996,1,0,0.380952,0.793651
16.666666,33.333332,GPU_0,300.000000,70.430000,1,0,0.396825,0.793651
17.333334,33.333332,GPU_0,300.000000,71.910004,1,0,0.412698,0.793651
18.000000,33.333332,GPU_0,300.000000,73.480003,1,0,0.428571,0.793651
18.666666,33.333332,GPU_0,300.000000,74.269997,1,0,0.444444,0.793651
19.333334,33.333332,GPU_0,300.000000,74.699997,1,0,0.460317,0.793651
20.000000,33.333332,GPU_0,300.000000,74.970001,1,0,0.476190,0.793651
20.666666,33.333332,GPU_0,300.000000,75.139999,1,0,0.492063,0.793651
21.333334,33.333332,GPU_0,300.000000,75.250000,1,0,0.507937,0.793651
22.000000,33.333332,GPU_0,300.000000,75.309998,1,0,0.523810,0.793651
22.666666,33.333332,GPU_0,300.000000,75.330002,1,0,0.539683,0.793651
23.333334,33.333332,GPU_0,300.000000,75.309998,1,0,0.555556,0.793651
24.000000,33.333332,GPU_0,300.000000,75.239998,1,0,0.571429,0.793651
24.666666,33.333332,GPU_0,300.000000,75.139999,1,0,0.587302,0.793651
25.333334,33.333332,GPU_0,300.000000,74.980003,1,0,0.603175,0.793651
26.000000,33.333332,GPU_0,300.000000,74.779999,1,0,0.619048,0.793651
26.666666,33.333332,GPU_0,300.000000,74.510002,1,0,0.634921,0.793651
27.333334,33.333332,GPU_0,300.000000,74.169998,1,0,0.650794,0.793651
28.000000,33.333332,GPU_0,300.000000,73.699997,1,0,0.666667,0.793651
28.666666,33.333332,background,0.000000,72.980003,0,1,0.682540,0.793651
29.333334,33.333332,background,0.000000,71.690002,0,0,0.698413,0.793651
30.000000,33.333332,background,0.000000,69.699997,0,0,0.714286,0.793651
30.666666,33.333332,background,0.000000,68.570000,0,0,0.730159,0.793651
31.333334,33.333332,background,0.000000,67.820000,0,0,0.746032,0.793651
32.000000,33.333332,HBM_0,25.000000,67.190002,1,1,0.761905,0.793651
32.666668,33.333332,HBM_0,25.000000,66.599998,1,0,0.777778,0.793651
33.333332,33.333332,HBM_0,25.000000,66.010002,1,0,0.793651,0.793651
34.000000,33.333332,HBM_0,25.000000,65.410004,1,0,0.809524,0.793651
34.666668,33.333332,HBM_0,25.000000,64.800003,1,0,0.825397,0.793651
35.333332,33.333332,HBM_0,25.000000,64.160004,1,0,0.841270,0.793651
36.000000,33.333332,HBM_0,25.000000,63.490002,1,0,0.857143,0.793651
36.666668,33.333332,HBM_0,25.000000,62.799999,1,0,0.873016,0.793651
37.333332,33.333332,HBM_0,25.000000,62.110001,1,0,0.888889,0.793651
38.000000,33.333332,HBM_0,25.000000,61.220001,1,0,0.904762,0.793651
38.666668,33.333332,HBM_0,25.000000,59.959999,1,0,0.920635,0.793651
39.333332,33.333332,HBM_0,25.000000,58.900002,1,0,0.936508,0.793651
40.000000,33.333332,HBM_0,25.000000,58.029999,1,1,0.952381,0.793651
40.666668,33.333332,background,0.000000,57.320000,0,0,0.968254,0.793651
41.333332,33.333332,background,0.000000,56.799999,0,0,0.984127,0.793651
42.000000,33.333332,background,0.000000,56.490002,0,0,1.000000,0.793651
0.000000,34.000000,background,0.000000,53.419998,0,0,0.000000,0.809524
0.666667,34.000000,background,0.000000,53.720001,0,0,0.015873,0.809524
1.333333,34.000000,background,0.000000,54.220001,0,0,0.031746,0.809524
2.000000,34.000000,background,0.000000,54.869999,0,0,0.047619,0.809524
2.666667,34.000000,HBM_1,25.000000,55.639999,1,1,0.063492,0.809524
3.333333,34.000000,HBM_1,25.000000,56.520000,1,0,0.079365,0.809524
4.000000,34.000000,HBM_1,25.000000,57.520000,1,0,0.095238,0.809524
4.666667,34.000000,HBM_1,25.000000,58.680000,1,0,0.111111,0.809524
5.333333,34.000000,HBM_1,25.000000,59.639999,1,0,0.126984,0.809524
6.000000,34.000000,HBM_1,25.000000,60.529999,1,0,0.142857,0.809524
6.666667,34.000000,HBM_1,25.000000,61.270000,1,0,0.158730,0.809524
7.333333,34.000000,HBM_1,25.000000,61.950001,1,0,0.174603,0.809524
8.000000,34.000000,HBM_1,25.000000,62.590000,1,0,0.190476,0.809524
8.666667,34.000000,HBM_1,25.000000,63.200001,1,0,0.206349,0.809524
9.333333,34.000000,HBM_1,25.000000,63.779999,1,0,0.222222,0.809524
10.000000,34.000000,HBM_1,25.000000,64.330002,1,0,0.238095,0.809524
10.666667,34.000000,GPU_0,300.000000,64.860001,1,1,0.253968,0.809524
11.333333,34.000000,GPU_0,300.000000,65.379997,1,0,0.269841,0.809524
12.000000,34.000000,GPU_0,300.000000,65.870003,1,0,0.285714,0.809524
12.666667,34.000000,GPU_0,300.000000,66.349998,1,0,0.301587,0.809524
13.333333,34.000000,GPU_0,300.000000,66.820000,1,0,0.317460,0.809524
14.000000,34.000000,GPU_0,300.000000,67.279999,1,0,0.333333,0.809524
14.666667,34.000000,GPU_0,300.000000,67.750000,1,0,0.349206,0.809524
15.333333,34.000000,GPU_0,300.000000,68.239998,1,0,0.365079,0.809524
16.000000,34.000000,GPU_0,300.000000,68.830002,1,0,0.380952,0.809524
16.666666,34.000000,GPU_0,300.000000,69.680000,1,0,0.396825,0.809524
17.333334,34.000000,GPU_0,300.000000,71.180000,1,0,0.412698,0.809524
18.000000,34.000000,GPU_0,300.000000,72.769997,1,0,0.428571,0.809524
18.666666,34.000000,GPU_0,300.000000,73.580002,1,0,0.444444,0.809524
19.333334,34.000000,GPU_0,300.000000,74.029999,1,0,0.460317,0.809524
20.000000,34.000000,GPU_0,300.000000,74.309998,1,0,0.476190,0.809524
20.666666,34.000000,GPU_0,300.000000,74.510002,1,0,0.492063,0.809524
21.333334,34.000000,GPU_0,300.000000,74.639999,1,0,0.507937,0.809524
22.000000,34.000000,GPU_0,300.000000,74.709999,1,0,0.523810,0.809524
22.666666,34.000000,GPU_0,300.000000,74.739998,1,0,0.539683,0.809524
23.333334,34.000000,GPU_0,300.000000,74.720001,1,0,0.555556,0.809524
24.000000,34.000000,GPU_0,300.000000,74.660004,1,0,0.571429,0.809524
24.666666,34.000000,GPU_0,300.000000,74.550003,1,0,0.587302,0.809524
25.333334,34.000000,GPU_0,300.000000,74.389999,1,0,0.603175,0.809524
26.000000,34.000000,GPU_0,300.000000,74.180000,1,0,0.619048,0.809524
26.666666,34.000000,GPU_0,300.000000,73.910004,1,0,0.634921,0.809524
27.333334,34.000000,GPU_0,300.000000,73.559998,1,0,0.650794,0.809524
28.000000,34.000000,GPU_0,300.000000,73.089996,1,0,0.666667,0.809524
28.666666,34.000000,background,0.000000,72.360001,0,1,0.682540,0.809524
29.333334,34.000000,background,0.000000,71.070000,0,0,0.698413,0.809524
30.000000,34.000000,background,0.000000,69.070000,0,0,0.714286,0.809524
30.666666,34.000000,background,0.000000,67.940002,0,0,0.730159,0.809524
31.333334,34.000000,background,0.000000,67.180000,0,0,0.746032,0.809524
32.000000,34.000000,HBM_0,25.000000,66.540001,1,1,0.761905,0.809524
32.666668,34.000000,HBM_0,25.000000,65.949997,1,0,0.777778,0.809524
33.333332,34.000000,HBM_0,25.000000,65.370003,1,0,0.793651,0.809524
34.000000,34.000000,HBM_0,25.000000,64.769997,1,0,0.809524,0.809524
34.666668,34.000000,HBM_0,25.000000,64.160004,1,0,0.825397,0.809524
35.333332,34.000000,HBM_0,25.000000,63.529999,1,0,0.841270,0.809524
36.000000,34.000000,HBM_0,25.000000,62.869999,1,0,0.857143,0.809524
36.666668,34.000000,HBM_0,25.000000,62.200001,1,0,0.873016,0.809524
37.333332,34.000000,HBM_0,25.000000,61.500000,1,0,0.888889,0.809524
38.000000,34.000000,HBM_0,25.000000,60.619999,1,0,0.904762,0.809524
38.666668,34.000000,HBM_0,25.000000,59.349998,1,0,0.920635,0.809524
39.333332,34.000000,HBM_0,25.000000,58.290001,1,0,0.936508,0.809524
40.000000,34.000000,HBM_0,25.000000,57.430000,1,1,0.952381,0.809524
40.666668,34.000000,background,0.000000,56.730000,0,0,0.968254,0.809524
41.333332,34.000000,background,0.000000,56.209999,0,0,0.984127,0.809524
42.000000,34.000000,background,0.000000,55.910000,0,0,1.000000,0.809524
0.000000,34.666668,background,0.000000,52.919998,0,0,0.000000,0.825397
0.666667,34.666668,background,0.000000,53.200001,0,0,0.015873,0.825397
1.333333,34.666668,background,0.000000,53.669998,0,0,0.031746,0.825397
2.000000,34.666668,background,0.000000,54.290001,0,0,0.047619,0.825397
2.666667,34.666668,HBM_1,25.000000,55.020000,1,1,0.063492,0.825397
3.333333,34.666668,HBM_1,25.000000,55.869999,1,0,0.079365,0.825397
4.000000,34.666668,HBM_1,25.000000,56.869999,1,0,0.095238,0.825397
4.666667,34.666668,HBM_1,25.000000,58.020000,1,0,0.111111,0.825397
5.333333,34.666668,HBM_1,25.000000,58.980000,1,0,0.126984,0.825397
6.000000,34.666668,HBM_1,25.000000,59.860001,1,0,0.142857,0.825397
6.666667,34.666668,HBM_1,25.000000,60.580002,1,0,0.158730,0.825397
7.333333,34.666668,HBM_1,25.000000,61.250000,1,0,0.174603,0.825397
8.000000,34.666668,HBM_1,25.000000,61.869999,1,0,0.190476,0.825397
8.666667,34.666668,HBM_1,25.000000,62.459999,1,0,0.206349,0.825397
9.333333,34.666668,HBM_1,25.000000,63.029999,1,0,0.222222,0.825397
10.000000,34.666668,HBM_1,25.000000,63.570000,1,0,0.238095,0.825397
10.666667,34.666668,GPU_0,300.000000,64.089996,1,1,0.253968,0.825397
11.333333,34.666668,GPU_0,300.000000,64.599998,1,0,0.269841,0.825397
12.000000,34.666668,GPU_0,300.000000,65.080002,1,0,0.285714,0.825397
12.666667,34.666668,GPU_0,300.000000,65.559998,1,0,0.301587,0.825397
13.333333,34.666668,GPU_0,300.000000,66.029999,1,0,0.317460,0.825397
14.000000,34.666668,GPU_0,300.000000,66.489998,1,0,0.333333,0.825397
14.666667,34.666668,GPU_0,300.000000,66.959999,1,0,0.349206,0.825397
15.333333,34.666668,GPU_0,300.000000,67.459999,1,0,0.365079,0.825397
16.000000,34.666668,GPU_0,300.000000,68.059998,1,0,0.380952,0.825397
16.666666,34.666668,GPU_0,300.000000,68.919998,1,0,0.396825,0.825397
17.333334,34.666668,GPU_0,300.000000,70.440002,1,0,0.412698,0.825397
18.000000,34.666668,GPU_0,300.000000,72.040001,1,0,0.428571,0.825397
18.666666,34.666668,GPU_0,300.000000,72.860001,1,0,0.444444,0.825397
19.333334,34.666668,GPU_0,300.000000,73.330002,1,0,0.460317,0.825397
20.000000,34.666668,GPU_0,300.000000,73.629997,1,0,0.476190,0.825397
20.666666,34.666668,GPU_0,300.000000,73.839996,1,0,0.492063,0.825397
21.333334,34.666668,GPU_0,300.000000,73.980003,1,0,0.507937,0.825397
22.000000,34.666668,GPU_0,300.000000,74.059998,1,0,0.523810,0.825397
22.666666,34.666668,GPU_0,300.000000,74.099998,1,0,0.539683,0.825397
23.333334,34.666668,GPU_0,300.000000,74.080002,1,0,0.555556,0.825397
24.000000,34.666668,GPU_0,300.000000,74.029999,1,0,0.571429,0.825397
24.666666,34.666668,GPU_0,300.000000,73.919998,1,0,0.587302,0.825397
25.333334,34.666668,GPU_0,300.000000,73.760002,1,0,0.603175,0.825397
26.000000,34.666668,GPU_0,300.000000,73.550003,1,0,0.619048,0.825397
26.666666,34.666668,GPU_0,300.000000,73.279999,1,0,0.634921,0.825397
27.333334,34.666668,GPU_0,300.000000,72.919998,1,0,0.650794,0.825397
28.000000,34.666668,GPU_0,300.000000,72.440002,1,0,0.666667,0.825397
28.666666,34.666668,background,0.000000,71.709999,0,1,0.682540,0.825397
29.333334,34.666668,background,0.000000,70.419998,0,0,0.698413,0.825397
30.000000,34.666668,background,0.000000,68.419998,0,0,0.714286,0.825397
30.666666,34.666668,background,0.000000,67.279999,0,0,0.730159,0.825397
31.333334,34.666668,background,0.000000,66.519997,0,0,0.746032,0.825397
32.000000,34.666668,HBM_0,25.000000,65.889999,1,1,0.761905,0.825397
32.666668,34.666668,HBM_0,25.000000,65.300003,1,0,0.777778,0.825397
33.333332,34.666668,HBM_0,25.000000,64.720001,1,0,0.793651,0.825397
34.000000,34.666668,HBM_0,25.000000,64.129997,1,0,0.809524,0.825397
34.666668,34.666668,HBM_0,25.000000,63.529999,1,0,0.825397,0.825397
35.333332,34.666668,HBM_0,25.000000,62.910000,1,0,0.841270,0.825397
36.000000,34.666668,HBM_0,25.000000,62.259998,1,0,0.857143,0.825397
36.666668,34.666668,HBM_0,25.000000,61.590000,1,0,0.873016,0.825397
37.333332,34.666668,HBM_0,25.000000,60.910000,1,0,0.888889,0.825397
38.000000,34.666668,HBM_0,25.000000,60.020000,1,0,0.904762,0.825397
38.666668,34.666668,HBM_0,25.000000,58.759998,1,0,0.920635,0.825397
39.333332,34.666668,HBM_0,25.000000,57.709999,1,0,0.936508,0.825397
40.000000,34.666668,HBM_0,25.000000,56.860001,1,1,0.952381,0.825397
40.666668,34.666668,background,0.000000,56.180000,0,0,0.968254,0.825397
41.333332,34.666668,background,0.000000,55.680000,0,0,0.984127,0.825397
42.000000,34.666668,background,0.000000,55.380001,0,0,1.000000,0.825397
0.000000,35.333332,background,0.000000,52.439999,0,0,0.000000,0.841270
0.666667,35.333332,background,0.000000,52.709999,0,0,0.015873,0.841270
1.333333,35.333332,background,0.000000,53.160000,0,0,0.031746,0.841270
2.000000,35.333332,background,0.000000,53.750000,0,0,0.047619,0.841270
2.666667,35.333332,HBM_1,25.000000,54.450001,1,1,0.063492,0.841270
3.333333,35.333332,HBM_1,25.000000,55.270000,1,0,0.079365,0.841270
4.000000,35.333332,HBM_1,25.000000,56.240002,1,0,0.095238,0.841270
4.666667,35.333332,HBM_1,25.000000,57.380001,1,0,0.111111,0.841270
5.333333,35.333332,HBM_1,25.000000,58.340000,1,0,0.126984,0.841270
6.000000,35.333332,HBM_1,25.000000,59.200001,1,0,0.142857,0.841270
6.666667,35.333332,HBM_1,25.000000,59.900002,1,0,0.158730,0.841270
7.333333,35.333332,HBM_1,25.000000,60.540001,1,0,0.174603,0.841270
8.000000,35.333332,HBM_1,25.000000,61.150002,1,0,0.190476,0.841270
8.666667,35.333332,HBM_1,25.000000,61.720001,1,0,0.206349,0.841270
9.333333,35.333332,HBM_1,25.000000,62.270000,1,0,0.222222,0.841270
10.000000,35.333332,HBM_1,25.000000,62.799999,1,0,0.238095,0.841270
10.666667,35.333332,GPU_0,300.000000,63.320000,1,1,0.253968,0.841270
11.333333,35.333332,GPU_0,300.000000,63.810001,1,0,0.269841,0.841270
12.000000,35.333332,GPU_0,300.000000,64.290001,1,0,0.285714,0.841270
12.666667,35.333332,GPU_0,300.000000,64.769997,1,0,0.301587,0.841270
13.333333,35.333332,GPU_0,300.000000,65.230003,1,0,0.317460,0.841270
14.000000,35.333332,GPU_0,300.000000,65.690002,1,0,0.333333,0.841270
14.666667,35.333332,GPU_0,300.000000,66.169998,1,0,0.349206,0.841270
15.333333,35.333332,GPU_0,300.000000,66.669998,1,0,0.365079,0.841270
16.000000,35.333332,GPU_0,300.000000,67.269997,1,0,0.380952,0.841270
16.666666,35.333332,GPU_0,300.000000,68.150002,1,0,0.396825,0.841270
17.333334,35.333332,GPU_0,300.000000,69.669998,1,0,0.412698,0.841270
18.000000,35.333332,GPU_0,300.000000,71.279999,1,0,0.428571,0.841270
18.666666,35.333332,GPU_0,300.000000,72.120003,1,0,0.444444,0.841270
19.333334,35.333332,GPU_0,300.000000,72.599998,1,0,0.460317,0.841270
20.000000,35.333332,GPU_0,300.000000,72.910004,1,0,0.476190,0.841270
20.666666,35.333332,GPU_0,300.000000,73.129997,1,0,0.492063,0.841270
21.333334,35.333332,GPU_0,300.000000,73.279999,1,0,0.507937,0.841270
22.000000,35.333332,GPU_0,300.000000,73.370003,1,0,0.523810,0.841270
22.666666,35.333332,GPU_0,300.000000,73.419998,1,0,0.539683,0.841270
23.333334,35.333332,GPU_0,300.000000,73.410004,1,0,0.555556,0.841270
24.000000,35.333332,GPU_0,300.000000,73.349998,1,0,0.571429,0.841270
24.666666,35.333332,GPU_0,300.000000,73.250000,1,0,0.587302,0.841270
25.333334,35.333332,GPU_0,300.000000,73.089996,1,0,0.603175,0.841270
26.000000,35.333332,GPU_0,300.000000,72.879997,1,0,0.619048,0.841270
26.666666,35.333332,GPU_0,300.000000,72.610001,1,0,0.634921,0.841270
27.333334,35.333332,GPU_0,300.000000,72.250000,1,0,0.650794,0.841270
28.000000,35.333332,GPU_0,300.000000,71.769997,1,0,0.666667,0.841270
28.666666,35.333332,background,0.000000,71.040001,0,1,0.682540,0.841270
29.333334,35.333332,background,0.000000,69.739998,0,0,0.698413,0.841270
30.000000,35.333332,background,0.000000,67.750000,0,0,0.714286,0.841270
30.666666,35.333332,background,0.000000,66.610001,0,0,0.730159,0.841270
31.333334,35.333332,background,0.000000,65.849998,0,0,0.746032,0.841270
32.000000,35.333332,HBM_0,25.000000,65.220001,1,1,0.761905,0.841270
32.666668,35.333332,HBM_0,25.000000,64.639999,1,0,0.777778,0.841270
33.333332,35.333332,HBM_0,25.000000,64.059998,1,0,0.793651,0.841270
34.000000,35.333332,HBM_0,25.000000,63.480000,1,0,0.809524,0.841270
34.666668,35.333332,HBM_0,25.000000,62.889999,1,0,0.825397,0.841270
35.333332,35.333332,HBM_0,25.000000,62.279999,1,0,0.841270,0.841270
36.000000,35.333332,HBM_0,25.000000,61.639999,1,0,0.857143,0.841270
36.666668,35.333332,HBM_0,25.000000,60.990002,1,0,0.873016,0.841270
37.333332,35.333332,HBM_0,25.000000,60.320000,1,0,0.888889,0.841270
38.000000,35.333332,HBM_0,25.000000,59.439999,1,0,0.904762,0.841270
38.666668,35.333332,HBM_0,25.000000,58.189999,1,0,0.920635,0.841270
39.333332,35.333332,HBM_0,25.000000,57.160000,1,0,0.936508,0.841270
40.000000,35.333332,HBM_0,25.000000,56.320000,1,1,0.952381,0.841270
40.666668,35.333332,background,0.000000,55.660000,0,0,0.968254,0.841270
41.333332,35.333332,background,0.000000,55.169998,0,0,0.984127,0.841270
42.000000,35.333332,background,0.000000,54.880001,0,0,1.000000,0.841270
0.000000,36.000000,background,0.000000,51.980000,0,0,0.000000,0.857143
0.666667,36.000000,background,0.000000,52.230000,0,0,0.015873,0.857143
1.333333,36.000000,background,0.000000,52.660000,0,0,0.031746,0.857143
2.000000,36.000000,background,0.000000,53.230000,0,0,0.047619,0.857143
2.666667,36.000000,HBM_1,25.000000,53.900002,1,1,0.063492,0.857143
3.333333,36.000000,HBM_1,25.000000,54.689999,1,0,0.079365,0.857143
4.000000,36.000000,HBM_1,25.000000,55.639999,1,0,0.095238,0.857143
4.666667,36.000000,HBM_1,25.000000,56.759998,1,0,0.111111,0.857143
5.333333,36.000000,HBM_1,25.000000,57.700001,1,0,0.126984,0.857143
6.000000,36.000000,HBM_1,25.000000,58.540001,1,0,0.142857,0.857143
6.666667,36.000000,HBM_1,25.000000,59.220001,1,0,0.158730,0.857143
7.333333,36.000000,HBM_1,25.000000,59.840000,1,0,0.174603,0.857143
8.000000,36.000000,HBM_1,25.000000,60.419998,1,0,0.190476,0.857143
8.666667,36.000000,HBM_1,25.000000,60.980000,1,0,0.206349,0.857143
9.333333,36.000000,HBM_1,25.000000,61.520000,1,0,0.222222,0.857143
10.000000,36.000000,HBM_1,25.000000,62.029999,1,0,0.238095,0.857143
10.666667,36.000000,GPU_0,300.000000,62.529999,1,1,0.253968,0.857143
11.333333,36.000000,GPU_0,300.000000,63.020000,1,0,0.269841,0.857143
12.000000,36.000000,GPU_0,300.000000,63.490002,1,0,0.285714,0.857143
12.666667,36.000000,GPU_0,300.000000,63.959999,1,0,0.301587,0.857143
13.333333,36.000000,GPU_0,300.000000,64.419998,1,0,0.317460,0.857143
14.000000,36.000000,GPU_0,300.000000,64.879997,1,0,0.333333,0.857143
14.666667,36.000000,GPU_0,300.000000,65.349998,1,0,0.349206,0.857143
15.333333,36.000000,GPU_0,300.000000,65.860001,1,0,0.365079,0.857143
16.000000,36.000000,GPU_0,300.000000,66.470001,1,0,0.380952,0.857143
16.666666,36.000000,GPU_0,300.000000,67.349998,1,0,0.396825,0.857143
17.333334,36.000000,GPU_0,300.000000,68.889999,1,0,0.412698,0.857143
18.000000,36.000000,GPU_0,300.000000,70.510002,1,0,0.428571,0.857143
18.666666,36.000000,GPU_0,300.000000,71.360001,1,0,0.444444,0.857143
19.333334,36.000000,GPU_0,300.000000,71.839996,1,0,0.460317,0.857143
20.000000,36.000000,GPU_0,300.000000,72.169998,1,0,0.476190,0.857143
20.666666,36.000000,GPU_0,300.000000,72.389999,1,0,0.492063,0.857143
21.333334,36.000000,GPU_0,300.000000,72.550003,1,0,0.507937,0.857143
22.000000,36.000000,GPU_0,300.000000,72.650002,1,0,0.523810,0.857143
22.666666,36.000000,GPU_0,300.000000,72.699997,1,0,0.539683,0.857143
23.333334,36.000000,GPU_0,300.000000,72.690002,1,0,0.555556,0.857143
24.000000,36.000000,GPU_0,300.000000,72.639999,1,0,0.571429,0.857143
24.666666,36.000000,GPU_0,300.000000,72.540001,1,0,0.587302,0.857143
25.333334,36.000000,GPU_0,300.000000,72.379997,1,0,0.603175,0.857143
26.000000,36.000000,GPU_0,300.000000,72.169998,1,0,0.619048,0.857143
26.666666,36.000000,GPU_0,300.000000,71.900002,1,0,0.634921,0.857143
27.333334,36.000000,GPU_0,300.000000,71.550003,1,0,0.650794,0.857143
28.000000,36.000000,GPU_0,300.000000,71.070000,1,0,0.666667,0.857143
28.666666,36.000000,background,0.000000,70.339996,0,1,0.682540,0.857143
29.333334,36.000000,background,0.000000,69.040001,0,0,0.698413,0.857143
30.000000,36.000000,background,0.000000,67.050003,0,0,0.714286,0.857143
30.666666,36.000000,background,0.000000,65.919998,0,0,0.730159,0.857143
31.333334,36.000000,background,0.000000,65.160004,0,0,0.746032,0.857143
32.000000,36.000000,HBM_0,25.000000,64.540001,1,1,0.761905,0.857143
32.666668,36.000000,HBM_0,25.000000,63.970001,1,0,0.777778,0.857143
33.333332,36.000000,HBM_0,25.000000,63.400002,1,0,0.793651,0.857143
34.000000,36.000000,HBM_0,25.000000,62.830002,1,0,0.809524,0.857143
34.666668,36.000000,HBM_0,25.000000,62.250000,1,0,0.825397,0.857143
35.333332,36.000000,HBM_0,25.000000,61.650002,1,0,0.841270,0.857143
36.000000,36.000000,HBM_0,25.000000,61.029999,1,0,0.857143,0.857143
36.666668,36.000000,HBM_0,25.000000,60.389999,1,0,0.873016,0.857143
37.333332,36.000000,HBM_0,25.000000,59.730000,1,0,0.888889,0.857143
38.000000,36.000000,HBM_0,25.000000,58.860001,1,0,0.904762,0.857143
38.666668,36.000000,HBM_0,25.000000,57.630001,1,0,0.920635,0.857143
39.333332,36.000000,HBM_0,25.000000,56.619999,1,0,0.936508,0.857143
40.000000,36.000000,HBM_0,25.000000,55.799999,1,1,0.952381,0.857143
40.666668,36.000000,background,0.000000,55.150002,0,0,0.968254,0.857143
41.333332,36.000000,background,0.000000,54.669998,0,0,0.984127,0.857143
42.000000,36.000000,background,0.000000,54.400002,0,0,1.000000,0.857143
0.000000,36.666668,background,0.000000,51.540001,0,0,0.000000,0.873016
0.666667,36.666668,background,0.000000,51.779999,0,0,0.015873,0.873016
1.333333,36.666668,background,0.000000,52.189999,0,0,0.031746,0.873016
2.000000,36.666668,background,0.000000,52.720001,0,0,0.047619,0.873016
2.666667,36.666668,HBM_1,25.000000,53.360001,1,1,0.063492,0.873016
3.333333,36.666668,HBM_1,25.000000,54.119999,1,0,0.079365,0.873016
4.000000,36.666668,HBM_1,25.000000,55.029999,1,0,0.095238,0.873016
4.666667,36.666668,HBM_1,25.000000,56.119999,1,0,0.111111,0.873016
5.333333,36.666668,HBM_1,25.000000,57.049999,1,0,0.126984,0.873016
6.000000,36.666668,HBM_1,25.000000,57.869999,1,0,0.142857,0.873016
6.666667,36.666668,HBM_1,25.000000,58.529999,1,0,0.158730,0.873016
7.333333,36.666668,HBM_1,25.000000,59.130001,1,0,0.174603,0.873016
8.000000,36.666668,HBM_1,25.000000,59.689999,1,0,0.190476,0.873016
8.666667,36.666668,HBM_1,25.000000,60.230000,1,0,0.206349,0.873016
9.333333,36.666668,HBM_1,25.000000,60.740002,1,0,0.222222,0.873016
10.000000,36.666668,HBM_1,25.000000,61.240002,1,0,0.238095,0.873016
10.666667,36.666668,GPU_0,300.000000,61.730000,1,1,0.253968,0.873016
11.333333,36.666668,GPU_0,300.000000,62.209999,1,0,0.269841,0.873016
12.000000,36.666668,GPU_0,300.000000,62.669998,1,0,0.285714,0.873016
12.666667,36.666668,GPU_0,300.000000,63.130001,1,0,0.301587,0.873016
13.333333,36.666668,GPU_0,300.000000,63.590000,1,0,0.317460,0.873016
14.000000,36.666668,GPU_0,300.000000,64.050003,1,0,0.333333,0.873016
14.666667,36.666668,GPU_0,300.000000,64.519997,1,0,0.349206,0.873016
15.333333,36.666668,GPU_0,300.000000,65.029999,1,0,0.365079,0.873016
16.000000,36.666668,GPU_0,300.000000,65.639999,1,0,0.380952,0.873016
16.666666,36.666668,GPU_0,300.000000,66.529999,1,0,0.396825,0.873016
17.333334,36.666668,GPU_0,300.000000,68.080002,1,0,0.412698,0.873016
18.000000,36.666668,GPU_0,300.000000,69.709999,1,0,0.428571,0.873016
18.666666,36.666668,GPU_0,300.000000,70.559998,1,0,0.444444,0.873016
19.333334,36.666668,GPU_0,300.000000,71.059998,1,0,0.460317,0.873016
20.000000,36.666668,GPU_0,300.000000,71.389999,1,0,0.476190,0.873016
20.666666,36.666668,GPU_0,300.000000,71.620003,1,0,0.492063,0.873016
21.333334,36.666668,GPU_0,300.000000,71.779999,1,0,0.507937,0.873016
22.000000,36.666668,GPU_0,300.000000,71.889999,1,0,0.523810,0.873016
22.666666,36.666668,GPU_0,300.000000,71.940002,1,0,0.539683,0.873016
23.333334,36.666668,GPU_0,300.000000,71.940002,1,0,0.555556,0.873016
24.000000,36.666668,GPU_0,300.000000,71.889999,1,0,0.571429,0.873016
24.666666,36.666668,GPU_0,300.000000,71.790001,1,0,0.587302,0.873016
25.333334,36.666668,GPU_0,300.000000,71.639999,1,0,0.603175,0.873016
26.000000,36.666668,GPU_0,300.000000,71.430000,1,0,0.619048,0.873016
26.666666,36.666668,GPU_0,300.000000,71.160004,1,0,0.634921,0.873016
27.333334,36.666668,GPU_0,300.000000,70.809998,1,0,0.650794,0.873016
28.000000,36.666668,GPU_0,300.000000,70.339996,1,0,0.666667,0.873016
28.666666,36.666668,background,0.000000,69.610001,0,1,0.682540,0.873016
29.333334,36.666668,background,0.000000,68.320000,0,0,0.698413,0.873016
30.000000,36.666668,background,0.000000,66.330002,0,0,0.714286,0.873016
30.666666,36.666668,background,0.000000,65.209999,0,0,0.730159,0.873016
31.333334,36.666668,background,0.000000,64.459999,0,0,0.746032,0.873016
32.000000,36.666668,HBM_0,25.000000,63.849998,1,1,0.761905,0.873016
32.666668,36.666668,HBM_0,25.000000,63.279999,1,0,0.777778,0.873016
33.333332,36.666668,HBM_0,25.000000,62.730000,1,0,0.793651,0.873016
34.000000,36.666668,HBM_0,25.000000,62.169998,1,0,0.809524,0.873016
34.666668,36.666668,HBM_0,25.000000,61.599998,1,0,0.825397,0.873016
35.333332,36.666668,HBM_0,25.000000,61.009998,1,0,0.841270,0.873016
36.000000,36.666668,HBM_0,25.000000,60.410000,1,0,0.857143,0.873016
36.666668,36.666668,HBM_0,25.000000,59.779999,1,0,0.873016,0.873016
37.333332,36.666668,HBM_0,25.000000,59.139999,1,0,0.888889,0.873016
38.000000,36.666668,HBM_0,25.000000,58.290001,1,0,0.904762,0.873016
38.666668,36.666668,HBM_0,25.000000,57.080002,1,0,0.920635,0.873016
39.333332,36.666668,HBM_0,25.000000,56.080002,1,0,0.936508,0.873016
40.000000,36.666668,HBM_0,25.000000,55.290001,1,1,0.952381,0.873016
40.666668,36.666668,background,0.000000,54.660000,0,0,0.968254,0.873016
41.333332,36.666668,background,0.000000,54.189999,0,0,0.984127,0.873016
42.000000,36.666668,background,0.000000,53.930000,0,0,1.000000,0.873016
0.000000,37.333332,background,0.000000,51.110001,0,0,0.000000,0.888889
0.666667,37.333332,background,0.000000,51.340000,0,0,0.015873,0.888889
1.333333,37.333332,background,0.000000,51.720001,0,0,0.031746,0.888889
2.000000,37.333332,background,0.000000,52.230000,0,0,0.047619,0.888889
2.666667,37.333332,HBM_1,25.000000,52.840000,1,1,0.063492,0.888889
3.333333,37.333332,HBM_1,25.000000,53.549999,1,0,0.079365,0.888889
4.000000,37.333332,HBM_1,25.000000,54.410000,1,0,0.095238,0.888889
4.666667,37.333332,HBM_1,25.000000,55.459999,1,0,0.111111,0.888889
5.333333,37.333332,HBM_1,25.000000,56.389999,1,0,0.126984,0.888889
6.000000,37.333332,HBM_1,25.000000,57.180000,1,0,0.142857,0.888889
6.666667,37.333332,HBM_1,25.000000,57.820000,1,0,0.158730,0.888889
7.333333,37.333332,HBM_1,25.000000,58.389999,1,0,0.174603,0.888889
8.000000,37.333332,HBM_1,25.000000,58.930000,1,0,0.190476,0.888889
8.666667,37.333332,HBM_1,25.000000,59.450001,1,0,0.206349,0.888889
9.333333,37.333332,HBM_1,25.000000,59.950001,1,0,0.222222,0.888889
10.000000,37.333332,HBM_1,25.000000,60.439999,1,0,0.238095,0.888889
10.666667,37.333332,GPU_0,300.000000,60.910000,1,1,0.253968,0.888889
11.333333,37.333332,GPU_0,300.000000,61.369999,1,0,0.269841,0.888889
12.000000,37.333332,GPU_0,300.000000,61.830002,1,0,0.285714,0.888889
12.666667,37.333332,GPU_0,300.000000,62.279999,1,0,0.301587,0.888889
13.333333,37.333332,GPU_0,300.000000,62.730000,1,0,0.317460,0.888889
14.000000,37.333332,GPU_0,300.000000,63.189999,1,0,0.333333,0.888889
14.666667,37.333332,GPU_0,300.000000,63.660000,1,0,0.349206,0.888889
15.333333,37.333332,GPU_0,300.000000,64.180000,1,0,0.365079,0.888889
16.000000,37.333332,GPU_0,300.000000,64.800003,1,0,0.380952,0.888889
16.666666,37.333332,GPU_0,300.000000,65.709999,1,0,0.396825,0.888889
17.333334,37.333332,GPU_0,300.000000,67.260002,1,0,0.412698,0.888889
18.000000,37.333332,GPU_0,300.000000,68.889999,1,0,0.428571,0.888889
18.666666,37.333332,GPU_0,300.000000,69.739998,1,0,0.444444,0.888889
19.333334,37.333332,GPU_0,300.000000,70.239998,1,0,0.460317,0.888889
20.000000,37.333332,GPU_0,300.000000,70.580002,1,0,0.476190,0.888889
20.666666,37.333332,GPU_0,300.000000,70.809998,1,0,0.492063,0.888889
21.333334,37.333332,GPU_0,300.000000,70.980003,1,0,0.507937,0.888889
22.000000,37.333332,GPU_0,300.000000,71.089996,1,0,0.523810,0.888889
22.666666,37.333332,GPU_0,300.000000,71.150002,1,0,0.539683,0.888889
23.333334,37.333332,GPU_0,300.000000,71.150002,1,0,0.555556,0.888889
24.000000,37.333332,GPU_0,300.000000,71.099998,1,0,0.571429,0.888889
24.666666,37.333332,GPU_0,300.000000,71.010002,1,0,0.587302,0.888889
25.333334,37.333332,GPU_0,300.000000,70.860001,1,0,0.603175,0.888889
26.000000,37.333332,GPU_0,300.000000,70.660004,1,0,0.619048,0.888889
26.666666,37.333332,GPU_0,300.000000,70.389999,1,0,0.634921,0.888889
27.333334,37.333332,GPU_0,300.000000,70.050003,1,0,0.650794,0.888889
28.000000,37.333332,GPU_0,300.000000,69.580002,1,0,0.666667,0.888889
28.666666,37.333332,background,0.000000,68.860001,0,1,0.682540,0.888889
29.333334,37.333332,background,0.000000,67.580002,0,0,0.698413,0.888889
30.000000,37.333332,background,0.000000,65.599998,0,0,0.714286,0.888889
30.666666,37.333332,background,0.000000,64.480003,0,0,0.730159,0.888889
31.333334,37.333332,background,0.000000,63.740002,0,0,0.746032,0.888889
32.000000,37.333332,HBM_0,25.000000,63.139999,1,1,0.761905,0.888889
32.666668,37.333332,HBM_0,25.000000,62.580002,1,0,0.777778,0.888889
33.333332,37.333332,HBM_0,25.000000,62.040001,1,0,0.793651,0.888889
34.000000,37.333332,HBM_0,25.000000,61.500000,1,0,0.809524,0.888889
34.666668,37.333332,HBM_0,25.000000,60.939999,1,0,0.825397,0.888889
35.333332,37.333332,HBM_0,25.000000,60.369999,1,0,0.841270,0.888889
36.000000,37.333332,HBM_0,25.000000,59.779999,1,0,0.857143,0.888889
36.666668,37.333332,HBM_0,25.000000,59.169998,1,0,0.873016,0.888889
37.333332,37.333332,HBM_0,25.000000,58.549999,1,0,0.888889,0.888889
38.000000,37.333332,HBM_0,25.000000,57.709999,1,0,0.904762,0.888889
38.666668,37.333332,HBM_0,25.000000,56.529999,1,0,0.920635,0.888889
39.333332,37.333332,HBM_0,25.000000,55.560001,1,0,0.936508,0.888889
40.000000,37.333332,HBM_0,25.000000,54.779999,1,1,0.952381,0.888889
40.666668,37.333332,background,0.000000,54.169998,0,0,0.968254,0.888889
41.333332,37.333332,background,0.000000,53.730000,0,0,0.984127,0.888889
42.000000,37.333332,background,0.000000,53.470001,0,0,1.000000,0.888889
0.000000,38.000000,background,0.000000,50.700001,0,0,0.000000,0.904762
0.666667,38.000000,background,0.000000,50.910000,0,0,0.015873,0.904762
1.333333,38.000000,background,0.000000,51.279999,0,0,0.031746,0.904762
2.000000,38.000000,background,0.000000,51.750000,0,0,0.047619,0.904762
2.666667,38.000000,HBM_1,25.000000,52.310001,1,1,0.063492,0.904762
3.333333,38.000000,HBM_1,25.000000,52.980000,1,0,0.079365,0.904762
4.000000,38.000000,HBM_1,25.000000,53.770000,1,0,0.095238,0.904762
4.666667,38.000000,HBM_1,25.000000,54.730000,1,0,0.111111,0.904762
5.333333,38.000000,HBM_1,25.000000,55.650002,1,0,0.126984,0.904762
6.000000,38.000000,HBM_1,25.000000,56.430000,1,0,0.142857,0.904762
6.666667,38.000000,HBM_1,25.000000,57.040001,1,0,0.158730,0.904762
7.333333,38.000000,HBM_1,25.000000,57.599998,1,0,0.174603,0.904762
8.000000,38.000000,HBM_1,25.000000,58.119999,1,0,0.190476,0.904762
8.666667,38.000000,HBM_1,25.000000,58.619999,1,0,0.206349,0.904762
9.333333,38.000000,HBM_1,25.000000,59.110001,1,0,0.222222,0.904762
10.000000,38.000000,HBM_1,25.000000,59.580002,1,0,0.238095,0.904762
10.666667,38.000000,GPU_0,300.000000,60.040001,1,1,0.253968,0.904762
11.333333,38.000000,GPU_0,300.000000,60.490002,1,0,0.269841,0.904762
12.000000,38.000000,GPU_0,300.000000,60.939999,1,0,0.285714,0.904762
12.666667,38.000000,GPU_0,300.000000,61.380001,1,0,0.301587,0.904762
13.333333,38.000000,GPU_0,300.000000,61.830002,1,0,0.317460,0.904762
14.000000,38.000000,GPU_0,300.000000,62.279999,1,0,0.333333,0.904762
14.666667,38.000000,GPU_0,300.000000,62.770000,1,0,0.349206,0.904762
15.333333,38.000000,GPU_0,300.000000,63.299999,1,0,0.365079,0.904762
16.000000,38.000000,GPU_0,300.000000,63.959999,1,0,0.380952,0.904762
16.666666,38.000000,GPU_0,300.000000,64.910004,1,0,0.396825,0.904762
17.333334,38.000000,GPU_0,300.000000,66.449997,1,0,0.412698,0.904762
18.000000,38.000000,GPU_0,300.000000,68.059998,1,0,0.428571,0.904762
18.666666,38.000000,GPU_0,300.000000,68.900002,1,0,0.444444,0.904762
19.333334,38.000000,GPU_0,300.000000,69.400002,1,0,0.460317,0.904762
20.000000,38.000000,GPU_0,300.000000,69.730003,1,0,0.476190,0.904762
20.666666,38.000000,GPU_0,300.000000,69.980003,1,0,0.492063,0.904762
21.333334,38.000000,GPU_0,300.000000,70.150002,1,0,0.507937,0.904762
22.000000,38.000000,GPU_0,300.000000,70.260002,1,0,0.523810,0.904762
22.666666,38.000000,GPU_0,300.000000,70.320000,1,0,0.539683,0.904762
23.333334,38.000000,GPU_0,300.000000,70.320000,1,0,0.555556,0.904762
24.000000,38.000000,GPU_0,300.000000,70.279999,1,0,0.571429,0.904762
24.666666,38.000000,GPU_0,300.000000,70.190002,1,0,0.587302,0.904762
25.333334,38.000000,GPU_0,300.000000,70.050003,1,0,0.603175,0.904762
26.000000,38.000000,GPU_0,300.000000,69.849998,1,0,0.619048,0.904762
26.666666,38.000000,GPU_0,300.000000,69.589996,1,0,0.634921,0.904762
27.333334,38.000000,GPU_0,300.000000,69.250000,1,0,0.650794,0.904762
28.000000,38.000000,GPU_0,300.000000,68.790001,1,0,0.666667,0.904762
28.666666,38.000000,background,0.000000,68.080002,0,1,0.682540,0.904762
29.333334,38.000000,background,0.000000,66.800003,0,0,0.698413,0.904762
30.000000,38.000000,background,0.000000,64.830002,0,0,0.714286,0.904762
30.666666,38.000000,background,0.000000,63.730000,0,0,0.730159,0.904762
31.333334,38.000000,background,0.000000,63.000000,0,0,0.746032,0.904762
32.000000,38.000000,HBM_0,25.000000,62.410000,1,1,0.761905,0.904762
32.666668,38.000000,HBM_0,25.000000,61.869999,1,0,0.777778,0.904762
33.333332,38.000000,HBM_0,25.000000,61.340000,1,0,0.793651,0.904762
34.000000,38.000000,HBM_0,25.000000,60.810001,1,0,0.809524,0.904762
34.666668,38.000000,HBM_0,25.000000,60.279999,1,0,0.825397,0.904762
35.333332,38.000000,HBM_0,25.000000,59.720001,1,0,0.841270,0.904762
36.000000,38.000000,HBM_0,25.000000,59.150002,1,0,0.857143,0.904762
36.666668,38.000000,HBM_0,25.000000,58.560001,1,0,0.873016,0.904762
37.333332,38.000000,HBM_0,25.000000,57.950001,1,0,0.888889,0.904762
38.000000,38.000000,HBM_0,25.000000,57.139999,1,0,0.904762,0.904762
38.666668,38.000000,HBM_0,25.000000,55.980000,1,0,0.920635,0.904762
39.333332,38.000000,HBM_0,25.000000,55.040001,1,0,0.936508,0.904762
40.000000,38.000000,HBM_0,25.000000,54.290001,1,1,0.952381,0.904762
40.666668,38.000000,background,0.000000,53.700001,0,0,0.968254,0.904762
41.333332,38.000000,background,0.000000,53.270000,0,0,0.984127,0.904762
42.000000,38.000000,background,0.000000,53.029999,0,0,1.000000,0.904762
0.000000,38.666668,background,0.000000,50.299999,0,0,0.000000,0.920635
0.666667,38.666668,background,0.000000,50.500000,0,0,0.015873,0.920635
1.333333,38.666668,background,0.000000,50.849998,0,0,0.031746,0.920635
2.000000,38.666668,background,0.000000,51.290001,0,0,0.047619,0.920635
2.666667,38.666668,HBM_1,25.000000,51.810001,1,1,0.063492,0.920635
3.333333,38.666668,HBM_1,25.000000,52.400002,1,0,0.079365,0.920635
4.000000,38.666668,HBM_1,25.000000,53.090000,1,0,0.095238,0.920635
4.666667,38.666668,HBM_1,25.000000,53.880001,1,0,0.111111,0.920635
5.333333,38.666668,HBM_1,25.000000,54.730000,1,0,0.126984,0.920635
6.000000,38.666668,HBM_1,25.000000,55.480000,1,0,0.142857,0.920635
6.666667,38.666668,HBM_1,25.000000,56.090000,1,0,0.158730,0.920635
7.333333,38.666668,HBM_1,25.000000,56.639999,1,0,0.174603,0.920635
8.000000,38.666668,HBM_1,25.000000,57.150002,1,0,0.190476,0.920635
8.666667,38.666668,HBM_1,25.000000,57.630001,1,0,0.206349,0.920635
9.333333,38.666668,HBM_1,25.000000,58.099998,1,0,0.222222,0.920635
10.000000,38.666668,HBM_1,25.000000,58.560001,1,0,0.238095,0.920635
10.666667,38.666668,GPU_0,300.000000,59.009998,1,1,0.253968,0.920635
11.333333,38.666668,GPU_0,300.000000,59.459999,1,0,0.269841,0.920635
12.000000,38.666668,GPU_0,300.000000,59.900002,1,0,0.285714,0.920635
12.666667,38.666668,GPU_0,300.000000,60.340000,1,0,0.301587,0.920635
13.333333,38.666668,GPU_0,300.000000,60.799999,1,0,0.317460,0.920635
14.000000,38.666668,GPU_0,300.000000,61.270000,1,0,0.333333,0.920635
14.666667,38.666668,GPU_0,300.000000,61.799999,1,0,0.349206,0.920635
15.333333,38.666668,GPU_0,300.000000,62.410000,1,0,0.365079,0.920635
16.000000,38.666668,GPU_0,300.000000,63.189999,1,0,0.380952,0.920635
16.666666,38.666668,GPU_0,300.000000,64.300003,1,0,0.396825,0.920635
17.333334,38.666668,GPU_0,300.000000,65.669998,1,0,0.412698,0.920635
18.000000,38.666668,GPU_0,300.000000,67.260002,1,0,0.428571,0.920635
18.666666,38.666668,GPU_0,300.000000,68.040001,1,0,0.444444,0.920635
19.333334,38.666668,GPU_0,300.000000,68.529999,1,0,0.460317,0.920635
20.000000,38.666668,GPU_0,300.000000,68.860001,1,0,0.476190,0.920635
20.666666,38.666668,GPU_0,300.000000,69.099998,1,0,0.492063,0.920635
21.333334,38.666668,GPU_0,300.000000,69.279999,1,0,0.507937,0.920635
22.000000,38.666668,GPU_0,300.000000,69.389999,1,0,0.523810,0.920635
22.666666,38.666668,GPU_0,300.000000,69.449997,1,0,0.539683,0.920635
23.333334,38.666668,GPU_0,300.000000,69.459999,1,0,0.555556,0.920635
24.000000,38.666668,GPU_0,300.000000,69.430000,1,0,0.571429,0.920635
24.666666,38.666668,GPU_0,300.000000,69.339996,1,0,0.587302,0.920635
25.333334,38.666668,GPU_0,300.000000,69.199997,1,0,0.603175,0.920635
26.000000,38.666668,GPU_0,300.000000,69.010002,1,0,0.619048,0.920635
26.666666,38.666668,GPU_0,300.000000,68.760002,1,0,0.634921,0.920635
27.333334,38.666668,GPU_0,300.000000,68.419998,1,0,0.650794,0.920635
28.000000,38.666668,GPU_0,300.000000,67.970001,1,0,0.666667,0.920635
28.666666,38.666668,background,0.000000,67.269997,0,1,0.682540,0.920635
29.333334,38.666668,background,0.000000,66.000000,0,0,0.698413,0.920635
30.000000,38.666668,background,0.000000,64.050003,0,0,0.714286,0.920635
30.666666,38.666668,background,0.000000,62.950001,0,0,0.730159,0.920635
31.333334,38.666668,background,0.000000,62.240002,0,0,0.746032,0.920635
32.000000,38.666668,HBM_0,25.000000,61.669998,1,1,0.761905,0.920635
32.666668,38.666668,HBM_0,25.000000,61.139999,1,0,0.777778,0.920635
33.333332,38.666668,HBM_0,25.000000,60.630001,1,0,0.793651,0.920635
34.000000,38.666668,HBM_0,25.000000,60.119999,1,0,0.809524,0.920635
34.666668,38.666668,HBM_0,25.000000,59.599998,1,0,0.825397,0.920635
35.333332,38.666668,HBM_0,25.000000,59.070000,1,0,0.841270,0.920635
36.000000,38.666668,HBM_0,25.000000,58.520000,1,0,0.857143,0.920635
36.666668,38.666668,HBM_0,25.000000,57.939999,1,0,0.873016,0.920635
37.333332,38.666668,HBM_0,25.000000,57.360001,1,0,0.888889,0.920635
38.000000,38.666668,HBM_0,25.000000,56.560001,1,0,0.904762,0.920635
38.666668,38.666668,HBM_0,25.000000,55.439999,1,0,0.920635,0.920635
39.333332,38.666668,HBM_0,25.000000,54.520000,1,0,0.936508,0.920635
40.000000,38.666668,HBM_0,25.000000,53.799999,1,1,0.952381,0.920635
40.666668,38.666668,background,0.000000,53.240002,0,0,0.968254,0.920635
41.333332,38.666668,background,0.000000,52.820000,0,0,0.984127,0.920635
42.000000,38.666668,background,0.000000,52.590000,0,0,1.000000,0.920635
0.000000,39.333332,background,0.000000,49.930000,0,0,0.000000,0.936508
0.666667,39.333332,background,0.000000,50.119999,0,0,0.015873,0.936508
1.333333,39.333332,background,0.000000,50.439999,0,0,0.031746,0.936508
2.000000,39.333332,background,0.000000,50.849998,0,0,0.047619,0.936508
2.666667,39.333332,background,0.000000,51.320000,0,1,0.063492,0.936508
3.333333,39.333332,background,0.000000,51.860001,0,1,0.079365,0.936508
4.000000,39.333332,background,0.000000,52.450001,0,1,0.095238,0.936508
4.666667,39.333332,background,0.000000,53.090000,0,1,0.111111,0.936508
5.333333,39.333332,background,0.000000,53.759998,0,1,0.126984,0.936508
6.000000,39.333332,background,0.000000,54.380001,0,1,0.142857,0.936508
6.666667,39.333332,background,0.000000,54.939999,0,1,0.158730,0.936508
7.333333,39.333332,background,0.000000,55.450001,0,1,0.174603,0.936508
8.000000,39.333332,background,0.000000,55.939999,0,1,0.190476,0.936508
8.666667,39.333332,background,0.000000,56.410000,0,1,0.206349,0.936508
9.333333,39.333332,background,0.000000,56.860001,0,1,0.222222,0.936508
10.000000,39.333332,background,0.000000,57.299999,0,1,0.238095,0.936508
10.666667,39.333332,GPU_0,300.000000,57.730000,1,1,0.253968,0.936508
11.333333,39.333332,GPU_0,300.000000,58.160000,1,0,0.269841,0.936508
12.000000,39.333332,GPU_0,300.000000,58.599998,1,0,0.285714,0.936508
12.666667,39.333332,GPU_0,300.000000,59.040001,1,0,0.301587,0.936508
13.333333,39.333332,GPU_0,300.000000,59.500000,1,0,0.317460,0.936508
14.000000,39.333332,GPU_0,300.000000,60.000000,1,0,0.333333,0.936508
14.666667,39.333332,GPU_0,300.000000,60.560001,1,0,0.349206,0.936508
15.333333,39.333332,GPU_0,300.000000,61.250000,1,0,0.365079,0.936508
16.000000,39.333332,GPU_0,300.000000,62.139999,1,0,0.380952,0.936508
16.666666,39.333332,GPU_0,300.000000,63.369999,1,0,0.396825,0.936508
17.333334,39.333332,GPU_0,300.000000,64.750000,1,0,0.412698,0.936508
18.000000,39.333332,GPU_0,300.000000,66.360001,1,0,0.428571,0.936508
18.666666,39.333332,GPU_0,300.000000,67.150002,1,0,0.444444,0.936508
19.333334,39.333332,GPU_0,300.000000,67.629997,1,0,0.460317,0.936508
20.000000,39.333332,GPU_0,300.000000,67.959999,1,0,0.476190,0.936508
20.666666,39.333332,GPU_0,300.000000,68.199997,1,0,0.492063,0.936508
21.333334,39.333332,GPU_0,300.000000,68.370003,1,0,0.507937,0.936508
22.000000,39.333332,GPU_0,300.000000,68.489998,1,0,0.523810,0.936508
22.666666,39.333332,GPU_0,300.000000,68.550003,1,0,0.539683,0.936508
23.333334,39.333332,GPU_0,300.000000,68.570000,1,0,0.555556,0.936508
24.000000,39.333332,GPU_0,300.000000,68.529999,1,0,0.571429,0.936508
24.666666,39.333332,GPU_0,300.000000,68.449997,1,0,0.587302,0.936508
25.333334,39.333332,GPU_0,300.000000,68.309998,1,0,0.603175,0.936508
26.000000,39.333332,GPU_0,300.000000,68.129997,1,0,0.619048,0.936508
26.666666,39.333332,GPU_0,300.000000,67.879997,1,0,0.634921,0.936508
27.333334,39.333332,GPU_0,300.000000,67.559998,1,0,0.650794,0.936508
28.000000,39.333332,GPU_0,300.000000,67.120003,1,0,0.666667,0.936508
28.666666,39.333332,background,0.000000,66.430000,0,1,0.682540,0.936508
29.333334,39.333332,background,0.000000,65.180000,0,0,0.698413,0.936508
30.000000,39.333332,background,0.000000,63.240002,0,0,0.714286,0.936508
30.666666,39.333332,background,0.000000,62.160000,0,0,0.730159,0.936508
31.333334,39.333332,background,0.000000,61.459999,0,0,0.746032,0.936508
32.000000,39.333332,HBM_0,25.000000,60.900002,1,1,0.761905,0.936508
32.666668,39.333332,HBM_0,25.000000,60.400002,1,1,0.777778,0.936508
33.333332,39.333332,HBM_0,25.000000,59.900002,1,1,0.793651,0.936508
34.000000,39.333332,HBM_0,25.000000,59.410000,1,1,0.809524,0.936508
34.666668,39.333332,HBM_0,25.000000,58.910000,1,1,0.825397,0.936508
35.333332,39.333332,HBM_0,25.000000,58.400002,1,1,0.841270,0.936508
36.000000,39.333332,HBM_0,25.000000,57.869999,1,1,0.857143,0.936508
36.666668,39.333332,HBM_0,25.000000,57.320000,1,1,0.873016,0.936508
37.333332,39.333332,HBM_0,25.000000,56.759998,1,1,0.888889,0.936508
38.000000,39.333332,HBM_0,25.000000,55.990002,1,1,0.904762,0.936508
38.666668,39.333332,HBM_0,25.000000,54.910000,1,1,0.920635,0.936508
39.333332,39.333332,HBM_0,25.000000,54.020000,1,1,0.936508,0.936508
40.000000,39.333332,HBM_0,25.000000,53.330002,1,1,0.952381,0.936508
40.666668,39.333332,background,0.000000,52.790001,0,0,0.968254,0.936508
41.333332,39.333332,background,0.000000,52.389999,0,0,0.984127,0.936508
42.000000,39.333332,background,0.000000,52.169998,0,0,1.000000,0.936508
0.000000,40.000000,background,0.000000,49.590000,0,0,0.000000,0.952381
0.666667,40.000000,background,0.000000,49.770000,0,0,0.015873,0.952381
1.333333,40.000000,background,0.000000,50.070000,0,0,0.031746,0.952381
2.000000,40.000000,background,0.000000,50.450001,0,0,0.047619,0.952381
2.666667,40.000000,background,0.000000,50.880001,0,0,0.063492,0.952381
3.333333,40.000000,background,0.000000,51.369999,0,0,0.079365,0.952381
4.000000,40.000000,background,0.000000,51.880001,0,0,0.095238,0.952381
4.666667,40.000000,background,0.000000,52.430000,0,0,0.111111,0.952381
5.333333,40.000000,background,0.000000,52.980000,0,0,0.126984,0.952381
6.000000,40.000000,background,0.000000,53.520000,0,0,0.142857,0.952381
6.666667,40.000000,background,0.000000,54.029999,0,0,0.158730,0.952381
7.333333,40.000000,background,0.000000,54.509998,0,0,0.174603,0.952381
8.000000,40.000000,background,0.000000,54.970001,0,0,0.190476,0.952381
8.666667,40.000000,background,0.000000,55.410000,0,0,0.206349,0.952381
9.333333,40.000000,background,0.000000,55.840000,0,0,0.222222,0.952381
10.000000,40.000000,background,0.000000,56.259998,0,0,0.238095,0.952381
10.666667,40.000000,GPU_0,300.000000,56.680000,1,1,0.253968,0.952381
11.333333,40.000000,GPU_0,300.000000,57.099998,1,0,0.269841,0.952381
12.000000,40.000000,GPU_0,300.000000,57.520000,1,0,0.285714,0.952381
12.666667,40.000000,GPU_0,300.000000,57.959999,1,0,0.301587,0.952381
13.333333,40.000000,GPU_0,300.000000,58.419998,1,0,0.317460,0.952381
14.000000,40.000000,GPU_0,300.000000,58.930000,1,0,0.333333,0.952381
14.666667,40.000000,GPU_0,300.000000,59.520000,1,0,0.349206,0.952381
15.333333,40.000000,GPU_0,300.000000,60.230000,1,0,0.365079,0.952381
16.000000,40.000000,GPU_0,300.000000,61.180000,1,0,0.380952,0.952381
16.666666,40.000000,GPU_0,300.000000,62.439999,1,0,0.396825,0.952381
17.333334,40.000000,GPU_0,300.000000,63.820000,1,0,0.412698,0.952381
18.000000,40.000000,GPU_0,300.000000,65.440002,1,0,0.428571,0.952381
18.666666,40.000000,GPU_0,300.000000,66.220001,1,0,0.444444,0.952381
19.333334,40.000000,GPU_0,300.000000,66.699997,1,0,0.460317,0.952381
20.000000,40.000000,GPU_0,300.000000,67.029999,1,0,0.476190,0.952381
20.666666,40.000000,GPU_0,300.000000,67.269997,1,0,0.492063,0.952381
21.333334,40.000000,GPU_0,300.000000,67.440002,1,0,0.507937,0.952381
22.000000,40.000000,GPU_0,300.000000,67.550003,1,0,0.523810,0.952381
22.666666,40.000000,GPU_0,300.000000,67.620003,1,0,0.539683,0.952381
23.333334,40.000000,GPU_0,300.000000,67.629997,1,0,0.555556,0.952381
24.000000,40.000000,GPU_0,300.000000,67.599998,1,0,0.571429,0.952381
24.666666,40.000000,GPU_0,300.000000,67.519997,1,0,0.587302,0.952381
25.333334,40.000000,GPU_0,300.000000,67.400002,1,0,0.603175,0.952381
26.000000,40.000000,GPU_0,300.000000,67.220001,1,0,0.619048,0.952381
26.666666,40.000000,GPU_0,300.000000,66.980003,1,0,0.634921,0.952381
27.333334,40.000000,GPU_0,300.000000,66.669998,1,0,0.650794,0.952381
28.000000,40.000000,GPU_0,300.000000,66.239998,1,0,0.666667,0.952381
28.666666,40.000000,background,0.000000,65.559998,0,1,0.682540,0.952381
29.333334,40.000000,background,0.000000,64.330002,0,0,0.698413,0.952381
30.000000,40.000000,background,0.000000,62.400002,0,0,0.714286,0.952381
30.666666,40.000000,background,0.000000,61.340000,0,0,0.730159,0.952381
31.333334,40.000000,background,0.000000,60.660000,0,0,0.746032,0.952381
32.000000,40.000000,background,0.000000,60.130001,0,0,0.761905,0.952381
32.666668,40.000000,background,0.000000,59.639999,0,0,0.777778,0.952381
33.333332,40.000000,background,0.000000,59.160000,0,0,0.793651,0.952381
34.000000,40.000000,background,0.000000,58.689999,0,0,0.809524,0.952381
34.666668,40.000000,background,0.000000,58.220001,0,0,0.825397,0.952381
35.333332,40.000000,background,0.000000,57.730000,0,0,0.841270,0.952381
36.000000,40.000000,background,0.000000,57.220001,0,0,0.857143,0.952381
36.666668,40.000000,background,0.000000,56.700001,0,0,0.873016,0.952381
37.333332,40.000000,background,0.000000,56.150002,0,0,0.888889,0.952381
38.000000,40.000000,background,0.000000,55.430000,0,0,0.904762,0.952381
38.666668,40.000000,background,0.000000,54.389999,0,0,0.920635,0.952381
39.333332,40.000000,background,0.000000,53.549999,0,0,0.936508,0.952381
40.000000,40.000000,background,0.000000,52.880001,0,0,0.952381,0.952381
40.666668,40.000000,background,0.000000,52.369999,0,0,0.968254,0.952381
41.333332,40.000000,background,0.000000,51.990002,0,0,0.984127,0.952381
42.000000,40.000000,background,0.000000,51.779999,0,0,1.000000,0.952381
0.000000,40.666668,background,0.000000,49.290001,0,0,0.000000,0.968254
0.666667,40.666668,background,0.000000,49.459999,0,0,0.015873,0.968254
1.333333,40.666668,background,0.000000,49.740002,0,0,0.031746,0.968254
2.000000,40.666668,background,0.000000,50.099998,0,0,0.047619,0.968254
2.666667,40.666668,background,0.000000,50.500000,0,0,0.063492,0.968254
3.333333,40.666668,background,0.000000,50.950001,0,0,0.079365,0.968254
4.000000,40.666668,background,0.000000,51.410000,0,0,0.095238,0.968254
4.666667,40.666668,background,0.000000,51.900002,0,0,0.111111,0.968254
5.333333,40.666668,background,0.000000,52.389999,0,0,0.126984,0.968254
6.000000,40.666668,background,0.000000,52.869999,0,0,0.142857,0.968254
6.666667,40.666668,background,0.000000,53.330002,0,0,0.158730,0.968254
7.333333,40.666668,background,0.000000,53.779999,0,0,0.174603,0.968254
8.000000,40.666668,background,0.000000,54.209999,0,0,0.190476,0.968254
8.666667,40.666668,background,0.000000,54.639999,0,0,0.206349,0.968254
9.333333,40.666668,background,0.000000,55.049999,0,0,0.222222,0.968254
10.000000,40.666668,background,0.000000,55.459999,0,0,0.238095,0.968254
10.666667,40.666668,GPU_0,300.000000,55.860001,1,1,0.253968,0.968254
11.333333,40.666668,GPU_0,300.000000,56.270000,1,0,0.269841,0.968254
12.000000,40.666668,GPU_0,300.000000,56.680000,1,0,0.285714,0.968254
12.666667,40.666668,GPU_0,300.000000,57.110001,1,0,0.301587,0.968254
13.333333,40.666668,GPU_0,300.000000,57.560001,1,0,0.317460,0.968254
14.000000,40.666668,GPU_0,300.000000,58.070000,1,0,0.333333,0.968254
14.666667,40.666668,GPU_0,300.000000,58.660000,1,0,0.349206,0.968254
15.333333,40.666668,GPU_0,300.000000,59.389999,1,0,0.365079,0.968254
16.000000,40.666668,GPU_0,300.000000,60.330002,1,0,0.380952,0.968254
16.666666,40.666668,GPU_0,300.000000,61.580002,1,0,0.396825,0.968254
17.333334,40.666668,GPU_0,300.000000,62.910000,1,0,0.412698,0.968254
18.000000,40.666668,GPU_0,300.000000,64.519997,1,0,0.428571,0.968254
18.666666,40.666668,GPU_0,300.000000,65.290001,1,0,0.444444,0.968254
19.333334,40.666668,GPU_0,300.000000,65.760002,1,0,0.460317,0.968254
20.000000,40.666668,GPU_0,300.000000,66.080002,1,0,0.476190,0.968254
20.666666,40.666668,GPU_0,300.000000,66.320000,1,0,0.492063,0.968254
21.333334,40.666668,GPU_0,300.000000,66.480003,1,0,0.507937,0.968254
22.000000,40.666668,GPU_0,300.000000,66.599998,1,0,0.523810,0.968254
22.666666,40.666668,GPU_0,300.000000,66.660004,1,0,0.539683,0.968254
23.333334,40.666668,GPU_0,300.000000,66.669998,1,0,0.555556,0.968254
24.000000,40.666668,GPU_0,300.000000,66.650002,1,0,0.571429,0.968254
24.666666,40.666668,GPU_0,300.000000,66.570000,1,0,0.587302,0.968254
25.333334,40.666668,GPU_0,300.000000,66.449997,1,0,0.603175,0.968254
26.000000,40.666668,GPU_0,300.000000,66.279999,1,0,0.619048,0.968254
26.666666,40.666668,GPU_0,300.000000,66.059998,1,0,0.634921,0.968254
27.333334,40.666668,GPU_0,300.000000,65.760002,1,0,0.650794,0.968254
28.000000,40.666668,GPU_0,300.000000,65.339996,1,0,0.666667,0.968254
28.666666,40.666668,background,0.000000,64.680000,0,1,0.682540,0.968254
29.333334,40.666668,background,0.000000,63.459999,0,0,0.698413,0.968254
30.000000,40.666668,background,0.000000,61.560001,0,0,0.714286,0.968254
30.666666,40.666668,background,0.000000,60.520000,0,0,0.730159,0.968254
31.333334,40.666668,background,0.000000,59.860001,0,0,0.746032,0.968254
32.000000,40.666668,background,0.000000,59.340000,0,0,0.761905,0.968254
32.666668,40.666668,background,0.000000,58.880001,0,0,0.777778,0.968254
33.333332,40.666668,background,0.000000,58.430000,0,0,0.793651,0.968254
34.000000,40.666668,background,0.000000,57.980000,0,0,0.809524,0.968254
34.666668,40.666668,background,0.000000,57.520000,0,0,0.825397,0.968254
35.333332,40.666668,background,0.000000,57.060001,0,0,0.841270,0.968254
36.000000,40.666668,background,0.000000,56.570000,0,0,0.857143,0.968254
36.666668,40.666668,background,0.000000,56.080002,0,0,0.873016,0.968254
37.333332,40.666668,background,0.000000,55.560001,0,0,0.888889,0.968254
38.000000,40.666668,background,0.000000,54.889999,0,0,0.904762,0.968254
38.666668,40.666668,background,0.000000,53.910000,0,0,0.920635,0.968254
39.333332,40.666668,background,0.000000,53.119999,0,0,0.936508,0.968254
40.000000,40.666668,background,0.000000,52.480000,0,0,0.952381,0.968254
40.666668,40.666668,background,0.000000,51.990002,0,0,0.968254,0.968254
41.333332,40.666668,background,0.000000,51.630001,0,0,0.984127,0.968254
42.000000,40.666668,background,0.000000,51.430000,0,0,1.000000,0.968254
0.000000,41.333332,background,0.000000,49.060001,0,0,0.000000,0.984127
0.666667,41.333332,background,0.000000,49.220001,0,0,0.015873,0.984127
1.333333,41.333332,background,0.000000,49.490002,0,0,0.031746,0.984127
2.000000,41.333332,background,0.000000,49.830002,0,0,0.047619,0.984127
2.666667,41.333332,background,0.000000,50.209999,0,0,0.063492,0.984127
3.333333,41.333332,background,0.000000,50.619999,0,0,0.079365,0.984127
4.000000,41.333332,background,0.000000,51.060001,0,0,0.095238,0.984127
4.666667,41.333332,background,0.000000,51.500000,0,0,0.111111,0.984127
5.333333,41.333332,background,0.000000,51.950001,0,0,0.126984,0.984127
6.000000,41.333332,background,0.000000,52.400002,0,0,0.142857,0.984127
6.666667,41.333332,background,0.000000,52.830002,0,0,0.158730,0.984127
7.333333,41.333332,background,0.000000,53.259998,0,0,0.174603,0.984127
8.000000,41.333332,background,0.000000,53.669998,0,0,0.190476,0.984127
8.666667,41.333332,background,0.000000,54.080002,0,0,0.206349,0.984127
9.333333,41.333332,background,0.000000,54.480000,0,0,0.222222,0.984127
10.000000,41.333332,background,0.000000,54.869999,0,0,0.238095,0.984127
10.666667,41.333332,GPU_0,300.000000,55.259998,1,1,0.253968,0.984127
11.333333,41.333332,GPU_0,300.000000,55.650002,1,0,0.269841,0.984127
12.000000,41.333332,GPU_0,300.000000,56.060001,1,0,0.285714,0.984127
12.666667,41.333332,GPU_0,300.000000,56.480000,1,0,0.301587,0.984127
13.333333,41.333332,GPU_0,300.000000,56.930000,1,0,0.317460,0.984127
14.000000,41.333332,GPU_0,300.000000,57.430000,1,0,0.333333,0.984127
14.666667,41.333332,GPU_0,300.000000,58.020000,1,0,0.349206,0.984127
15.333333,41.333332,GPU_0,300.000000,58.730000,1,0,0.365079,0.984127
16.000000,41.333332,GPU_0,300.000000,59.650002,1,0,0.380952,0.984127
16.666666,41.333332,GPU_0,300.000000,60.830002,1,0,0.396825,0.984127
17.333334,41.333332,GPU_0,300.000000,62.060001,1,0,0.412698,0.984127
18.000000,41.333332,GPU_0,300.000000,63.630001,1,0,0.428571,0.984127
18.666666,41.333332,GPU_0,300.000000,64.389999,1,0,0.444444,0.984127
19.333334,41.333332,GPU_0,300.000000,64.849998,1,0,0.460317,0.984127
20.000000,41.333332,GPU_0,300.000000,65.160004,1,0,0.476190,0.984127
20.666666,41.333332,GPU_0,300.000000,65.389999,1,0,0.492063,0.984127
21.333334,41.333332,GPU_0,300.000000,65.550003,1,0,0.507937,0.984127
22.000000,41.333332,GPU_0,300.000000,65.660004,1,0,0.523810,0.984127
22.666666,41.333332,GPU_0,300.000000,65.720001,1,0,0.539683,0.984127
23.333334,41.333332,GPU_0,300.000000,65.739998,1,0,0.555556,0.984127
24.000000,41.333332,GPU_0,300.000000,65.709999,1,0,0.571429,0.984127
24.666666,41.333332,GPU_0,300.000000,65.639999,1,0,0.587302,0.984127
25.333334,41.333332,GPU_0,300.000000,65.519997,1,0,0.603175,0.984127
26.000000,41.333332,GPU_0,300.000000,65.360001,1,0,0.619048,0.984127
26.666666,41.333332,GPU_0,300.000000,65.150002,1,0,0.634921,0.984127
27.333334,41.333332,GPU_0,300.000000,64.860001,1,0,0.650794,0.984127
28.000000,41.333332,GPU_0,300.000000,64.459999,1,0,0.666667,0.984127
28.666666,41.333332,background,0.000000,63.820000,0,1,0.682540,0.984127
29.333334,41.333332,background,0.000000,62.630001,0,0,0.698413,0.984127
30.000000,41.333332,background,0.000000,60.750000,0,0,0.714286,0.984127
30.666666,41.333332,background,0.000000,59.730000,0,0,0.730159,0.984127
31.333334,41.333332,background,0.000000,59.099998,0,0,0.746032,0.984127
32.000000,41.333332,background,0.000000,58.599998,0,0,0.761905,0.984127
32.666668,41.333332,background,0.000000,58.150002,0,0,0.777778,0.984127
33.333332,41.333332,background,0.000000,57.720001,0,0,0.793651,0.984127
34.000000,41.333332,background,0.000000,57.299999,0,0,0.809524,0.984127
34.666668,41.333332,background,0.000000,56.869999,0,0,0.825397,0.984127
35.333332,41.333332,background,0.000000,56.419998,0,0,0.841270,0.984127
36.000000,41.333332,background,0.000000,55.970001,0,0,0.857143,0.984127
36.666668,41.333332,background,0.000000,55.490002,0,0,0.873016,0.984127
37.333332,41.333332,background,0.000000,55.009998,0,0,0.888889,0.984127
38.000000,41.333332,background,0.000000,54.419998,0,0,0.904762,0.984127
38.666668,41.333332,background,0.000000,53.520000,0,0,0.920635,0.984127
39.333332,41.333332,background,0.000000,52.759998,0,0,0.936508,0.984127
40.000000,41.333332,background,0.000000,52.160000,0,0,0.952381,0.984127
40.666668,41.333332,background,0.000000,51.689999,0,0,0.968254,0.984127
41.333332,41.333332,background,0.000000,51.349998,0,0,0.984127,0.984127
42.000000,41.333332,background,0.000000,51.160000,0,0,1.000000,0.984127
0.000000,42.000000,background,0.000000,48.930000,0,0,0.000000,1.000000
0.666667,42.000000,background,0.000000,49.080002,0,0,0.015873,1.000000
1.333333,42.000000,background,0.000000,49.340000,0,0,0.031746,1.000000
2.000000,42.000000,background,0.000000,49.669998,0,0,0.047619,1.000000
2.666667,42.000000,background,0.000000,50.040001,0,0,0.063492,1.000000
3.333333,42.000000,background,0.000000,50.430000,0,0,0.079365,1.000000
4.000000,42.000000,background,0.000000,50.849998,0,0,0.095238,1.000000
4.666667,42.000000,background,0.000000,51.279999,0,0,0.111111,1.000000
5.333333,42.000000,background,0.000000,51.709999,0,0,0.126984,1.000000
6.000000,42.000000,background,0.000000,52.130001,0,0,0.142857,1.000000
6.666667,42.000000,background,0.000000,52.549999,0,0,0.158730,1.000000
7.333333,42.000000,background,0.000000,52.970001,0,0,0.174603,1.000000
8.000000,42.000000,background,0.000000,53.369999,0,0,0.190476,1.000000
8.666667,42.000000,background,0.000000,53.759998,0,0,0.206349,1.000000
9.333333,42.000000,background,0.000000,54.150002,0,0,0.222222,1.000000
10.000000,42.000000,background,0.000000,54.540001,0,0,0.238095,1.000000
10.666667,42.000000,GPU_0,300.000000,54.919998,1,1,0.253968,1.000000
11.333333,42.000000,GPU_0,300.000000,55.310001,1,1,0.269841,1.000000
12.000000,42.000000,GPU_0,300.000000,55.709999,1,1,0.285714,1.000000
12.666667,42.000000,GPU_0,300.000000,56.119999,1,1,0.301587,1.000000
13.333333,42.000000,GPU_0,300.000000,56.570000,1,1,0.317460,1.000000
14.000000,42.000000,GPU_0,300.000000,57.060001,1,1,0.333333,1.000000
14.666667,42.000000,GPU_0,300.000000,57.639999,1,1,0.349206,1.000000
15.333333,42.000000,GPU_0,300.000000,58.349998,1,1,0.365079,1.000000
16.000000,42.000000,GPU_0,300.000000,59.230000,1,1,0.380952,1.000000
16.666666,42.000000,GPU_0,300.000000,60.340000,1,1,0.396825,1.000000
17.333334,42.000000,GPU_0,300.000000,61.419998,1,1,0.412698,1.000000
18.000000,42.000000,GPU_0,300.000000,62.939999,1,1,0.428571,1.000000
18.666666,42.000000,GPU_0,300.000000,63.669998,1,1,0.444444,1.000000
19.333334,42.000000,GPU_0,300.000000,64.120003,1,1,0.460317,1.000000
20.000000,42.000000,GPU_0,300.000000,64.430000,1,1,0.476190,1.000000
20.666666,42.000000,GPU_0,300.000000,64.650002,1,1,0.492063,1.000000
21.333334,42.000000,GPU_0,300.000000,64.800003,1,1,0.507937,1.000000
22.000000,42.000000,GPU_0,300.000000,64.910004,1,1,0.523810,1.000000
22.666666,42.000000,GPU_0,300.000000,64.970001,1,1,0.539683,1.000000
23.333334,42.000000,GPU_0,300.000000,64.980003,1,1,0.555556,1.000000
24.000000,42.000000,GPU_0,300.000000,64.959999,1,1,0.571429,1.000000
24.666666,42.000000,GPU_0,300.000000,64.889999,1,1,0.587302,1.000000
25.333334,42.000000,GPU_0,300.000000,64.779999,1,1,0.603175,1.000000
26.000000,42.000000,GPU_0,300.000000,64.629997,1,1,0.619048,1.000000
26.666666,42.000000,GPU_0,300.000000,64.419998,1,1,0.634921,1.000000
27.333334,42.000000,GPU_0,300.000000,64.139999,1,1,0.650794,1.000000
28.000000,42.000000,GPU_0,300.000000,63.750000,1,1,0.666667,1.000000
28.666666,42.000000,background,0.000000,63.130001,0,1,0.682540,1.000000
29.333334,42.000000,background,0.000000,61.970001,0,0,0.698413,1.000000
30.000000,42.000000,background,0.000000,60.119999,0,0,0.714286,1.000000
30.666666,42.000000,background,0.000000,59.130001,0,0,0.730159,1.000000
31.333334,42.000000,background,0.000000,58.509998,0,0,0.746032,1.000000
32.000000,42.000000,background,0.000000,58.040001,0,0,0.761905,1.000000
32.666668,42.000000,background,0.000000,57.610001,0,0,0.777778,1.000000
33.333332,42.000000,background,0.000000,57.189999,0,0,0.793651,1.000000
34.000000,42.000000,background,0.000000,56.790001,0,0,0.809524,1.000000
34.666668,42.000000,background,0.000000,56.369999,0,0,0.825397,1.000000
35.333332,42.000000,background,0.000000,55.950001,0,0,0.841270,1.000000
36.000000,42.000000,background,0.000000,55.509998,0,0,0.857143,1.000000
36.666668,42.000000,background,0.000000,55.060001,0,0,0.873016,1.000000
37.333332,42.000000,background,0.000000,54.610001,0,0,0.888889,1.000000
38.000000,42.000000,background,0.000000,54.099998,0,0,0.904762,1.000000
38.666668,42.000000,background,0.000000,53.270000,0,0,0.920635,1.000000
39.333332,42.000000,background,0.000000,52.549999,0,0,0.936508,1.000000
40.000000,42.000000,background,0.000000,51.959999,0,0,0.952381,1.000000
40.666668,42.000000,background,0.000000,51.509998,0,0,0.968254,1.000000
41.333332,42.000000,background,0.000000,51.169998,0,0,0.984127,1.000000
42.000000,42.000000,background,0.000000,50.990002,0,0,1.000000,1.000000
