grid_x,grid_y,chiplet_id,chiplet_power,temperature,occupancy_mask,edge_mask,coord_x_norm,coord_y_norm
0.000000,0.000000,background,0.000000,50.799999,0,0,0.000000,0.000000
0.904762,0.000000,background,0.000000,51.049999,0,0,0.015873,0.000000
1.809524,0.000000,background,0.000000,51.439999,0,0,0.031746,0.000000
2.714286,0.000000,background,0.000000,51.910000,0,0,0.047619,0.000000
3.619048,0.000000,background,0.000000,52.430000,0,0,0.063492,0.000000
4.523809,0.000000,background,0.000000,52.959999,0,0,0.079365,0.000000
5.428571,0.000000,background,0.000000,53.520000,0,0,0.095238,0.000000
6.333333,0.000000,background,0.000000,54.080002,0,0,0.111111,0.000000
7.238095,0.000000,background,0.000000,54.650002,0,0,0.126984,0.000000
8.142858,0.000000,background,0.000000,55.230000,0,0,0.142857,0.000000
9.047619,0.000000,background,0.000000,55.820000,0,0,0.158730,0.000000
9.952381,0.000000,background,0.000000,56.410000,0,0,0.174603,0.000000
10.857142,0.000000,background,0.000000,57.009998,0,0,0.190476,0.000000
11.761905,0.000000,background,0.000000,57.610001,0,0,0.206349,0.000000
12.666667,0.000000,background,0.000000,58.209999,0,0,0.222222,0.000000
13.571428,0.000000,background,0.000000,58.820000,0,0,0.238095,0.000000
14.476191,0.000000,background,0.000000,59.430000,0,0,0.253968,0.000000
15.380953,0.000000,background,0.000000,60.049999,0,0,0.269841,0.000000
16.285715,0.000000,background,0.000000,60.660000,0,0,0.285714,0.000000
17.190475,0.000000,background,0.000000,61.270000,0,0,0.301587,0.000000
18.095238,0.000000,background,0.000000,61.880001,0,0,0.317460,0.000000
19.000000,0.000000,background,0.000000,62.480000,0,0,0.333333,0.000000
19.904762,0.000000,background,0.000000,63.080002,0,0,0.349206,0.000000
20.809525,0.000000,background,0.000000,63.660000,0,0,0.365079,0.000000
21.714285,0.000000,background,0.000000,64.239998,0,0,0.380952,0.000000
22.619047,0.000000,background,0.000000,64.790001,0,0,0.396825,0.000000
23.523809,0.000000,background,0.000000,65.320000,0,0,0.412698,0.000000
24.428572,0.000000,background,0.000000,65.820000,0,0,0.428571,0.000000
25.333334,0.000000,background,0.000000,66.290001,0,0,0.444444,0.000000
26.238094,0.000000,background,0.000000,66.739998,0,0,0.460317,0.000000
27.142857,0.000000,background,0.000000,67.150002,0,0,0.476190,0.000000
28.047619,0.000000,background,0.000000,67.519997,0,0,0.492063,0.000000
28.952381,0.000000,background,0.000000,67.860001,0,0,0.507937,0.000000
29.857143,0.000000,background,0.000000,68.160004,0,0,0.523810,0.000000
30.761906,0.000000,background,0.000000,68.430000,0,0,0.539683,0.000000
31.666666,0.000000,background,0.000000,68.660004,0,0,0.555556,0.000000
32.571430,0.000000,background,0.000000,68.860001,0,0,0.571429,0.000000
33.476189,0.000000,background,0.000000,69.019997,0,0,0.587302,0.000000
34.380951,0.000000,background,0.000000,69.150002,0,0,0.603175,0.000000
35.285713,0.000000,background,0.000000,69.250000,0,0,0.619048,0.000000
36.190475,0.000000,background,0.000000,69.320000,0,0,0.634921,0.000000
37.095238,0.000000,background,0.000000,69.360001,0,0,0.650794,0.000000
38.000000,0.000000,background,0.000000,69.370003,0,0,0.666667,0.000000
38.904762,0.000000,background,0.000000,69.370003,0,0,0.682540,0.000000
39.809525,0.000000,background,0.000000,69.339996,0,0,0.698413,0.000000
40.714287,0.000000,background,0.000000,69.290001,0,0,0.714286,0.000000
41.619049,0.000000,background,0.000000,69.169998,0,0,0.730159,0.000000
42.523811,0.000000,background,0.000000,68.940002,0,0,0.746032,0.000000
43.428570,0.000000,background,0.000000,69.449997,0,0,0.761905,0.000000
44.333332,0.000000,background,0.000000,69.440002,0,0,0.777778,0.000000
45.238094,0.000000,background,0.000000,69.250000,0,0,0.793651,0.000000
46.142857,0.000000,background,0.000000,68.959999,0,0,0.809524,0.000000
47.047619,0.000000,background,0.000000,68.599998,0,0,0.825397,0.000000
47.952381,0.000000,background,0.000000,68.169998,0,0,0.841270,0.000000
48.857143,0.000000,background,0.000000,67.690002,0,0,0.857143,0.000000
49.761906,0.000000,background,0.000000,67.139999,0,0,0.873016,0.000000
50.666668,0.000000,background,0.000000,66.529999,0,0,0.888889,0.000000
51.571430,0.000000,background,0.000000,65.860001,0,0,0.904762,0.000000
52.476189,0.000000,background,0.000000,65.110001,0,0,0.920635,0.000000
53.380951,0.000000,background,0.000000,64.279999,0,0,0.936508,0.000000
54.285713,0.000000,background,0.000000,63.259998,0,0,0.952381,0.000000
55.190475,0.000000,background,0.000000,62.520000,0,0,0.968254,0.000000
56.095238,0.000000,background,0.000000,61.590000,0,0,0.984127,0.000000
57.000000,0.000000,background,0.000000,61.040001,0,0,1.000000,0.000000
0.000000,0.936508,background,0.000000,50.990002,0,0,0.000000,0.015873
0.904762,0.936508,background,0.000000,51.250000,0,0,0.015873,0.015873
1.809524,0.936508,background,0.000000,51.660000,0,0,0.031746,0.015873
2.714286,0.936508,background,0.000000,52.150002,0,0,0.047619,0.015873
3.619048,0.936508,background,0.000000,52.669998,0,0,0.063492,0.015873
4.523809,0.936508,background,0.000000,53.230000,0,0,0.079365,0.015873
5.428571,0.936508,background,0.000000,53.799999,0,0,0.095238,0.015873
6.333333,0.936508,background,0.000000,54.380001,0,0,0.111111,0.015873
7.238095,0.936508,background,0.000000,54.970001,0,0,0.126984,0.015873
8.142858,0.936508,background,0.000000,55.570000,0,0,0.142857,0.015873
9.047619,0.936508,background,0.000000,56.169998,0,0,0.158730,0.015873
9.952381,0.936508,background,0.000000,56.779999,0,0,0.174603,0.015873
10.857142,0.936508,background,0.000000,57.400002,0,0,0.190476,0.015873
11.761905,0.936508,background,0.000000,58.020000,0,0,0.206349,0.015873
12.666667,0.936508,background,0.000000,58.639999,0,0,0.222222,0.015873
13.571428,0.936508,background,0.000000,59.270000,0,0,0.238095,0.015873
14.476191,0.936508,background,0.000000,59.900002,0,0,0.253968,0.015873
15.380953,0.936508,background,0.000000,60.540001,0,0,0.269841,0.015873
16.285715,0.936508,background,0.000000,61.169998,0,0,0.285714,0.015873
17.190475,0.936508,background,0.000000,61.799999,0,0,0.301587,0.015873
18.095238,0.936508,background,0.000000,62.439999,0,0,0.317460,0.015873
19.000000,0.936508,background,0.000000,63.060001,0,0,0.333333,0.015873
19.904762,0.936508,background,0.000000,63.680000,0,0,0.349206,0.015873
20.809525,0.936508,background,0.000000,64.290001,0,0,0.365079,0.015873
21.714285,0.936508,background,0.000000,64.879997,0,0,0.380952,0.015873
22.619047,0.936508,background,0.000000,65.459999,0,0,0.396825,0.015873
23.523809,0.936508,background,0.000000,66.010002,0,0,0.412698,0.015873
24.428572,0.936508,background,0.000000,66.540001,0,0,0.428571,0.015873
25.333334,0.936508,background,0.000000,67.029999,0,0,0.444444,0.015873
26.238094,0.936508,background,0.000000,67.489998,0,0,0.460317,0.015873
27.142857,0.936508,background,0.000000,67.910004,0,0,0.476190,0.015873
28.047619,0.936508,background,0.000000,68.300003,0,0,0.492063,0.015873
28.952381,0.936508,background,0.000000,68.650002,0,0,0.507937,0.015873
29.857143,0.936508,background,0.000000,68.959999,0,0,0.523810,0.015873
30.761906,0.936508,background,0.000000,69.239998,0,0,0.539683,0.015873
31.666666,0.936508,background,0.000000,69.470001,0,0,0.555556,0.015873
32.571430,0.936508,background,0.000000,69.680000,0,0,0.571429,0.015873
33.476189,0.936508,background,0.000000,69.839996,0,0,0.587302,0.015873
34.380951,0.936508,background,0.000000,69.980003,0,0,0.603175,0.015873
35.285713,0.936508,background,0.000000,70.080002,0,0,0.619048,0.015873
36.190475,0.936508,background,0.000000,70.150002,0,0,0.634921,0.015873
37.095238,0.936508,background,0.000000,70.190002,0,0,0.650794,0.015873
38.000000,0.936508,background,0.000000,70.199997,0,0,0.666667,0.015873
38.904762,0.936508,background,0.000000,70.199997,0,0,0.682540,0.015873
39.809525,0.936508,background,0.000000,70.180000,0,0,0.698413,0.015873
40.714287,0.936508,background,0.000000,70.150002,0,0,0.714286,0.015873
41.619049,0.936508,background,0.000000,70.120003,0,0,0.730159,0.015873
42.523811,0.936508,background,0.000000,70.139999,0,0,0.746032,0.015873
43.428570,0.936508,background,0.000000,70.690002,0,0,0.761905,0.015873
44.333332,0.936508,background,0.000000,70.680000,0,0,0.777778,0.015873
45.238094,0.936508,background,0.000000,70.470001,0,0,0.793651,0.015873
46.142857,0.936508,background,0.000000,70.169998,0,0,0.809524,0.015873
47.047619,0.936508,background,0.000000,69.779999,0,0,0.825397,0.015873
47.952381,0.936508,background,0.000000,69.330002,0,0,0.841270,0.015873
48.857143,0.936508,background,0.000000,68.809998,0,0,0.857143,0.015873
49.761906,0.936508,background,0.000000,68.239998,0,0,0.873016,0.015873
50.666668,0.936508,background,0.000000,67.589996,0,0,0.888889,0.015873
51.571430,0.936508,background,0.000000,66.889999,0,0,0.904762,0.015873
52.476189,0.936508,background,0.000000,66.110001,0,0,0.920635,0.015873
53.380951,0.936508,background,0.000000,65.230003,0,0,0.936508,0.015873
54.285713,0.936508,background,0.000000,64.150002,0,0,0.952381,0.015873
55.190475,0.936508,background,0.000000,63.209999,0,0,0.968254,0.015873
56.095238,0.936508,background,0.000000,62.169998,0,0,0.984127,0.015873
57.000000,0.936508,background,0.000000,61.570000,0,0,1.000000,0.015873
0.000000,1.873016,background,0.000000,51.299999,0,0,0.000000,0.031746
0.904762,1.873016,background,0.000000,51.580002,0,0,0.015873,0.031746
1.809524,1.873016,background,0.000000,52.000000,0,0,0.031746,0.031746
2.714286,1.873016,background,0.000000,52.509998,0,0,0.047619,0.031746
3.619048,1.873016,background,0.000000,53.060001,0,0,0.063492,0.031746
4.523809,1.873016,background,0.000000,53.650002,0,0,0.079365,0.031746
5.428571,1.873016,background,0.000000,54.240002,0,0,0.095238,0.031746
6.333333,1.873016,background,0.000000,54.849998,0,0,0.111111,0.031746
7.238095,1.873016,background,0.000000,55.470001,0,0,0.126984,0.031746
8.142858,1.873016,background,0.000000,56.099998,0,0,0.142857,0.031746
9.047619,1.873016,background,0.000000,56.730000,0,0,0.158730,0.031746
9.952381,1.873016,background,0.000000,57.369999,0,0,0.174603,0.031746
10.857142,1.873016,background,0.000000,58.020000,0,0,0.190476,0.031746
11.761905,1.873016,background,0.000000,58.669998,0,0,0.206349,0.031746
12.666667,1.873016,background,0.000000,59.320000,0,0,0.222222,0.031746
13.571428,1.873016,background,0.000000,59.980000,0,0,0.238095,0.031746
14.476191,1.873016,background,0.000000,60.650002,0,0,0.253968,0.031746
15.380953,1.873016,background,0.000000,61.310001,0,0,0.269841,0.031746
16.285715,1.873016,background,0.000000,61.980000,0,0,0.285714,0.031746
17.190475,1.873016,background,0.000000,62.650002,0,0,0.301587,0.031746
18.095238,1.873016,background,0.000000,63.310001,0,0,0.317460,0.031746
19.000000,1.873016,background,0.000000,63.980000,0,0,0.333333,0.031746
19.904762,1.873016,background,0.000000,64.639999,0,0,0.349206,0.031746
20.809525,1.873016,background,0.000000,65.290001,0,0,0.365079,0.031746
21.714285,1.873016,background,0.000000,65.919998,0,0,0.380952,0.031746
22.619047,1.873016,background,0.000000,66.540001,0,0,0.396825,0.031746
23.523809,1.873016,background,0.000000,67.129997,0,0,0.412698,0.031746
24.428572,1.873016,background,0.000000,67.690002,0,0,0.428571,0.031746
25.333334,1.873016,background,0.000000,68.209999,0,0,0.444444,0.031746
26.238094,1.873016,background,0.000000,68.699997,0,0,0.460317,0.031746
27.142857,1.873016,background,0.000000,69.150002,0,0,0.476190,0.031746
28.047619,1.873016,background,0.000000,69.550003,0,0,0.492063,0.031746
28.952381,1.873016,background,0.000000,69.919998,0,0,0.507937,0.031746
29.857143,1.873016,background,0.000000,70.250000,0,0,0.523810,0.031746
30.761906,1.873016,background,0.000000,70.540001,0,0,0.539683,0.031746
31.666666,1.873016,background,0.000000,70.790001,0,0,0.555556,0.031746
32.571430,1.873016,background,0.000000,71.000000,0,0,0.571429,0.031746
33.476189,1.873016,background,0.000000,71.169998,0,0,0.587302,0.031746
34.380951,1.873016,background,0.000000,71.309998,0,0,0.603175,0.031746
35.285713,1.873016,background,0.000000,71.410004,0,0,0.619048,0.031746
36.190475,1.873016,background,0.000000,71.480003,0,0,0.634921,0.031746
37.095238,1.873016,background,0.000000,71.519997,0,0,0.650794,0.031746
38.000000,1.873016,background,0.000000,71.529999,0,0,0.666667,0.031746
38.904762,1.873016,background,0.000000,71.519997,0,0,0.682540,0.031746
39.809525,1.873016,background,0.000000,71.500000,0,0,0.698413,0.031746
40.714287,1.873016,background,0.000000,71.500000,0,0,0.714286,0.031746
41.619049,1.873016,background,0.000000,71.540001,0,0,0.730159,0.031746
42.523811,1.873016,background,0.000000,71.699997,0,0,0.746032,0.031746
43.428570,1.873016,background,0.000000,72.269997,0,0,0.761905,0.031746
44.333332,1.873016,background,0.000000,72.230003,0,0,0.777778,0.031746
45.238094,1.873016,background,0.000000,72.010002,0,0,0.793651,0.031746
46.142857,1.873016,background,0.000000,71.680000,0,0,0.809524,0.031746
47.047619,1.873016,background,0.000000,71.260002,0,0,0.825397,0.031746
47.952381,1.873016,background,0.000000,70.779999,0,0,0.841270,0.031746
48.857143,1.873016,background,0.000000,70.230003,0,0,0.857143,0.031746
49.761906,1.873016,background,0.000000,69.620003,0,0,0.873016,0.031746
50.666668,1.873016,background,0.000000,68.930000,0,0,0.888889,0.031746
51.571430,1.873016,background,0.000000,68.180000,0,0,0.904762,0.031746
52.476189,1.873016,background,0.000000,67.349998,0,0,0.920635,0.031746
53.380951,1.873016,background,0.000000,66.430000,0,0,0.936508,0.031746
54.285713,1.873016,background,0.000000,65.290001,0,0,0.952381,0.031746
55.190475,1.873016,background,0.000000,64.209999,0,0,0.968254,0.031746
56.095238,1.873016,background,0.000000,63.060001,0,0,0.984127,0.031746
57.000000,1.873016,background,0.000000,62.410000,0,0,1.000000,0.031746
0.000000,2.809524,background,0.000000,51.680000,0,0,0.000000,0.047619
0.904762,2.809524,background,0.000000,51.970001,0,0,0.015873,0.047619
1.809524,2.809524,background,0.000000,52.419998,0,0,0.031746,0.047619
2.714286,2.809524,background,0.000000,52.950001,0,0,0.047619,0.047619
3.619048,2.809524,background,0.000000,53.540001,0,0,0.063492,0.047619
4.523809,2.809524,background,0.000000,54.150002,0,0,0.079365,0.047619
5.428571,2.809524,background,0.000000,54.779999,0,0,0.095238,0.047619
6.333333,2.809524,background,0.000000,55.419998,0,0,0.111111,0.047619
7.238095,2.809524,background,0.000000,56.070000,0,0,0.126984,0.047619
8.142858,2.809524,background,0.000000,56.730000,0,0,0.142857,0.047619
9.047619,2.809524,background,0.000000,57.400002,0,0,0.158730,0.047619
9.952381,2.809524,background,0.000000,58.080002,0,0,0.174603,0.047619
10.857142,2.809524,background,0.000000,58.759998,0,0,0.190476,0.047619
11.761905,2.809524,background,0.000000,59.450001,0,0,0.206349,0.047619
12.666667,2.809524,background,0.000000,60.139999,0,0,0.222222,0.047619
13.571428,2.809524,background,0.000000,60.840000,0,0,0.238095,0.047619
14.476191,2.809524,background,0.000000,61.540001,0,0,0.253968,0.047619
15.380953,2.809524,background,0.000000,62.250000,0,0,0.269841,0.047619
16.285715,2.809524,background,0.000000,62.959999,0,0,0.285714,0.047619
17.190475,2.809524,background,0.000000,63.669998,0,0,0.301587,0.047619
18.095238,2.809524,background,0.000000,64.379997,0,0,0.317460,0.047619
19.000000,2.809524,background,0.000000,65.089996,0,0,0.333333,0.047619
19.904762,2.809524,background,0.000000,65.809998,0,0,0.349206,0.047619
20.809525,2.809524,background,0.000000,66.510002,0,0,0.365079,0.047619
21.714285,2.809524,background,0.000000,67.209999,0,0,0.380952,0.047619
22.619047,2.809524,background,0.000000,67.889999,0,0,0.396825,0.047619
23.523809,2.809524,background,0.000000,68.529999,0,0,0.412698,0.047619
24.428572,2.809524,background,0.000000,69.139999,0,0,0.428571,0.047619
25.333334,2.809524,background,0.000000,69.709999,0,0,0.444444,0.047619
26.238094,2.809524,background,0.000000,70.230003,0,0,0.460317,0.047619
27.142857,2.809524,background,0.000000,70.699997,0,0,0.476190,0.047619
28.047619,2.809524,background,0.000000,71.139999,0,0,0.492063,0.047619
28.952381,2.809524,background,0.000000,71.529999,0,0,0.507937,0.047619
29.857143,2.809524,background,0.000000,71.870003,0,0,0.523810,0.047619
30.761906,2.809524,background,0.000000,72.180000,0,0,0.539683,0.047619
31.666666,2.809524,background,0.000000,72.440002,0,0,0.555556,0.047619
32.571430,2.809524,background,0.000000,72.660004,0,0,0.571429,0.047619
33.476189,2.809524,background,0.000000,72.839996,0,0,0.587302,0.047619
34.380951,2.809524,background,0.000000,72.980003,0,0,0.603175,0.047619
35.285713,2.809524,background,0.000000,73.080002,0,0,0.619048,0.047619
36.190475,2.809524,background,0.000000,73.150002,0,0,0.634921,0.047619
37.095238,2.809524,background,0.000000,73.180000,0,0,0.650794,0.047619
38.000000,2.809524,background,0.000000,73.190002,0,0,0.666667,0.047619
38.904762,2.809524,background,0.000000,73.180000,0,0,0.682540,0.047619
39.809525,2.809524,background,0.000000,73.150002,0,0,0.698413,0.047619
40.714287,2.809524,background,0.000000,73.139999,0,0,0.714286,0.047619
41.619049,2.809524,background,0.000000,73.190002,0,0,0.730159,0.047619
42.523811,2.809524,background,0.000000,73.379997,0,0,0.746032,0.047619
43.428570,2.809524,background,0.000000,73.940002,0,0,0.761905,0.047619
44.333332,2.809524,background,0.000000,73.889999,0,0,0.777778,0.047619
45.238094,2.809524,background,0.000000,73.639999,0,0,0.793651,0.047619
46.142857,2.809524,background,0.000000,73.279999,0,0,0.809524,0.047619
47.047619,2.809524,background,0.000000,72.839996,0,0,0.825397,0.047619
47.952381,2.809524,background,0.000000,72.320000,0,0,0.841270,0.047619
48.857143,2.809524,background,0.000000,71.730003,0,0,0.857143,0.047619
49.761906,2.809524,background,0.000000,71.080002,0,0,0.873016,0.047619
50.666668,2.809524,background,0.000000,70.349998,0,0,0.888889,0.047619
51.571430,2.809524,background,0.000000,69.559998,0,0,0.904762,0.047619
52.476189,2.809524,background,0.000000,68.680000,0,0,0.920635,0.047619
53.380951,2.809524,background,0.000000,67.699997,0,0,0.936508,0.047619
54.285713,2.809524,background,0.000000,66.510002,0,0,0.952381,0.047619
55.190475,2.809524,background,0.000000,65.360001,0,0,0.968254,0.047619
56.095238,2.809524,background,0.000000,64.139999,0,0,0.984127,0.047619
57.000000,2.809524,background,0.000000,63.450001,0,0,1.000000,0.047619
0.000000,3.746032,background,0.000000,52.099998,0,0,0.000000,0.063492
0.904762,3.746032,background,0.000000,52.410000,0,0,0.015873,0.063492
1.809524,3.746032,background,0.000000,52.880001,0,0,0.031746,0.063492
2.714286,3.746032,background,0.000000,53.439999,0,0,0.047619,0.063492
3.619048,3.746032,background,0.000000,54.060001,0,0,0.063492,0.063492
4.523809,3.746032,background,0.000000,54.700001,0,0,0.079365,0.063492
5.428571,3.746032,background,0.000000,55.369999,0,0,0.095238,0.063492
6.333333,3.746032,background,0.000000,56.049999,0,0,0.111111,0.063492
7.238095,3.746032,background,0.000000,56.740002,0,0,0.126984,0.063492
8.142858,3.746032,background,0.000000,57.430000,0,0,0.142857,0.063492
9.047619,3.746032,background,0.000000,58.139999,0,0,0.158730,0.063492
9.952381,3.746032,background,0.000000,58.849998,0,0,0.174603,0.063492
10.857142,3.746032,background,0.000000,59.580002,0,0,0.190476,0.063492
11.761905,3.746032,background,0.000000,60.310001,0,0,0.206349,0.063492
12.666667,3.746032,background,0.000000,61.040001,0,0,0.222222,0.063492
13.571428,3.746032,background,0.000000,61.779999,0,0,0.238095,0.063492
14.476191,3.746032,background,0.000000,62.529999,0,0,0.253968,0.063492
15.380953,3.746032,background,0.000000,63.279999,0,0,0.269841,0.063492
16.285715,3.746032,background,0.000000,64.040001,0,0,0.285714,0.063492
17.190475,3.746032,background,0.000000,64.800003,0,0,0.301587,0.063492
18.095238,3.746032,background,0.000000,65.570000,0,0,0.317460,0.063492
19.000000,3.746032,background,0.000000,66.339996,0,0,0.333333,0.063492
19.904762,3.746032,background,0.000000,67.120003,0,0,0.349206,0.063492
20.809525,3.746032,background,0.000000,67.910004,0,0,0.365079,0.063492
21.714285,3.746032,background,0.000000,68.690002,0,0,0.380952,0.063492
22.619047,3.746032,background,0.000000,69.459999,0,0,0.396825,0.063492
23.523809,3.746032,background,0.000000,70.180000,0,0,0.412698,0.063492
24.428572,3.746032,background,0.000000,70.849998,0,0,0.428571,0.063492
25.333334,3.746032,background,0.000000,71.470001,0,0,0.444444,0.063492
26.238094,3.746032,background,0.000000,72.029999,0,0,0.460317,0.063492
27.142857,3.746032,background,0.000000,72.540001,0,0,0.476190,0.063492
28.047619,3.746032,background,0.000000,73.000000,0,0,0.492063,0.063492
28.952381,3.746032,background,0.000000,73.419998,0,0,0.507937,0.063492
29.857143,3.746032,background,0.000000,73.779999,0,0,0.523810,0.063492
30.761906,3.746032,background,0.000000,74.099998,0,0,0.539683,0.063492
31.666666,3.746032,background,0.000000,74.379997,0,0,0.555556,0.063492
32.571430,3.746032,background,0.000000,74.610001,0,0,0.571429,0.063492
33.476189,3.746032,background,0.000000,74.790001,0,0,0.587302,0.063492
34.380951,3.746032,background,0.000000,74.940002,0,0,0.603175,0.063492
35.285713,3.746032,background,0.000000,75.040001,0,0,0.619048,0.063492
36.190475,3.746032,background,0.000000,75.110001,0,0,0.634921,0.063492
37.095238,3.746032,background,0.000000,75.139999,0,0,0.650794,0.063492
38.000000,3.746032,background,0.000000,75.129997,0,0,0.666667,0.063492
38.904762,3.746032,background,0.000000,75.099998,0,0,0.682540,0.063492
39.809525,3.746032,background,0.000000,75.050003,0,0,0.698413,0.063492
40.714287,3.746032,background,0.000000,75.010002,0,0,0.714286,0.063492
41.619049,3.746032,background,0.000000,75.019997,0,0,0.730159,0.063492
42.523811,3.746032,background,0.000000,75.160004,0,0,0.746032,0.063492
43.428570,3.746032,background,0.000000,75.690002,0,0,0.761905,0.063492
44.333332,3.746032,background,0.000000,75.610001,0,0,0.777778,0.063492
45.238094,3.746032,background,0.000000,75.330002,0,0,0.793651,0.063492
46.142857,3.746032,background,0.000000,74.930000,0,0,0.809524,0.063492
47.047619,3.746032,background,0.000000,74.459999,0,0,0.825397,0.063492
47.952381,3.746032,background,0.000000,73.910004,0,0,0.841270,0.063492
48.857143,3.746032,background,0.000000,73.279999,0,0,0.857143,0.063492
49.761906,3.746032,background,0.000000,72.589996,0,0,0.873016,0.063492
50.666668,3.746032,background,0.000000,71.820000,0,0,0.888889,0.063492
51.571430,3.746032,background,0.000000,70.970001,0,0,0.904762,0.063492
52.476189,3.746032,background,0.000000,70.050003,0,0,0.920635,0.063492
53.380951,3.746032,background,0.000000,69.019997,0,0,0.936508,0.063492
54.285713,3.746032,background,0.000000,67.790001,0,0,0.952381,0.063492
55.190475,3.746032,background,0.000000,66.620003,0,0,0.968254,0.063492
56.095238,3.746032,background,0.000000,65.370003,0,0,0.984127,0.063492
57.000000,3.746032,background,0.000000,64.660004,0,0,1.000000,0.063492
0.000000,4.682539,background,0.000000,52.549999,0,0,0.000000,0.079365
0.904762,4.682539,background,0.000000,52.869999,0,0,0.015873,0.079365
1.809524,4.682539,background,0.000000,53.369999,0,0,0.031746,0.079365
2.714286,4.682539,background,0.000000,53.959999,0,0,0.047619,0.079365
3.619048,4.682539,background,0.000000,54.610001,0,0,0.063492,0.079365
4.523809,4.682539,background,0.000000,55.290001,0,0,0.079365,0.079365
5.428571,4.682539,background,0.000000,55.990002,0,0,0.095238,0.079365
6.333333,4.682539,background,0.000000,56.709999,0,0,0.111111,0.079365
7.238095,4.682539,background,0.000000,57.439999,0,0,0.126984,0.079365
8.142858,4.682539,background,0.000000,58.169998,0,0,0.142857,0.079365
9.047619,4.682539,background,0.000000,58.919998,0,0,0.158730,0.079365
9.952381,4.682539,background,0.000000,59.680000,0,0,0.174603,0.079365
10.857142,4.682539,background,0.000000,60.439999,0,0,0.190476,0.079365
11.761905,4.682539,background,0.000000,61.220001,0,0,0.206349,0.079365
12.666667,4.682539,background,0.000000,62.000000,0,0,0.222222,0.079365
13.571428,4.682539,background,0.000000,62.790001,0,0,0.238095,0.079365
14.476191,4.682539,background,0.000000,63.580002,0,0,0.253968,0.079365
15.380953,4.682539,background,0.000000,64.389999,0,0,0.269841,0.079365
16.285715,4.682539,background,0.000000,65.199997,0,0,0.285714,0.079365
17.190475,4.682539,background,0.000000,66.010002,0,0,0.301587,0.079365
18.095238,4.682539,background,0.000000,66.839996,0,0,0.317460,0.079365
19.000000,4.682539,background,0.000000,67.690002,0,0,0.333333,0.079365
19.904762,4.682539,background,0.000000,68.559998,0,0,0.349206,0.079365
20.809525,4.682539,background,0.000000,69.449997,0,0,0.365079,0.079365
21.714285,4.682539,background,0.000000,70.370003,0,0,0.380952,0.079365
22.619047,4.682539,background,0.000000,71.279999,0,0,0.396825,0.079365
23.523809,4.682539,background,0.000000,72.110001,0,1,0.412698,0.079365
24.428572,4.682539,background,0.000000,72.870003,0,1,0.428571,0.079365
25.333334,4.682539,background,0.000000,73.550003,0,1,0.444444,0.079365
26.238094,4.682539,background,0.000000,74.160004,0,1,0.460317,0.079365
27.142857,4.682539,background,0.000000,74.709999,0,1,0.476190,0.079365
28.047619,4.682539,background,0.000000,75.199997,0,1,0.492063,0.079365
28.952381,4.682539,background,0.000000,75.639999,0,1,0.507937,0.079365
29.857143,4.682539,background,0.000000,76.029999,0,1,0.523810,0.079365
30.761906,4.682539,background,0.000000,76.360001,0,1,0.539683,0.079365
31.666666,4.682539,background,0.000000,76.650002,0,1,0.555556,0.079365
32.571430,4.682539,background,0.000000,76.889999,0,1,0.571429,0.079365
33.476189,4.682539,background,0.000000,77.080002,0,1,0.587302,0.079365
34.380951,4.682539,background,0.000000,77.230003,0,1,0.603175,0.079365
35.285713,4.682539,background,0.000000,77.330002,0,1,0.619048,0.079365
36.190475,4.682539,background,0.000000,77.389999,0,1,0.634921,0.079365
37.095238,4.682539,background,0.000000,77.410004,0,1,0.650794,0.079365
38.000000,4.682539,background,0.000000,77.400002,0,1,0.666667,0.079365
38.904762,4.682539,background,0.000000,77.339996,0,1,0.682540,0.079365
39.809525,4.682539,background,0.000000,77.260002,0,1,0.698413,0.079365
40.714287,4.682539,background,0.000000,77.139999,0,1,0.714286,0.079365
41.619049,4.682539,background,0.000000,77.040001,0,0,0.730159,0.079365
42.523811,4.682539,background,0.000000,77.029999,0,0,0.746032,0.079365
43.428570,4.682539,background,0.000000,77.510002,0,0,0.761905,0.079365
44.333332,4.682539,background,0.000000,77.389999,0,0,0.777778,0.079365
45.238094,4.682539,background,0.000000,77.070000,0,0,0.793651,0.079365
46.142857,4.682539,background,0.000000,76.650002,0,0,0.809524,0.079365
47.047619,4.682539,background,0.000000,76.139999,0,0,0.825397,0.079365
47.952381,4.682539,background,0.000000,75.550003,0,0,0.841270,0.079365
48.857143,4.682539,background,0.000000,74.879997,0,0,0.857143,0.079365
49.761906,4.682539,background,0.000000,74.150002,0,0,0.873016,0.079365
50.666668,4.682539,background,0.000000,73.330002,0,0,0.888889,0.079365
51.571430,4.682539,background,0.000000,72.449997,0,0,0.904762,0.079365
52.476189,4.682539,background,0.000000,71.470001,0,0,0.920635,0.079365
53.380951,4.682539,background,0.000000,70.400002,0,0,0.936508,0.079365
54.285713,4.682539,background,0.000000,69.129997,0,0,0.952381,0.079365
55.190475,4.682539,background,0.000000,68.010002,0,0,0.968254,0.079365
56.095238,4.682539,background,0.000000,66.790001,0,0,0.984127,0.079365
57.000000,4.682539,background,0.000000,66.070000,0,0,1.000000,0.079365
0.000000,5.619048,background,0.000000,53.020000,0,0,0.000000,0.095238
0.904762,5.619048,background,0.000000,53.349998,0,0,0.015873,0.095238
1.809524,5.619048,background,0.000000,53.880001,0,0,0.031746,0.095238
2.714286,5.619048,background,0.000000,54.509998,0,0,0.047619,0.095238
3.619048,5.619048,background,0.000000,55.189999,0,0,0.063492,0.095238
4.523809,5.619048,background,0.000000,55.910000,0,0,0.079365,0.095238
5.428571,5.619048,background,0.000000,56.639999,0,0,0.095238,0.095238
6.333333,5.619048,background,0.000000,57.400002,0,0,0.111111,0.095238
7.238095,5.619048,background,0.000000,58.169998,0,0,0.126984,0.095238
8.142858,5.619048,background,0.000000,58.939999,0,0,0.142857,0.095238
9.047619,5.619048,background,0.000000,59.730000,0,0,0.158730,0.095238
9.952381,5.619048,background,0.000000,60.529999,0,0,0.174603,0.095238
10.857142,5.619048,background,0.000000,61.340000,0,0,0.190476,0.095238
11.761905,5.619048,background,0.000000,62.160000,0,0,0.206349,0.095238
12.666667,5.619048,background,0.000000,63.000000,0,0,0.222222,0.095238
13.571428,5.619048,background,0.000000,63.840000,0,0,0.238095,0.095238
14.476191,5.619048,background,0.000000,64.690002,0,0,0.253968,0.095238
15.380953,5.619048,background,0.000000,65.540001,0,0,0.269841,0.095238
16.285715,5.619048,background,0.000000,66.410004,0,0,0.285714,0.095238
17.190475,5.619048,background,0.000000,67.290001,0,0,0.301587,0.095238
18.095238,5.619048,background,0.000000,68.190002,0,0,0.317460,0.095238
19.000000,5.619048,background,0.000000,69.120003,0,0,0.333333,0.095238
19.904762,5.619048,background,0.000000,70.110001,0,0,0.349206,0.095238
20.809525,5.619048,background,0.000000,71.169998,0,0,0.365079,0.095238
21.714285,5.619048,background,0.000000,72.309998,0,0,0.380952,0.095238
22.619047,5.619048,background,0.000000,73.470001,0,1,0.396825,0.095238
23.523809,5.619048,GPU_2,300.000000,74.480003,1,0,0.412698,0.095238
24.428572,5.619048,GPU_2,300.000000,75.349998,1,0,0.428571,0.095238
25.333334,5.619048,GPU_2,300.000000,76.099998,1,0,0.444444,0.095238
26.238094,5.619048,GPU_2,300.000000,76.769997,1,0,0.460317,0.095238
27.142857,5.619048,GPU_2,300.000000,77.360001,1,0,0.476190,0.095238
28.047619,5.619048,GPU_2,300.000000,77.879997,1,0,0.492063,0.095238
28.952381,5.619048,GPU_2,300.000000,78.349998,1,0,0.507937,0.095238
29.857143,5.619048,GPU_2,300.000000,78.750000,1,0,0.523810,0.095238
30.761906,5.619048,GPU_2,300.000000,79.110001,1,0,0.539683,0.095238
31.666666,5.619048,GPU_2,300.000000,79.400002,1,0,0.555556,0.095238
32.571430,5.619048,GPU_2,300.000000,79.650002,1,0,0.571429,0.095238
33.476189,5.619048,GPU_2,300.000000,79.849998,1,0,0.587302,0.095238
34.380951,5.619048,GPU_2,300.000000,80.000000,1,0,0.603175,0.095238
35.285713,5.619048,GPU_2,300.000000,80.099998,1,0,0.619048,0.095238
36.190475,5.619048,GPU_2,300.000000,80.150002,1,0,0.634921,0.095238
37.095238,5.619048,GPU_2,300.000000,80.160004,1,0,0.650794,0.095238
38.000000,5.619048,GPU_2,300.000000,80.129997,1,0,0.666667,0.095238
38.904762,5.619048,GPU_2,300.000000,80.050003,1,0,0.682540,0.095238
39.809525,5.619048,GPU_2,300.000000,79.910004,1,0,0.698413,0.095238
40.714287,5.619048,GPU_2,300.000000,79.699997,1,1,0.714286,0.095238
41.619049,5.619048,background,0.000000,79.400002,0,0,0.730159,0.095238
42.523811,5.619048,background,0.000000,79.070000,0,0,0.746032,0.095238
43.428570,5.619048,background,0.000000,79.440002,0,0,0.761905,0.095238
44.333332,5.619048,background,0.000000,79.269997,0,0,0.777778,0.095238
45.238094,5.619048,background,0.000000,78.919998,0,0,0.793651,0.095238
46.142857,5.619048,background,0.000000,78.449997,0,0,0.809524,0.095238
47.047619,5.619048,background,0.000000,77.900002,0,0,0.825397,0.095238
47.952381,5.619048,background,0.000000,77.279999,0,0,0.841270,0.095238
48.857143,5.619048,background,0.000000,76.570000,0,0,0.857143,0.095238
49.761906,5.619048,background,0.000000,75.790001,0,0,0.873016,0.095238
50.666668,5.619048,background,0.000000,74.940002,0,0,0.888889,0.095238
51.571430,5.619048,background,0.000000,74.010002,0,0,0.904762,0.095238
52.476189,5.619048,background,0.000000,72.989998,0,0,0.920635,0.095238
53.380951,5.619048,background,0.000000,71.879997,0,0,0.936508,0.095238
54.285713,5.619048,background,0.000000,70.599998,0,0,0.952381,0.095238
55.190475,5.619048,background,0.000000,69.639999,0,0,0.968254,0.095238
56.095238,5.619048,background,0.000000,68.529999,0,0,0.984127,0.095238
57.000000,5.619048,background,0.000000,67.830002,0,0,1.000000,0.095238
0.000000,6.555555,background,0.000000,53.500000,0,0,0.000000,0.111111
0.904762,6.555555,background,0.000000,53.849998,0,0,0.015873,0.111111
1.809524,6.555555,background,0.000000,54.410000,0,0,0.031746,0.111111
2.714286,6.555555,background,0.000000,55.070000,0,0,0.047619,0.111111
3.619048,6.555555,background,0.000000,55.779999,0,0,0.063492,0.111111
4.523809,6.555555,background,0.000000,56.540001,0,0,0.079365,0.111111
5.428571,6.555555,background,0.000000,57.310001,0,0,0.095238,0.111111
6.333333,6.555555,background,0.000000,58.110001,0,0,0.111111,0.111111
7.238095,6.555555,background,0.000000,58.919998,0,0,0.126984,0.111111
8.142858,6.555555,background,0.000000,59.740002,0,0,0.142857,0.111111
9.047619,6.555555,background,0.000000,60.570000,0,0,0.158730,0.111111
9.952381,6.555555,background,0.000000,61.410000,0,0,0.174603,0.111111
10.857142,6.555555,background,0.000000,62.270000,0,0,0.190476,0.111111
11.761905,6.555555,background,0.000000,63.139999,0,0,0.206349,0.111111
12.666667,6.555555,background,0.000000,64.029999,0,0,0.222222,0.111111
13.571428,6.555555,background,0.000000,64.930000,0,0,0.238095,0.111111
14.476191,6.555555,background,0.000000,65.839996,0,0,0.253968,0.111111
15.380953,6.555555,background,0.000000,66.750000,0,0,0.269841,0.111111
16.285715,6.555555,background,0.000000,67.680000,0,0,0.285714,0.111111
17.190475,6.555555,background,0.000000,68.629997,0,0,0.301587,0.111111
18.095238,6.555555,background,0.000000,69.599998,0,0,0.317460,0.111111
19.000000,6.555555,background,0.000000,70.639999,0,0,0.333333,0.111111
19.904762,6.555555,background,0.000000,71.769997,0,0,0.349206,0.111111
20.809525,6.555555,background,0.000000,73.070000,0,0,0.365079,0.111111
21.714285,6.555555,background,0.000000,74.610001,0,0,0.380952,0.111111
22.619047,6.555555,background,0.000000,76.309998,0,1,0.396825,0.111111
23.523809,6.555555,GPU_2,300.000000,77.599998,1,0,0.412698,0.111111
24.428572,6.555555,GPU_2,300.000000,78.610001,1,0,0.428571,0.111111
25.333334,6.555555,GPU_2,300.000000,79.440002,1,0,0.444444,0.111111
26.238094,6.555555,GPU_2,300.000000,80.150002,1,0,0.460317,0.111111
27.142857,6.555555,GPU_2,300.000000,80.779999,1,0,0.476190,0.111111
28.047619,6.555555,GPU_2,300.000000,81.339996,1,0,0.492063,0.111111
28.952381,6.555555,GPU_2,300.000000,81.830002,1,0,0.507937,0.111111
29.857143,6.555555,GPU_2,300.000000,82.260002,1,0,0.523810,0.111111
30.761906,6.555555,GPU_2,300.000000,82.629997,1,0,0.539683,0.111111
31.666666,6.555555,GPU_2,300.000000,82.940002,1,0,0.555556,0.111111
32.571430,6.555555,GPU_2,300.000000,83.199997,1,0,0.571429,0.111111
33.476189,6.555555,GPU_2,300.000000,83.400002,1,0,0.587302,0.111111
34.380951,6.555555,GPU_2,300.000000,83.540001,1,0,0.603175,0.111111
35.285713,6.555555,GPU_2,300.000000,83.639999,1,0,0.619048,0.111111
36.190475,6.555555,GPU_2,300.000000,83.690002,1,0,0.634921,0.111111
37.095238,6.555555,GPU_2,300.000000,83.690002,1,0,0.650794,0.111111
38.000000,6.555555,GPU_2,300.000000,83.639999,1,0,0.666667,0.111111
38.904762,6.555555,GPU_2,300.000000,83.529999,1,0,0.682540,0.111111
39.809525,6.555555,GPU_2,300.000000,83.349998,1,0,0.698413,0.111111
40.714287,6.555555,GPU_2,300.000000,83.029999,1,1,0.714286,0.111111
41.619049,6.555555,background,0.000000,82.430000,0,0,0.730159,0.111111
42.523811,6.555555,background,0.000000,81.510002,0,0,0.746032,0.111111
43.428570,6.555555,background,0.000000,81.629997,0,0,0.761905,0.111111
44.333332,6.555555,background,0.000000,81.389999,0,0,0.777778,0.111111
45.238094,6.555555,background,0.000000,80.980003,0,0,0.793651,0.111111
46.142857,6.555555,background,0.000000,80.480003,0,0,0.809524,0.111111
47.047619,6.555555,background,0.000000,79.889999,0,0,0.825397,0.111111
47.952381,6.555555,background,0.000000,79.220001,0,0,0.841270,0.111111
48.857143,6.555555,background,0.000000,78.480003,0,0,0.857143,0.111111
49.761906,6.555555,background,0.000000,77.660004,0,0,0.873016,0.111111
50.666668,6.555555,background,0.000000,76.760002,0,0,0.888889,0.111111
51.571430,6.555555,background,0.000000,75.790001,0,0,0.904762,0.111111
52.476189,6.555555,background,0.000000,74.730003,0,0,0.920635,0.111111
53.380951,6.555555,background,0.000000,73.589996,0,0,0.936508,0.111111
54.285713,6.555555,background,0.000000,72.349998,0,0,0.952381,0.111111
55.190475,6.555555,background,0.000000,71.790001,0,0,0.968254,0.111111
56.095238,6.555555,background,0.000000,70.879997,0,0,0.984127,0.111111
57.000000,6.555555,background,0.000000,70.199997,0,0,1.000000,0.111111
0.000000,7.492064,background,0.000000,53.990002,0,0,0.000000,0.126984
0.904762,7.492064,background,0.000000,54.369999,0,0,0.015873,0.126984
1.809524,7.492064,background,0.000000,54.950001,0,0,0.031746,0.126984
2.714286,7.492064,background,0.000000,55.639999,0,0,0.047619,0.126984
3.619048,7.492064,background,0.000000,56.389999,0,0,0.063492,0.126984
4.523809,7.492064,background,0.000000,57.180000,0,0,0.079365,0.126984
5.428571,7.492064,background,0.000000,58.000000,0,0,0.095238,0.126984
6.333333,7.492064,background,0.000000,58.830002,0,0,0.111111,0.126984
7.238095,7.492064,background,0.000000,59.680000,0,0,0.126984,0.126984
8.142858,7.492064,background,0.000000,60.549999,0,0,0.142857,0.126984
9.047619,7.492064,background,0.000000,61.419998,0,0,0.158730,0.126984
9.952381,7.492064,background,0.000000,62.320000,0,0,0.174603,0.126984
10.857142,7.492064,background,0.000000,63.220001,0,0,0.190476,0.126984
11.761905,7.492064,background,0.000000,64.150002,0,0,0.206349,0.126984
12.666667,7.492064,background,0.000000,65.099998,0,0,0.222222,0.126984
13.571428,7.492064,background,0.000000,66.059998,0,0,0.238095,0.126984
14.476191,7.492064,background,0.000000,67.040001,0,0,0.253968,0.126984
15.380953,7.492064,background,0.000000,68.029999,0,0,0.269841,0.126984
16.285715,7.492064,background,0.000000,69.029999,0,0,0.285714,0.126984
17.190475,7.492064,background,0.000000,70.040001,0,0,0.301587,0.126984
18.095238,7.492064,background,0.000000,71.089996,0,0,0.317460,0.126984
19.000000,7.492064,background,0.000000,72.230003,0,0,0.333333,0.126984
19.904762,7.492064,background,0.000000,73.540001,0,0,0.349206,0.126984
20.809525,7.492064,background,0.000000,75.180000,0,0,0.365079,0.126984
21.714285,7.492064,background,0.000000,77.400002,0,0,0.380952,0.126984
22.619047,7.492064,background,0.000000,80.339996,0,1,0.396825,0.126984
23.523809,7.492064,GPU_2,300.000000,81.959999,1,0,0.412698,0.126984
24.428572,7.492064,GPU_2,300.000000,83.080002,1,0,0.428571,0.126984
25.333334,7.492064,GPU_2,300.000000,83.970001,1,0,0.444444,0.126984
26.238094,7.492064,GPU_2,300.000000,84.730003,1,0,0.460317,0.126984
27.142857,7.492064,GPU_2,300.000000,85.400002,1,0,0.476190,0.126984
28.047619,7.492064,GPU_2,300.000000,85.989998,1,0,0.492063,0.126984
28.952381,7.492064,GPU_2,300.000000,86.500000,1,0,0.507937,0.126984
29.857143,7.492064,GPU_2,300.000000,86.949997,1,0,0.523810,0.126984
30.761906,7.492064,GPU_2,300.000000,87.339996,1,0,0.539683,0.126984
31.666666,7.492064,GPU_2,300.000000,87.660004,1,0,0.555556,0.126984
32.571430,7.492064,GPU_2,300.000000,87.919998,1,0,0.571429,0.126984
33.476189,7.492064,GPU_2,300.000000,88.120003,1,0,0.587302,0.126984
34.380951,7.492064,GPU_2,300.000000,88.269997,1,0,0.603175,0.126984
35.285713,7.492064,GPU_2,300.000000,88.360001,1,0,0.619048,0.126984
36.190475,7.492064,GPU_2,300.000000,88.400002,1,0,0.634921,0.126984
37.095238,7.492064,GPU_2,300.000000,88.389999,1,0,0.650794,0.126984
38.000000,7.492064,GPU_2,300.000000,88.320000,1,0,0.666667,0.126984
38.904762,7.492064,GPU_2,300.000000,88.190002,1,0,0.682540,0.126984
39.809525,7.492064,GPU_2,300.000000,87.989998,1,0,0.698413,0.126984
40.714287,7.492064,GPU_2,300.000000,87.629997,1,1,0.714286,0.126984
41.619049,7.492064,background,0.000000,86.839996,0,0,0.730159,0.126984
42.523811,7.492064,background,0.000000,85.050003,0,0,0.746032,0.126984
43.428570,7.492064,background,0.000000,84.589996,0,0,0.761905,0.126984
44.333332,7.492064,background,0.000000,84.209999,0,0,0.777778,0.126984
45.238094,7.492064,background,0.000000,83.750000,0,0,0.793651,0.126984
46.142857,7.492064,background,0.000000,83.199997,0,0,0.809524,0.126984
47.047619,7.492064,background,0.000000,82.559998,0,0,0.825397,0.126984
47.952381,7.492064,background,0.000000,81.860001,0,0,0.841270,0.126984
48.857143,7.492064,background,0.000000,81.070000,0,0,0.857143,0.126984
49.761906,7.492064,background,0.000000,80.209999,0,0,0.873016,0.126984
50.666668,7.492064,background,0.000000,79.269997,0,0,0.888889,0.126984
51.571430,7.492064,background,0.000000,78.260002,0,0,0.904762,0.126984
52.476189,7.492064,background,0.000000,77.160004,0,0,0.920635,0.126984
53.380951,7.492064,background,0.000000,76.010002,0,0,0.936508,0.126984
54.285713,7.492064,background,0.000000,74.910004,0,0,0.952381,0.126984
55.190475,7.492064,background,0.000000,75.059998,0,0,0.968254,0.126984
56.095238,7.492064,background,0.000000,74.300003,0,0,0.984127,0.126984
57.000000,7.492064,background,0.000000,73.510002,0,0,1.000000,0.126984
0.000000,8.428572,background,0.000000,54.500000,0,0,0.000000,0.142857
0.904762,8.428572,background,0.000000,54.889999,0,0,0.015873,0.142857
1.809524,8.428572,background,0.000000,55.500000,0,0,0.031746,0.142857
2.714286,8.428572,background,0.000000,56.220001,0,0,0.047619,0.142857
3.619048,8.428572,background,0.000000,57.009998,0,0,0.063492,0.142857
4.523809,8.428572,background,0.000000,57.840000,0,0,0.079365,0.142857
5.428571,8.428572,background,0.000000,58.700001,0,0,0.095238,0.142857
6.333333,8.428572,background,0.000000,59.570000,0,0,0.111111,0.142857
7.238095,8.428572,background,0.000000,60.459999,0,0,0.126984,0.142857
8.142858,8.428572,background,0.000000,61.369999,0,0,0.142857,0.142857
9.047619,8.428572,background,0.000000,62.290001,0,0,0.158730,0.142857
9.952381,8.428572,background,0.000000,63.240002,0,0,0.174603,0.142857
10.857142,8.428572,background,0.000000,64.199997,0,0,0.190476,0.142857
11.761905,8.428572,background,0.000000,65.190002,0,0,0.206349,0.142857
12.666667,8.428572,background,0.000000,66.209999,0,0,0.222222,0.142857
13.571428,8.428572,background,0.000000,67.260002,0,0,0.238095,0.142857
14.476191,8.428572,background,0.000000,68.339996,0,0,0.253968,0.142857
15.380953,8.428572,background,0.000000,69.410004,0,0,0.269841,0.142857
16.285715,8.428572,background,0.000000,70.480003,0,0,0.285714,0.142857
17.190475,8.428572,background,0.000000,71.559998,0,0,0.301587,0.142857
18.095238,8.428572,background,0.000000,72.680000,0,0,0.317460,0.142857
19.000000,8.428572,background,0.000000,73.919998,0,0,0.333333,0.142857
19.904762,8.428572,background,0.000000,75.379997,0,0,0.349206,0.142857
20.809525,8.428572,background,0.000000,77.339996,0,0,0.365079,0.142857
21.714285,8.428572,background,0.000000,80.230003,0,0,0.380952,0.142857
22.619047,8.428572,background,0.000000,83.940002,0,1,0.396825,0.142857
23.523809,8.428572,GPU_2,300.000000,85.459999,1,0,0.412698,0.142857
24.428572,8.428572,GPU_2,300.000000,86.550003,1,0,0.428571,0.142857
25.333334,8.428572,GPU_2,300.000000,87.449997,1,0,0.444444,0.142857
26.238094,8.428572,GPU_2,300.000000,88.230003,1,0,0.460317,0.142857
27.142857,8.428572,GPU_2,300.000000,88.919998,1,0,0.476190,0.142857
28.047619,8.428572,GPU_2,300.000000,89.519997,1,0,0.492063,0.142857
28.952381,8.428572,GPU_2,300.000000,90.059998,1,0,0.507937,0.142857
29.857143,8.428572,GPU_2,300.000000,90.519997,1,0,0.523810,0.142857
30.761906,8.428572,GPU_2,300.000000,90.910004,1,0,0.539683,0.142857
31.666666,8.428572,GPU_2,300.000000,91.239998,1,0,0.555556,0.142857
32.571430,8.428572,GPU_2,300.000000,91.500000,1,0,0.571429,0.142857
33.476189,8.428572,GPU_2,300.000000,91.709999,1,0,0.587302,0.142857
34.380951,8.428572,GPU_2,300.000000,91.849998,1,0,0.603175,0.142857
35.285713,8.428572,GPU_2,300.000000,91.940002,1,0,0.619048,0.142857
36.190475,8.428572,GPU_2,300.000000,91.970001,1,0,0.634921,0.142857
37.095238,8.428572,GPU_2,300.000000,91.949997,1,0,0.650794,0.142857
38.000000,8.428572,GPU_2,300.000000,91.870003,1,0,0.666667,0.142857
38.904762,8.428572,GPU_2,300.000000,91.739998,1,0,0.682540,0.142857
39.809525,8.428572,GPU_2,300.000000,91.550003,1,0,0.698413,0.142857
40.714287,8.428572,GPU_2,300.000000,91.290001,1,1,0.714286,0.142857
41.619049,8.428572,HBM_2,25.000000,90.889999,1,1,0.730159,0.142857
42.523811,8.428572,HBM_2,25.000000,90.220001,1,1,0.746032,0.142857
43.428570,8.428572,HBM_2,25.000000,89.559998,1,1,0.761905,0.142857
44.333332,8.428572,HBM_2,25.000000,89.070000,1,1,0.777778,0.142857
45.238094,8.428572,HBM_2,25.000000,88.540001,1,1,0.793651,0.142857
46.142857,8.428572,HBM_2,25.000000,87.949997,1,1,0.809524,0.142857
47.047619,8.428572,HBM_2,25.000000,87.279999,1,1,0.825397,0.142857
47.952381,8.428572,HBM_2,25.000000,86.529999,1,1,0.841270,0.142857
48.857143,8.428572,HBM_2,25.000000,85.699997,1,1,0.857143,0.142857
49.761906,8.428572,background,0.000000,84.800003,0,0,0.873016,0.142857
50.666668,8.428572,background,0.000000,83.820000,0,0,0.888889,0.142857
51.571430,8.428572,background,0.000000,82.760002,0,0,0.904762,0.142857
52.476189,8.428572,background,0.000000,81.629997,0,0,0.920635,0.142857
53.380951,8.428572,background,0.000000,80.430000,0,0,0.936508,0.142857
54.285713,8.428572,background,0.000000,79.269997,0,0,0.952381,0.142857
55.190475,8.428572,background,0.000000,78.320000,0,0,0.968254,0.142857
56.095238,8.428572,background,0.000000,77.070000,0,0,0.984127,0.142857
57.000000,8.428572,background,0.000000,75.949997,0,0,1.000000,0.142857
0.000000,9.365079,background,0.000000,55.020000,0,0,0.000000,0.158730
0.904762,9.365079,background,0.000000,55.430000,0,0,0.015873,0.158730
1.809524,9.365079,background,0.000000,56.060001,0,0,0.031746,0.158730
2.714286,9.365079,background,0.000000,56.820000,0,0,0.047619,0.158730
3.619048,9.365079,background,0.000000,57.650002,0,0,0.063492,0.158730
4.523809,9.365079,background,0.000000,58.509998,0,0,0.079365,0.158730
5.428571,9.365079,background,0.000000,59.410000,0,0,0.095238,0.158730
6.333333,9.365079,background,0.000000,60.330002,0,0,0.111111,0.158730
7.238095,9.365079,background,0.000000,61.259998,0,0,0.126984,0.158730
8.142858,9.365079,background,0.000000,62.209999,0,0,0.142857,0.158730
9.047619,9.365079,background,0.000000,63.180000,0,0,0.158730,0.158730
9.952381,9.365079,background,0.000000,64.169998,0,0,0.174603,0.158730
10.857142,9.365079,background,0.000000,65.199997,0,0,0.190476,0.158730
11.761905,9.365079,background,0.000000,66.260002,0,0,0.206349,0.158730
12.666667,9.365079,background,0.000000,67.370003,0,0,0.222222,0.158730
13.571428,9.365079,background,0.000000,68.550003,0,0,0.238095,0.158730
14.476191,9.365079,background,0.000000,69.769997,0,0,0.253968,0.158730
15.380953,9.365079,background,0.000000,70.970001,0,0,0.269841,0.158730
16.285715,9.365079,background,0.000000,72.110001,0,0,0.285714,0.158730
17.190475,9.365079,background,0.000000,73.260002,0,0,0.301587,0.158730
18.095238,9.365079,background,0.000000,74.440002,0,0,0.317460,0.158730
19.000000,9.365079,background,0.000000,75.720001,0,0,0.333333,0.158730
19.904762,9.365079,background,0.000000,77.250000,0,0,0.349206,0.158730
20.809525,9.365079,background,0.000000,79.290001,0,0,0.365079,0.158730
21.714285,9.365079,background,0.000000,82.260002,0,0,0.380952,0.158730
22.619047,9.365079,background,0.000000,85.980003,0,1,0.396825,0.158730
23.523809,9.365079,GPU_2,300.000000,87.550003,1,0,0.412698,0.158730
24.428572,9.365079,GPU_2,300.000000,88.680000,1,0,0.428571,0.158730
25.333334,9.365079,GPU_2,300.000000,89.620003,1,0,0.444444,0.158730
26.238094,9.365079,GPU_2,300.000000,90.440002,1,0,0.460317,0.158730
27.142857,9.365079,GPU_2,300.000000,91.150002,1,0,0.476190,0.158730
28.047619,9.365079,GPU_2,300.000000,91.779999,1,0,0.492063,0.158730
28.952381,9.365079,GPU_2,300.000000,92.330002,1,0,0.507937,0.158730
29.857143,9.365079,GPU_2,300.000000,92.800003,1,0,0.523810,0.158730
30.761906,9.365079,GPU_2,300.000000,93.199997,1,0,0.539683,0.158730
31.666666,9.365079,GPU_2,300.000000,93.540001,1,0,0.555556,0.158730
32.571430,9.365079,GPU_2,300.000000,93.800003,1,0,0.571429,0.158730
33.476189,9.365079,GPU_2,300.000000,94.010002,1,0,0.587302,0.158730
34.380951,9.365079,GPU_2,300.000000,94.150002,1,0,0.603175,0.158730
35.285713,9.365079,GPU_2,300.000000,94.230003,1,0,0.619048,0.158730
36.190475,9.365079,GPU_2,300.000000,94.250000,1,0,0.634921,0.158730
37.095238,9.365079,GPU_2,300.000000,94.220001,1,0,0.650794,0.158730
38.000000,9.365079,GPU_2,300.000000,94.120003,1,0,0.666667,0.158730
38.904762,9.365079,GPU_2,300.000000,93.980003,1,0,0.682540,0.158730
39.809525,9.365079,GPU_2,300.000000,93.769997,1,0,0.698413,0.158730
40.714287,9.365079,GPU_2,300.000000,93.510002,1,1,0.714286,0.158730
41.619049,9.365079,HBM_2,25.000000,93.169998,1,0,0.730159,0.158730
42.523811,9.365079,HBM_2,25.000000,92.739998,1,0,0.746032,0.158730
43.428570,9.365079,HBM_2,25.000000,92.250000,1,0,0.761905,0.158730
44.333332,9.365079,HBM_2,25.000000,91.739998,1,0,0.777778,0.158730
45.238094,9.365079,HBM_2,25.000000,91.169998,1,0,0.793651,0.158730
46.142857,9.365079,HBM_2,25.000000,90.529999,1,0,0.809524,0.158730
47.047619,9.365079,HBM_2,25.000000,89.820000,1,0,0.825397,0.158730
47.952381,9.365079,HBM_2,25.000000,89.029999,1,0,0.841270,0.158730
48.857143,9.365079,HBM_2,25.000000,88.169998,1,1,0.857143,0.158730
49.761906,9.365079,background,0.000000,87.230003,0,0,0.873016,0.158730
50.666668,9.365079,background,0.000000,86.209999,0,0,0.888889,0.158730
51.571430,9.365079,background,0.000000,85.099998,0,0,0.904762,0.158730
52.476189,9.365079,background,0.000000,83.919998,0,0,0.920635,0.158730
53.380951,9.365079,background,0.000000,82.669998,0,0,0.936508,0.158730
54.285713,9.365079,background,0.000000,81.360001,0,0,0.952381,0.158730
55.190475,9.365079,background,0.000000,80.019997,0,0,0.968254,0.158730
56.095238,9.365079,background,0.000000,78.599998,0,0,0.984127,0.158730
57.000000,9.365079,background,0.000000,77.379997,0,0,1.000000,0.158730
0.000000,10.301587,background,0.000000,55.540001,0,0,0.000000,0.174603
0.904762,10.301587,background,0.000000,55.970001,0,0,0.015873,0.174603
1.809524,10.301587,background,0.000000,56.630001,0,0,0.031746,0.174603
2.714286,10.301587,background,0.000000,57.430000,0,0,0.047619,0.174603
3.619048,10.301587,background,0.000000,58.290001,0,0,0.063492,0.174603
4.523809,10.301587,background,0.000000,59.200001,0,0,0.079365,0.174603
5.428571,10.301587,background,0.000000,60.130001,0,0,0.095238,0.174603
6.333333,10.301587,background,0.000000,61.090000,0,0,0.111111,0.174603
7.238095,10.301587,background,0.000000,62.070000,0,0,0.126984,0.174603
8.142858,10.301587,background,0.000000,63.060001,0,0,0.142857,0.174603
9.047619,10.301587,background,0.000000,64.080002,0,0,0.158730,0.174603
9.952381,10.301587,background,0.000000,65.129997,0,0,0.174603,0.174603
10.857142,10.301587,background,0.000000,66.209999,0,0,0.190476,0.174603
11.761905,10.301587,background,0.000000,67.360001,0,0,0.206349,0.174603
12.666667,10.301587,background,0.000000,68.589996,0,0,0.222222,0.174603
13.571428,10.301587,background,0.000000,69.959999,0,0,0.238095,0.174603
14.476191,10.301587,background,0.000000,71.449997,0,0,0.253968,0.174603
15.380953,10.301587,background,0.000000,72.820000,0,0,0.269841,0.174603
16.285715,10.301587,background,0.000000,74.040001,0,0,0.285714,0.174603
17.190475,10.301587,background,0.000000,75.230003,0,0,0.301587,0.174603
18.095238,10.301587,background,0.000000,76.440002,0,0,0.317460,0.174603
19.000000,10.301587,background,0.000000,77.730003,0,0,0.333333,0.174603
19.904762,10.301587,background,0.000000,79.199997,0,0,0.349206,0.174603
20.809525,10.301587,background,0.000000,81.110001,0,0,0.365079,0.174603
21.714285,10.301587,background,0.000000,83.940002,0,0,0.380952,0.174603
22.619047,10.301587,background,0.000000,87.730003,0,1,0.396825,0.174603
23.523809,10.301587,GPU_2,300.000000,89.389999,1,0,0.412698,0.174603
24.428572,10.301587,GPU_2,300.000000,90.580002,1,0,0.428571,0.174603
25.333334,10.301587,GPU_2,300.000000,91.559998,1,0,0.444444,0.174603
26.238094,10.301587,GPU_2,300.000000,92.410004,1,0,0.460317,0.174603
27.142857,10.301587,GPU_2,300.000000,93.150002,1,0,0.476190,0.174603
28.047619,10.301587,GPU_2,300.000000,93.800003,1,0,0.492063,0.174603
28.952381,10.301587,GPU_2,300.000000,94.370003,1,0,0.507937,0.174603
29.857143,10.301587,GPU_2,300.000000,94.849998,1,0,0.523810,0.174603
30.761906,10.301587,GPU_2,300.000000,95.260002,1,0,0.539683,0.174603
31.666666,10.301587,GPU_2,300.000000,95.599998,1,0,0.555556,0.174603
32.571430,10.301587,GPU_2,300.000000,95.870003,1,0,0.571429,0.174603
33.476189,10.301587,GPU_2,300.000000,96.070000,1,0,0.587302,0.174603
34.380951,10.301587,GPU_2,300.000000,96.199997,1,0,0.603175,0.174603
35.285713,10.301587,GPU_2,300.000000,96.269997,1,0,0.619048,0.174603
36.190475,10.301587,GPU_2,300.000000,96.290001,1,0,0.634921,0.174603
37.095238,10.301587,GPU_2,300.000000,96.239998,1,0,0.650794,0.174603
38.000000,10.301587,GPU_2,300.000000,96.129997,1,0,0.666667,0.174603
38.904762,10.301587,GPU_2,300.000000,95.959999,1,0,0.682540,0.174603
39.809525,10.301587,GPU_2,300.000000,95.730003,1,0,0.698413,0.174603
40.714287,10.301587,GPU_2,300.000000,95.449997,1,1,0.714286,0.174603
41.619049,10.301587,HBM_2,25.000000,95.099998,1,0,0.730159,0.174603
42.523811,10.301587,HBM_2,25.000000,94.680000,1,0,0.746032,0.174603
43.428570,10.301587,HBM_2,25.000000,94.199997,1,0,0.761905,0.174603
44.333332,10.301587,HBM_2,25.000000,93.660004,1,0,0.777778,0.174603
45.238094,10.301587,HBM_2,25.000000,93.050003,1,0,0.793651,0.174603
46.142857,10.301587,HBM_2,25.000000,92.370003,1,0,0.809524,0.174603
47.047619,10.301587,HBM_2,25.000000,91.620003,1,0,0.825397,0.174603
47.952381,10.301587,HBM_2,25.000000,90.790001,1,0,0.841270,0.174603
48.857143,10.301587,HBM_2,25.000000,89.889999,1,1,0.857143,0.174603
49.761906,10.301587,background,0.000000,88.910004,0,0,0.873016,0.174603
50.666668,10.301587,background,0.000000,87.849998,0,0,0.888889,0.174603
51.571430,10.301587,background,0.000000,86.709999,0,0,0.904762,0.174603
52.476189,10.301587,background,0.000000,85.480003,0,0,0.920635,0.174603
53.380951,10.301587,background,0.000000,84.169998,0,0,0.936508,0.174603
54.285713,10.301587,background,0.000000,82.790001,0,0,0.952381,0.174603
55.190475,10.301587,background,0.000000,81.330002,0,0,0.968254,0.174603
56.095238,10.301587,background,0.000000,79.839996,0,0,0.984127,0.174603
57.000000,10.301587,background,0.000000,78.550003,0,0,1.000000,0.174603
0.000000,11.238095,background,0.000000,56.080002,0,0,0.000000,0.190476
0.904762,11.238095,background,0.000000,56.520000,0,0,0.015873,0.190476
1.809524,11.238095,background,0.000000,57.220001,0,0,0.031746,0.190476
2.714286,11.238095,background,0.000000,58.040001,0,0,0.047619,0.190476
3.619048,11.238095,background,0.000000,58.950001,0,0,0.063492,0.190476
4.523809,11.238095,background,0.000000,59.889999,0,0,0.079365,0.190476
5.428571,11.238095,background,0.000000,60.869999,0,0,0.095238,0.190476
6.333333,11.238095,background,0.000000,61.869999,0,0,0.111111,0.190476
7.238095,11.238095,background,0.000000,62.889999,0,0,0.126984,0.190476
8.142858,11.238095,background,0.000000,63.930000,0,0,0.142857,0.190476
9.047619,11.238095,background,0.000000,65.000000,0,0,0.158730,0.190476
9.952381,11.238095,background,0.000000,66.099998,0,0,0.174603,0.190476
10.857142,11.238095,background,0.000000,67.239998,0,0,0.190476,0.190476
11.761905,11.238095,background,0.000000,68.480003,0,0,0.206349,0.190476
12.666667,11.238095,background,0.000000,69.849998,0,0,0.222222,0.190476
13.571428,11.238095,background,0.000000,71.480003,0,0,0.238095,0.190476
14.476191,11.238095,background,0.000000,73.050003,0,0,0.253968,0.190476
15.380953,11.238095,background,0.000000,74.470001,0,0,0.269841,0.190476
16.285715,11.238095,background,0.000000,75.699997,0,0,0.285714,0.190476
17.190475,11.238095,background,0.000000,76.910004,0,0,0.301587,0.190476
18.095238,11.238095,background,0.000000,78.120003,0,0,0.317460,0.190476
19.000000,11.238095,background,0.000000,79.379997,0,0,0.333333,0.190476
19.904762,11.238095,background,0.000000,80.730003,0,0,0.349206,0.190476
20.809525,11.238095,background,0.000000,82.360001,0,0,0.365079,0.190476
21.714285,11.238095,background,0.000000,84.839996,0,0,0.380952,0.190476
22.619047,11.238095,background,0.000000,89.139999,0,1,0.396825,0.190476
23.523809,11.238095,GPU_2,300.000000,91.059998,1,0,0.412698,0.190476
24.428572,11.238095,GPU_2,300.000000,92.330002,1,0,0.428571,0.190476
25.333334,11.238095,GPU_2,300.000000,93.349998,1,0,0.444444,0.190476
26.238094,11.238095,GPU_2,300.000000,94.220001,1,0,0.460317,0.190476
27.142857,11.238095,GPU_2,300.000000,94.989998,1,0,0.476190,0.190476
28.047619,11.238095,GPU_2,300.000000,95.650002,1,0,0.492063,0.190476
28.952381,11.238095,GPU_2,300.000000,96.230003,1,0,0.507937,0.190476
29.857143,11.238095,GPU_2,300.000000,96.720001,1,0,0.523810,0.190476
30.761906,11.238095,GPU_2,300.000000,97.139999,1,0,0.539683,0.190476
31.666666,11.238095,GPU_2,300.000000,97.480003,1,0,0.555556,0.190476
32.571430,11.238095,GPU_2,300.000000,97.750000,1,0,0.571429,0.190476
33.476189,11.238095,GPU_2,300.000000,97.940002,1,0,0.587302,0.190476
34.380951,11.238095,GPU_2,300.000000,98.070000,1,0,0.603175,0.190476
35.285713,11.238095,GPU_2,300.000000,98.129997,1,0,0.619048,0.190476
36.190475,11.238095,GPU_2,300.000000,98.129997,1,0,0.634921,0.190476
37.095238,11.238095,GPU_2,300.000000,98.070000,1,0,0.650794,0.190476
38.000000,11.238095,GPU_2,300.000000,97.940002,1,0,0.666667,0.190476
38.904762,11.238095,GPU_2,300.000000,97.750000,1,0,0.682540,0.190476
39.809525,11.238095,GPU_2,300.000000,97.500000,1,0,0.698413,0.190476
40.714287,11.238095,GPU_2,300.000000,97.180000,1,1,0.714286,0.190476
41.619049,11.238095,HBM_2,25.000000,96.809998,1,0,0.730159,0.190476
42.523811,11.238095,HBM_2,25.000000,96.370003,1,0,0.746032,0.190476
43.428570,11.238095,HBM_2,25.000000,95.860001,1,0,0.761905,0.190476
44.333332,11.238095,HBM_2,25.000000,95.279999,1,0,0.777778,0.190476
45.238094,11.238095,HBM_2,25.000000,94.639999,1,0,0.793651,0.190476
46.142857,11.238095,HBM_2,25.000000,93.919998,1,0,0.809524,0.190476
47.047619,11.238095,HBM_2,25.000000,93.129997,1,0,0.825397,0.190476
47.952381,11.238095,HBM_2,25.000000,92.269997,1,0,0.841270,0.190476
48.857143,11.238095,HBM_2,25.000000,91.330002,1,1,0.857143,0.190476
49.761906,11.238095,background,0.000000,90.309998,0,0,0.873016,0.190476
50.666668,11.238095,background,0.000000,89.199997,0,0,0.888889,0.190476
51.571430,11.238095,background,0.000000,88.019997,0,0,0.904762,0.190476
52.476189,11.238095,background,0.000000,86.750000,0,0,0.920635,0.190476
53.380951,11.238095,background,0.000000,85.400002,0,0,0.936508,0.190476
54.285713,11.238095,background,0.000000,83.959999,0,0,0.952381,0.190476
55.190475,11.238095,background,0.000000,82.449997,0,0,0.968254,0.190476
56.095238,11.238095,background,0.000000,80.889999,0,0,0.984127,0.190476
57.000000,11.238095,background,0.000000,79.559998,0,0,1.000000,0.190476
0.000000,12.174603,background,0.000000,56.619999,0,0,0.000000,0.206349
0.904762,12.174603,background,0.000000,57.090000,0,0,0.015873,0.206349
1.809524,12.174603,background,0.000000,57.810001,0,0,0.031746,0.206349
2.714286,12.174603,background,0.000000,58.669998,0,0,0.047619,0.206349
3.619048,12.174603,background,0.000000,59.610001,0,0,0.063492,0.206349
4.523809,12.174603,background,0.000000,60.599998,0,0,0.079365,0.206349
5.428571,12.174603,background,0.000000,61.619999,0,0,0.095238,0.206349
6.333333,12.174603,background,0.000000,62.660000,0,0,0.111111,0.206349
7.238095,12.174603,background,0.000000,63.720001,0,0,0.126984,0.206349
8.142858,12.174603,background,0.000000,64.809998,0,0,0.142857,0.206349
9.047619,12.174603,background,0.000000,65.919998,0,0,0.158730,0.206349
9.952381,12.174603,background,0.000000,67.070000,0,0,0.174603,0.206349
10.857142,12.174603,background,0.000000,68.279999,0,0,0.190476,0.206349
11.761905,12.174603,background,0.000000,69.589996,0,0,0.206349,0.206349
12.666667,12.174603,background,0.000000,71.089996,0,0,0.222222,0.206349
13.571428,12.174603,background,0.000000,72.910004,0,0,0.238095,0.206349
14.476191,12.174603,background,0.000000,74.550003,0,0,0.253968,0.206349
15.380953,12.174603,background,0.000000,76.029999,0,0,0.269841,0.206349
16.285715,12.174603,background,0.000000,77.300003,0,0,0.285714,0.206349
17.190475,12.174603,background,0.000000,78.550003,0,0,0.301587,0.206349
18.095238,12.174603,background,0.000000,79.790001,0,0,0.317460,0.206349
19.000000,12.174603,background,0.000000,81.070000,0,0,0.333333,0.206349
19.904762,12.174603,background,0.000000,82.419998,0,0,0.349206,0.206349
20.809525,12.174603,background,0.000000,84.010002,0,0,0.365079,0.206349
21.714285,12.174603,background,0.000000,86.339996,0,0,0.380952,0.206349
22.619047,12.174603,background,0.000000,90.610001,0,1,0.396825,0.206349
23.523809,12.174603,GPU_2,300.000000,92.639999,1,0,0.412698,0.206349
24.428572,12.174603,GPU_2,300.000000,93.959999,1,0,0.428571,0.206349
25.333334,12.174603,GPU_2,300.000000,95.010002,1,0,0.444444,0.206349
26.238094,12.174603,GPU_2,300.000000,95.910004,1,0,0.460317,0.206349
27.142857,12.174603,GPU_2,300.000000,96.690002,1,0,0.476190,0.206349
28.047619,12.174603,GPU_2,300.000000,97.370003,1,0,0.492063,0.206349
28.952381,12.174603,GPU_2,300.000000,97.949997,1,0,0.507937,0.206349
29.857143,12.174603,GPU_2,300.000000,98.449997,1,0,0.523810,0.206349
30.761906,12.174603,GPU_2,300.000000,98.870003,1,0,0.539683,0.206349
31.666666,12.174603,GPU_2,300.000000,99.209999,1,0,0.555556,0.206349
32.571430,12.174603,GPU_2,300.000000,99.470001,1,0,0.571429,0.206349
33.476189,12.174603,GPU_2,300.000000,99.669998,1,0,0.587302,0.206349
34.380951,12.174603,GPU_2,300.000000,99.790001,1,0,0.603175,0.206349
35.285713,12.174603,GPU_2,300.000000,99.839996,1,0,0.619048,0.206349
36.190475,12.174603,GPU_2,300.000000,99.820000,1,0,0.634921,0.206349
37.095238,12.174603,GPU_2,300.000000,99.739998,1,0,0.650794,0.206349
38.000000,12.174603,GPU_2,300.000000,99.589996,1,0,0.666667,0.206349
38.904762,12.174603,GPU_2,300.000000,99.379997,1,0,0.682540,0.206349
39.809525,12.174603,GPU_2,300.000000,99.099998,1,0,0.698413,0.206349
40.714287,12.174603,GPU_2,300.000000,98.760002,1,1,0.714286,0.206349
41.619049,12.174603,HBM_2,25.000000,98.360001,1,0,0.730159,0.206349
42.523811,12.174603,HBM_2,25.000000,97.879997,1,0,0.746032,0.206349
43.428570,12.174603,HBM_2,25.000000,97.339996,1,0,0.761905,0.206349
44.333332,12.174603,HBM_2,25.000000,96.730003,1,0,0.777778,0.206349
45.238094,12.174603,HBM_2,25.000000,96.050003,1,0,0.793651,0.206349
46.142857,12.174603,HBM_2,25.000000,95.300003,1,0,0.809524,0.206349
47.047619,12.174603,HBM_2,25.000000,94.480003,1,0,0.825397,0.206349
47.952381,12.174603,HBM_2,25.000000,93.570000,1,0,0.841270,0.206349
48.857143,12.174603,HBM_2,25.000000,92.589996,1,1,0.857143,0.206349
49.761906,12.174603,background,0.000000,91.529999,0,0,0.873016,0.206349
50.666668,12.174603,background,0.000000,90.389999,0,0,0.888889,0.206349
51.571430,12.174603,background,0.000000,89.169998,0,0,0.904762,0.206349
52.476189,12.174603,background,0.000000,87.860001,0,0,0.920635,0.206349
53.380951,12.174603,background,0.000000,86.470001,0,0,0.936508,0.206349
54.285713,12.174603,background,0.000000,84.980003,0,0,0.952381,0.206349
55.190475,12.174603,background,0.000000,83.410004,0,0,0.968254,0.206349
56.095238,12.174603,background,0.000000,81.809998,0,0,0.984127,0.206349
57.000000,12.174603,background,0.000000,80.430000,0,0,1.000000,0.206349
0.000000,13.111111,background,0.000000,57.180000,0,0,0.000000,0.222222
0.904762,13.111111,background,0.000000,57.660000,0,0,0.015873,0.222222
1.809524,13.111111,background,0.000000,58.410000,0,0,0.031746,0.222222
2.714286,13.111111,background,0.000000,59.310001,0,0,0.047619,0.222222
3.619048,13.111111,background,0.000000,60.290001,0,0,0.063492,0.222222
4.523809,13.111111,background,0.000000,61.320000,0,0,0.079365,0.222222
5.428571,13.111111,background,0.000000,62.380001,0,0,0.095238,0.222222
6.333333,13.111111,background,0.000000,63.459999,0,0,0.111111,0.222222
7.238095,13.111111,background,0.000000,64.570000,0,0,0.126984,0.222222
8.142858,13.111111,background,0.000000,65.699997,0,0,0.142857,0.222222
9.047619,13.111111,background,0.000000,66.860001,0,0,0.158730,0.222222
9.952381,13.111111,background,0.000000,68.059998,0,0,0.174603,0.222222
10.857142,13.111111,background,0.000000,69.320000,0,0,0.190476,0.222222
11.761905,13.111111,background,0.000000,70.690002,0,0,0.206349,0.222222
12.666667,13.111111,background,0.000000,72.269997,0,1,0.222222,0.222222
13.571428,13.111111,HBM_1,25.000000,74.169998,1,1,0.238095,0.222222
14.476191,13.111111,HBM_1,25.000000,75.809998,1,1,0.253968,0.222222
15.380953,13.111111,HBM_1,25.000000,77.330002,1,1,0.269841,0.222222
16.285715,13.111111,HBM_1,25.000000,78.639999,1,1,0.285714,0.222222
17.190475,13.111111,HBM_1,25.000000,79.919998,1,1,0.301587,0.222222
18.095238,13.111111,HBM_1,25.000000,81.199997,1,1,0.317460,0.222222
19.000000,13.111111,HBM_1,25.000000,82.510002,1,1,0.333333,0.222222
19.904762,13.111111,HBM_1,25.000000,83.879997,1,1,0.349206,0.222222
20.809525,13.111111,HBM_1,25.000000,85.470001,1,1,0.365079,0.222222
21.714285,13.111111,background,0.000000,87.800003,0,0,0.380952,0.222222
22.619047,13.111111,background,0.000000,92.089996,0,1,0.396825,0.222222
23.523809,13.111111,GPU_2,300.000000,94.160004,1,0,0.412698,0.222222
24.428572,13.111111,GPU_2,300.000000,95.500000,1,0,0.428571,0.222222
25.333334,13.111111,GPU_2,300.000000,96.570000,1,0,0.444444,0.222222
26.238094,13.111111,GPU_2,300.000000,97.480003,1,0,0.460317,0.222222
27.142857,13.111111,GPU_2,300.000000,98.279999,1,0,0.476190,0.222222
28.047619,13.111111,GPU_2,300.000000,98.959999,1,0,0.492063,0.222222
28.952381,13.111111,GPU_2,300.000000,99.559998,1,0,0.507937,0.222222
29.857143,13.111111,GPU_2,300.000000,100.059998,1,0,0.523810,0.222222
30.761906,13.111111,GPU_2,300.000000,100.480003,1,0,0.539683,0.222222
31.666666,13.111111,GPU_2,300.000000,100.809998,1,0,0.555556,0.222222
32.571430,13.111111,GPU_2,300.000000,101.070000,1,0,0.571429,0.222222
33.476189,13.111111,GPU_2,300.000000,101.260002,1,0,0.587302,0.222222
34.380951,13.111111,GPU_2,300.000000,101.360001,1,0,0.603175,0.222222
35.285713,13.111111,GPU_2,300.000000,101.400002,1,0,0.619048,0.222222
36.190475,13.111111,GPU_2,300.000000,101.370003,1,0,0.634921,0.222222
37.095238,13.111111,GPU_2,300.000000,101.269997,1,0,0.650794,0.222222
38.000000,13.111111,GPU_2,300.000000,101.099998,1,0,0.666667,0.222222
38.904762,13.111111,GPU_2,300.000000,100.870003,1,0,0.682540,0.222222
39.809525,13.111111,GPU_2,300.000000,100.570000,1,0,0.698413,0.222222
40.714287,13.111111,GPU_2,300.000000,100.199997,1,1,0.714286,0.222222
41.619049,13.111111,HBM_2,25.000000,99.760002,1,0,0.730159,0.222222
42.523811,13.111111,HBM_2,25.000000,99.260002,1,0,0.746032,0.222222
43.428570,13.111111,HBM_2,25.000000,98.690002,1,0,0.761905,0.222222
44.333332,13.111111,HBM_2,25.000000,98.040001,1,0,0.777778,0.222222
45.238094,13.111111,HBM_2,25.000000,97.330002,1,0,0.793651,0.222222
46.142857,13.111111,HBM_2,25.000000,96.540001,1,0,0.809524,0.222222
47.047619,13.111111,HBM_2,25.000000,95.680000,1,0,0.825397,0.222222
47.952381,13.111111,HBM_2,25.000000,94.739998,1,0,0.841270,0.222222
48.857143,13.111111,HBM_2,25.000000,93.730003,1,1,0.857143,0.222222
49.761906,13.111111,background,0.000000,92.629997,0,0,0.873016,0.222222
50.666668,13.111111,background,0.000000,91.449997,0,0,0.888889,0.222222
51.571430,13.111111,background,0.000000,90.190002,0,0,0.904762,0.222222
52.476189,13.111111,background,0.000000,88.839996,0,0,0.920635,0.222222
53.380951,13.111111,background,0.000000,87.400002,0,0,0.936508,0.222222
54.285713,13.111111,background,0.000000,85.870003,0,0,0.952381,0.222222
55.190475,13.111111,background,0.000000,84.260002,0,0,0.968254,0.222222
56.095238,13.111111,background,0.000000,82.610001,0,0,0.984127,0.222222
57.000000,13.111111,background,0.000000,81.190002,0,0,1.000000,0.222222
0.000000,14.047619,background,0.000000,57.740002,0,0,0.000000,0.238095
0.904762,14.047619,background,0.000000,58.240002,0,0,0.015873,0.238095
1.809524,14.047619,background,0.000000,59.029999,0,0,0.031746,0.238095
2.714286,14.047619,background,0.000000,59.959999,0,0,0.047619,0.238095
3.619048,14.047619,background,0.000000,60.980000,0,0,0.063492,0.238095
4.523809,14.047619,background,0.000000,62.049999,0,0,0.079365,0.238095
5.428571,14.047619,background,0.000000,63.150002,0,0,0.095238,0.238095
6.333333,14.047619,background,0.000000,64.279999,0,0,0.111111,0.238095
7.238095,14.047619,background,0.000000,65.430000,0,0,0.126984,0.238095
8.142858,14.047619,background,0.000000,66.599998,0,0,0.142857,0.238095
9.047619,14.047619,background,0.000000,67.809998,0,0,0.158730,0.238095
9.952381,14.047619,background,0.000000,69.050003,0,0,0.174603,0.238095
10.857142,14.047619,background,0.000000,70.360001,0,0,0.190476,0.238095
11.761905,14.047619,background,0.000000,71.779999,0,0,0.206349,0.238095
12.666667,14.047619,background,0.000000,73.410004,0,1,0.222222,0.238095
13.571428,14.047619,HBM_1,25.000000,75.360001,1,0,0.238095,0.238095
14.476191,14.047619,HBM_1,25.000000,77.019997,1,0,0.253968,0.238095
15.380953,14.047619,HBM_1,25.000000,78.580002,1,0,0.269841,0.238095
16.285715,14.047619,HBM_1,25.000000,79.919998,1,0,0.285714,0.238095
17.190475,14.047619,HBM_1,25.000000,81.239998,1,0,0.301587,0.238095
18.095238,14.047619,HBM_1,25.000000,82.540001,1,0,0.317460,0.238095
19.000000,14.047619,HBM_1,25.000000,83.870003,1,0,0.333333,0.238095
19.904762,14.047619,HBM_1,25.000000,85.269997,1,0,0.349206,0.238095
20.809525,14.047619,HBM_1,25.000000,86.879997,1,1,0.365079,0.238095
21.714285,14.047619,background,0.000000,89.209999,0,0,0.380952,0.238095
22.619047,14.047619,background,0.000000,93.519997,0,1,0.396825,0.238095
23.523809,14.047619,GPU_2,300.000000,95.599998,1,0,0.412698,0.238095
24.428572,14.047619,GPU_2,300.000000,96.959999,1,0,0.428571,0.238095
25.333334,14.047619,GPU_2,300.000000,98.040001,1,0,0.444444,0.238095
26.238094,14.047619,GPU_2,300.000000,98.959999,1,0,0.460317,0.238095
27.142857,14.047619,GPU_2,300.000000,99.760002,1,0,0.476190,0.238095
28.047619,14.047619,GPU_2,300.000000,100.449997,1,0,0.492063,0.238095
28.952381,14.047619,GPU_2,300.000000,101.050003,1,0,0.507937,0.238095
29.857143,14.047619,GPU_2,300.000000,101.550003,1,0,0.523810,0.238095
30.761906,14.047619,GPU_2,300.000000,101.970001,1,0,0.539683,0.238095
31.666666,14.047619,GPU_2,300.000000,102.300003,1,0,0.555556,0.238095
32.571430,14.047619,GPU_2,300.000000,102.550003,1,0,0.571429,0.238095
33.476189,14.047619,GPU_2,300.000000,102.720001,1,0,0.587302,0.238095
34.380951,14.047619,GPU_2,300.000000,102.820000,1,0,0.603175,0.238095
35.285713,14.047619,GPU_2,300.000000,102.839996,1,0,0.619048,0.238095
36.190475,14.047619,GPU_2,300.000000,102.800003,1,0,0.634921,0.238095
37.095238,14.047619,GPU_2,300.000000,102.680000,1,0,0.650794,0.238095
38.000000,14.047619,GPU_2,300.000000,102.489998,1,0,0.666667,0.238095
38.904762,14.047619,GPU_2,300.000000,102.230003,1,0,0.682540,0.238095
39.809525,14.047619,GPU_2,300.000000,101.900002,1,0,0.698413,0.238095
40.714287,14.047619,GPU_2,300.000000,101.510002,1,1,0.714286,0.238095
41.619049,14.047619,HBM_2,25.000000,101.040001,1,0,0.730159,0.238095
42.523811,14.047619,HBM_2,25.000000,100.510002,1,0,0.746032,0.238095
43.428570,14.047619,HBM_2,25.000000,99.900002,1,0,0.761905,0.238095
44.333332,14.047619,HBM_2,25.000000,99.230003,1,0,0.777778,0.238095
45.238094,14.047619,HBM_2,25.000000,98.480003,1,0,0.793651,0.238095
46.142857,14.047619,HBM_2,25.000000,97.660004,1,0,0.809524,0.238095
47.047619,14.047619,HBM_2,25.000000,96.760002,1,0,0.825397,0.238095
47.952381,14.047619,HBM_2,25.000000,95.790001,1,0,0.841270,0.238095
48.857143,14.047619,HBM_2,25.000000,94.730003,1,1,0.857143,0.238095
49.761906,14.047619,background,0.000000,93.599998,0,0,0.873016,0.238095
50.666668,14.047619,background,0.000000,92.389999,0,0,0.888889,0.238095
51.571430,14.047619,background,0.000000,91.089996,0,0,0.904762,0.238095
52.476189,14.047619,background,0.000000,89.699997,0,0,0.920635,0.238095
53.380951,14.047619,background,0.000000,88.230003,0,0,0.936508,0.238095
54.285713,14.047619,background,0.000000,86.660004,0,0,0.952381,0.238095
55.190475,14.047619,background,0.000000,85.000000,0,0,0.968254,0.238095
56.095238,14.047619,background,0.000000,83.309998,0,0,0.984127,0.238095
57.000000,14.047619,background,0.000000,81.849998,0,0,1.000000,0.238095
0.000000,14.984127,background,0.000000,58.310001,0,0,0.000000,0.253968
0.904762,14.984127,background,0.000000,58.830002,0,0,0.015873,0.253968
1.809524,14.984127,background,0.000000,59.650002,0,0,0.031746,0.253968
2.714286,14.984127,background,0.000000,60.619999,0,0,0.047619,0.253968
3.619048,14.984127,background,0.000000,61.680000,0,0,0.063492,0.253968
4.523809,14.984127,background,0.000000,62.799999,0,0,0.079365,0.253968
5.428571,14.984127,background,0.000000,63.939999,0,0,0.095238,0.253968
6.333333,14.984127,background,0.000000,65.120003,0,0,0.111111,0.253968
7.238095,14.984127,background,0.000000,66.309998,0,0,0.126984,0.253968
8.142858,14.984127,background,0.000000,67.519997,0,0,0.142857,0.253968
9.047619,14.984127,background,0.000000,68.769997,0,0,0.158730,0.253968
9.952381,14.984127,background,0.000000,70.050003,0,0,0.174603,0.253968
10.857142,14.984127,background,0.000000,71.400002,0,0,0.190476,0.253968
11.761905,14.984127,background,0.000000,72.870003,0,0,0.206349,0.253968
12.666667,14.984127,background,0.000000,74.540001,0,1,0.222222,0.253968
13.571428,14.984127,HBM_1,25.000000,76.529999,1,0,0.238095,0.253968
14.476191,14.984127,HBM_1,25.000000,78.209999,1,0,0.253968,0.253968
15.380953,14.984127,HBM_1,25.000000,79.790001,1,0,0.269841,0.253968
16.285715,14.984127,HBM_1,25.000000,81.169998,1,0,0.285714,0.253968
17.190475,14.984127,HBM_1,25.000000,82.510002,1,0,0.301587,0.253968
18.095238,14.984127,HBM_1,25.000000,83.839996,1,0,0.317460,0.253968
19.000000,14.984127,HBM_1,25.000000,85.190002,1,0,0.333333,0.253968
19.904762,14.984127,HBM_1,25.000000,86.599998,1,0,0.349206,0.253968
20.809525,14.984127,HBM_1,25.000000,88.220001,1,1,0.365079,0.253968
21.714285,14.984127,background,0.000000,90.570000,0,0,0.380952,0.253968
22.619047,14.984127,background,0.000000,94.879997,0,1,0.396825,0.253968
23.523809,14.984127,GPU_2,300.000000,96.980003,1,0,0.412698,0.253968
24.428572,14.984127,GPU_2,300.000000,98.339996,1,0,0.428571,0.253968
25.333334,14.984127,GPU_2,300.000000,99.430000,1,0,0.444444,0.253968
26.238094,14.984127,GPU_2,300.000000,100.349998,1,0,0.460317,0.253968
27.142857,14.984127,GPU_2,300.000000,101.150002,1,0,0.476190,0.253968
28.047619,14.984127,GPU_2,300.000000,101.849998,1,0,0.492063,0.253968
28.952381,14.984127,GPU_2,300.000000,102.440002,1,0,0.507937,0.253968
29.857143,14.984127,GPU_2,300.000000,102.940002,1,0,0.523810,0.253968
30.761906,14.984127,GPU_2,300.000000,103.349998,1,0,0.539683,0.253968
31.666666,14.984127,GPU_2,300.000000,103.669998,1,0,0.555556,0.253968
32.571430,14.984127,GPU_2,300.000000,103.910004,1,0,0.571429,0.253968
33.476189,14.984127,GPU_2,300.000000,104.070000,1,0,0.587302,0.253968
34.380951,14.984127,GPU_2,300.000000,104.160004,1,0,0.603175,0.253968
35.285713,14.984127,GPU_2,300.000000,104.160004,1,0,0.619048,0.253968
36.190475,14.984127,GPU_2,300.000000,104.099998,1,0,0.634921,0.253968
37.095238,14.984127,GPU_2,300.000000,103.959999,1,0,0.650794,0.253968
38.000000,14.984127,GPU_2,300.000000,103.750000,1,0,0.666667,0.253968
38.904762,14.984127,GPU_2,300.000000,103.470001,1,0,0.682540,0.253968
39.809525,14.984127,GPU_2,300.000000,103.120003,1,0,0.698413,0.253968
40.714287,14.984127,GPU_2,300.000000,102.690002,1,1,0.714286,0.253968
41.619049,14.984127,HBM_2,25.000000,102.199997,1,0,0.730159,0.253968
42.523811,14.984127,HBM_2,25.000000,101.639999,1,0,0.746032,0.253968
43.428570,14.984127,HBM_2,25.000000,101.000000,1,0,0.761905,0.253968
44.333332,14.984127,HBM_2,25.000000,100.290001,1,0,0.777778,0.253968
45.238094,14.984127,HBM_2,25.000000,99.510002,1,0,0.793651,0.253968
46.142857,14.984127,HBM_2,25.000000,98.650002,1,0,0.809524,0.253968
47.047619,14.984127,HBM_2,25.000000,97.720001,1,0,0.825397,0.253968
47.952381,14.984127,HBM_2,25.000000,96.709999,1,0,0.841270,0.253968
48.857143,14.984127,HBM_2,25.000000,95.629997,1,1,0.857143,0.253968
49.761906,14.984127,background,0.000000,94.459999,0,0,0.873016,0.253968
50.666668,14.984127,background,0.000000,93.209999,0,0,0.888889,0.253968
51.571430,14.984127,background,0.000000,91.879997,0,0,0.904762,0.253968
52.476189,14.984127,background,0.000000,90.449997,0,0,0.920635,0.253968
53.380951,14.984127,background,0.000000,88.940002,0,0,0.936508,0.253968
54.285713,14.984127,background,0.000000,87.330002,0,0,0.952381,0.253968
55.190475,14.984127,background,0.000000,85.639999,0,0,0.968254,0.253968
56.095238,14.984127,background,0.000000,83.910004,0,0,0.984127,0.253968
57.000000,14.984127,background,0.000000,82.419998,0,0,1.000000,0.253968
0.000000,15.920635,background,0.000000,58.889999,0,0,0.000000,0.269841
0.904762,15.920635,background,0.000000,59.439999,0,0,0.015873,0.269841
1.809524,15.920635,background,0.000000,60.279999,0,0,0.031746,0.269841
2.714286,15.920635,background,0.000000,61.299999,0,0,0.047619,0.269841
3.619048,15.920635,background,0.000000,62.400002,0,0,0.063492,0.269841
4.523809,15.920635,background,0.000000,63.560001,0,0,0.079365,0.269841
5.428571,15.920635,background,0.000000,64.750000,0,0,0.095238,0.269841
6.333333,15.920635,background,0.000000,65.970001,0,0,0.111111,0.269841
7.238095,15.920635,background,0.000000,67.209999,0,0,0.126984,0.269841
8.142858,15.920635,background,0.000000,68.459999,0,0,0.142857,0.269841
9.047619,15.920635,background,0.000000,69.750000,0,0,0.158730,0.269841
9.952381,15.920635,background,0.000000,71.070000,0,0,0.174603,0.269841
10.857142,15.920635,background,0.000000,72.459999,0,0,0.190476,0.269841
11.761905,15.920635,background,0.000000,73.970001,0,0,0.206349,0.269841
12.666667,15.920635,background,0.000000,75.669998,0,1,0.222222,0.269841
13.571428,15.920635,HBM_1,25.000000,77.690002,1,0,0.238095,0.269841
14.476191,15.920635,HBM_1,25.000000,79.389999,1,0,0.253968,0.269841
15.380953,15.920635,HBM_1,25.000000,81.000000,1,0,0.269841,0.269841
16.285715,15.920635,HBM_1,25.000000,82.389999,1,0,0.285714,0.269841
17.190475,15.920635,HBM_1,25.000000,83.750000,1,0,0.301587,0.269841
18.095238,15.920635,HBM_1,25.000000,85.099998,1,0,0.317460,0.269841
19.000000,15.920635,HBM_1,25.000000,86.459999,1,0,0.333333,0.269841
19.904762,15.920635,HBM_1,25.000000,87.889999,1,0,0.349206,0.269841
20.809525,15.920635,HBM_1,25.000000,89.519997,1,1,0.365079,0.269841
21.714285,15.920635,background,0.000000,91.870003,0,0,0.380952,0.269841
22.619047,15.920635,background,0.000000,96.180000,0,1,0.396825,0.269841
23.523809,15.920635,GPU_2,300.000000,98.279999,1,0,0.412698,0.269841
24.428572,15.920635,GPU_2,300.000000,99.650002,1,0,0.428571,0.269841
25.333334,15.920635,GPU_2,300.000000,100.730003,1,0,0.444444,0.269841
26.238094,15.920635,GPU_2,300.000000,101.660004,1,0,0.460317,0.269841
27.142857,15.920635,GPU_2,300.000000,102.449997,1,0,0.476190,0.269841
28.047619,15.920635,GPU_2,300.000000,103.139999,1,0,0.492063,0.269841
28.952381,15.920635,GPU_2,300.000000,103.730003,1,0,0.507937,0.269841
29.857143,15.920635,GPU_2,300.000000,104.220001,1,0,0.523810,0.269841
30.761906,15.920635,GPU_2,300.000000,104.620003,1,0,0.539683,0.269841
31.666666,15.920635,GPU_2,300.000000,104.930000,1,0,0.555556,0.269841
32.571430,15.920635,GPU_2,300.000000,105.160004,1,0,0.571429,0.269841
33.476189,15.920635,GPU_2,300.000000,105.309998,1,0,0.587302,0.269841
34.380951,15.920635,GPU_2,300.000000,105.379997,1,0,0.603175,0.269841
35.285713,15.920635,GPU_2,300.000000,105.370003,1,0,0.619048,0.269841
36.190475,15.920635,GPU_2,300.000000,105.290001,1,0,0.634921,0.269841
37.095238,15.920635,GPU_2,300.000000,105.129997,1,0,0.650794,0.269841
38.000000,15.920635,GPU_2,300.000000,104.889999,1,0,0.666667,0.269841
38.904762,15.920635,GPU_2,300.000000,104.589996,1,0,0.682540,0.269841
39.809525,15.920635,GPU_2,300.000000,104.209999,1,0,0.698413,0.269841
40.714287,15.920635,GPU_2,300.000000,103.760002,1,1,0.714286,0.269841
41.619049,15.920635,HBM_2,25.000000,103.239998,1,0,0.730159,0.269841
42.523811,15.920635,HBM_2,25.000000,102.639999,1,0,0.746032,0.269841
43.428570,15.920635,HBM_2,25.000000,101.970001,1,0,0.761905,0.269841
44.333332,15.920635,HBM_2,25.000000,101.230003,1,0,0.777778,0.269841
45.238094,15.920635,HBM_2,25.000000,100.419998,1,0,0.793651,0.269841
46.142857,15.920635,HBM_2,25.000000,99.529999,1,0,0.809524,0.269841
47.047619,15.920635,HBM_2,25.000000,98.570000,1,0,0.825397,0.269841
47.952381,15.920635,HBM_2,25.000000,97.519997,1,0,0.841270,0.269841
48.857143,15.920635,HBM_2,25.000000,96.400002,1,1,0.857143,0.269841
49.761906,15.920635,background,0.000000,95.199997,0,0,0.873016,0.269841
50.666668,15.920635,background,0.000000,93.919998,0,0,0.888889,0.269841
51.571430,15.920635,background,0.000000,92.550003,0,0,0.904762,0.269841
52.476189,15.920635,background,0.000000,91.099998,0,0,0.920635,0.269841
53.380951,15.920635,background,0.000000,89.550003,0,0,0.936508,0.269841
54.285713,15.920635,background,0.000000,87.910004,0,0,0.952381,0.269841
55.190475,15.920635,background,0.000000,86.180000,0,0,0.968254,0.269841
56.095238,15.920635,background,0.000000,84.419998,0,0,0.984127,0.269841
57.000000,15.920635,background,0.000000,82.900002,0,0,1.000000,0.269841
0.000000,16.857143,background,0.000000,59.480000,0,0,0.000000,0.285714
0.904762,16.857143,background,0.000000,60.049999,0,0,0.015873,0.285714
1.809524,16.857143,background,0.000000,60.930000,0,0,0.031746,0.285714
2.714286,16.857143,background,0.000000,61.980000,0,0,0.047619,0.285714
3.619048,16.857143,background,0.000000,63.139999,0,0,0.063492,0.285714
4.523809,16.857143,background,0.000000,64.339996,0,0,0.079365,0.285714
5.428571,16.857143,background,0.000000,65.589996,0,0,0.095238,0.285714
6.333333,16.857143,background,0.000000,66.849998,0,0,0.111111,0.285714
7.238095,16.857143,background,0.000000,68.129997,0,0,0.126984,0.285714
8.142858,16.857143,background,0.000000,69.430000,0,0,0.142857,0.285714
9.047619,16.857143,background,0.000000,70.760002,0,0,0.158730,0.285714
9.952381,16.857143,background,0.000000,72.120003,0,0,0.174603,0.285714
10.857142,16.857143,background,0.000000,73.540001,0,0,0.190476,0.285714
11.761905,16.857143,background,0.000000,75.080002,0,0,0.206349,0.285714
12.666667,16.857143,background,0.000000,76.809998,0,1,0.222222,0.285714
13.571428,16.857143,HBM_1,25.000000,78.849998,1,0,0.238095,0.285714
14.476191,16.857143,HBM_1,25.000000,80.559998,1,0,0.253968,0.285714
15.380953,16.857143,HBM_1,25.000000,82.190002,1,0,0.269841,0.285714
16.285715,16.857143,HBM_1,25.000000,83.599998,1,0,0.285714,0.285714
17.190475,16.857143,HBM_1,25.000000,84.970001,1,0,0.301587,0.285714
18.095238,16.857143,HBM_1,25.000000,86.330002,1,0,0.317460,0.285714
19.000000,16.857143,HBM_1,25.000000,87.699997,1,0,0.333333,0.285714
19.904762,16.857143,HBM_1,25.000000,89.129997,1,0,0.349206,0.285714
20.809525,16.857143,HBM_1,25.000000,90.760002,1,1,0.365079,0.285714
21.714285,16.857143,background,0.000000,93.110001,0,0,0.380952,0.285714
22.619047,16.857143,background,0.000000,97.430000,0,1,0.396825,0.285714
23.523809,16.857143,GPU_2,300.000000,99.519997,1,0,0.412698,0.285714
24.428572,16.857143,GPU_2,300.000000,100.879997,1,0,0.428571,0.285714
25.333334,16.857143,GPU_2,300.000000,101.959999,1,0,0.444444,0.285714
26.238094,16.857143,GPU_2,300.000000,102.879997,1,0,0.460317,0.285714
27.142857,16.857143,GPU_2,300.000000,103.669998,1,0,0.476190,0.285714
28.047619,16.857143,GPU_2,300.000000,104.349998,1,0,0.492063,0.285714
28.952381,16.857143,GPU_2,300.000000,104.919998,1,0,0.507937,0.285714
29.857143,16.857143,GPU_2,300.000000,105.400002,1,0,0.523810,0.285714
30.761906,16.857143,GPU_2,300.000000,105.790001,1,0,0.539683,0.285714
31.666666,16.857143,GPU_2,300.000000,106.089996,1,0,0.555556,0.285714
32.571430,16.857143,GPU_2,300.000000,106.309998,1,0,0.571429,0.285714
33.476189,16.857143,GPU_2,300.000000,106.440002,1,0,0.587302,0.285714
34.380951,16.857143,GPU_2,300.000000,106.489998,1,0,0.603175,0.285714
35.285713,16.857143,GPU_2,300.000000,106.459999,1,0,0.619048,0.285714
36.190475,16.857143,GPU_2,300.000000,106.360001,1,0,0.634921,0.285714
37.095238,16.857143,GPU_2,300.000000,106.180000,1,0,0.650794,0.285714
38.000000,16.857143,GPU_2,300.000000,105.919998,1,0,0.666667,0.285714
38.904762,16.857143,GPU_2,300.000000,105.589996,1,0,0.682540,0.285714
39.809525,16.857143,GPU_2,300.000000,105.190002,1,0,0.698413,0.285714
40.714287,16.857143,GPU_2,300.000000,104.709999,1,1,0.714286,0.285714
41.619049,16.857143,HBM_2,25.000000,104.160004,1,0,0.730159,0.285714
42.523811,16.857143,HBM_2,25.000000,103.529999,1,0,0.746032,0.285714
43.428570,16.857143,HBM_2,25.000000,102.830002,1,0,0.761905,0.285714
44.333332,16.857143,HBM_2,25.000000,102.059998,1,0,0.777778,0.285714
45.238094,16.857143,HBM_2,25.000000,101.209999,1,0,0.793651,0.285714
46.142857,16.857143,HBM_2,25.000000,100.290001,1,0,0.809524,0.285714
47.047619,16.857143,HBM_2,25.000000,99.290001,1,0,0.825397,0.285714
47.952381,16.857143,HBM_2,25.000000,98.220001,1,0,0.841270,0.285714
48.857143,16.857143,HBM_2,25.000000,97.070000,1,1,0.857143,0.285714
49.761906,16.857143,background,0.000000,95.830002,0,0,0.873016,0.285714
50.666668,16.857143,background,0.000000,94.519997,0,0,0.888889,0.285714
51.571430,16.857143,background,0.000000,93.120003,0,0,0.904762,0.285714
52.476189,16.857143,background,0.000000,91.629997,0,0,0.920635,0.285714
53.380951,16.857143,background,0.000000,90.050003,0,0,0.936508,0.285714
54.285713,16.857143,background,0.000000,88.379997,0,0,0.952381,0.285714
55.190475,16.857143,background,0.000000,86.629997,0,0,0.968254,0.285714
56.095238,16.857143,background,0.000000,84.830002,0,0,0.984127,0.285714
57.000000,16.857143,background,0.000000,83.300003,0,0,1.000000,0.285714
0.000000,17.793652,background,0.000000,60.080002,0,0,0.000000,0.301587
0.904762,17.793652,background,0.000000,60.669998,0,0,0.015873,0.301587
1.809524,17.793652,background,0.000000,61.590000,0,0,0.031746,0.301587
2.714286,17.793652,background,0.000000,62.689999,0,0,0.047619,0.301587
3.619048,17.793652,background,0.000000,63.900002,0,0,0.063492,0.301587
4.523809,17.793652,background,0.000000,65.160004,0,0,0.079365,0.301587
5.428571,17.793652,background,0.000000,66.449997,0,0,0.095238,0.301587
6.333333,17.793652,background,0.000000,67.769997,0,0,0.111111,0.301587
7.238095,17.793652,background,0.000000,69.099998,0,0,0.126984,0.301587
8.142858,17.793652,background,0.000000,70.449997,0,0,0.142857,0.301587
9.047619,17.793652,background,0.000000,71.809998,0,0,0.158730,0.301587
9.952381,17.793652,background,0.000000,73.209999,0,0,0.174603,0.301587
10.857142,17.793652,background,0.000000,74.660004,0,0,0.190476,0.301587
11.761905,17.793652,background,0.000000,76.220001,0,0,0.206349,0.301587
12.666667,17.793652,background,0.000000,77.970001,0,1,0.222222,0.301587
13.571428,17.793652,HBM_1,25.000000,80.019997,1,0,0.238095,0.301587
14.476191,17.793652,HBM_1,25.000000,81.730003,1,0,0.253968,0.301587
15.380953,17.793652,HBM_1,25.000000,83.370003,1,0,0.269841,0.301587
16.285715,17.793652,HBM_1,25.000000,84.800003,1,0,0.285714,0.301587
17.190475,17.793652,HBM_1,25.000000,86.180000,1,0,0.301587,0.301587
18.095238,17.793652,HBM_1,25.000000,87.540001,1,0,0.317460,0.301587
19.000000,17.793652,HBM_1,25.000000,88.910004,1,0,0.333333,0.301587
19.904762,17.793652,HBM_1,25.000000,90.339996,1,0,0.349206,0.301587
20.809525,17.793652,HBM_1,25.000000,91.970001,1,1,0.365079,0.301587
21.714285,17.793652,background,0.000000,94.309998,0,0,0.380952,0.301587
22.619047,17.793652,background,0.000000,98.610001,0,1,0.396825,0.301587
23.523809,17.793652,GPU_2,300.000000,100.699997,1,0,0.412698,0.301587
24.428572,17.793652,GPU_2,300.000000,102.050003,1,0,0.428571,0.301587
25.333334,17.793652,GPU_2,300.000000,103.110001,1,0,0.444444,0.301587
26.238094,17.793652,GPU_2,300.000000,104.019997,1,0,0.460317,0.301587
27.142857,17.793652,GPU_2,300.000000,104.800003,1,0,0.476190,0.301587
28.047619,17.793652,GPU_2,300.000000,105.459999,1,0,0.492063,0.301587
28.952381,17.793652,GPU_2,300.000000,106.019997,1,0,0.507937,0.301587
29.857143,17.793652,GPU_2,300.000000,106.489998,1,0,0.523810,0.301587
30.761906,17.793652,GPU_2,300.000000,106.870003,1,0,0.539683,0.301587
31.666666,17.793652,GPU_2,300.000000,107.150002,1,0,0.555556,0.301587
32.571430,17.793652,GPU_2,300.000000,107.349998,1,0,0.571429,0.301587
33.476189,17.793652,GPU_2,300.000000,107.459999,1,0,0.587302,0.301587
34.380951,17.793652,GPU_2,300.000000,107.500000,1,0,0.603175,0.301587
35.285713,17.793652,GPU_2,300.000000,107.449997,1,0,0.619048,0.301587
36.190475,17.793652,GPU_2,300.000000,107.320000,1,0,0.634921,0.301587
37.095238,17.793652,GPU_2,300.000000,107.120003,1,0,0.650794,0.301587
38.000000,17.793652,GPU_2,300.000000,106.839996,1,0,0.666667,0.301587
38.904762,17.793652,GPU_2,300.000000,106.480003,1,0,0.682540,0.301587
39.809525,17.793652,GPU_2,300.000000,106.050003,1,0,0.698413,0.301587
40.714287,17.793652,GPU_2,300.000000,105.540001,1,1,0.714286,0.301587
41.619049,17.793652,HBM_2,25.000000,104.959999,1,0,0.730159,0.301587
42.523811,17.793652,HBM_2,25.000000,104.309998,1,0,0.746032,0.301587
43.428570,17.793652,HBM_2,25.000000,103.580002,1,0,0.761905,0.301587
44.333332,17.793652,HBM_2,25.000000,102.769997,1,0,0.777778,0.301587
45.238094,17.793652,HBM_2,25.000000,101.889999,1,0,0.793651,0.301587
46.142857,17.793652,HBM_2,25.000000,100.940002,1,0,0.809524,0.301587
47.047619,17.793652,HBM_2,25.000000,99.910004,1,0,0.825397,0.301587
47.952381,17.793652,HBM_2,25.000000,98.800003,1,0,0.841270,0.301587
48.857143,17.793652,HBM_2,25.000000,97.620003,1,1,0.857143,0.301587
49.761906,17.793652,background,0.000000,96.349998,0,0,0.873016,0.301587
50.666668,17.793652,background,0.000000,95.010002,0,0,0.888889,0.301587
51.571430,17.793652,background,0.000000,93.580002,0,0,0.904762,0.301587
52.476189,17.793652,background,0.000000,92.059998,0,0,0.920635,0.301587
53.380951,17.793652,background,0.000000,90.459999,0,0,0.936508,0.301587
54.285713,17.793652,background,0.000000,88.760002,0,0,0.952381,0.301587
55.190475,17.793652,background,0.000000,86.980003,0,0,0.968254,0.301587
56.095238,17.793652,background,0.000000,85.160004,0,0,0.984127,0.301587
57.000000,17.793652,background,0.000000,83.599998,0,0,1.000000,0.301587
0.000000,18.730158,background,0.000000,60.680000,0,0,0.000000,0.317460
0.904762,18.730158,background,0.000000,61.299999,0,0,0.015873,0.317460
1.809524,18.730158,background,0.000000,62.270000,0,0,0.031746,0.317460
2.714286,18.730158,background,0.000000,63.419998,0,0,0.047619,0.317460
3.619048,18.730158,background,0.000000,64.690002,0,0,0.063492,0.317460
4.523809,18.730158,background,0.000000,66.019997,0,0,0.079365,0.317460
5.428571,18.730158,background,0.000000,67.379997,0,0,0.095238,0.317460
6.333333,18.730158,background,0.000000,68.750000,0,0,0.111111,0.317460
7.238095,18.730158,background,0.000000,70.129997,0,0,0.126984,0.317460
8.142858,18.730158,background,0.000000,71.529999,0,0,0.142857,0.317460
9.047619,18.730158,background,0.000000,72.930000,0,0,0.158730,0.317460
9.952381,18.730158,background,0.000000,74.360001,0,0,0.174603,0.317460
10.857142,18.730158,background,0.000000,75.839996,0,0,0.190476,0.317460
11.761905,18.730158,background,0.000000,77.410004,0,0,0.206349,0.317460
12.666667,18.730158,background,0.000000,79.160004,0,1,0.222222,0.317460
13.571428,18.730158,HBM_1,25.000000,81.209999,1,0,0.238095,0.317460
14.476191,18.730158,HBM_1,25.000000,82.919998,1,0,0.253968,0.317460
15.380953,18.730158,HBM_1,25.000000,84.559998,1,0,0.269841,0.317460
16.285715,18.730158,HBM_1,25.000000,85.989998,1,0,0.285714,0.317460
17.190475,18.730158,HBM_1,25.000000,87.370003,1,0,0.301587,0.317460
18.095238,18.730158,HBM_1,25.000000,88.730003,1,0,0.317460,0.317460
19.000000,18.730158,HBM_1,25.000000,90.099998,1,0,0.333333,0.317460
19.904762,18.730158,HBM_1,25.000000,91.519997,1,0,0.349206,0.317460
20.809525,18.730158,HBM_1,25.000000,93.129997,1,1,0.365079,0.317460
21.714285,18.730158,background,0.000000,95.459999,0,0,0.380952,0.317460
22.619047,18.730158,background,0.000000,99.750000,0,1,0.396825,0.317460
23.523809,18.730158,GPU_2,300.000000,101.809998,1,0,0.412698,0.317460
24.428572,18.730158,GPU_2,300.000000,103.139999,1,0,0.428571,0.317460
25.333334,18.730158,GPU_2,300.000000,104.190002,1,0,0.444444,0.317460
26.238094,18.730158,GPU_2,300.000000,105.080002,1,0,0.460317,0.317460
27.142857,18.730158,GPU_2,300.000000,105.839996,1,0,0.476190,0.317460
28.047619,18.730158,GPU_2,300.000000,106.489998,1,0,0.492063,0.317460
28.952381,18.730158,GPU_2,300.000000,107.029999,1,0,0.507937,0.317460
29.857143,18.730158,GPU_2,300.000000,107.480003,1,0,0.523810,0.317460
30.761906,18.730158,GPU_2,300.000000,107.839996,1,0,0.539683,0.317460
31.666666,18.730158,GPU_2,300.000000,108.110001,1,0,0.555556,0.317460
32.571430,18.730158,GPU_2,300.000000,108.290001,1,0,0.571429,0.317460
33.476189,18.730158,GPU_2,300.000000,108.379997,1,0,0.587302,0.317460
34.380951,18.730158,GPU_2,300.000000,108.389999,1,0,0.603175,0.317460
35.285713,18.730158,GPU_2,300.000000,108.320000,1,0,0.619048,0.317460
36.190475,18.730158,GPU_2,300.000000,108.180000,1,0,0.634921,0.317460
37.095238,18.730158,GPU_2,300.000000,107.949997,1,0,0.650794,0.317460
38.000000,18.730158,GPU_2,300.000000,107.639999,1,0,0.666667,0.317460
38.904762,18.730158,GPU_2,300.000000,107.260002,1,0,0.682540,0.317460
39.809525,18.730158,GPU_2,300.000000,106.800003,1,0,0.698413,0.317460
40.714287,18.730158,GPU_2,300.000000,106.260002,1,1,0.714286,0.317460
41.619049,18.730158,HBM_2,25.000000,105.650002,1,0,0.730159,0.317460
42.523811,18.730158,HBM_2,25.000000,104.970001,1,0,0.746032,0.317460
43.428570,18.730158,HBM_2,25.000000,104.199997,1,0,0.761905,0.317460
44.333332,18.730158,HBM_2,25.000000,103.370003,1,0,0.777778,0.317460
45.238094,18.730158,HBM_2,25.000000,102.459999,1,0,0.793651,0.317460
46.142857,18.730158,HBM_2,25.000000,101.470001,1,0,0.809524,0.317460
47.047619,18.730158,HBM_2,25.000000,100.410004,1,0,0.825397,0.317460
47.952381,18.730158,HBM_2,25.000000,99.269997,1,0,0.841270,0.317460
48.857143,18.730158,HBM_2,25.000000,98.050003,1,1,0.857143,0.317460
49.761906,18.730158,background,0.000000,96.760002,0,0,0.873016,0.317460
50.666668,18.730158,background,0.000000,95.379997,0,0,0.888889,0.317460
51.571430,18.730158,background,0.000000,93.930000,0,0,0.904762,0.317460
52.476189,18.730158,background,0.000000,92.379997,0,0,0.920635,0.317460
53.380951,18.730158,background,0.000000,90.760002,0,0,0.936508,0.317460
54.285713,18.730158,background,0.000000,89.040001,0,0,0.952381,0.317460
55.190475,18.730158,background,0.000000,87.230003,0,0,0.968254,0.317460
56.095238,18.730158,background,0.000000,85.400002,0,0,0.984127,0.317460
57.000000,18.730158,background,0.000000,83.820000,0,0,1.000000,0.317460
0.000000,19.666666,background,0.000000,61.299999,0,0,0.000000,0.333333
0.904762,19.666666,background,0.000000,61.950001,0,0,0.015873,0.333333
1.809524,19.666666,background,0.000000,62.959999,0,0,0.031746,0.333333
2.714286,19.666666,background,0.000000,64.190002,0,0,0.047619,0.333333
3.619048,19.666666,background,0.000000,65.529999,0,0,0.063492,0.333333
4.523809,19.666666,background,0.000000,66.940002,0,0,0.079365,0.333333
5.428571,19.666666,background,0.000000,68.389999,0,0,0.095238,0.333333
6.333333,19.666666,background,0.000000,69.830002,0,0,0.111111,0.333333
7.238095,19.666666,background,0.000000,71.279999,0,0,0.126984,0.333333
8.142858,19.666666,background,0.000000,72.720001,0,0,0.142857,0.333333
9.047619,19.666666,background,0.000000,74.160004,0,0,0.158730,0.333333
9.952381,19.666666,background,0.000000,75.620003,0,0,0.174603,0.333333
10.857142,19.666666,background,0.000000,77.120003,0,0,0.190476,0.333333
11.761905,19.666666,background,0.000000,78.699997,0,0,0.206349,0.333333
12.666667,19.666666,background,0.000000,80.440002,0,1,0.222222,0.333333
13.571428,19.666666,HBM_1,25.000000,82.449997,1,0,0.238095,0.333333
14.476191,19.666666,HBM_1,25.000000,84.120003,1,0,0.253968,0.333333
15.380953,19.666666,HBM_1,25.000000,85.760002,1,0,0.269841,0.333333
16.285715,19.666666,HBM_1,25.000000,87.180000,1,0,0.285714,0.333333
17.190475,19.666666,HBM_1,25.000000,88.559998,1,0,0.301587,0.333333
18.095238,19.666666,HBM_1,25.000000,89.919998,1,0,0.317460,0.333333
19.000000,19.666666,HBM_1,25.000000,91.269997,1,0,0.333333,0.333333
19.904762,19.666666,HBM_1,25.000000,92.669998,1,0,0.349206,0.333333
20.809525,19.666666,HBM_1,25.000000,94.269997,1,1,0.365079,0.333333
21.714285,19.666666,background,0.000000,96.570000,0,0,0.380952,0.333333
22.619047,19.666666,background,0.000000,100.830002,0,1,0.396825,0.333333
23.523809,19.666666,GPU_2,300.000000,102.860001,1,0,0.412698,0.333333
24.428572,19.666666,GPU_2,300.000000,104.169998,1,0,0.428571,0.333333
25.333334,19.666666,GPU_2,300.000000,105.190002,1,0,0.444444,0.333333
26.238094,19.666666,GPU_2,300.000000,106.059998,1,0,0.460317,0.333333
27.142857,19.666666,GPU_2,300.000000,106.800003,1,0,0.476190,0.333333
28.047619,19.666666,GPU_2,300.000000,107.419998,1,0,0.492063,0.333333
28.952381,19.666666,GPU_2,300.000000,107.949997,1,0,0.507937,0.333333
29.857143,19.666666,GPU_2,300.000000,108.379997,1,0,0.523810,0.333333
30.761906,19.666666,GPU_2,300.000000,108.720001,1,0,0.539683,0.333333
31.666666,19.666666,GPU_2,300.000000,108.959999,1,0,0.555556,0.333333
32.571430,19.666666,GPU_2,300.000000,109.120003,1,0,0.571429,0.333333
33.476189,19.666666,GPU_2,300.000000,109.199997,1,0,0.587302,0.333333
34.380951,19.666666,GPU_2,300.000000,109.190002,1,0,0.603175,0.333333
35.285713,19.666666,GPU_2,300.000000,109.099998,1,0,0.619048,0.333333
36.190475,19.666666,GPU_2,300.000000,108.919998,1,0,0.634921,0.333333
37.095238,19.666666,GPU_2,300.000000,108.669998,1,0,0.650794,0.333333
38.000000,19.666666,GPU_2,300.000000,108.339996,1,0,0.666667,0.333333
38.904762,19.666666,GPU_2,300.000000,107.930000,1,0,0.682540,0.333333
39.809525,19.666666,GPU_2,300.000000,107.440002,1,0,0.698413,0.333333
40.714287,19.666666,GPU_2,300.000000,106.879997,1,1,0.714286,0.333333
41.619049,19.666666,HBM_2,25.000000,106.230003,1,1,0.730159,0.333333
42.523811,19.666666,HBM_2,25.000000,105.510002,1,1,0.746032,0.333333
43.428570,19.666666,HBM_2,25.000000,104.720001,1,1,0.761905,0.333333
44.333332,19.666666,HBM_2,25.000000,103.849998,1,1,0.777778,0.333333
45.238094,19.666666,HBM_2,25.000000,102.900002,1,1,0.793651,0.333333
46.142857,19.666666,HBM_2,25.000000,101.879997,1,1,0.809524,0.333333
47.047619,19.666666,HBM_2,25.000000,100.790001,1,1,0.825397,0.333333
47.952381,19.666666,HBM_2,25.000000,99.620003,1,1,0.841270,0.333333
48.857143,19.666666,HBM_2,25.000000,98.370003,1,1,0.857143,0.333333
49.761906,19.666666,background,0.000000,97.050003,0,0,0.873016,0.333333
50.666668,19.666666,background,0.000000,95.650002,0,0,0.888889,0.333333
51.571430,19.666666,background,0.000000,94.160004,0,0,0.904762,0.333333
52.476189,19.666666,background,0.000000,92.599998,0,0,0.920635,0.333333
53.380951,19.666666,background,0.000000,90.949997,0,0,0.936508,0.333333
54.285713,19.666666,background,0.000000,89.209999,0,0,0.952381,0.333333
55.190475,19.666666,background,0.000000,87.389999,0,0,0.968254,0.333333
56.095238,19.666666,background,0.000000,85.540001,0,0,0.984127,0.333333
57.000000,19.666666,background,0.000000,83.959999,0,0,1.000000,0.333333
0.000000,20.603174,background,0.000000,61.919998,0,0,0.000000,0.349206
0.904762,20.603174,background,0.000000,62.610001,0,0,0.015873,0.349206
1.809524,20.603174,background,0.000000,63.689999,0,0,0.031746,0.349206
2.714286,20.603174,background,0.000000,65.000000,0,0,0.047619,0.349206
3.619048,20.603174,background,0.000000,66.459999,0,0,0.063492,0.349206
4.523809,20.603174,background,0.000000,67.989998,0,0,0.079365,0.349206
5.428571,20.603174,background,0.000000,69.550003,0,0,0.095238,0.349206
6.333333,20.603174,background,0.000000,71.089996,0,0,0.111111,0.349206
7.238095,20.603174,background,0.000000,72.599998,0,0,0.126984,0.349206
8.142858,20.603174,background,0.000000,74.099998,0,0,0.142857,0.349206
9.047619,20.603174,background,0.000000,75.580002,0,0,0.158730,0.349206
9.952381,20.603174,background,0.000000,77.070000,0,0,0.174603,0.349206
10.857142,20.603174,background,0.000000,78.580002,0,0,0.190476,0.349206
11.761905,20.603174,background,0.000000,80.160004,0,0,0.206349,0.349206
12.666667,20.603174,background,0.000000,81.860001,0,1,0.222222,0.349206
13.571428,20.603174,HBM_1,25.000000,83.800003,1,0,0.238095,0.349206
14.476191,20.603174,HBM_1,25.000000,85.370003,1,0,0.253968,0.349206
15.380953,20.603174,HBM_1,25.000000,86.989998,1,0,0.269841,0.349206
16.285715,20.603174,HBM_1,25.000000,88.410004,1,0,0.285714,0.349206
17.190475,20.603174,HBM_1,25.000000,89.769997,1,0,0.301587,0.349206
18.095238,20.603174,HBM_1,25.000000,91.110001,1,0,0.317460,0.349206
19.000000,20.603174,HBM_1,25.000000,92.449997,1,0,0.333333,0.349206
19.904762,20.603174,HBM_1,25.000000,93.830002,1,0,0.349206,0.349206
20.809525,20.603174,HBM_1,25.000000,95.389999,1,1,0.365079,0.349206
21.714285,20.603174,background,0.000000,97.650002,0,0,0.380952,0.349206
22.619047,20.603174,background,0.000000,101.870003,0,1,0.396825,0.349206
23.523809,20.603174,GPU_2,300.000000,103.860001,1,0,0.412698,0.349206
24.428572,20.603174,GPU_2,300.000000,105.129997,1,0,0.428571,0.349206
25.333334,20.603174,GPU_2,300.000000,106.120003,1,0,0.444444,0.349206
26.238094,20.603174,GPU_2,300.000000,106.959999,1,0,0.460317,0.349206
27.142857,20.603174,GPU_2,300.000000,107.669998,1,0,0.476190,0.349206
28.047619,20.603174,GPU_2,300.000000,108.269997,1,0,0.492063,0.349206
28.952381,20.603174,GPU_2,300.000000,108.769997,1,0,0.507937,0.349206
29.857143,20.603174,GPU_2,300.000000,109.180000,1,0,0.523810,0.349206
30.761906,20.603174,GPU_2,300.000000,109.500000,1,0,0.539683,0.349206
31.666666,20.603174,GPU_2,300.000000,109.720001,1,0,0.555556,0.349206
32.571430,20.603174,GPU_2,300.000000,109.860001,1,0,0.571429,0.349206
33.476189,20.603174,GPU_2,300.000000,109.910004,1,0,0.587302,0.349206
34.380951,20.603174,GPU_2,300.000000,109.879997,1,0,0.603175,0.349206
35.285713,20.603174,GPU_2,300.000000,109.760002,1,0,0.619048,0.349206
36.190475,20.603174,GPU_2,300.000000,109.559998,1,0,0.634921,0.349206
37.095238,20.603174,GPU_2,300.000000,109.279999,1,0,0.650794,0.349206
38.000000,20.603174,GPU_2,300.000000,108.930000,1,0,0.666667,0.349206
38.904762,20.603174,GPU_2,300.000000,108.489998,1,0,0.682540,0.349206
39.809525,20.603174,GPU_2,300.000000,107.970001,1,0,0.698413,0.349206
40.714287,20.603174,GPU_2,300.000000,107.379997,1,1,0.714286,0.349206
41.619049,20.603174,background,0.000000,106.699997,0,0,0.730159,0.349206
42.523811,20.603174,background,0.000000,105.949997,0,0,0.746032,0.349206
43.428570,20.603174,background,0.000000,105.120003,0,0,0.761905,0.349206
44.333332,20.603174,background,0.000000,104.220001,0,0,0.777778,0.349206
45.238094,20.603174,background,0.000000,103.239998,0,0,0.793651,0.349206
46.142857,20.603174,background,0.000000,102.180000,0,0,0.809524,0.349206
47.047619,20.603174,background,0.000000,101.059998,0,0,0.825397,0.349206
47.952381,20.603174,background,0.000000,99.849998,0,0,0.841270,0.349206
48.857143,20.603174,background,0.000000,98.580002,0,0,0.857143,0.349206
49.761906,20.603174,background,0.000000,97.220001,0,0,0.873016,0.349206
50.666668,20.603174,background,0.000000,95.800003,0,0,0.888889,0.349206
51.571430,20.603174,background,0.000000,94.290001,0,0,0.904762,0.349206
52.476189,20.603174,background,0.000000,92.699997,0,0,0.920635,0.349206
53.380951,20.603174,background,0.000000,91.029999,0,0,0.936508,0.349206
54.285713,20.603174,background,0.000000,89.279999,0,0,0.952381,0.349206
55.190475,20.603174,background,0.000000,87.440002,0,0,0.968254,0.349206
56.095238,20.603174,background,0.000000,85.580002,0,0,0.984127,0.349206
57.000000,20.603174,background,0.000000,84.000000,0,0,1.000000,0.349206
0.000000,21.539682,background,0.000000,62.549999,0,0,0.000000,0.365079
0.904762,21.539682,background,0.000000,63.279999,0,0,0.015873,0.365079
1.809524,21.539682,background,0.000000,64.440002,0,0,0.031746,0.365079
2.714286,21.539682,background,0.000000,65.889999,0,0,0.047619,0.365079
3.619048,21.539682,background,0.000000,67.519997,0,0,0.063492,0.365079
4.523809,21.539682,background,0.000000,69.260002,0,0,0.079365,0.365079
5.428571,21.539682,background,0.000000,71.000000,0,0,0.095238,0.365079
6.333333,21.539682,background,0.000000,72.669998,0,0,0.111111,0.365079
7.238095,21.539682,background,0.000000,74.260002,0,0,0.126984,0.365079
8.142858,21.539682,background,0.000000,75.809998,0,0,0.142857,0.365079
9.047619,21.539682,background,0.000000,77.339996,0,0,0.158730,0.365079
9.952381,21.539682,background,0.000000,78.849998,0,0,0.174603,0.365079
10.857142,21.539682,background,0.000000,80.370003,0,0,0.190476,0.365079
11.761905,21.539682,background,0.000000,81.919998,0,0,0.206349,0.365079
12.666667,21.539682,background,0.000000,83.559998,0,1,0.222222,0.365079
13.571428,21.539682,HBM_1,25.000000,85.349998,1,0,0.238095,0.365079
14.476191,21.539682,HBM_1,25.000000,86.739998,1,0,0.253968,0.365079
15.380953,21.539682,HBM_1,25.000000,88.309998,1,0,0.269841,0.365079
16.285715,21.539682,HBM_1,25.000000,89.709999,1,0,0.285714,0.365079
17.190475,21.539682,HBM_1,25.000000,91.059998,1,0,0.301587,0.365079
18.095238,21.539682,HBM_1,25.000000,92.379997,1,0,0.317460,0.365079
19.000000,21.539682,HBM_1,25.000000,93.690002,1,0,0.333333,0.365079
19.904762,21.539682,HBM_1,25.000000,95.029999,1,0,0.349206,0.365079
20.809525,21.539682,HBM_1,25.000000,96.540001,1,1,0.365079,0.365079
21.714285,21.539682,background,0.000000,98.739998,0,0,0.380952,0.365079
22.619047,21.539682,background,0.000000,102.879997,0,1,0.396825,0.365079
23.523809,21.539682,GPU_2,300.000000,104.809998,1,0,0.412698,0.365079
24.428572,21.539682,GPU_2,300.000000,106.029999,1,0,0.428571,0.365079
25.333334,21.539682,GPU_2,300.000000,106.980003,1,0,0.444444,0.365079
26.238094,21.539682,GPU_2,300.000000,107.779999,1,0,0.460317,0.365079
27.142857,21.539682,GPU_2,300.000000,108.459999,1,0,0.476190,0.365079
28.047619,21.539682,GPU_2,300.000000,109.029999,1,0,0.492063,0.365079
28.952381,21.539682,GPU_2,300.000000,109.510002,1,0,0.507937,0.365079
29.857143,21.539682,GPU_2,300.000000,109.889999,1,0,0.523810,0.365079
30.761906,21.539682,GPU_2,300.000000,110.180000,1,0,0.539683,0.365079
31.666666,21.539682,GPU_2,300.000000,110.379997,1,0,0.555556,0.365079
32.571430,21.539682,GPU_2,300.000000,110.489998,1,0,0.571429,0.365079
33.476189,21.539682,GPU_2,300.000000,110.519997,1,0,0.587302,0.365079
34.380951,21.539682,GPU_2,300.000000,110.459999,1,0,0.603175,0.365079
35.285713,21.539682,GPU_2,300.000000,110.320000,1,0,0.619048,0.365079
36.190475,21.539682,GPU_2,300.000000,110.099998,1,0,0.634921,0.365079
37.095238,21.539682,GPU_2,300.000000,109.790001,1,0,0.650794,0.365079
38.000000,21.539682,GPU_2,300.000000,109.410004,1,0,0.666667,0.365079
38.904762,21.539682,GPU_2,300.000000,108.940002,1,0,0.682540,0.365079
39.809525,21.539682,GPU_2,300.000000,108.389999,1,0,0.698413,0.365079
40.714287,21.539682,GPU_2,300.000000,107.769997,1,1,0.714286,0.365079
41.619049,21.539682,background,0.000000,107.059998,0,0,0.730159,0.365079
42.523811,21.539682,background,0.000000,106.279999,0,0,0.746032,0.365079
43.428570,21.539682,background,0.000000,105.410004,0,0,0.761905,0.365079
44.333332,21.539682,background,0.000000,104.470001,0,0,0.777778,0.365079
45.238094,21.539682,background,0.000000,103.459999,0,0,0.793651,0.365079
46.142857,21.539682,background,0.000000,102.370003,0,0,0.809524,0.365079
47.047619,21.539682,background,0.000000,101.199997,0,0,0.825397,0.365079
47.952381,21.539682,background,0.000000,99.970001,0,0,0.841270,0.365079
48.857143,21.539682,background,0.000000,98.660004,0,0,0.857143,0.365079
49.761906,21.539682,background,0.000000,97.279999,0,0,0.873016,0.365079
50.666668,21.539682,background,0.000000,95.830002,0,0,0.888889,0.365079
51.571430,21.539682,background,0.000000,94.300003,0,0,0.904762,0.365079
52.476189,21.539682,background,0.000000,92.690002,0,0,0.920635,0.365079
53.380951,21.539682,background,0.000000,91.000000,0,0,0.936508,0.365079
54.285713,21.539682,background,0.000000,89.239998,0,0,0.952381,0.365079
55.190475,21.539682,background,0.000000,87.389999,0,0,0.968254,0.365079
56.095238,21.539682,background,0.000000,85.529999,0,0,0.984127,0.365079
57.000000,21.539682,background,0.000000,83.940002,0,0,1.000000,0.365079
0.000000,22.476191,background,0.000000,63.180000,0,0,0.000000,0.380952
0.904762,22.476191,background,0.000000,63.959999,0,0,0.015873,0.380952
1.809524,22.476191,background,0.000000,65.239998,0,0,0.031746,0.380952
2.714286,22.476191,background,0.000000,66.870003,0,0,0.047619,0.380952
3.619048,22.476191,background,0.000000,68.800003,0,0,0.063492,0.380952
4.523809,22.476191,background,0.000000,70.910004,0,0,0.079365,0.380952
5.428571,22.476191,background,0.000000,72.980003,0,0,0.095238,0.380952
6.333333,22.476191,background,0.000000,74.800003,0,0,0.111111,0.380952
7.238095,22.476191,background,0.000000,76.480003,0,0,0.126984,0.380952
8.142858,22.476191,background,0.000000,78.089996,0,0,0.142857,0.380952
9.047619,22.476191,background,0.000000,79.650002,0,0,0.158730,0.380952
9.952381,22.476191,background,0.000000,81.190002,0,0,0.174603,0.380952
10.857142,22.476191,background,0.000000,82.709999,0,0,0.190476,0.380952
11.761905,22.476191,background,0.000000,84.230003,0,0,0.206349,0.380952
12.666667,22.476191,background,0.000000,85.779999,0,1,0.222222,0.380952
13.571428,22.476191,HBM_1,25.000000,87.360001,1,0,0.238095,0.380952
14.476191,22.476191,HBM_1,25.000000,88.430000,1,0,0.253968,0.380952
15.380953,22.476191,HBM_1,25.000000,89.919998,1,0,0.269841,0.380952
16.285715,22.476191,HBM_1,25.000000,91.290001,1,0,0.285714,0.380952
17.190475,22.476191,HBM_1,25.000000,92.610001,1,0,0.301587,0.380952
18.095238,22.476191,HBM_1,25.000000,93.900002,1,0,0.317460,0.380952
19.000000,22.476191,HBM_1,25.000000,95.169998,1,0,0.333333,0.380952
19.904762,22.476191,HBM_1,25.000000,96.470001,1,0,0.349206,0.380952
20.809525,22.476191,HBM_1,25.000000,97.910004,1,1,0.365079,0.380952
21.714285,22.476191,background,0.000000,99.980003,0,0,0.380952,0.380952
22.619047,22.476191,background,0.000000,103.900002,0,1,0.396825,0.380952
23.523809,22.476191,GPU_2,300.000000,105.709999,1,0,0.412698,0.380952
24.428572,22.476191,GPU_2,300.000000,106.849998,1,0,0.428571,0.380952
25.333334,22.476191,GPU_2,300.000000,107.750000,1,0,0.444444,0.380952
26.238094,22.476191,GPU_2,300.000000,108.510002,1,0,0.460317,0.380952
27.142857,22.476191,GPU_2,300.000000,109.150002,1,0,0.476190,0.380952
28.047619,22.476191,GPU_2,300.000000,109.699997,1,0,0.492063,0.380952
28.952381,22.476191,GPU_2,300.000000,110.139999,1,0,0.507937,0.380952
29.857143,22.476191,GPU_2,300.000000,110.500000,1,0,0.523810,0.380952
30.761906,22.476191,GPU_2,300.000000,110.760002,1,0,0.539683,0.380952
31.666666,22.476191,GPU_2,300.000000,110.940002,1,0,0.555556,0.380952
32.571430,22.476191,GPU_2,300.000000,111.029999,1,0,0.571429,0.380952
33.476189,22.476191,GPU_2,300.000000,111.029999,1,0,0.587302,0.380952
34.380951,22.476191,GPU_2,300.000000,110.949997,1,0,0.603175,0.380952
35.285713,22.476191,GPU_2,300.000000,110.779999,1,0,0.619048,0.380952
36.190475,22.476191,GPU_2,300.000000,110.529999,1,0,0.634921,0.380952
37.095238,22.476191,GPU_2,300.000000,110.199997,1,0,0.650794,0.380952
38.000000,22.476191,GPU_2,300.000000,109.779999,1,0,0.666667,0.380952
38.904762,22.476191,GPU_2,300.000000,109.290001,1,0,0.682540,0.380952
39.809525,22.476191,GPU_2,300.000000,108.709999,1,0,0.698413,0.380952
40.714287,22.476191,GPU_2,300.000000,108.050003,1,1,0.714286,0.380952
41.619049,22.476191,background,0.000000,107.309998,0,0,0.730159,0.380952
42.523811,22.476191,background,0.000000,106.489998,0,0,0.746032,0.380952
43.428570,22.476191,background,0.000000,105.589996,0,0,0.761905,0.380952
44.333332,22.476191,background,0.000000,104.610001,0,0,0.777778,0.380952
45.238094,22.476191,background,0.000000,103.559998,0,0,0.793651,0.380952
46.142857,22.476191,background,0.000000,102.430000,0,0,0.809524,0.380952
47.047619,22.476191,background,0.000000,101.230003,0,0,0.825397,0.380952
47.952381,22.476191,background,0.000000,99.959999,0,0,0.841270,0.380952
48.857143,22.476191,background,0.000000,98.620003,0,0,0.857143,0.380952
49.761906,22.476191,background,0.000000,97.209999,0,0,0.873016,0.380952
50.666668,22.476191,background,0.000000,95.730003,0,0,0.888889,0.380952
51.571430,22.476191,background,0.000000,94.180000,0,0,0.904762,0.380952
52.476189,22.476191,background,0.000000,92.559998,0,0,0.920635,0.380952
53.380951,22.476191,background,0.000000,90.860001,0,0,0.936508,0.380952
54.285713,22.476191,background,0.000000,89.080002,0,0,0.952381,0.380952
55.190475,22.476191,background,0.000000,87.230003,0,0,0.968254,0.380952
56.095238,22.476191,background,0.000000,85.370003,0,0,0.984127,0.380952
57.000000,22.476191,background,0.000000,83.779999,0,0,1.000000,0.380952
0.000000,23.412699,background,0.000000,63.799999,0,0,0.000000,0.396825
0.904762,23.412699,background,0.000000,64.650002,0,0,0.015873,0.396825
1.809524,23.412699,background,0.000000,66.059998,0,0,0.031746,0.396825
2.714286,23.412699,background,0.000000,67.959999,0,0,0.047619,0.396825
3.619048,23.412699,background,0.000000,70.389999,0,0,0.063492,0.396825
4.523809,23.412699,background,0.000000,73.080002,0,0,0.079365,0.396825
5.428571,23.412699,background,0.000000,75.610001,0,0,0.095238,0.396825
6.333333,23.412699,background,0.000000,77.540001,0,0,0.111111,0.396825
7.238095,23.412699,background,0.000000,79.279999,0,0,0.126984,0.396825
8.142858,23.412699,GPU_1,300.000000,80.930000,1,1,0.142857,0.396825
9.047619,23.412699,GPU_1,300.000000,82.519997,1,1,0.158730,0.396825
9.952381,23.412699,GPU_1,300.000000,84.070000,1,1,0.174603,0.396825
10.857142,23.412699,GPU_1,300.000000,85.599998,1,1,0.190476,0.396825
11.761905,23.412699,GPU_1,300.000000,87.089996,1,1,0.206349,0.396825
12.666667,23.412699,GPU_1,300.000000,88.580002,1,1,0.222222,0.396825
13.571428,23.412699,GPU_1,300.000000,90.040001,1,1,0.238095,0.396825
14.476191,23.412699,GPU_1,300.000000,91.099998,1,1,0.253968,0.396825
15.380953,23.412699,GPU_1,300.000000,92.459999,1,1,0.269841,0.396825
16.285715,23.412699,GPU_1,300.000000,93.779999,1,1,0.285714,0.396825
17.190475,23.412699,GPU_1,300.000000,95.070000,1,1,0.301587,0.396825
18.095238,23.412699,GPU_1,300.000000,96.330002,1,1,0.317460,0.396825
19.000000,23.412699,GPU_1,300.000000,97.559998,1,1,0.333333,0.396825
19.904762,23.412699,GPU_1,300.000000,98.790001,1,1,0.349206,0.396825
20.809525,23.412699,GPU_1,300.000000,100.110001,1,1,0.365079,0.396825
21.714285,23.412699,GPU_1,300.000000,101.889999,1,1,0.380952,0.396825
22.619047,23.412699,GPU_1,300.000000,105.029999,1,1,0.396825,0.396825
23.523809,23.412699,GPU_1,300.000000,106.570000,1,1,0.412698,0.396825
24.428572,23.412699,GPU_1,300.000000,107.610001,1,1,0.428571,0.396825
25.333334,23.412699,GPU_1,300.000000,108.440002,1,1,0.444444,0.396825
26.238094,23.412699,CPU1_1,105.000000,109.150002,1,1,0.460317,0.396825
27.142857,23.412699,CPU1_1,105.000000,109.760002,1,1,0.476190,0.396825
28.047619,23.412699,CPU1_1,105.000000,110.269997,1,1,0.492063,0.396825
28.952381,23.412699,CPU1_1,105.000000,110.680000,1,1,0.507937,0.396825
29.857143,23.412699,CPU1_1,105.000000,111.010002,1,1,0.523810,0.396825
30.761906,23.412699,CPU1_1,105.000000,111.250000,1,1,0.539683,0.396825
31.666666,23.412699,CPU1_1,105.000000,111.389999,1,1,0.555556,0.396825
32.571430,23.412699,CPU1_1,105.000000,111.459999,1,1,0.571429,0.396825
33.476189,23.412699,CPU1_1,105.000000,111.430000,1,1,0.587302,0.396825
34.380951,23.412699,CPU1_1,105.000000,111.320000,1,1,0.603175,0.396825
35.285713,23.412699,CPU1_1,105.000000,111.129997,1,1,0.619048,0.396825
36.190475,23.412699,CPU1_1,105.000000,110.849998,1,1,0.634921,0.396825
37.095238,23.412699,CPU1_1,105.000000,110.489998,1,1,0.650794,0.396825
38.000000,23.412699,CPU1_1,105.000000,110.050003,1,1,0.666667,0.396825
38.904762,23.412699,GPU_3,300.000000,109.519997,1,1,0.682540,0.396825
39.809525,23.412699,GPU_3,300.000000,108.910004,1,1,0.698413,0.396825
40.714287,23.412699,GPU_3,300.000000,108.220001,1,1,0.714286,0.396825
41.619049,23.412699,GPU_3,300.000000,107.449997,1,1,0.730159,0.396825
42.523811,23.412699,GPU_3,300.000000,106.589996,1,1,0.746032,0.396825
43.428570,23.412699,GPU_3,300.000000,105.650002,1,1,0.761905,0.396825
44.333332,23.412699,GPU_3,300.000000,104.629997,1,1,0.777778,0.396825
45.238094,23.412699,GPU_3,300.000000,103.540001,1,1,0.793651,0.396825
46.142857,23.412699,GPU_3,300.000000,102.360001,1,1,0.809524,0.396825
47.047619,23.412699,GPU_3,300.000000,101.120003,1,1,0.825397,0.396825
47.952381,23.412699,GPU_3,300.000000,99.820000,1,1,0.841270,0.396825
48.857143,23.412699,GPU_3,300.000000,98.440002,1,1,0.857143,0.396825
49.761906,23.412699,GPU_3,300.000000,97.010002,1,1,0.873016,0.396825
50.666668,23.412699,GPU_3,300.000000,95.500000,1,1,0.888889,0.396825
51.571430,23.412699,GPU_3,300.000000,93.930000,1,1,0.904762,0.396825
52.476189,23.412699,GPU_3,300.000000,92.290001,1,1,0.920635,0.396825
53.380951,23.412699,GPU_3,300.000000,90.580002,1,1,0.936508,0.396825
54.285713,23.412699,GPU_3,300.000000,88.790001,1,1,0.952381,0.396825
55.190475,23.412699,GPU_3,300.000000,86.940002,1,1,0.968254,0.396825
56.095238,23.412699,background,0.000000,85.080002,0,1,0.984127,0.396825
57.000000,23.412699,background,0.000000,83.510002,0,0,1.000000,0.396825
0.000000,24.349207,background,0.000000,64.400002,0,0,0.000000,0.412698
0.904762,24.349207,background,0.000000,65.300003,0,0,0.015873,0.412698
1.809524,24.349207,background,0.000000,66.870003,0,0,0.031746,0.412698
2.714286,24.349207,background,0.000000,69.089996,0,0,0.047619,0.412698
3.619048,24.349207,background,0.000000,72.239998,0,0,0.063492,0.412698
4.523809,24.349207,background,0.000000,75.760002,0,0,0.079365,0.412698
5.428571,24.349207,background,0.000000,79.080002,0,0,0.095238,0.412698
6.333333,24.349207,background,0.000000,81.180000,0,0,0.111111,0.412698
7.238095,24.349207,background,0.000000,82.989998,0,0,0.126984,0.412698
8.142858,24.349207,GPU_1,300.000000,84.680000,1,1,0.142857,0.412698
9.047619,24.349207,GPU_1,300.000000,86.309998,1,0,0.158730,0.412698
9.952381,24.349207,GPU_1,300.000000,87.879997,1,0,0.174603,0.412698
10.857142,24.349207,GPU_1,300.000000,89.410004,1,0,0.190476,0.412698
11.761905,24.349207,GPU_1,300.000000,90.910004,1,0,0.206349,0.412698
12.666667,24.349207,GPU_1,300.000000,92.370003,1,1,0.222222,0.412698
13.571428,24.349207,GPU_1,300.000000,93.769997,1,0,0.238095,0.412698
14.476191,24.349207,GPU_1,300.000000,94.970001,1,0,0.253968,0.412698
15.380953,24.349207,GPU_1,300.000000,96.239998,1,0,0.269841,0.412698
16.285715,24.349207,GPU_1,300.000000,97.529999,1,0,0.285714,0.412698
17.190475,24.349207,GPU_1,300.000000,98.790001,1,0,0.301587,0.412698
18.095238,24.349207,GPU_1,300.000000,100.010002,1,0,0.317460,0.412698
19.000000,24.349207,GPU_1,300.000000,101.199997,1,0,0.333333,0.412698
19.904762,24.349207,GPU_1,300.000000,102.360001,1,0,0.349206,0.412698
20.809525,24.349207,GPU_1,300.000000,103.529999,1,1,0.365079,0.412698
21.714285,24.349207,GPU_1,300.000000,104.790001,1,0,0.380952,0.412698
22.619047,24.349207,GPU_1,300.000000,106.260002,1,0,0.396825,0.412698
23.523809,24.349207,GPU_1,300.000000,107.370003,1,0,0.412698,0.412698
24.428572,24.349207,GPU_1,300.000000,108.269997,1,0,0.428571,0.412698
25.333334,24.349207,GPU_1,300.000000,109.029999,1,0,0.444444,0.412698
26.238094,24.349207,CPU1_1,105.000000,109.690002,1,1,0.460317,0.412698
27.142857,24.349207,CPU1_1,105.000000,110.260002,1,0,0.476190,0.412698
28.047619,24.349207,CPU1_1,105.000000,110.730003,1,0,0.492063,0.412698
28.952381,24.349207,CPU1_1,105.000000,111.120003,1,0,0.507937,0.412698
29.857143,24.349207,CPU1_1,105.000000,111.410004,1,0,0.523810,0.412698
30.761906,24.349207,CPU1_1,105.000000,111.620003,1,0,0.539683,0.412698
31.666666,24.349207,CPU1_1,105.000000,111.739998,1,0,0.555556,0.412698
32.571430,24.349207,CPU1_1,105.000000,111.779999,1,0,0.571429,0.412698
33.476189,24.349207,CPU1_1,105.000000,111.730003,1,0,0.587302,0.412698
34.380951,24.349207,CPU1_1,105.000000,111.589996,1,0,0.603175,0.412698
35.285713,24.349207,CPU1_1,105.000000,111.370003,1,0,0.619048,0.412698
36.190475,24.349207,CPU1_1,105.000000,111.059998,1,0,0.634921,0.412698
37.095238,24.349207,CPU1_1,105.000000,110.669998,1,0,0.650794,0.412698
38.000000,24.349207,CPU1_1,105.000000,110.199997,1,1,0.666667,0.412698
38.904762,24.349207,GPU_3,300.000000,109.639999,1,0,0.682540,0.412698
39.809525,24.349207,GPU_3,300.000000,109.000000,1,0,0.698413,0.412698
40.714287,24.349207,GPU_3,300.000000,108.269997,1,0,0.714286,0.412698
41.619049,24.349207,GPU_3,300.000000,107.459999,1,0,0.730159,0.412698
42.523811,24.349207,GPU_3,300.000000,106.570000,1,0,0.746032,0.412698
43.428570,24.349207,GPU_3,300.000000,105.589996,1,0,0.761905,0.412698
44.333332,24.349207,GPU_3,300.000000,104.519997,1,0,0.777778,0.412698
45.238094,24.349207,GPU_3,300.000000,103.370003,1,0,0.793651,0.412698
46.142857,24.349207,GPU_3,300.000000,102.150002,1,0,0.809524,0.412698
47.047619,24.349207,GPU_3,300.000000,100.849998,1,0,0.825397,0.412698
47.952381,24.349207,GPU_3,300.000000,99.500000,1,0,0.841270,0.412698
48.857143,24.349207,GPU_3,300.000000,98.099998,1,0,0.857143,0.412698
49.761906,24.349207,GPU_3,300.000000,96.629997,1,0,0.873016,0.412698
50.666668,24.349207,GPU_3,300.000000,95.099998,1,0,0.888889,0.412698
51.571430,24.349207,GPU_3,300.000000,93.510002,1,0,0.904762,0.412698
52.476189,24.349207,GPU_3,300.000000,91.849998,1,0,0.920635,0.412698
53.380951,24.349207,GPU_3,300.000000,90.129997,1,0,0.936508,0.412698
54.285713,24.349207,GPU_3,300.000000,88.339996,1,0,0.952381,0.412698
55.190475,24.349207,GPU_3,300.000000,86.500000,1,0,0.968254,0.412698
56.095238,24.349207,background,0.000000,84.650002,0,1,0.984127,0.412698
57.000000,24.349207,background,0.000000,83.080002,0,0,1.000000,0.412698
0.000000,25.285715,background,0.000000,64.949997,0,0,0.000000,0.428571
0.904762,25.285715,background,0.000000,65.910004,0,0,0.015873,0.428571
1.809524,25.285715,background,0.000000,67.580002,0,0,0.031746,0.428571
2.714286,25.285715,background,0.000000,69.980003,0,0,0.047619,0.428571
3.619048,25.285715,background,0.000000,73.400002,0,0,0.063492,0.428571
4.523809,25.285715,background,0.000000,76.980003,0,0,0.079365,0.428571
5.428571,25.285715,background,0.000000,80.459999,0,0,0.095238,0.428571
6.333333,25.285715,background,0.000000,82.650002,0,0,0.111111,0.428571
7.238095,25.285715,background,0.000000,84.519997,0,0,0.126984,0.428571
8.142858,25.285715,GPU_1,300.000000,86.260002,1,1,0.142857,0.428571
9.047619,25.285715,GPU_1,300.000000,87.910004,1,0,0.158730,0.428571
9.952381,25.285715,GPU_1,300.000000,89.510002,1,0,0.174603,0.428571
10.857142,25.285715,GPU_1,300.000000,91.059998,1,0,0.190476,0.428571
11.761905,25.285715,GPU_1,300.000000,92.559998,1,0,0.206349,0.428571
12.666667,25.285715,GPU_1,300.000000,94.010002,1,1,0.222222,0.428571
13.571428,25.285715,GPU_1,300.000000,95.419998,1,1,0.238095,0.428571
14.476191,25.285715,GPU_1,300.000000,96.750000,1,1,0.253968,0.428571
15.380953,25.285715,GPU_1,300.000000,98.059998,1,1,0.269841,0.428571
16.285715,25.285715,GPU_1,300.000000,99.339996,1,1,0.285714,0.428571
17.190475,25.285715,GPU_1,300.000000,100.570000,1,1,0.301587,0.428571
18.095238,25.285715,GPU_1,300.000000,101.760002,1,1,0.317460,0.428571
19.000000,25.285715,GPU_1,300.000000,102.900002,1,1,0.333333,0.428571
19.904762,25.285715,GPU_1,300.000000,104.000000,1,1,0.349206,0.428571
20.809525,25.285715,GPU_1,300.000000,105.059998,1,1,0.365079,0.428571
21.714285,25.285715,GPU_1,300.000000,106.089996,1,0,0.380952,0.428571
22.619047,25.285715,GPU_1,300.000000,107.089996,1,0,0.396825,0.428571
23.523809,25.285715,GPU_1,300.000000,107.989998,1,0,0.412698,0.428571
24.428572,25.285715,GPU_1,300.000000,108.779999,1,0,0.428571,0.428571
25.333334,25.285715,GPU_1,300.000000,109.480003,1,0,0.444444,0.428571
26.238094,25.285715,CPU1_1,105.000000,110.099998,1,1,0.460317,0.428571
27.142857,25.285715,CPU1_1,105.000000,110.620003,1,0,0.476190,0.428571
28.047619,25.285715,CPU1_1,105.000000,111.059998,1,0,0.492063,0.428571
28.952381,25.285715,CPU1_1,105.000000,111.410004,1,0,0.507937,0.428571
29.857143,25.285715,CPU1_1,105.000000,111.669998,1,0,0.523810,0.428571
30.761906,25.285715,CPU1_1,105.000000,111.849998,1,0,0.539683,0.428571
31.666666,25.285715,CPU1_1,105.000000,111.949997,1,0,0.555556,0.428571
32.571430,25.285715,CPU1_1,105.000000,111.949997,1,0,0.571429,0.428571
33.476189,25.285715,CPU1_1,105.000000,111.879997,1,0,0.587302,0.428571
34.380951,25.285715,CPU1_1,105.000000,111.709999,1,0,0.603175,0.428571
35.285713,25.285715,CPU1_1,105.000000,111.459999,1,0,0.619048,0.428571
36.190475,25.285715,CPU1_1,105.000000,111.129997,1,0,0.634921,0.428571
37.095238,25.285715,CPU1_1,105.000000,110.709999,1,0,0.650794,0.428571
38.000000,25.285715,CPU1_1,105.000000,110.209999,1,1,0.666667,0.428571
38.904762,25.285715,GPU_3,300.000000,109.620003,1,0,0.682540,0.428571
39.809525,25.285715,GPU_3,300.000000,108.940002,1,0,0.698413,0.428571
40.714287,25.285715,GPU_3,300.000000,108.180000,1,0,0.714286,0.428571
41.619049,25.285715,GPU_3,300.000000,107.330002,1,0,0.730159,0.428571
42.523811,25.285715,GPU_3,300.000000,106.400002,1,0,0.746032,0.428571
43.428570,25.285715,GPU_3,300.000000,105.370003,1,0,0.761905,0.428571
44.333332,25.285715,GPU_3,300.000000,104.250000,1,0,0.777778,0.428571
45.238094,25.285715,GPU_3,300.000000,103.019997,1,0,0.793651,0.428571
46.142857,25.285715,GPU_3,300.000000,101.690002,1,0,0.809524,0.428571
47.047619,25.285715,GPU_3,300.000000,100.320000,1,0,0.825397,0.428571
47.952381,25.285715,GPU_3,300.000000,98.919998,1,0,0.841270,0.428571
48.857143,25.285715,GPU_3,300.000000,97.480003,1,0,0.857143,0.428571
49.761906,25.285715,GPU_3,300.000000,95.980003,1,0,0.873016,0.428571
50.666668,25.285715,GPU_3,300.000000,94.419998,1,0,0.888889,0.428571
51.571430,25.285715,GPU_3,300.000000,92.809998,1,0,0.904762,0.428571
52.476189,25.285715,GPU_3,300.000000,91.139999,1,0,0.920635,0.428571
53.380951,25.285715,GPU_3,300.000000,89.419998,1,0,0.936508,0.428571
54.285713,25.285715,GPU_3,300.000000,87.650002,1,0,0.952381,0.428571
55.190475,25.285715,GPU_3,300.000000,85.820000,1,0,0.968254,0.428571
56.095238,25.285715,background,0.000000,83.980003,0,1,0.984127,0.428571
57.000000,25.285715,background,0.000000,82.430000,0,0,1.000000,0.428571
0.000000,26.222221,background,0.000000,65.440002,0,0,0.000000,0.444444
0.904762,26.222221,background,0.000000,66.440002,0,0,0.015873,0.444444
1.809524,26.222221,background,0.000000,68.180000,0,0,0.031746,0.444444
2.714286,26.222221,background,0.000000,70.690002,0,0,0.047619,0.444444
3.619048,26.222221,background,0.000000,74.220001,0,0,0.063492,0.444444
4.523809,26.222221,background,0.000000,77.809998,0,0,0.079365,0.444444
5.428571,26.222221,background,0.000000,81.370003,0,0,0.095238,0.444444
6.333333,26.222221,background,0.000000,83.620003,0,0,0.111111,0.444444
7.238095,26.222221,background,0.000000,85.540001,0,0,0.126984,0.444444
8.142858,26.222221,GPU_1,300.000000,87.320000,1,1,0.142857,0.444444
9.047619,26.222221,GPU_1,300.000000,89.010002,1,0,0.158730,0.444444
9.952381,26.222221,GPU_1,300.000000,90.629997,1,0,0.174603,0.444444
10.857142,26.222221,GPU_1,300.000000,92.190002,1,0,0.190476,0.444444
11.761905,26.222221,GPU_1,300.000000,93.690002,1,0,0.206349,0.444444
12.666667,26.222221,GPU_1,300.000000,95.150002,1,0,0.222222,0.444444
13.571428,26.222221,GPU_1,300.000000,96.550003,1,0,0.238095,0.444444
14.476191,26.222221,GPU_1,300.000000,97.900002,1,0,0.253968,0.444444
15.380953,26.222221,GPU_1,300.000000,99.209999,1,0,0.269841,0.444444
16.285715,26.222221,GPU_1,300.000000,100.459999,1,0,0.285714,0.444444
17.190475,26.222221,GPU_1,300.000000,101.669998,1,0,0.301587,0.444444
18.095238,26.222221,GPU_1,300.000000,102.820000,1,0,0.317460,0.444444
19.000000,26.222221,GPU_1,300.000000,103.919998,1,0,0.333333,0.444444
19.904762,26.222221,GPU_1,300.000000,104.970001,1,0,0.349206,0.444444
20.809525,26.222221,GPU_1,300.000000,105.940002,1,0,0.365079,0.444444
21.714285,26.222221,GPU_1,300.000000,106.820000,1,0,0.380952,0.444444
22.619047,26.222221,GPU_1,300.000000,107.570000,1,0,0.396825,0.444444
23.523809,26.222221,GPU_1,300.000000,108.320000,1,0,0.412698,0.444444
24.428572,26.222221,GPU_1,300.000000,109.029999,1,0,0.428571,0.444444
25.333334,26.222221,GPU_1,300.000000,109.669998,1,0,0.444444,0.444444
26.238094,26.222221,CPU1_1,105.000000,110.239998,1,1,0.460317,0.444444
27.142857,26.222221,CPU1_1,105.000000,110.720001,1,0,0.476190,0.444444
28.047619,26.222221,CPU1_1,105.000000,111.120003,1,0,0.492063,0.444444
28.952381,26.222221,CPU1_1,105.000000,111.440002,1,0,0.507937,0.444444
29.857143,26.222221,CPU1_1,105.000000,111.680000,1,0,0.523810,0.444444
30.761906,26.222221,CPU1_1,105.000000,111.830002,1,0,0.539683,0.444444
31.666666,26.222221,CPU1_1,105.000000,111.889999,1,0,0.555556,0.444444
32.571430,26.222221,CPU1_1,105.000000,111.870003,1,0,0.571429,0.444444
33.476189,26.222221,CPU1_1,105.000000,111.769997,1,0,0.587302,0.444444
34.380951,26.222221,CPU1_1,105.000000,111.580002,1,0,0.603175,0.444444
35.285713,26.222221,CPU1_1,105.000000,111.300003,1,0,0.619048,0.444444
36.190475,26.222221,CPU1_1,105.000000,110.940002,1,0,0.634921,0.444444
37.095238,26.222221,CPU1_1,105.000000,110.489998,1,0,0.650794,0.444444
38.000000,26.222221,CPU1_1,105.000000,109.959999,1,1,0.666667,0.444444
38.904762,26.222221,GPU_3,300.000000,109.330002,1,0,0.682540,0.444444
39.809525,26.222221,GPU_3,300.000000,108.629997,1,0,0.698413,0.444444
40.714287,26.222221,GPU_3,300.000000,107.830002,1,0,0.714286,0.444444
41.619049,26.222221,GPU_3,300.000000,106.940002,1,0,0.730159,0.444444
42.523811,26.222221,GPU_3,300.000000,105.959999,1,0,0.746032,0.444444
43.428570,26.222221,GPU_3,300.000000,104.889999,1,0,0.761905,0.444444
44.333332,26.222221,GPU_3,300.000000,103.690002,1,0,0.777778,0.444444
45.238094,26.222221,GPU_3,300.000000,102.309998,1,0,0.793651,0.444444
46.142857,26.222221,GPU_3,300.000000,100.660004,1,0,0.809524,0.444444
47.047619,26.222221,GPU_3,300.000000,99.150002,1,0,0.825397,0.444444
47.952381,26.222221,GPU_3,300.000000,97.669998,1,0,0.841270,0.444444
48.857143,26.222221,GPU_3,300.000000,96.180000,1,0,0.857143,0.444444
49.761906,26.222221,GPU_3,300.000000,94.650002,1,0,0.873016,0.444444
50.666668,26.222221,GPU_3,300.000000,93.070000,1,0,0.888889,0.444444
51.571430,26.222221,GPU_3,300.000000,91.440002,1,0,0.904762,0.444444
52.476189,26.222221,GPU_3,300.000000,89.769997,1,0,0.920635,0.444444
53.380951,26.222221,GPU_3,300.000000,88.089996,1,0,0.936508,0.444444
54.285713,26.222221,GPU_3,300.000000,86.440002,1,0,0.952381,0.444444
55.190475,26.222221,GPU_3,300.000000,84.620003,1,0,0.968254,0.444444
56.095238,26.222221,background,0.000000,82.800003,0,1,0.984127,0.444444
57.000000,26.222221,background,0.000000,81.279999,0,0,1.000000,0.444444
0.000000,27.158730,background,0.000000,65.870003,0,0,0.000000,0.460317
0.904762,27.158730,background,0.000000,66.900002,0,0,0.015873,0.460317
1.809524,27.158730,background,0.000000,68.690002,0,0,0.031746,0.460317
2.714286,27.158730,background,0.000000,71.260002,0,0,0.047619,0.460317
3.619048,27.158730,background,0.000000,74.849998,0,0,0.063492,0.460317
4.523809,27.158730,background,0.000000,78.459999,0,0,0.079365,0.460317
5.428571,27.158730,background,0.000000,82.070000,0,0,0.095238,0.460317
6.333333,27.158730,background,0.000000,84.370003,0,0,0.111111,0.460317
7.238095,27.158730,background,0.000000,86.339996,0,0,0.126984,0.460317
8.142858,27.158730,GPU_1,300.000000,88.150002,1,1,0.142857,0.460317
9.047619,27.158730,GPU_1,300.000000,89.860001,1,0,0.158730,0.460317
9.952381,27.158730,GPU_1,300.000000,91.500000,1,0,0.174603,0.460317
10.857142,27.158730,GPU_1,300.000000,93.070000,1,0,0.190476,0.460317
11.761905,27.158730,GPU_1,300.000000,94.580002,1,0,0.206349,0.460317
12.666667,27.158730,GPU_1,300.000000,96.029999,1,0,0.222222,0.460317
13.571428,27.158730,GPU_1,300.000000,97.430000,1,0,0.238095,0.460317
14.476191,27.158730,GPU_1,300.000000,98.779999,1,0,0.253968,0.460317
15.380953,27.158730,GPU_1,300.000000,100.070000,1,0,0.269841,0.460317
16.285715,27.158730,GPU_1,300.000000,101.309998,1,0,0.285714,0.460317
17.190475,27.158730,GPU_1,300.000000,102.489998,1,0,0.301587,0.460317
18.095238,27.158730,GPU_1,300.000000,103.610001,1,0,0.317460,0.460317
19.000000,27.158730,GPU_1,300.000000,104.669998,1,0,0.333333,0.460317
19.904762,27.158730,GPU_1,300.000000,105.660004,1,0,0.349206,0.460317
20.809525,27.158730,GPU_1,300.000000,106.550003,1,0,0.365079,0.460317
21.714285,27.158730,GPU_1,300.000000,107.230003,1,0,0.380952,0.460317
22.619047,27.158730,GPU_1,300.000000,107.430000,1,0,0.396825,0.460317
23.523809,27.158730,GPU_1,300.000000,108.010002,1,0,0.412698,0.460317
24.428572,27.158730,GPU_1,300.000000,108.639999,1,0,0.428571,0.460317
25.333334,27.158730,GPU_1,300.000000,109.230003,1,0,0.444444,0.460317
26.238094,27.158730,CPU1_1,105.000000,109.750000,1,1,0.460317,0.460317
27.142857,27.158730,CPU1_1,105.000000,110.190002,1,0,0.476190,0.460317
28.047619,27.158730,CPU1_1,105.000000,110.559998,1,0,0.492063,0.460317
28.952381,27.158730,CPU1_1,105.000000,110.849998,1,0,0.507937,0.460317
29.857143,27.158730,CPU1_1,105.000000,111.050003,1,0,0.523810,0.460317
30.761906,27.158730,CPU1_1,105.000000,111.169998,1,0,0.539683,0.460317
31.666666,27.158730,CPU1_1,105.000000,111.209999,1,0,0.555556,0.460317
32.571430,27.158730,CPU1_1,105.000000,111.160004,1,0,0.571429,0.460317
33.476189,27.158730,CPU1_1,105.000000,111.029999,1,0,0.587302,0.460317
34.380951,27.158730,CPU1_1,105.000000,110.809998,1,0,0.603175,0.460317
35.285713,27.158730,CPU1_1,105.000000,110.510002,1,0,0.619048,0.460317
36.190475,27.158730,CPU1_1,105.000000,110.120003,1,0,0.634921,0.460317
37.095238,27.158730,CPU1_1,105.000000,109.639999,1,0,0.650794,0.460317
38.000000,27.158730,CPU1_1,105.000000,109.080002,1,1,0.666667,0.460317
38.904762,27.158730,GPU_3,300.000000,108.419998,1,0,0.682540,0.460317
39.809525,27.158730,GPU_3,300.000000,107.680000,1,0,0.698413,0.460317
40.714287,27.158730,GPU_3,300.000000,106.849998,1,0,0.714286,0.460317
41.619049,27.158730,GPU_3,300.000000,105.919998,1,0,0.730159,0.460317
42.523811,27.158730,GPU_3,300.000000,104.900002,1,0,0.746032,0.460317
43.428570,27.158730,GPU_3,300.000000,103.769997,1,0,0.761905,0.460317
44.333332,27.158730,GPU_3,300.000000,102.459999,1,0,0.777778,0.460317
45.238094,27.158730,GPU_3,300.000000,100.750000,1,0,0.793651,0.460317
46.142857,27.158730,GPU_3,300.000000,97.879997,1,0,0.809524,0.460317
47.047619,27.158730,GPU_3,300.000000,96.059998,1,0,0.825397,0.460317
47.952381,27.158730,GPU_3,300.000000,94.489998,1,0,0.841270,0.460317
48.857143,27.158730,GPU_3,300.000000,92.949997,1,0,0.857143,0.460317
49.761906,27.158730,GPU_3,300.000000,91.389999,1,0,0.873016,0.460317
50.666668,27.158730,GPU_3,300.000000,89.779999,1,0,0.888889,0.460317
51.571430,27.158730,GPU_3,300.000000,88.129997,1,0,0.904762,0.460317
52.476189,27.158730,GPU_3,300.000000,86.440002,1,0,0.920635,0.460317
53.380951,27.158730,GPU_3,300.000000,84.690002,1,0,0.936508,0.460317
54.285713,27.158730,GPU_3,300.000000,83.190002,1,0,0.952381,0.460317
55.190475,27.158730,GPU_3,300.000000,81.330002,1,0,0.968254,0.460317
56.095238,27.158730,background,0.000000,79.550003,0,1,0.984127,0.460317
57.000000,27.158730,background,0.000000,78.129997,0,0,1.000000,0.460317
0.000000,28.095238,background,0.000000,66.239998,0,0,0.000000,0.476190
0.904762,28.095238,background,0.000000,67.290001,0,0,0.015873,0.476190
1.809524,28.095238,background,0.000000,69.110001,0,0,0.031746,0.476190
2.714286,28.095238,background,0.000000,71.730003,0,0,0.047619,0.476190
3.619048,28.095238,background,0.000000,75.349998,0,0,0.063492,0.476190
4.523809,28.095238,background,0.000000,78.989998,0,0,0.079365,0.476190
5.428571,28.095238,background,0.000000,82.639999,0,0,0.095238,0.476190
6.333333,28.095238,background,0.000000,84.980003,0,0,0.111111,0.476190
7.238095,28.095238,background,0.000000,86.970001,0,0,0.126984,0.476190
8.142858,28.095238,GPU_1,300.000000,88.809998,1,1,0.142857,0.476190
9.047619,28.095238,GPU_1,300.000000,90.540001,1,0,0.158730,0.476190
9.952381,28.095238,GPU_1,300.000000,92.199997,1,0,0.174603,0.476190
10.857142,28.095238,GPU_1,300.000000,93.779999,1,0,0.190476,0.476190
11.761905,28.095238,GPU_1,300.000000,95.290001,1,0,0.206349,0.476190
12.666667,28.095238,GPU_1,300.000000,96.750000,1,0,0.222222,0.476190
13.571428,28.095238,GPU_1,300.000000,98.139999,1,0,0.238095,0.476190
14.476191,28.095238,GPU_1,300.000000,99.480003,1,0,0.253968,0.476190
15.380953,28.095238,GPU_1,300.000000,100.750000,1,0,0.269841,0.476190
16.285715,28.095238,GPU_1,300.000000,101.970001,1,0,0.285714,0.476190
17.190475,28.095238,GPU_1,300.000000,103.129997,1,0,0.301587,0.476190
18.095238,28.095238,GPU_1,300.000000,104.220001,1,0,0.317460,0.476190
19.000000,28.095238,GPU_1,300.000000,105.250000,1,0,0.333333,0.476190
19.904762,28.095238,GPU_1,300.000000,106.190002,1,0,0.349206,0.476190
20.809525,28.095238,GPU_1,300.000000,107.019997,1,0,0.365079,0.476190
21.714285,28.095238,GPU_1,300.000000,107.580002,1,0,0.380952,0.476190
22.619047,28.095238,GPU_1,300.000000,107.510002,1,0,0.396825,0.476190
23.523809,28.095238,GPU_1,300.000000,107.970001,1,0,0.412698,0.476190
24.428572,28.095238,GPU_1,300.000000,108.540001,1,0,0.428571,0.476190
25.333334,28.095238,GPU_1,300.000000,109.080002,1,0,0.444444,0.476190
26.238094,28.095238,CPU1_1,105.000000,109.559998,1,1,0.460317,0.476190
27.142857,28.095238,CPU1_1,105.000000,109.970001,1,0,0.476190,0.476190
28.047619,28.095238,CPU1_1,105.000000,110.309998,1,0,0.492063,0.476190
28.952381,28.095238,CPU1_1,105.000000,110.570000,1,0,0.507937,0.476190
29.857143,28.095238,CPU1_1,105.000000,110.739998,1,0,0.523810,0.476190
30.761906,28.095238,CPU1_1,105.000000,110.839996,1,0,0.539683,0.476190
31.666666,28.095238,CPU1_1,105.000000,110.849998,1,0,0.555556,0.476190
32.571430,28.095238,CPU1_1,105.000000,110.769997,1,0,0.571429,0.476190
33.476189,28.095238,CPU1_1,105.000000,110.610001,1,0,0.587302,0.476190
34.380951,28.095238,CPU1_1,105.000000,110.370003,1,0,0.603175,0.476190
35.285713,28.095238,CPU1_1,105.000000,110.040001,1,0,0.619048,0.476190
36.190475,28.095238,CPU1_1,105.000000,109.620003,1,0,0.634921,0.476190
37.095238,28.095238,CPU1_1,105.000000,109.110001,1,0,0.650794,0.476190
38.000000,28.095238,CPU1_1,105.000000,108.510002,1,1,0.666667,0.476190
38.904762,28.095238,GPU_3,300.000000,107.830002,1,0,0.682540,0.476190
39.809525,28.095238,GPU_3,300.000000,107.050003,1,0,0.698413,0.476190
40.714287,28.095238,GPU_3,300.000000,106.190002,1,0,0.714286,0.476190
41.619049,28.095238,GPU_3,300.000000,105.230003,1,0,0.730159,0.476190
42.523811,28.095238,GPU_3,300.000000,104.160004,1,0,0.746032,0.476190
43.428570,28.095238,GPU_3,300.000000,102.970001,1,0,0.761905,0.476190
44.333332,28.095238,GPU_3,300.000000,101.580002,1,0,0.777778,0.476190
45.238094,28.095238,GPU_3,300.000000,99.660004,1,0,0.793651,0.476190
46.142857,28.095238,GPU_3,300.000000,96.230003,1,0,0.809524,0.476190
47.047619,28.095238,GPU_3,300.000000,94.209999,1,0,0.825397,0.476190
47.952381,28.095238,GPU_3,300.000000,92.570000,1,0,0.841270,0.476190
48.857143,28.095238,GPU_3,300.000000,90.989998,1,0,0.857143,0.476190
49.761906,28.095238,GPU_3,300.000000,89.389999,1,0,0.873016,0.476190
50.666668,28.095238,GPU_3,300.000000,87.769997,1,0,0.888889,0.476190
51.571430,28.095238,GPU_3,300.000000,86.099998,1,0,0.904762,0.476190
52.476189,28.095238,GPU_3,300.000000,84.379997,1,0,0.920635,0.476190
53.380951,28.095238,GPU_3,300.000000,82.489998,1,0,0.936508,0.476190
54.285713,28.095238,GPU_3,300.000000,81.089996,1,0,0.952381,0.476190
55.190475,28.095238,GPU_3,300.000000,79.220001,1,0,0.968254,0.476190
56.095238,28.095238,background,0.000000,77.580002,0,1,0.984127,0.476190
57.000000,28.095238,background,0.000000,76.449997,0,0,1.000000,0.476190
0.000000,29.031746,background,0.000000,66.550003,0,0,0.000000,0.492063
0.904762,29.031746,background,0.000000,67.610001,0,0,0.015873,0.492063
1.809524,29.031746,background,0.000000,69.459999,0,0,0.031746,0.492063
2.714286,29.031746,background,0.000000,72.099998,0,0,0.047619,0.492063
3.619048,29.031746,background,0.000000,75.760002,0,0,0.063492,0.492063
4.523809,29.031746,background,0.000000,79.419998,0,0,0.079365,0.492063
5.428571,29.031746,background,0.000000,83.089996,0,0,0.095238,0.492063
6.333333,29.031746,background,0.000000,85.459999,0,0,0.111111,0.492063
7.238095,29.031746,background,0.000000,87.480003,0,0,0.126984,0.492063
8.142858,29.031746,GPU_1,300.000000,89.339996,1,1,0.142857,0.492063
9.047619,29.031746,GPU_1,300.000000,91.089996,1,0,0.158730,0.492063
9.952381,29.031746,GPU_1,300.000000,92.750000,1,0,0.174603,0.492063
10.857142,29.031746,GPU_1,300.000000,94.339996,1,0,0.190476,0.492063
11.761905,29.031746,GPU_1,300.000000,95.860001,1,0,0.206349,0.492063
12.666667,29.031746,GPU_1,300.000000,97.309998,1,0,0.222222,0.492063
13.571428,29.031746,GPU_1,300.000000,98.699997,1,0,0.238095,0.492063
14.476191,29.031746,GPU_1,300.000000,100.019997,1,0,0.253968,0.492063
15.380953,29.031746,GPU_1,300.000000,101.290001,1,0,0.269841,0.492063
16.285715,29.031746,GPU_1,300.000000,102.489998,1,0,0.285714,0.492063
17.190475,29.031746,GPU_1,300.000000,103.620003,1,0,0.301587,0.492063
18.095238,29.031746,GPU_1,300.000000,104.690002,1,0,0.317460,0.492063
19.000000,29.031746,GPU_1,300.000000,105.690002,1,0,0.333333,0.492063
19.904762,29.031746,GPU_1,300.000000,106.599998,1,0,0.349206,0.492063
20.809525,29.031746,GPU_1,300.000000,107.379997,1,0,0.365079,0.492063
21.714285,29.031746,GPU_1,300.000000,107.879997,1,0,0.380952,0.492063
22.619047,29.031746,GPU_1,300.000000,107.720001,1,0,0.396825,0.492063
23.523809,29.031746,GPU_1,300.000000,108.120003,1,0,0.412698,0.492063
24.428572,29.031746,GPU_1,300.000000,108.639999,1,0,0.428571,0.492063
25.333334,29.031746,GPU_1,300.000000,109.139999,1,0,0.444444,0.492063
26.238094,29.031746,CPU1_1,105.000000,109.580002,1,1,0.460317,0.492063
27.142857,29.031746,CPU1_1,105.000000,109.959999,1,0,0.476190,0.492063
28.047619,29.031746,CPU1_1,105.000000,110.269997,1,0,0.492063,0.492063
28.952381,29.031746,CPU1_1,105.000000,110.500000,1,0,0.507937,0.492063
29.857143,29.031746,CPU1_1,105.000000,110.650002,1,0,0.523810,0.492063
30.761906,29.031746,CPU1_1,105.000000,110.709999,1,0,0.539683,0.492063
31.666666,29.031746,CPU1_1,105.000000,110.699997,1,0,0.555556,0.492063
32.571430,29.031746,CPU1_1,105.000000,110.599998,1,0,0.571429,0.492063
33.476189,29.031746,CPU1_1,105.000000,110.410004,1,0,0.587302,0.492063
34.380951,29.031746,CPU1_1,105.000000,110.139999,1,0,0.603175,0.492063
35.285713,29.031746,CPU1_1,105.000000,109.779999,1,0,0.619048,0.492063
36.190475,29.031746,CPU1_1,105.000000,109.330002,1,0,0.634921,0.492063
37.095238,29.031746,CPU1_1,105.000000,108.800003,1,0,0.650794,0.492063
38.000000,29.031746,CPU1_1,105.000000,108.169998,1,1,0.666667,0.492063
38.904762,29.031746,GPU_3,300.000000,107.459999,1,0,0.682540,0.492063
39.809525,29.031746,GPU_3,300.000000,106.650002,1,0,0.698413,0.492063
40.714287,29.031746,GPU_3,300.000000,105.750000,1,0,0.714286,0.492063
41.619049,29.031746,GPU_3,300.000000,104.750000,1,0,0.730159,0.492063
42.523811,29.031746,GPU_3,300.000000,103.639999,1,0,0.746032,0.492063
43.428570,29.031746,GPU_3,300.000000,102.410004,1,0,0.761905,0.492063
44.333332,29.031746,GPU_3,300.000000,100.949997,1,0,0.777778,0.492063
45.238094,29.031746,GPU_3,300.000000,98.940002,1,0,0.793651,0.492063
46.142857,29.031746,GPU_3,300.000000,95.349998,1,0,0.809524,0.492063
47.047619,29.031746,GPU_3,300.000000,93.250000,1,0,0.825397,0.492063
47.952381,29.031746,GPU_3,300.000000,91.550003,1,0,0.841270,0.492063
48.857143,29.031746,GPU_3,300.000000,89.940002,1,0,0.857143,0.492063
49.761906,29.031746,GPU_3,300.000000,88.320000,1,0,0.873016,0.492063
50.666668,29.031746,GPU_3,300.000000,86.680000,1,0,0.888889,0.492063
51.571430,29.031746,GPU_3,300.000000,84.989998,1,0,0.904762,0.492063
52.476189,29.031746,GPU_3,300.000000,83.250000,1,0,0.920635,0.492063
53.380951,29.031746,GPU_3,300.000000,81.290001,1,0,0.936508,0.492063
54.285713,29.031746,GPU_3,300.000000,79.650002,1,0,0.952381,0.492063
55.190475,29.031746,GPU_3,300.000000,77.680000,1,0,0.968254,0.492063
56.095238,29.031746,background,0.000000,76.070000,0,1,0.984127,0.492063
57.000000,29.031746,background,0.000000,75.059998,0,0,1.000000,0.492063
0.000000,29.968254,background,0.000000,66.790001,0,0,0.000000,0.507937
0.904762,29.968254,background,0.000000,67.860001,0,0,0.015873,0.507937
1.809524,29.968254,background,0.000000,69.720001,0,0,0.031746,0.507937
2.714286,29.968254,background,0.000000,72.389999,0,0,0.047619,0.507937
3.619048,29.968254,background,0.000000,76.070000,0,0,0.063492,0.507937
4.523809,29.968254,background,0.000000,79.750000,0,0,0.079365,0.507937
5.428571,29.968254,background,0.000000,83.449997,0,0,0.095238,0.507937
6.333333,29.968254,background,0.000000,85.830002,0,0,0.111111,0.507937
7.238095,29.968254,background,0.000000,87.870003,0,0,0.126984,0.507937
8.142858,29.968254,GPU_1,300.000000,89.739998,1,1,0.142857,0.507937
9.047619,29.968254,GPU_1,300.000000,91.500000,1,0,0.158730,0.507937
9.952381,29.968254,GPU_1,300.000000,93.180000,1,0,0.174603,0.507937
10.857142,29.968254,GPU_1,300.000000,94.769997,1,0,0.190476,0.507937
11.761905,29.968254,GPU_1,300.000000,96.290001,1,0,0.206349,0.507937
12.666667,29.968254,GPU_1,300.000000,97.739998,1,0,0.222222,0.507937
13.571428,29.968254,GPU_1,300.000000,99.120003,1,0,0.238095,0.507937
14.476191,29.968254,GPU_1,300.000000,100.440002,1,0,0.253968,0.507937
15.380953,29.968254,GPU_1,300.000000,101.690002,1,0,0.269841,0.507937
16.285715,29.968254,GPU_1,300.000000,102.879997,1,0,0.285714,0.507937
17.190475,29.968254,GPU_1,300.000000,103.989998,1,0,0.301587,0.507937
18.095238,29.968254,GPU_1,300.000000,105.040001,1,0,0.317460,0.507937
19.000000,29.968254,GPU_1,300.000000,106.010002,1,0,0.333333,0.507937
19.904762,29.968254,GPU_1,300.000000,106.889999,1,0,0.349206,0.507937
20.809525,29.968254,GPU_1,300.000000,107.639999,1,0,0.365079,0.507937
21.714285,29.968254,GPU_1,300.000000,108.099998,1,0,0.380952,0.507937
22.619047,29.968254,GPU_1,300.000000,107.889999,1,0,0.396825,0.507937
23.523809,29.968254,GPU_1,300.000000,108.250000,1,0,0.412698,0.507937
24.428572,29.968254,GPU_1,300.000000,108.730003,1,0,0.428571,0.507937
25.333334,29.968254,GPU_1,300.000000,109.199997,1,0,0.444444,0.507937
26.238094,29.968254,CPU1_1,105.000000,109.620003,1,1,0.460317,0.507937
27.142857,29.968254,CPU1_1,105.000000,109.970001,1,0,0.476190,0.507937
28.047619,29.968254,CPU1_1,105.000000,110.250000,1,0,0.492063,0.507937
28.952381,29.968254,CPU1_1,105.000000,110.449997,1,0,0.507937,0.507937
29.857143,29.968254,CPU1_1,105.000000,110.580002,1,0,0.523810,0.507937
30.761906,29.968254,CPU1_1,105.000000,110.620003,1,0,0.539683,0.507937
31.666666,29.968254,CPU1_1,105.000000,110.580002,1,0,0.555556,0.507937
32.571430,29.968254,CPU1_1,105.000000,110.449997,1,0,0.571429,0.507937
33.476189,29.968254,CPU1_1,105.000000,110.239998,1,0,0.587302,0.507937
34.380951,29.968254,CPU1_1,105.000000,109.940002,1,0,0.603175,0.507937
35.285713,29.968254,CPU1_1,105.000000,109.559998,1,0,0.619048,0.507937
36.190475,29.968254,CPU1_1,105.000000,109.080002,1,0,0.634921,0.507937
37.095238,29.968254,CPU1_1,105.000000,108.510002,1,0,0.650794,0.507937
38.000000,29.968254,CPU1_1,105.000000,107.860001,1,1,0.666667,0.507937
38.904762,29.968254,GPU_3,300.000000,107.110001,1,0,0.682540,0.507937
39.809525,29.968254,GPU_3,300.000000,106.269997,1,0,0.698413,0.507937
40.714287,29.968254,GPU_3,300.000000,105.339996,1,0,0.714286,0.507937
41.619049,29.968254,GPU_3,300.000000,104.309998,1,0,0.730159,0.507937
42.523811,29.968254,GPU_3,300.000000,103.169998,1,0,0.746032,0.507937
43.428570,29.968254,GPU_3,300.000000,101.889999,1,0,0.761905,0.507937
44.333332,29.968254,GPU_3,300.000000,100.389999,1,0,0.777778,0.507937
45.238094,29.968254,GPU_3,300.000000,98.320000,1,0,0.793651,0.507937
46.142857,29.968254,GPU_3,300.000000,94.680000,1,0,0.809524,0.507937
47.047619,29.968254,GPU_3,300.000000,92.519997,1,0,0.825397,0.507937
47.952381,29.968254,GPU_3,300.000000,90.790001,1,0,0.841270,0.507937
48.857143,29.968254,GPU_3,300.000000,89.150002,1,0,0.857143,0.507937
49.761906,29.968254,GPU_3,300.000000,87.510002,1,0,0.873016,0.507937
50.666668,29.968254,GPU_3,300.000000,85.849998,1,0,0.888889,0.507937
51.571430,29.968254,GPU_3,300.000000,84.160004,1,0,0.904762,0.507937
52.476189,29.968254,GPU_3,300.000000,82.400002,1,0,0.920635,0.507937
53.380951,29.968254,GPU_3,300.000000,80.419998,1,0,0.936508,0.507937
54.285713,29.968254,GPU_3,300.000000,78.639999,1,0,0.952381,0.507937
55.190475,29.968254,GPU_3,300.000000,76.570000,1,0,0.968254,0.507937
56.095238,29.968254,background,0.000000,74.970001,0,1,0.984127,0.507937
57.000000,29.968254,background,0.000000,73.989998,0,0,1.000000,0.507937
0.000000,30.904762,background,0.000000,66.959999,0,0,0.000000,0.523810
0.904762,30.904762,background,0.000000,68.040001,0,0,0.015873,0.523810
1.809524,30.904762,background,0.000000,69.919998,0,0,0.031746,0.523810
2.714286,30.904762,background,0.000000,72.599998,0,0,0.047619,0.523810
3.619048,30.904762,background,0.000000,76.300003,0,0,0.063492,0.523810
4.523809,30.904762,background,0.000000,79.989998,0,0,0.079365,0.523810
5.428571,30.904762,background,0.000000,83.699997,0,0,0.095238,0.523810
6.333333,30.904762,background,0.000000,86.089996,0,0,0.111111,0.523810
7.238095,30.904762,background,0.000000,88.150002,0,0,0.126984,0.523810
8.142858,30.904762,GPU_1,300.000000,90.029999,1,1,0.142857,0.523810
9.047619,30.904762,GPU_1,300.000000,91.800003,1,0,0.158730,0.523810
9.952381,30.904762,GPU_1,300.000000,93.480003,1,0,0.174603,0.523810
10.857142,30.904762,GPU_1,300.000000,95.070000,1,0,0.190476,0.523810
11.761905,30.904762,GPU_1,300.000000,96.589996,1,0,0.206349,0.523810
12.666667,30.904762,GPU_1,300.000000,98.040001,1,0,0.222222,0.523810
13.571428,30.904762,GPU_1,300.000000,99.419998,1,0,0.238095,0.523810
14.476191,30.904762,GPU_1,300.000000,100.730003,1,0,0.253968,0.523810
15.380953,30.904762,GPU_1,300.000000,101.970001,1,0,0.269841,0.523810
16.285715,30.904762,GPU_1,300.000000,103.139999,1,0,0.285714,0.523810
17.190475,30.904762,GPU_1,300.000000,104.239998,1,0,0.301587,0.523810
18.095238,30.904762,GPU_1,300.000000,105.269997,1,0,0.317460,0.523810
19.000000,30.904762,GPU_1,300.000000,106.220001,1,0,0.333333,0.523810
19.904762,30.904762,GPU_1,300.000000,107.080002,1,0,0.349206,0.523810
20.809525,30.904762,GPU_1,300.000000,107.800003,1,0,0.365079,0.523810
21.714285,30.904762,GPU_1,300.000000,108.230003,1,0,0.380952,0.523810
22.619047,30.904762,GPU_1,300.000000,107.989998,1,0,0.396825,0.523810
23.523809,30.904762,GPU_1,300.000000,108.320000,1,0,0.412698,0.523810
24.428572,30.904762,GPU_1,300.000000,108.779999,1,0,0.428571,0.523810
25.333334,30.904762,GPU_1,300.000000,109.220001,1,0,0.444444,0.523810
26.238094,30.904762,CPU1_1,105.000000,109.610001,1,1,0.460317,0.523810
27.142857,30.904762,CPU1_1,105.000000,109.940002,1,0,0.476190,0.523810
28.047619,30.904762,CPU1_1,105.000000,110.190002,1,0,0.492063,0.523810
28.952381,30.904762,CPU1_1,105.000000,110.370003,1,0,0.507937,0.523810
29.857143,30.904762,CPU1_1,105.000000,110.470001,1,0,0.523810,0.523810
30.761906,30.904762,CPU1_1,105.000000,110.489998,1,0,0.539683,0.523810
31.666666,30.904762,CPU1_1,105.000000,110.430000,1,0,0.555556,0.523810
32.571430,30.904762,CPU1_1,105.000000,110.279999,1,0,0.571429,0.523810
33.476189,30.904762,CPU1_1,105.000000,110.040001,1,0,0.587302,0.523810
34.380951,30.904762,CPU1_1,105.000000,109.720001,1,0,0.603175,0.523810
35.285713,30.904762,CPU1_1,105.000000,109.309998,1,0,0.619048,0.523810
36.190475,30.904762,CPU1_1,105.000000,108.800003,1,0,0.634921,0.523810
37.095238,30.904762,CPU1_1,105.000000,108.209999,1,0,0.650794,0.523810
38.000000,30.904762,CPU1_1,105.000000,107.519997,1,1,0.666667,0.523810
38.904762,30.904762,GPU_3,300.000000,106.750000,1,0,0.682540,0.523810
39.809525,30.904762,GPU_3,300.000000,105.870003,1,0,0.698413,0.523810
40.714287,30.904762,GPU_3,300.000000,104.910004,1,0,0.714286,0.523810
41.619049,30.904762,GPU_3,300.000000,103.839996,1,0,0.730159,0.523810
42.523811,30.904762,GPU_3,300.000000,102.669998,1,0,0.746032,0.523810
43.428570,30.904762,GPU_3,300.000000,101.360001,1,0,0.761905,0.523810
44.333332,30.904762,GPU_3,300.000000,99.820000,1,0,0.777778,0.523810
45.238094,30.904762,GPU_3,300.000000,97.720001,1,0,0.793651,0.523810
46.142857,30.904762,GPU_3,300.000000,94.040001,1,0,0.809524,0.523810
47.047619,30.904762,GPU_3,300.000000,91.849998,1,0,0.825397,0.523810
47.952381,30.904762,GPU_3,300.000000,90.089996,1,0,0.841270,0.523810
48.857143,30.904762,GPU_3,300.000000,88.430000,1,0,0.857143,0.523810
49.761906,30.904762,GPU_3,300.000000,86.779999,1,0,0.873016,0.523810
50.666668,30.904762,GPU_3,300.000000,85.120003,1,0,0.888889,0.523810
51.571430,30.904762,GPU_3,300.000000,83.410004,1,0,0.904762,0.523810
52.476189,30.904762,GPU_3,300.000000,81.660004,1,0,0.920635,0.523810
53.380951,30.904762,GPU_3,300.000000,79.660004,1,0,0.936508,0.523810
54.285713,30.904762,GPU_3,300.000000,77.820000,1,0,0.952381,0.523810
55.190475,30.904762,GPU_3,300.000000,75.709999,1,0,0.968254,0.523810
56.095238,30.904762,background,0.000000,74.099998,0,1,0.984127,0.523810
57.000000,30.904762,background,0.000000,73.129997,0,0,1.000000,0.523810
0.000000,31.841270,background,0.000000,67.070000,0,0,0.000000,0.539683
0.904762,31.841270,background,0.000000,68.150002,0,0,0.015873,0.539683
1.809524,31.841270,background,0.000000,70.040001,0,0,0.031746,0.539683
2.714286,31.841270,background,0.000000,72.730003,0,0,0.047619,0.539683
3.619048,31.841270,background,0.000000,76.440002,0,0,0.063492,0.539683
4.523809,31.841270,background,0.000000,80.139999,0,0,0.079365,0.539683
5.428571,31.841270,background,0.000000,83.860001,0,0,0.095238,0.539683
6.333333,31.841270,background,0.000000,86.260002,0,0,0.111111,0.539683
7.238095,31.841270,background,0.000000,88.320000,0,0,0.126984,0.539683
8.142858,31.841270,GPU_1,300.000000,90.209999,1,1,0.142857,0.539683
9.047619,31.841270,GPU_1,300.000000,91.980003,1,0,0.158730,0.539683
9.952381,31.841270,GPU_1,300.000000,93.660004,1,0,0.174603,0.539683
10.857142,31.841270,GPU_1,300.000000,95.260002,1,0,0.190476,0.539683
11.761905,31.841270,GPU_1,300.000000,96.769997,1,0,0.206349,0.539683
12.666667,31.841270,GPU_1,300.000000,98.220001,1,0,0.222222,0.539683
13.571428,31.841270,GPU_1,300.000000,99.589996,1,0,0.238095,0.539683
14.476191,31.841270,GPU_1,300.000000,100.889999,1,0,0.253968,0.539683
15.380953,31.841270,GPU_1,300.000000,102.120003,1,0,0.269841,0.539683
16.285715,31.841270,GPU_1,300.000000,103.279999,1,0,0.285714,0.539683
17.190475,31.841270,GPU_1,300.000000,104.370003,1,0,0.301587,0.539683
18.095238,31.841270,GPU_1,300.000000,105.389999,1,0,0.317460,0.539683
19.000000,31.841270,GPU_1,300.000000,106.320000,1,0,0.333333,0.539683
19.904762,31.841270,GPU_1,300.000000,107.160004,1,0,0.349206,0.539683
20.809525,31.841270,GPU_1,300.000000,107.860001,1,0,0.365079,0.539683
21.714285,31.841270,GPU_1,300.000000,108.269997,1,0,0.380952,0.539683
22.619047,31.841270,GPU_1,300.000000,108.010002,1,0,0.396825,0.539683
23.523809,31.841270,GPU_1,300.000000,108.320000,1,0,0.412698,0.539683
24.428572,31.841270,GPU_1,300.000000,108.750000,1,0,0.428571,0.539683
25.333334,31.841270,GPU_1,300.000000,109.169998,1,0,0.444444,0.539683
26.238094,31.841270,CPU1_1,105.000000,109.540001,1,1,0.460317,0.539683
27.142857,31.841270,CPU1_1,105.000000,109.849998,1,0,0.476190,0.539683
28.047619,31.841270,CPU1_1,105.000000,110.089996,1,0,0.492063,0.539683
28.952381,31.841270,CPU1_1,105.000000,110.239998,1,0,0.507937,0.539683
29.857143,31.841270,CPU1_1,105.000000,110.330002,1,0,0.523810,0.539683
30.761906,31.841270,CPU1_1,105.000000,110.320000,1,0,0.539683,0.539683
31.666666,31.841270,CPU1_1,105.000000,110.239998,1,0,0.555556,0.539683
32.571430,31.841270,CPU1_1,105.000000,110.070000,1,0,0.571429,0.539683
33.476189,31.841270,CPU1_1,105.000000,109.809998,1,0,0.587302,0.539683
34.380951,31.841270,CPU1_1,105.000000,109.459999,1,0,0.603175,0.539683
35.285713,31.841270,CPU1_1,105.000000,109.019997,1,0,0.619048,0.539683
36.190475,31.841270,CPU1_1,105.000000,108.489998,1,0,0.634921,0.539683
37.095238,31.841270,CPU1_1,105.000000,107.860001,1,0,0.650794,0.539683
38.000000,31.841270,CPU1_1,105.000000,107.150002,1,1,0.666667,0.539683
38.904762,31.841270,GPU_3,300.000000,106.339996,1,0,0.682540,0.539683
39.809525,31.841270,GPU_3,300.000000,105.440002,1,0,0.698413,0.539683
40.714287,31.841270,GPU_3,300.000000,104.440002,1,0,0.714286,0.539683
41.619049,31.841270,GPU_3,300.000000,103.339996,1,0,0.730159,0.539683
42.523811,31.841270,GPU_3,300.000000,102.139999,1,0,0.746032,0.539683
43.428570,31.841270,GPU_3,300.000000,100.800003,1,0,0.761905,0.539683
44.333332,31.841270,GPU_3,300.000000,99.230003,1,0,0.777778,0.539683
45.238094,31.841270,GPU_3,300.000000,97.099998,1,0,0.793651,0.539683
46.142857,31.841270,GPU_3,300.000000,93.389999,1,0,0.809524,0.539683
47.047619,31.841270,GPU_3,300.000000,91.180000,1,0,0.825397,0.539683
47.952381,31.841270,GPU_3,300.000000,89.410004,1,0,0.841270,0.539683
48.857143,31.841270,GPU_3,300.000000,87.739998,1,0,0.857143,0.539683
49.761906,31.841270,GPU_3,300.000000,86.080002,1,0,0.873016,0.539683
50.666668,31.841270,GPU_3,300.000000,84.410004,1,0,0.888889,0.539683
51.571430,31.841270,GPU_3,300.000000,82.699997,1,0,0.904762,0.539683
52.476189,31.841270,GPU_3,300.000000,80.949997,1,0,0.920635,0.539683
53.380951,31.841270,GPU_3,300.000000,78.959999,1,0,0.936508,0.539683
54.285713,31.841270,GPU_3,300.000000,77.089996,1,0,0.952381,0.539683
55.190475,31.841270,GPU_3,300.000000,74.970001,1,0,0.968254,0.539683
56.095238,31.841270,background,0.000000,73.370003,0,1,0.984127,0.539683
57.000000,31.841270,background,0.000000,72.400002,0,0,1.000000,0.539683
0.000000,32.777779,background,0.000000,67.120003,0,0,0.000000,0.555556
0.904762,32.777779,background,0.000000,68.199997,0,0,0.015873,0.555556
1.809524,32.777779,background,0.000000,70.089996,0,0,0.031746,0.555556
2.714286,32.777779,background,0.000000,72.790001,0,0,0.047619,0.555556
3.619048,32.777779,background,0.000000,76.500000,0,0,0.063492,0.555556
4.523809,32.777779,background,0.000000,80.199997,0,0,0.079365,0.555556
5.428571,32.777779,background,0.000000,83.919998,0,0,0.095238,0.555556
6.333333,32.777779,background,0.000000,86.330002,0,0,0.111111,0.555556
7.238095,32.777779,background,0.000000,88.389999,0,0,0.126984,0.555556
8.142858,32.777779,GPU_1,300.000000,90.279999,1,1,0.142857,0.555556
9.047619,32.777779,GPU_1,300.000000,92.050003,1,0,0.158730,0.555556
9.952381,32.777779,GPU_1,300.000000,93.730003,1,0,0.174603,0.555556
10.857142,32.777779,GPU_1,300.000000,95.320000,1,0,0.190476,0.555556
11.761905,32.777779,GPU_1,300.000000,96.839996,1,0,0.206349,0.555556
12.666667,32.777779,GPU_1,300.000000,98.269997,1,0,0.222222,0.555556
13.571428,32.777779,GPU_1,300.000000,99.639999,1,0,0.238095,0.555556
14.476191,32.777779,GPU_1,300.000000,100.930000,1,0,0.253968,0.555556
15.380953,32.777779,GPU_1,300.000000,102.150002,1,0,0.269841,0.555556
16.285715,32.777779,GPU_1,300.000000,103.309998,1,0,0.285714,0.555556
17.190475,32.777779,GPU_1,300.000000,104.379997,1,0,0.301587,0.555556
18.095238,32.777779,GPU_1,300.000000,105.389999,1,0,0.317460,0.555556
19.000000,32.777779,GPU_1,300.000000,106.309998,1,0,0.333333,0.555556
19.904762,32.777779,GPU_1,300.000000,107.139999,1,0,0.349206,0.555556
20.809525,32.777779,GPU_1,300.000000,107.820000,1,0,0.365079,0.555556
21.714285,32.777779,GPU_1,300.000000,108.220001,1,0,0.380952,0.555556
22.619047,32.777779,GPU_1,300.000000,107.940002,1,0,0.396825,0.555556
23.523809,32.777779,GPU_1,300.000000,108.239998,1,0,0.412698,0.555556
24.428572,32.777779,GPU_1,300.000000,108.650002,1,0,0.428571,0.555556
25.333334,32.777779,GPU_1,300.000000,109.059998,1,0,0.444444,0.555556
26.238094,32.777779,CPU1_1,105.000000,109.410004,1,1,0.460317,0.555556
27.142857,32.777779,CPU1_1,105.000000,109.699997,1,0,0.476190,0.555556
28.047619,32.777779,CPU1_1,105.000000,109.919998,1,0,0.492063,0.555556
28.952381,32.777779,CPU1_1,105.000000,110.070000,1,0,0.507937,0.555556
29.857143,32.777779,CPU1_1,105.000000,110.129997,1,0,0.523810,0.555556
30.761906,32.777779,CPU1_1,105.000000,110.110001,1,0,0.539683,0.555556
31.666666,32.777779,CPU1_1,105.000000,110.000000,1,0,0.555556,0.555556
32.571430,32.777779,CPU1_1,105.000000,109.809998,1,0,0.571429,0.555556
33.476189,32.777779,CPU1_1,105.000000,109.519997,1,0,0.587302,0.555556
34.380951,32.777779,CPU1_1,105.000000,109.150002,1,0,0.603175,0.555556
35.285713,32.777779,CPU1_1,105.000000,108.690002,1,0,0.619048,0.555556
36.190475,32.777779,CPU1_1,105.000000,108.129997,1,0,0.634921,0.555556
37.095238,32.777779,CPU1_1,105.000000,107.480003,1,0,0.650794,0.555556
38.000000,32.777779,CPU1_1,105.000000,106.730003,1,1,0.666667,0.555556
38.904762,32.777779,GPU_3,300.000000,105.889999,1,0,0.682540,0.555556
39.809525,32.777779,GPU_3,300.000000,104.959999,1,0,0.698413,0.555556
40.714287,32.777779,GPU_3,300.000000,103.930000,1,0,0.714286,0.555556
41.619049,32.777779,GPU_3,300.000000,102.809998,1,0,0.730159,0.555556
42.523811,32.777779,GPU_3,300.000000,101.570000,1,0,0.746032,0.555556
43.428570,32.777779,GPU_3,300.000000,100.199997,1,0,0.761905,0.555556
44.333332,32.777779,GPU_3,300.000000,98.610001,1,0,0.777778,0.555556
45.238094,32.777779,GPU_3,300.000000,96.459999,1,0,0.793651,0.555556
46.142857,32.777779,GPU_3,300.000000,92.730003,1,0,0.809524,0.555556
47.047619,32.777779,GPU_3,300.000000,90.510002,1,0,0.825397,0.555556
47.952381,32.777779,GPU_3,300.000000,88.720001,1,0,0.841270,0.555556
48.857143,32.777779,GPU_3,300.000000,87.040001,1,0,0.857143,0.555556
49.761906,32.777779,GPU_3,300.000000,85.370003,1,0,0.873016,0.555556
50.666668,32.777779,GPU_3,300.000000,83.699997,1,0,0.888889,0.555556
51.571430,32.777779,GPU_3,300.000000,82.010002,1,0,0.904762,0.555556
52.476189,32.777779,GPU_3,300.000000,80.260002,1,0,0.920635,0.555556
53.380951,32.777779,GPU_3,300.000000,78.279999,1,0,0.936508,0.555556
54.285713,32.777779,GPU_3,300.000000,76.410004,1,0,0.952381,0.555556
55.190475,32.777779,GPU_3,300.000000,74.290001,1,0,0.968254,0.555556
56.095238,32.777779,background,0.000000,72.699997,0,1,0.984127,0.555556
57.000000,32.777779,background,0.000000,71.739998,0,0,1.000000,0.555556
0.000000,33.714287,background,0.000000,67.099998,0,0,0.000000,0.571429
0.904762,33.714287,background,0.000000,68.180000,0,0,0.015873,0.571429
1.809524,33.714287,background,0.000000,70.070000,0,0,0.031746,0.571429
2.714286,33.714287,background,0.000000,72.760002,0,0,0.047619,0.571429
3.619048,33.714287,background,0.000000,76.470001,0,0,0.063492,0.571429
4.523809,33.714287,background,0.000000,80.169998,0,0,0.079365,0.571429
5.428571,33.714287,background,0.000000,83.889999,0,0,0.095238,0.571429
6.333333,33.714287,background,0.000000,86.300003,0,0,0.111111,0.571429
7.238095,33.714287,background,0.000000,88.349998,0,0,0.126984,0.571429
8.142858,33.714287,GPU_1,300.000000,90.239998,1,1,0.142857,0.571429
9.047619,33.714287,GPU_1,300.000000,92.010002,1,0,0.158730,0.571429
9.952381,33.714287,GPU_1,300.000000,93.690002,1,0,0.174603,0.571429
10.857142,33.714287,GPU_1,300.000000,95.269997,1,0,0.190476,0.571429
11.761905,33.714287,GPU_1,300.000000,96.779999,1,0,0.206349,0.571429
12.666667,33.714287,GPU_1,300.000000,98.209999,1,0,0.222222,0.571429
13.571428,33.714287,GPU_1,300.000000,99.570000,1,0,0.238095,0.571429
14.476191,33.714287,GPU_1,300.000000,100.849998,1,0,0.253968,0.571429
15.380953,33.714287,GPU_1,300.000000,102.070000,1,0,0.269841,0.571429
16.285715,33.714287,GPU_1,300.000000,103.209999,1,0,0.285714,0.571429
17.190475,33.714287,GPU_1,300.000000,104.279999,1,0,0.301587,0.571429
18.095238,33.714287,GPU_1,300.000000,105.279999,1,0,0.317460,0.571429
19.000000,33.714287,GPU_1,300.000000,106.190002,1,0,0.333333,0.571429
19.904762,33.714287,GPU_1,300.000000,107.010002,1,0,0.349206,0.571429
20.809525,33.714287,GPU_1,300.000000,107.690002,1,0,0.365079,0.571429
21.714285,33.714287,GPU_1,300.000000,108.070000,1,0,0.380952,0.571429
22.619047,33.714287,GPU_1,300.000000,107.790001,1,0,0.396825,0.571429
23.523809,33.714287,GPU_1,300.000000,108.070000,1,0,0.412698,0.571429
24.428572,33.714287,GPU_1,300.000000,108.480003,1,0,0.428571,0.571429
25.333334,33.714287,GPU_1,300.000000,108.879997,1,0,0.444444,0.571429
26.238094,33.714287,CPU1_1,105.000000,109.220001,1,1,0.460317,0.571429
27.142857,33.714287,CPU1_1,105.000000,109.500000,1,0,0.476190,0.571429
28.047619,33.714287,CPU1_1,105.000000,109.699997,1,0,0.492063,0.571429
28.952381,33.714287,CPU1_1,105.000000,109.830002,1,0,0.507937,0.571429
29.857143,33.714287,CPU1_1,105.000000,109.879997,1,0,0.523810,0.571429
30.761906,33.714287,CPU1_1,105.000000,109.839996,1,0,0.539683,0.571429
31.666666,33.714287,CPU1_1,105.000000,109.720001,1,0,0.555556,0.571429
32.571430,33.714287,CPU1_1,105.000000,109.500000,1,0,0.571429,0.571429
33.476189,33.714287,CPU1_1,105.000000,109.199997,1,0,0.587302,0.571429
34.380951,33.714287,CPU1_1,105.000000,108.800003,1,0,0.603175,0.571429
35.285713,33.714287,CPU1_1,105.000000,108.309998,1,0,0.619048,0.571429
36.190475,33.714287,CPU1_1,105.000000,107.730003,1,0,0.634921,0.571429
37.095238,33.714287,CPU1_1,105.000000,107.050003,1,0,0.650794,0.571429
38.000000,33.714287,CPU1_1,105.000000,106.269997,1,1,0.666667,0.571429
38.904762,33.714287,GPU_3,300.000000,105.400002,1,0,0.682540,0.571429
39.809525,33.714287,GPU_3,300.000000,104.440002,1,0,0.698413,0.571429
40.714287,33.714287,GPU_3,300.000000,103.379997,1,0,0.714286,0.571429
41.619049,33.714287,GPU_3,300.000000,102.220001,1,0,0.730159,0.571429
42.523811,33.714287,GPU_3,300.000000,100.959999,1,0,0.746032,0.571429
43.428570,33.714287,GPU_3,300.000000,99.570000,1,0,0.761905,0.571429
44.333332,33.714287,GPU_3,300.000000,97.959999,1,0,0.777778,0.571429
45.238094,33.714287,GPU_3,300.000000,95.790001,1,0,0.793651,0.571429
46.142857,33.714287,GPU_3,300.000000,92.040001,1,0,0.809524,0.571429
47.047619,33.714287,GPU_3,300.000000,89.809998,1,0,0.825397,0.571429
47.952381,33.714287,GPU_3,300.000000,88.010002,1,0,0.841270,0.571429
48.857143,33.714287,GPU_3,300.000000,86.330002,1,0,0.857143,0.571429
49.761906,33.714287,GPU_3,300.000000,84.669998,1,0,0.873016,0.571429
50.666668,33.714287,GPU_3,300.000000,83.000000,1,0,0.888889,0.571429
51.571430,33.714287,GPU_3,300.000000,81.309998,1,0,0.904762,0.571429
52.476189,33.714287,GPU_3,300.000000,79.580002,1,0,0.920635,0.571429
53.380951,33.714287,GPU_3,300.000000,77.610001,1,0,0.936508,0.571429
54.285713,33.714287,GPU_3,300.000000,75.739998,1,0,0.952381,0.571429
55.190475,33.714287,GPU_3,300.000000,73.639999,1,0,0.968254,0.571429
56.095238,33.714287,background,0.000000,72.070000,0,1,0.984127,0.571429
57.000000,33.714287,background,0.000000,71.129997,0,0,1.000000,0.571429
0.000000,34.650795,background,0.000000,67.010002,0,0,0.000000,0.587302
0.904762,34.650795,background,0.000000,68.089996,0,0,0.015873,0.587302
1.809524,34.650795,background,0.000000,69.980003,0,0,0.031746,0.587302
2.714286,34.650795,background,0.000000,72.660004,0,0,0.047619,0.587302
3.619048,34.650795,background,0.000000,76.360001,0,0,0.063492,0.587302
4.523809,34.650795,background,0.000000,80.059998,0,0,0.079365,0.587302
5.428571,34.650795,background,0.000000,83.769997,0,0,0.095238,0.587302
6.333333,34.650795,background,0.000000,86.169998,0,0,0.111111,0.587302
7.238095,34.650795,background,0.000000,88.220001,0,0,0.126984,0.587302
8.142858,34.650795,GPU_1,300.000000,90.099998,1,1,0.142857,0.587302
9.047619,34.650795,GPU_1,300.000000,91.860001,1,0,0.158730,0.587302
9.952381,34.650795,GPU_1,300.000000,93.519997,1,0,0.174603,0.587302
10.857142,34.650795,GPU_1,300.000000,95.099998,1,0,0.190476,0.587302
11.761905,34.650795,GPU_1,300.000000,96.599998,1,0,0.206349,0.587302
12.666667,34.650795,GPU_1,300.000000,98.029999,1,0,0.222222,0.587302
13.571428,34.650795,GPU_1,300.000000,99.379997,1,0,0.238095,0.587302
14.476191,34.650795,GPU_1,300.000000,100.660004,1,0,0.253968,0.587302
15.380953,34.650795,GPU_1,300.000000,101.870003,1,0,0.269841,0.587302
16.285715,34.650795,GPU_1,300.000000,103.000000,1,0,0.285714,0.587302
17.190475,34.650795,GPU_1,300.000000,104.070000,1,0,0.301587,0.587302
18.095238,34.650795,GPU_1,300.000000,105.059998,1,0,0.317460,0.587302
19.000000,34.650795,GPU_1,300.000000,105.970001,1,0,0.333333,0.587302
19.904762,34.650795,GPU_1,300.000000,106.779999,1,0,0.349206,0.587302
20.809525,34.650795,GPU_1,300.000000,107.459999,1,0,0.365079,0.587302
21.714285,34.650795,GPU_1,300.000000,107.839996,1,0,0.380952,0.587302
22.619047,34.650795,GPU_1,300.000000,107.550003,1,0,0.396825,0.587302
23.523809,34.650795,GPU_1,300.000000,107.830002,1,0,0.412698,0.587302
24.428572,34.650795,GPU_1,300.000000,108.239998,1,0,0.428571,0.587302
25.333334,34.650795,GPU_1,300.000000,108.629997,1,0,0.444444,0.587302
26.238094,34.650795,CPU1_1,105.000000,108.959999,1,1,0.460317,0.587302
27.142857,34.650795,CPU1_1,105.000000,109.230003,1,1,0.476190,0.587302
28.047619,34.650795,CPU1_1,105.000000,109.430000,1,1,0.492063,0.587302
28.952381,34.650795,CPU1_1,105.000000,109.550003,1,1,0.507937,0.587302
29.857143,34.650795,CPU1_1,105.000000,109.580002,1,1,0.523810,0.587302
30.761906,34.650795,CPU1_1,105.000000,109.529999,1,1,0.539683,0.587302
31.666666,34.650795,CPU1_1,105.000000,109.389999,1,1,0.555556,0.587302
32.571430,34.650795,CPU1_1,105.000000,109.160004,1,1,0.571429,0.587302
33.476189,34.650795,CPU1_1,105.000000,108.830002,1,1,0.587302,0.587302
34.380951,34.650795,CPU1_1,105.000000,108.410004,1,1,0.603175,0.587302
35.285713,34.650795,CPU1_1,105.000000,107.900002,1,1,0.619048,0.587302
36.190475,34.650795,CPU1_1,105.000000,107.279999,1,1,0.634921,0.587302
37.095238,34.650795,CPU1_1,105.000000,106.570000,1,1,0.650794,0.587302
38.000000,34.650795,CPU1_1,105.000000,105.769997,1,1,0.666667,0.587302
38.904762,34.650795,GPU_3,300.000000,104.860001,1,0,0.682540,0.587302
39.809525,34.650795,GPU_3,300.000000,103.870003,1,0,0.698413,0.587302
40.714287,34.650795,GPU_3,300.000000,102.769997,1,0,0.714286,0.587302
41.619049,34.650795,GPU_3,300.000000,101.589996,1,0,0.730159,0.587302
42.523811,34.650795,GPU_3,300.000000,100.300003,1,0,0.746032,0.587302
43.428570,34.650795,GPU_3,300.000000,98.879997,1,0,0.761905,0.587302
44.333332,34.650795,GPU_3,300.000000,97.260002,1,0,0.777778,0.587302
45.238094,34.650795,GPU_3,300.000000,95.070000,1,0,0.793651,0.587302
46.142857,34.650795,GPU_3,300.000000,91.320000,1,0,0.809524,0.587302
47.047619,34.650795,GPU_3,300.000000,89.080002,1,0,0.825397,0.587302
47.952381,34.650795,GPU_3,300.000000,87.279999,1,0,0.841270,0.587302
48.857143,34.650795,GPU_3,300.000000,85.599998,1,0,0.857143,0.587302
49.761906,34.650795,GPU_3,300.000000,83.940002,1,0,0.873016,0.587302
50.666668,34.650795,GPU_3,300.000000,82.279999,1,0,0.888889,0.587302
51.571430,34.650795,GPU_3,300.000000,80.610001,1,0,0.904762,0.587302
52.476189,34.650795,GPU_3,300.000000,78.900002,1,0,0.920635,0.587302
53.380951,34.650795,GPU_3,300.000000,76.949997,1,0,0.936508,0.587302
54.285713,34.650795,GPU_3,300.000000,75.089996,1,0,0.952381,0.587302
55.190475,34.650795,GPU_3,300.000000,73.010002,1,0,0.968254,0.587302
56.095238,34.650795,background,0.000000,71.449997,0,1,0.984127,0.587302
57.000000,34.650795,background,0.000000,70.529999,0,0,1.000000,0.587302
0.000000,35.587303,background,0.000000,66.860001,0,0,0.000000,0.603175
0.904762,35.587303,background,0.000000,67.940002,0,0,0.015873,0.603175
1.809524,35.587303,background,0.000000,69.809998,0,0,0.031746,0.603175
2.714286,35.587303,background,0.000000,72.489998,0,0,0.047619,0.603175
3.619048,35.587303,background,0.000000,76.169998,0,0,0.063492,0.603175
4.523809,35.587303,background,0.000000,79.860001,0,0,0.079365,0.603175
5.428571,35.587303,background,0.000000,83.550003,0,0,0.095238,0.603175
6.333333,35.587303,background,0.000000,85.940002,0,0,0.111111,0.603175
7.238095,35.587303,background,0.000000,87.980003,0,0,0.126984,0.603175
8.142858,35.587303,GPU_1,300.000000,89.839996,1,1,0.142857,0.603175
9.047619,35.587303,GPU_1,300.000000,91.599998,1,0,0.158730,0.603175
9.952381,35.587303,GPU_1,300.000000,93.250000,1,0,0.174603,0.603175
10.857142,35.587303,GPU_1,300.000000,94.820000,1,0,0.190476,0.603175
11.761905,35.587303,GPU_1,300.000000,96.309998,1,0,0.206349,0.603175
12.666667,35.587303,GPU_1,300.000000,97.730003,1,0,0.222222,0.603175
13.571428,35.587303,GPU_1,300.000000,99.070000,1,0,0.238095,0.603175
14.476191,35.587303,GPU_1,300.000000,100.339996,1,0,0.253968,0.603175
15.380953,35.587303,GPU_1,300.000000,101.540001,1,0,0.269841,0.603175
16.285715,35.587303,GPU_1,300.000000,102.669998,1,0,0.285714,0.603175
17.190475,35.587303,GPU_1,300.000000,103.739998,1,0,0.301587,0.603175
18.095238,35.587303,GPU_1,300.000000,104.720001,1,0,0.317460,0.603175
19.000000,35.587303,GPU_1,300.000000,105.629997,1,0,0.333333,0.603175
19.904762,35.587303,GPU_1,300.000000,106.449997,1,0,0.349206,0.603175
20.809525,35.587303,GPU_1,300.000000,107.129997,1,0,0.365079,0.603175
21.714285,35.587303,GPU_1,300.000000,107.510002,1,0,0.380952,0.603175
22.619047,35.587303,GPU_1,300.000000,107.230003,1,0,0.396825,0.603175
23.523809,35.587303,GPU_1,300.000000,107.510002,1,0,0.412698,0.603175
24.428572,35.587303,GPU_1,300.000000,107.919998,1,0,0.428571,0.603175
25.333334,35.587303,GPU_1,300.000000,108.309998,1,0,0.444444,0.603175
26.238094,35.587303,CPU1_0,105.000000,108.650002,1,1,0.460317,0.603175
27.142857,35.587303,CPU1_0,105.000000,108.910004,1,0,0.476190,0.603175
28.047619,35.587303,CPU1_0,105.000000,109.110001,1,0,0.492063,0.603175
28.952381,35.587303,CPU1_0,105.000000,109.220001,1,0,0.507937,0.603175
29.857143,35.587303,CPU1_0,105.000000,109.239998,1,0,0.523810,0.603175
30.761906,35.587303,CPU1_0,105.000000,109.180000,1,0,0.539683,0.603175
31.666666,35.587303,CPU1_0,105.000000,109.019997,1,0,0.555556,0.603175
32.571430,35.587303,CPU1_0,105.000000,108.769997,1,0,0.571429,0.603175
33.476189,35.587303,CPU1_0,105.000000,108.430000,1,0,0.587302,0.603175
34.380951,35.587303,CPU1_0,105.000000,107.989998,1,0,0.603175,0.603175
35.285713,35.587303,CPU1_0,105.000000,107.449997,1,0,0.619048,0.603175
36.190475,35.587303,CPU1_0,105.000000,106.809998,1,0,0.634921,0.603175
37.095238,35.587303,CPU1_0,105.000000,106.059998,1,0,0.650794,0.603175
38.000000,35.587303,CPU1_0,105.000000,105.220001,1,1,0.666667,0.603175
38.904762,35.587303,GPU_3,300.000000,104.279999,1,0,0.682540,0.603175
39.809525,35.587303,GPU_3,300.000000,103.250000,1,0,0.698413,0.603175
40.714287,35.587303,GPU_3,300.000000,102.120003,1,0,0.714286,0.603175
41.619049,35.587303,GPU_3,300.000000,100.900002,1,0,0.730159,0.603175
42.523811,35.587303,GPU_3,300.000000,99.580002,1,0,0.746032,0.603175
43.428570,35.587303,GPU_3,300.000000,98.150002,1,0,0.761905,0.603175
44.333332,35.587303,GPU_3,300.000000,96.500000,1,0,0.777778,0.603175
45.238094,35.587303,GPU_3,300.000000,94.309998,1,0,0.793651,0.603175
46.142857,35.587303,GPU_3,300.000000,90.550003,1,0,0.809524,0.603175
47.047619,35.587303,GPU_3,300.000000,88.309998,1,0,0.825397,0.603175
47.952381,35.587303,GPU_3,300.000000,86.519997,1,0,0.841270,0.603175
48.857143,35.587303,GPU_3,300.000000,84.839996,1,0,0.857143,0.603175
49.761906,35.587303,GPU_3,300.000000,83.199997,1,0,0.873016,0.603175
50.666668,35.587303,GPU_3,300.000000,81.550003,1,0,0.888889,0.603175
51.571430,35.587303,GPU_3,300.000000,79.900002,1,0,0.904762,0.603175
52.476189,35.587303,GPU_3,300.000000,78.199997,1,0,0.920635,0.603175
53.380951,35.587303,GPU_3,300.000000,76.269997,1,0,0.936508,0.603175
54.285713,35.587303,GPU_3,300.000000,74.430000,1,0,0.952381,0.603175
55.190475,35.587303,GPU_3,300.000000,72.379997,1,0,0.968254,0.603175
56.095238,35.587303,background,0.000000,70.849998,0,1,0.984127,0.603175
57.000000,35.587303,background,0.000000,69.940002,0,0,1.000000,0.603175
0.000000,36.523811,background,0.000000,66.650002,0,0,0.000000,0.619048
0.904762,36.523811,background,0.000000,67.709999,0,0,0.015873,0.619048
1.809524,36.523811,background,0.000000,69.570000,0,0,0.031746,0.619048
2.714286,36.523811,background,0.000000,72.230003,0,0,0.047619,0.619048
3.619048,36.523811,background,0.000000,75.900002,0,0,0.063492,0.619048
4.523809,36.523811,background,0.000000,79.559998,0,0,0.079365,0.619048
5.428571,36.523811,background,0.000000,83.239998,0,0,0.095238,0.619048
6.333333,36.523811,background,0.000000,85.610001,0,0,0.111111,0.619048
7.238095,36.523811,background,0.000000,87.629997,0,0,0.126984,0.619048
8.142858,36.523811,GPU_1,300.000000,89.480003,1,1,0.142857,0.619048
9.047619,36.523811,GPU_1,300.000000,91.220001,1,0,0.158730,0.619048
9.952381,36.523811,GPU_1,300.000000,92.860001,1,0,0.174603,0.619048
10.857142,36.523811,GPU_1,300.000000,94.419998,1,0,0.190476,0.619048
11.761905,36.523811,GPU_1,300.000000,95.900002,1,0,0.206349,0.619048
12.666667,36.523811,GPU_1,300.000000,97.300003,1,0,0.222222,0.619048
13.571428,36.523811,GPU_1,300.000000,98.639999,1,0,0.238095,0.619048
14.476191,36.523811,GPU_1,300.000000,99.900002,1,0,0.253968,0.619048
15.380953,36.523811,GPU_1,300.000000,101.099998,1,0,0.269841,0.619048
16.285715,36.523811,GPU_1,300.000000,102.230003,1,0,0.285714,0.619048
17.190475,36.523811,GPU_1,300.000000,103.290001,1,0,0.301587,0.619048
18.095238,36.523811,GPU_1,300.000000,104.279999,1,0,0.317460,0.619048
19.000000,36.523811,GPU_1,300.000000,105.190002,1,0,0.333333,0.619048
19.904762,36.523811,GPU_1,300.000000,106.010002,1,0,0.349206,0.619048
20.809525,36.523811,GPU_1,300.000000,106.699997,1,0,0.365079,0.619048
21.714285,36.523811,GPU_1,300.000000,107.089996,1,0,0.380952,0.619048
22.619047,36.523811,GPU_1,300.000000,106.830002,1,0,0.396825,0.619048
23.523809,36.523811,GPU_1,300.000000,107.120003,1,0,0.412698,0.619048
24.428572,36.523811,GPU_1,300.000000,107.540001,1,0,0.428571,0.619048
25.333334,36.523811,GPU_1,300.000000,107.940002,1,0,0.444444,0.619048
26.238094,36.523811,CPU1_0,105.000000,108.279999,1,1,0.460317,0.619048
27.142857,36.523811,CPU1_0,105.000000,108.540001,1,0,0.476190,0.619048
28.047619,36.523811,CPU1_0,105.000000,108.730003,1,0,0.492063,0.619048
28.952381,36.523811,CPU1_0,105.000000,108.839996,1,0,0.507937,0.619048
29.857143,36.523811,CPU1_0,105.000000,108.860001,1,0,0.523810,0.619048
30.761906,36.523811,CPU1_0,105.000000,108.790001,1,0,0.539683,0.619048
31.666666,36.523811,CPU1_0,105.000000,108.620003,1,0,0.555556,0.619048
32.571430,36.523811,CPU1_0,105.000000,108.349998,1,0,0.571429,0.619048
33.476189,36.523811,CPU1_0,105.000000,107.989998,1,0,0.587302,0.619048
34.380951,36.523811,CPU1_0,105.000000,107.529999,1,0,0.603175,0.619048
35.285713,36.523811,CPU1_0,105.000000,106.959999,1,0,0.619048,0.619048
36.190475,36.523811,CPU1_0,105.000000,106.290001,1,0,0.634921,0.619048
37.095238,36.523811,CPU1_0,105.000000,105.519997,1,0,0.650794,0.619048
38.000000,36.523811,CPU1_0,105.000000,104.639999,1,1,0.666667,0.619048
38.904762,36.523811,GPU_3,300.000000,103.660004,1,0,0.682540,0.619048
39.809525,36.523811,GPU_3,300.000000,102.570000,1,0,0.698413,0.619048
40.714287,36.523811,GPU_3,300.000000,101.389999,1,0,0.714286,0.619048
41.619049,36.523811,GPU_3,300.000000,100.129997,1,0,0.730159,0.619048
42.523811,36.523811,GPU_3,300.000000,98.790001,1,0,0.746032,0.619048
43.428570,36.523811,GPU_3,300.000000,97.330002,1,0,0.761905,0.619048
44.333332,36.523811,GPU_3,300.000000,95.680000,1,0,0.777778,0.619048
45.238094,36.523811,GPU_3,300.000000,93.489998,1,0,0.793651,0.619048
46.142857,36.523811,GPU_3,300.000000,89.730003,1,0,0.809524,0.619048
47.047619,36.523811,GPU_3,300.000000,87.500000,1,0,0.825397,0.619048
47.952381,36.523811,GPU_3,300.000000,85.720001,1,0,0.841270,0.619048
48.857143,36.523811,GPU_3,300.000000,84.059998,1,0,0.857143,0.619048
49.761906,36.523811,GPU_3,300.000000,82.430000,1,0,0.873016,0.619048
50.666668,36.523811,GPU_3,300.000000,80.800003,1,0,0.888889,0.619048
51.571430,36.523811,GPU_3,300.000000,79.160004,1,0,0.904762,0.619048
52.476189,36.523811,GPU_3,300.000000,77.489998,1,0,0.920635,0.619048
53.380951,36.523811,GPU_3,300.000000,75.589996,1,0,0.936508,0.619048
54.285713,36.523811,GPU_3,300.000000,73.769997,1,0,0.952381,0.619048
55.190475,36.523811,GPU_3,300.000000,71.739998,1,0,0.968254,0.619048
56.095238,36.523811,background,0.000000,70.239998,0,1,0.984127,0.619048
57.000000,36.523811,background,0.000000,69.360001,0,0,1.000000,0.619048
0.000000,37.460316,background,0.000000,66.370003,0,0,0.000000,0.634921
0.904762,37.460316,background,0.000000,67.419998,0,0,0.015873,0.634921
1.809524,37.460316,background,0.000000,69.260002,0,0,0.031746,0.634921
2.714286,37.460316,background,0.000000,71.889999,0,0,0.047619,0.634921
3.619048,37.460316,background,0.000000,75.529999,0,0,0.063492,0.634921
4.523809,37.460316,background,0.000000,79.180000,0,0,0.079365,0.634921
5.428571,37.460316,background,0.000000,82.839996,0,0,0.095238,0.634921
6.333333,37.460316,background,0.000000,85.180000,0,0,0.111111,0.634921
7.238095,37.460316,background,0.000000,87.180000,0,0,0.126984,0.634921
8.142858,37.460316,GPU_1,300.000000,89.010002,1,1,0.142857,0.634921
9.047619,37.460316,GPU_1,300.000000,90.730003,1,0,0.158730,0.634921
9.952381,37.460316,GPU_1,300.000000,92.349998,1,0,0.174603,0.634921
10.857142,37.460316,GPU_1,300.000000,93.889999,1,0,0.190476,0.634921
11.761905,37.460316,GPU_1,300.000000,95.360001,1,0,0.206349,0.634921
12.666667,37.460316,GPU_1,300.000000,96.750000,1,0,0.222222,0.634921
13.571428,37.460316,GPU_1,300.000000,98.080002,1,0,0.238095,0.634921
14.476191,37.460316,GPU_1,300.000000,99.339996,1,0,0.253968,0.634921
15.380953,37.460316,GPU_1,300.000000,100.529999,1,0,0.269841,0.634921
16.285715,37.460316,GPU_1,300.000000,101.660004,1,0,0.285714,0.634921
17.190475,37.460316,GPU_1,300.000000,102.720001,1,0,0.301587,0.634921
18.095238,37.460316,GPU_1,300.000000,103.709999,1,0,0.317460,0.634921
19.000000,37.460316,GPU_1,300.000000,104.629997,1,0,0.333333,0.634921
19.904762,37.460316,GPU_1,300.000000,105.459999,1,0,0.349206,0.634921
20.809525,37.460316,GPU_1,300.000000,106.169998,1,0,0.365079,0.634921
21.714285,37.460316,GPU_1,300.000000,106.589996,1,0,0.380952,0.634921
22.619047,37.460316,GPU_1,300.000000,106.349998,1,0,0.396825,0.634921
23.523809,37.460316,GPU_1,300.000000,106.680000,1,0,0.412698,0.634921
24.428572,37.460316,GPU_1,300.000000,107.110001,1,0,0.428571,0.634921
25.333334,37.460316,GPU_1,300.000000,107.519997,1,0,0.444444,0.634921
26.238094,37.460316,CPU1_0,105.000000,107.870003,1,1,0.460317,0.634921
27.142857,37.460316,CPU1_0,105.000000,108.150002,1,0,0.476190,0.634921
28.047619,37.460316,CPU1_0,105.000000,108.339996,1,0,0.492063,0.634921
28.952381,37.460316,CPU1_0,105.000000,108.440002,1,0,0.507937,0.634921
29.857143,37.460316,CPU1_0,105.000000,108.459999,1,0,0.523810,0.634921
30.761906,37.460316,CPU1_0,105.000000,108.379997,1,0,0.539683,0.634921
31.666666,37.460316,CPU1_0,105.000000,108.199997,1,0,0.555556,0.634921
32.571430,37.460316,CPU1_0,105.000000,107.919998,1,0,0.571429,0.634921
33.476189,37.460316,CPU1_0,105.000000,107.550003,1,0,0.587302,0.634921
34.380951,37.460316,CPU1_0,105.000000,107.059998,1,0,0.603175,0.634921
35.285713,37.460316,CPU1_0,105.000000,106.470001,1,0,0.619048,0.634921
36.190475,37.460316,CPU1_0,105.000000,105.779999,1,0,0.634921,0.634921
37.095238,37.460316,CPU1_0,105.000000,104.959999,1,0,0.650794,0.634921
38.000000,37.460316,CPU1_0,105.000000,104.040001,1,1,0.666667,0.634921
38.904762,37.460316,GPU_3,300.000000,102.989998,1,0,0.682540,0.634921
39.809525,37.460316,GPU_3,300.000000,101.830002,1,0,0.698413,0.634921
40.714287,37.460316,GPU_3,300.000000,100.570000,1,0,0.714286,0.634921
41.619049,37.460316,GPU_3,300.000000,99.260002,1,0,0.730159,0.634921
42.523811,37.460316,GPU_3,300.000000,97.879997,1,0,0.746032,0.634921
43.428570,37.460316,GPU_3,300.000000,96.410004,1,0,0.761905,0.634921
44.333332,37.460316,GPU_3,300.000000,94.750000,1,0,0.777778,0.634921
45.238094,37.460316,GPU_3,300.000000,92.570000,1,0,0.793651,0.634921
46.142857,37.460316,GPU_3,300.000000,88.839996,1,0,0.809524,0.634921
47.047619,37.460316,GPU_3,300.000000,86.639999,1,0,0.825397,0.634921
47.952381,37.460316,GPU_3,300.000000,84.870003,1,0,0.841270,0.634921
48.857143,37.460316,GPU_3,300.000000,83.220001,1,0,0.857143,0.634921
49.761906,37.460316,GPU_3,300.000000,81.610001,1,0,0.873016,0.634921
50.666668,37.460316,GPU_3,300.000000,80.010002,1,0,0.888889,0.634921
51.571430,37.460316,GPU_3,300.000000,78.389999,1,0,0.904762,0.634921
52.476189,37.460316,GPU_3,300.000000,76.750000,1,0,0.920635,0.634921
53.380951,37.460316,GPU_3,300.000000,74.879997,1,0,0.936508,0.634921
54.285713,37.460316,GPU_3,300.000000,73.070000,1,0,0.952381,0.634921
55.190475,37.460316,GPU_3,300.000000,71.080002,1,0,0.968254,0.634921
56.095238,37.460316,background,0.000000,69.620003,0,1,0.984127,0.634921
57.000000,37.460316,background,0.000000,68.760002,0,0,1.000000,0.634921
0.000000,38.396824,background,0.000000,66.029999,0,0,0.000000,0.650794
0.904762,38.396824,background,0.000000,67.059998,0,0,0.015873,0.650794
1.809524,38.396824,background,0.000000,68.879997,0,0,0.031746,0.650794
2.714286,38.396824,background,0.000000,71.480003,0,0,0.047619,0.650794
3.619048,38.396824,background,0.000000,75.080002,0,0,0.063492,0.650794
4.523809,38.396824,background,0.000000,78.709999,0,0,0.079365,0.650794
5.428571,38.396824,background,0.000000,82.330002,0,0,0.095238,0.650794
6.333333,38.396824,background,0.000000,84.639999,0,0,0.111111,0.650794
7.238095,38.396824,background,0.000000,86.610001,0,0,0.126984,0.650794
8.142858,38.396824,GPU_1,300.000000,88.419998,1,1,0.142857,0.650794
9.047619,38.396824,GPU_1,300.000000,90.110001,1,0,0.158730,0.650794
9.952381,38.396824,GPU_1,300.000000,91.720001,1,0,0.174603,0.650794
10.857142,38.396824,GPU_1,300.000000,93.239998,1,0,0.190476,0.650794
11.761905,38.396824,GPU_1,300.000000,94.690002,1,0,0.206349,0.650794
12.666667,38.396824,GPU_1,300.000000,96.080002,1,0,0.222222,0.650794
13.571428,38.396824,GPU_1,300.000000,97.389999,1,0,0.238095,0.650794
14.476191,38.396824,GPU_1,300.000000,98.639999,1,0,0.253968,0.650794
15.380953,38.396824,GPU_1,300.000000,99.830002,1,0,0.269841,0.650794
16.285715,38.396824,GPU_1,300.000000,100.949997,1,0,0.285714,0.650794
17.190475,38.396824,GPU_1,300.000000,102.019997,1,0,0.301587,0.650794
18.095238,38.396824,GPU_1,300.000000,103.019997,1,0,0.317460,0.650794
19.000000,38.396824,GPU_1,300.000000,103.949997,1,0,0.333333,0.650794
19.904762,38.396824,GPU_1,300.000000,104.800003,1,0,0.349206,0.650794
20.809525,38.396824,GPU_1,300.000000,105.540001,1,0,0.365079,0.650794
21.714285,38.396824,GPU_1,300.000000,106.010002,1,0,0.380952,0.650794
22.619047,38.396824,GPU_1,300.000000,105.870003,1,0,0.396825,0.650794
23.523809,38.396824,GPU_1,300.000000,106.239998,1,0,0.412698,0.650794
24.428572,38.396824,GPU_1,300.000000,106.709999,1,0,0.428571,0.650794
25.333334,38.396824,GPU_1,300.000000,107.139999,1,0,0.444444,0.650794
26.238094,38.396824,CPU1_0,105.000000,107.510002,1,1,0.460317,0.650794
27.142857,38.396824,CPU1_0,105.000000,107.790001,1,0,0.476190,0.650794
28.047619,38.396824,CPU1_0,105.000000,107.989998,1,0,0.492063,0.650794
28.952381,38.396824,CPU1_0,105.000000,108.099998,1,0,0.507937,0.650794
29.857143,38.396824,CPU1_0,105.000000,108.110001,1,0,0.523810,0.650794
30.761906,38.396824,CPU1_0,105.000000,108.029999,1,0,0.539683,0.650794
31.666666,38.396824,CPU1_0,105.000000,107.839996,1,0,0.555556,0.650794
32.571430,38.396824,CPU1_0,105.000000,107.550003,1,0,0.571429,0.650794
33.476189,38.396824,CPU1_0,105.000000,107.160004,1,0,0.587302,0.650794
34.380951,38.396824,CPU1_0,105.000000,106.660004,1,0,0.603175,0.650794
35.285713,38.396824,CPU1_0,105.000000,106.050003,1,0,0.619048,0.650794
36.190475,38.396824,CPU1_0,105.000000,105.320000,1,0,0.634921,0.650794
37.095238,38.396824,CPU1_0,105.000000,104.470001,1,0,0.650794,0.650794
38.000000,38.396824,CPU1_0,105.000000,103.480003,1,1,0.666667,0.650794
38.904762,38.396824,GPU_3,300.000000,102.339996,1,0,0.682540,0.650794
39.809525,38.396824,GPU_3,300.000000,100.980003,1,0,0.698413,0.650794
40.714287,38.396824,GPU_3,300.000000,99.559998,1,0,0.714286,0.650794
41.619049,38.396824,GPU_3,300.000000,98.150002,1,0,0.730159,0.650794
42.523811,38.396824,GPU_3,300.000000,96.720001,1,0,0.746032,0.650794
43.428570,38.396824,GPU_3,300.000000,95.230003,1,0,0.761905,0.650794
44.333332,38.396824,GPU_3,300.000000,93.580002,1,0,0.777778,0.650794
45.238094,38.396824,GPU_3,300.000000,91.440002,1,0,0.793651,0.650794
46.142857,38.396824,GPU_3,300.000000,87.820000,1,0,0.809524,0.650794
47.047619,38.396824,GPU_3,300.000000,85.669998,1,0,0.825397,0.650794
47.952381,38.396824,GPU_3,300.000000,83.940002,1,0,0.841270,0.650794
48.857143,38.396824,GPU_3,300.000000,82.309998,1,0,0.857143,0.650794
49.761906,38.396824,GPU_3,300.000000,80.720001,1,0,0.873016,0.650794
50.666668,38.396824,GPU_3,300.000000,79.139999,1,0,0.888889,0.650794
51.571430,38.396824,GPU_3,300.000000,77.550003,1,0,0.904762,0.650794
52.476189,38.396824,GPU_3,300.000000,75.940002,1,0,0.920635,0.650794
53.380951,38.396824,GPU_3,300.000000,74.110001,1,0,0.936508,0.650794
54.285713,38.396824,GPU_3,300.000000,72.300003,1,0,0.952381,0.650794
55.190475,38.396824,GPU_3,300.000000,70.379997,1,0,0.968254,0.650794
56.095238,38.396824,background,0.000000,68.980003,0,1,0.984127,0.650794
57.000000,38.396824,background,0.000000,68.160004,0,0,1.000000,0.650794
0.000000,39.333332,background,0.000000,65.620003,0,0,0.000000,0.666667
0.904762,39.333332,background,0.000000,66.639999,0,0,0.015873,0.666667
1.809524,39.333332,background,0.000000,68.410004,0,0,0.031746,0.666667
2.714286,39.333332,background,0.000000,70.970001,0,0,0.047619,0.666667
3.619048,39.333332,background,0.000000,74.529999,0,0,0.063492,0.666667
4.523809,39.333332,background,0.000000,78.129997,0,0,0.079365,0.666667
5.428571,39.333332,background,0.000000,81.720001,0,0,0.095238,0.666667
6.333333,39.333332,background,0.000000,83.989998,0,0,0.111111,0.666667
7.238095,39.333332,background,0.000000,85.919998,0,0,0.126984,0.666667
8.142858,39.333332,GPU_1,300.000000,87.699997,1,1,0.142857,0.666667
9.047619,39.333332,GPU_1,300.000000,89.360001,1,0,0.158730,0.666667
9.952381,39.333332,GPU_1,300.000000,90.940002,1,0,0.174603,0.666667
10.857142,39.333332,GPU_1,300.000000,92.449997,1,0,0.190476,0.666667
11.761905,39.333332,GPU_1,300.000000,93.879997,1,0,0.206349,0.666667
12.666667,39.333332,GPU_1,300.000000,95.250000,1,0,0.222222,0.666667
13.571428,39.333332,GPU_1,300.000000,96.559998,1,0,0.238095,0.666667
14.476191,39.333332,GPU_1,300.000000,97.800003,1,0,0.253968,0.666667
15.380953,39.333332,GPU_1,300.000000,98.980003,1,0,0.269841,0.666667
16.285715,39.333332,GPU_1,300.000000,100.110001,1,0,0.285714,0.666667
17.190475,39.333332,GPU_1,300.000000,101.169998,1,0,0.301587,0.666667
18.095238,39.333332,GPU_1,300.000000,102.180000,1,0,0.317460,0.666667
19.000000,39.333332,GPU_1,300.000000,103.129997,1,0,0.333333,0.666667
19.904762,39.333332,GPU_1,300.000000,104.010002,1,0,0.349206,0.666667
20.809525,39.333332,GPU_1,300.000000,104.800003,1,0,0.365079,0.666667
21.714285,39.333332,GPU_1,300.000000,105.400002,1,0,0.380952,0.666667
22.619047,39.333332,GPU_1,300.000000,105.559998,1,0,0.396825,0.666667
23.523809,39.333332,GPU_1,300.000000,106.050003,1,0,0.412698,0.666667
24.428572,39.333332,GPU_1,300.000000,106.559998,1,0,0.428571,0.666667
25.333334,39.333332,GPU_1,300.000000,107.029999,1,0,0.444444,0.666667
26.238094,39.333332,CPU1_0,105.000000,107.419998,1,1,0.460317,0.666667
27.142857,39.333332,CPU1_0,105.000000,107.720001,1,0,0.476190,0.666667
28.047619,39.333332,CPU1_0,105.000000,107.919998,1,0,0.492063,0.666667
28.952381,39.333332,CPU1_0,105.000000,108.040001,1,0,0.507937,0.666667
29.857143,39.333332,CPU1_0,105.000000,108.050003,1,0,0.523810,0.666667
30.761906,39.333332,CPU1_0,105.000000,107.970001,1,0,0.539683,0.666667
31.666666,39.333332,CPU1_0,105.000000,107.779999,1,0,0.555556,0.666667
32.571430,39.333332,CPU1_0,105.000000,107.480003,1,0,0.571429,0.666667
33.476189,39.333332,CPU1_0,105.000000,107.070000,1,0,0.587302,0.666667
34.380951,39.333332,CPU1_0,105.000000,106.550003,1,0,0.603175,0.666667
35.285713,39.333332,CPU1_0,105.000000,105.919998,1,0,0.619048,0.666667
36.190475,39.333332,CPU1_0,105.000000,105.160004,1,0,0.634921,0.666667
37.095238,39.333332,CPU1_0,105.000000,104.269997,1,0,0.650794,0.666667
38.000000,39.333332,CPU1_0,105.000000,103.209999,1,1,0.666667,0.666667
38.904762,39.333332,GPU_3,300.000000,101.879997,1,0,0.682540,0.666667
39.809525,39.333332,GPU_3,300.000000,99.870003,1,0,0.698413,0.666667
40.714287,39.333332,GPU_3,300.000000,97.889999,1,0,0.714286,0.666667
41.619049,39.333332,GPU_3,300.000000,96.250000,1,0,0.730159,0.666667
42.523811,39.333332,GPU_3,300.000000,94.739998,1,0,0.746032,0.666667
43.428570,39.333332,GPU_3,300.000000,93.220001,1,1,0.761905,0.666667
44.333332,39.333332,GPU_3,300.000000,91.580002,1,1,0.777778,0.666667
45.238094,39.333332,GPU_3,300.000000,89.580002,1,1,0.793651,0.666667
46.142857,39.333332,GPU_3,300.000000,86.449997,1,1,0.809524,0.666667
47.047619,39.333332,GPU_3,300.000000,84.440002,1,1,0.825397,0.666667
47.952381,39.333332,GPU_3,300.000000,82.739998,1,1,0.841270,0.666667
48.857143,39.333332,GPU_3,300.000000,81.139999,1,1,0.857143,0.666667
49.761906,39.333332,GPU_3,300.000000,79.559998,1,1,0.873016,0.666667
50.666668,39.333332,GPU_3,300.000000,78.000000,1,1,0.888889,0.666667
51.571430,39.333332,GPU_3,300.000000,76.440002,1,0,0.904762,0.666667
52.476189,39.333332,GPU_3,300.000000,74.860001,1,0,0.920635,0.666667
53.380951,39.333332,GPU_3,300.000000,73.099998,1,0,0.936508,0.666667
54.285713,39.333332,GPU_3,300.000000,71.360001,1,0,0.952381,0.666667
55.190475,39.333332,GPU_3,300.000000,69.620003,1,0,0.968254,0.666667
56.095238,39.333332,background,0.000000,68.320000,0,1,0.984127,0.666667
57.000000,39.333332,background,0.000000,67.540001,0,0,1.000000,0.666667
0.000000,40.269840,background,0.000000,65.150002,0,0,0.000000,0.682540
0.904762,40.269840,background,0.000000,66.139999,0,0,0.015873,0.682540
1.809524,40.269840,background,0.000000,67.870003,0,0,0.031746,0.682540
2.714286,40.269840,background,0.000000,70.360001,0,0,0.047619,0.682540
3.619048,40.269840,background,0.000000,73.860001,0,0,0.063492,0.682540
4.523809,40.269840,background,0.000000,77.430000,0,0,0.079365,0.682540
5.428571,40.269840,background,0.000000,80.970001,0,0,0.095238,0.682540
6.333333,40.269840,background,0.000000,83.190002,0,0,0.111111,0.682540
7.238095,40.269840,background,0.000000,85.070000,0,0,0.126984,0.682540
8.142858,40.269840,GPU_1,300.000000,86.800003,1,1,0.142857,0.682540
9.047619,40.269840,GPU_1,300.000000,88.440002,1,0,0.158730,0.682540
9.952381,40.269840,GPU_1,300.000000,89.989998,1,0,0.174603,0.682540
10.857142,40.269840,GPU_1,300.000000,91.480003,1,0,0.190476,0.682540
11.761905,40.269840,GPU_1,300.000000,92.900002,1,0,0.206349,0.682540
12.666667,40.269840,GPU_1,300.000000,94.250000,1,0,0.222222,0.682540
13.571428,40.269840,GPU_1,300.000000,95.540001,1,0,0.238095,0.682540
14.476191,40.269840,GPU_1,300.000000,96.779999,1,0,0.253968,0.682540
15.380953,40.269840,GPU_1,300.000000,97.949997,1,0,0.269841,0.682540
16.285715,40.269840,GPU_1,300.000000,99.080002,1,0,0.285714,0.682540
17.190475,40.269840,GPU_1,300.000000,100.150002,1,0,0.301587,0.682540
18.095238,40.269840,GPU_1,300.000000,101.160004,1,0,0.317460,0.682540
19.000000,40.269840,GPU_1,300.000000,102.139999,1,0,0.333333,0.682540
19.904762,40.269840,GPU_1,300.000000,103.059998,1,0,0.349206,0.682540
20.809525,40.269840,GPU_1,300.000000,103.919998,1,0,0.365079,0.682540
21.714285,40.269840,GPU_1,300.000000,104.690002,1,0,0.380952,0.682540
22.619047,40.269840,GPU_1,300.000000,105.330002,1,0,0.396825,0.682540
23.523809,40.269840,GPU_1,300.000000,105.959999,1,0,0.412698,0.682540
24.428572,40.269840,GPU_1,300.000000,106.540001,1,0,0.428571,0.682540
25.333334,40.269840,GPU_1,300.000000,107.050003,1,0,0.444444,0.682540
26.238094,40.269840,CPU1_0,105.000000,107.459999,1,1,0.460317,0.682540
27.142857,40.269840,CPU1_0,105.000000,107.779999,1,0,0.476190,0.682540
28.047619,40.269840,CPU1_0,105.000000,108.000000,1,0,0.492063,0.682540
28.952381,40.269840,CPU1_0,105.000000,108.120003,1,0,0.507937,0.682540
29.857143,40.269840,CPU1_0,105.000000,108.139999,1,0,0.523810,0.682540
30.761906,40.269840,CPU1_0,105.000000,108.059998,1,0,0.539683,0.682540
31.666666,40.269840,CPU1_0,105.000000,107.860001,1,0,0.555556,0.682540
32.571430,40.269840,CPU1_0,105.000000,107.559998,1,0,0.571429,0.682540
33.476189,40.269840,CPU1_0,105.000000,107.139999,1,0,0.587302,0.682540
34.380951,40.269840,CPU1_0,105.000000,106.610001,1,0,0.603175,0.682540
35.285713,40.269840,CPU1_0,105.000000,105.949997,1,0,0.619048,0.682540
36.190475,40.269840,CPU1_0,105.000000,105.169998,1,0,0.634921,0.682540
37.095238,40.269840,CPU1_0,105.000000,104.230003,1,0,0.650794,0.682540
38.000000,40.269840,CPU1_0,105.000000,103.099998,1,1,0.666667,0.682540
38.904762,40.269840,GPU_3,300.000000,101.599998,1,0,0.682540,0.682540
39.809525,40.269840,GPU_3,300.000000,98.720001,1,0,0.698413,0.682540
40.714287,40.269840,GPU_3,300.000000,96.430000,1,0,0.714286,0.682540
41.619049,40.269840,GPU_3,300.000000,94.339996,1,0,0.730159,0.682540
42.523811,40.269840,GPU_3,300.000000,92.599998,1,0,0.746032,0.682540
43.428570,40.269840,GPU_3,300.000000,90.980003,1,1,0.761905,0.682540
44.333332,40.269840,GPU_3,300.000000,89.320000,1,0,0.777778,0.682540
45.238094,40.269840,GPU_3,300.000000,87.430000,1,0,0.793651,0.682540
46.142857,40.269840,GPU_3,300.000000,85.160004,1,0,0.809524,0.682540
47.047619,40.269840,GPU_3,300.000000,83.260002,1,0,0.825397,0.682540
47.952381,40.269840,GPU_3,300.000000,81.550003,1,0,0.841270,0.682540
48.857143,40.269840,GPU_3,300.000000,79.930000,1,0,0.857143,0.682540
49.761906,40.269840,GPU_3,300.000000,78.349998,1,0,0.873016,0.682540
50.666668,40.269840,GPU_3,300.000000,76.790001,1,1,0.888889,0.682540
51.571430,40.269840,GPU_3,300.000000,75.239998,1,0,0.904762,0.682540
52.476189,40.269840,GPU_3,300.000000,73.669998,1,0,0.920635,0.682540
53.380951,40.269840,GPU_3,300.000000,71.989998,1,0,0.936508,0.682540
54.285713,40.269840,GPU_3,300.000000,70.320000,1,0,0.952381,0.682540
55.190475,40.269840,GPU_3,300.000000,68.830002,1,0,0.968254,0.682540
56.095238,40.269840,background,0.000000,67.639999,0,1,0.984127,0.682540
57.000000,40.269840,background,0.000000,66.910004,0,0,1.000000,0.682540
0.000000,41.206348,background,0.000000,64.620003,0,0,0.000000,0.698413
0.904762,41.206348,background,0.000000,65.570000,0,0,0.015873,0.698413
1.809524,41.206348,background,0.000000,67.230003,0,0,0.031746,0.698413
2.714286,41.206348,background,0.000000,69.610001,0,0,0.047619,0.698413
3.619048,41.206348,background,0.000000,73.010002,0,0,0.063492,0.698413
4.523809,41.206348,background,0.000000,76.570000,0,0,0.079365,0.698413
5.428571,41.206348,background,0.000000,80.040001,0,0,0.095238,0.698413
6.333333,41.206348,background,0.000000,82.190002,0,0,0.111111,0.698413
7.238095,41.206348,background,0.000000,83.980003,0,0,0.126984,0.698413
8.142858,41.206348,GPU_0,300.000000,85.629997,1,1,0.142857,0.698413
9.047619,41.206348,GPU_0,300.000000,87.220001,1,1,0.158730,0.698413
9.952381,41.206348,GPU_0,300.000000,88.750000,1,1,0.174603,0.698413
10.857142,41.206348,GPU_0,300.000000,90.209999,1,1,0.190476,0.698413
11.761905,41.206348,GPU_0,300.000000,91.610001,1,1,0.206349,0.698413
12.666667,41.206348,GPU_0,300.000000,92.940002,1,1,0.222222,0.698413
13.571428,41.206348,GPU_0,300.000000,94.220001,1,1,0.238095,0.698413
14.476191,41.206348,GPU_0,300.000000,95.449997,1,1,0.253968,0.698413
15.380953,41.206348,GPU_0,300.000000,96.620003,1,1,0.269841,0.698413
16.285715,41.206348,GPU_0,300.000000,97.739998,1,1,0.285714,0.698413
17.190475,41.206348,GPU_0,300.000000,98.809998,1,1,0.301587,0.698413
18.095238,41.206348,GPU_0,300.000000,99.839996,1,1,0.317460,0.698413
19.000000,41.206348,GPU_0,300.000000,100.860001,1,1,0.333333,0.698413
19.904762,41.206348,GPU_0,300.000000,101.879997,1,1,0.349206,0.698413
20.809525,41.206348,GPU_0,300.000000,102.830002,1,1,0.365079,0.698413
21.714285,41.206348,GPU_0,300.000000,103.720001,1,1,0.380952,0.698413
22.619047,41.206348,GPU_0,300.000000,104.550003,1,1,0.396825,0.698413
23.523809,41.206348,GPU_0,300.000000,105.300003,1,1,0.412698,0.698413
24.428572,41.206348,GPU_0,300.000000,105.949997,1,1,0.428571,0.698413
25.333334,41.206348,GPU_0,300.000000,106.500000,1,1,0.444444,0.698413
26.238094,41.206348,CPU1_0,105.000000,106.940002,1,1,0.460317,0.698413
27.142857,41.206348,CPU1_0,105.000000,107.290001,1,0,0.476190,0.698413
28.047619,41.206348,CPU1_0,105.000000,107.529999,1,0,0.492063,0.698413
28.952381,41.206348,CPU1_0,105.000000,107.660004,1,0,0.507937,0.698413
29.857143,41.206348,CPU1_0,105.000000,107.680000,1,0,0.523810,0.698413
30.761906,41.206348,CPU1_0,105.000000,107.599998,1,0,0.539683,0.698413
31.666666,41.206348,CPU1_0,105.000000,107.410004,1,0,0.555556,0.698413
32.571430,41.206348,CPU1_0,105.000000,107.099998,1,0,0.571429,0.698413
33.476189,41.206348,CPU1_0,105.000000,106.669998,1,0,0.587302,0.698413
34.380951,41.206348,CPU1_0,105.000000,106.129997,1,0,0.603175,0.698413
35.285713,41.206348,CPU1_0,105.000000,105.449997,1,0,0.619048,0.698413
36.190475,41.206348,CPU1_0,105.000000,104.650002,1,0,0.634921,0.698413
37.095238,41.206348,CPU1_0,105.000000,103.680000,1,0,0.650794,0.698413
38.000000,41.206348,CPU1_0,105.000000,102.489998,1,1,0.666667,0.698413
38.904762,41.206348,background,0.000000,100.870003,0,1,0.682540,0.698413
39.809525,41.206348,background,0.000000,97.669998,0,1,0.698413,0.698413
40.714287,41.206348,background,0.000000,94.860001,0,1,0.714286,0.698413
41.619049,41.206348,background,0.000000,92.379997,0,1,0.730159,0.698413
42.523811,41.206348,background,0.000000,90.480003,0,1,0.746032,0.698413
43.428570,41.206348,HBM_3,25.000000,88.800003,1,1,0.761905,0.698413
44.333332,41.206348,HBM_3,25.000000,87.169998,1,1,0.777778,0.698413
45.238094,41.206348,HBM_3,25.000000,85.459999,1,1,0.793651,0.698413
46.142857,41.206348,HBM_3,25.000000,83.650002,1,1,0.809524,0.698413
47.047619,41.206348,HBM_3,25.000000,81.919998,1,1,0.825397,0.698413
47.952381,41.206348,HBM_3,25.000000,80.230003,1,1,0.841270,0.698413
48.857143,41.206348,HBM_3,25.000000,78.589996,1,1,0.857143,0.698413
49.761906,41.206348,HBM_3,25.000000,76.989998,1,1,0.873016,0.698413
50.666668,41.206348,HBM_3,25.000000,75.440002,1,1,0.888889,0.698413
51.571430,41.206348,background,0.000000,73.910004,0,1,0.904762,0.698413
52.476189,41.206348,background,0.000000,72.400002,0,1,0.920635,0.698413
53.380951,41.206348,background,0.000000,70.879997,0,1,0.936508,0.698413
54.285713,41.206348,background,0.000000,69.400002,0,1,0.952381,0.698413
55.190475,41.206348,background,0.000000,68.070000,0,1,0.968254,0.698413
56.095238,41.206348,background,0.000000,66.980003,0,1,0.984127,0.698413
57.000000,41.206348,background,0.000000,66.290001,0,0,1.000000,0.698413
0.000000,42.142857,background,0.000000,64.040001,0,0,0.000000,0.714286
0.904762,42.142857,background,0.000000,64.930000,0,0,0.015873,0.714286
1.809524,42.142857,background,0.000000,66.480003,0,0,0.031746,0.714286
2.714286,42.142857,background,0.000000,68.680000,0,0,0.047619,0.714286
3.619048,42.142857,background,0.000000,71.830002,0,0,0.063492,0.714286
4.523809,42.142857,background,0.000000,75.370003,0,0,0.079365,0.714286
5.428571,42.142857,background,0.000000,78.750000,0,0,0.095238,0.714286
6.333333,42.142857,background,0.000000,80.779999,0,0,0.111111,0.714286
7.238095,42.142857,background,0.000000,82.279999,0,0,0.126984,0.714286
8.142858,42.142857,GPU_0,300.000000,83.730003,1,1,0.142857,0.714286
9.047619,42.142857,GPU_0,300.000000,85.260002,1,0,0.158730,0.714286
9.952381,42.142857,GPU_0,300.000000,86.760002,1,0,0.174603,0.714286
10.857142,42.142857,GPU_0,300.000000,88.190002,1,0,0.190476,0.714286
11.761905,42.142857,GPU_0,300.000000,89.570000,1,0,0.206349,0.714286
12.666667,42.142857,GPU_0,300.000000,90.879997,1,0,0.222222,0.714286
13.571428,42.142857,GPU_0,300.000000,92.150002,1,0,0.238095,0.714286
14.476191,42.142857,GPU_0,300.000000,93.360001,1,0,0.253968,0.714286
15.380953,42.142857,GPU_0,300.000000,94.529999,1,0,0.269841,0.714286
16.285715,42.142857,GPU_0,300.000000,95.639999,1,0,0.285714,0.714286
17.190475,42.142857,GPU_0,300.000000,96.720001,1,0,0.301587,0.714286
18.095238,42.142857,GPU_0,300.000000,97.760002,1,0,0.317460,0.714286
19.000000,42.142857,GPU_0,300.000000,98.879997,1,0,0.333333,0.714286
19.904762,42.142857,GPU_0,300.000000,100.260002,1,0,0.349206,0.714286
20.809525,42.142857,GPU_0,300.000000,101.400002,1,0,0.365079,0.714286
21.714285,42.142857,GPU_0,300.000000,102.419998,1,0,0.380952,0.714286
22.619047,42.142857,GPU_0,300.000000,103.500000,1,0,0.396825,0.714286
23.523809,42.142857,GPU_0,300.000000,104.379997,1,0,0.412698,0.714286
24.428572,42.142857,GPU_0,300.000000,105.120003,1,0,0.428571,0.714286
25.333334,42.142857,GPU_0,300.000000,105.720001,1,0,0.444444,0.714286
26.238094,42.142857,CPU1_0,105.000000,106.199997,1,1,0.460317,0.714286
27.142857,42.142857,CPU1_0,105.000000,106.570000,1,0,0.476190,0.714286
28.047619,42.142857,CPU1_0,105.000000,106.820000,1,0,0.492063,0.714286
28.952381,42.142857,CPU1_0,105.000000,106.970001,1,0,0.507937,0.714286
29.857143,42.142857,CPU1_0,105.000000,107.000000,1,0,0.523810,0.714286
30.761906,42.142857,CPU1_0,105.000000,106.919998,1,0,0.539683,0.714286
31.666666,42.142857,CPU1_0,105.000000,106.730003,1,0,0.555556,0.714286
32.571430,42.142857,CPU1_0,105.000000,106.419998,1,0,0.571429,0.714286
33.476189,42.142857,CPU1_0,105.000000,105.989998,1,0,0.587302,0.714286
34.380951,42.142857,CPU1_0,105.000000,105.430000,1,0,0.603175,0.714286
35.285713,42.142857,CPU1_0,105.000000,104.750000,1,0,0.619048,0.714286
36.190475,42.142857,CPU1_0,105.000000,103.919998,1,0,0.634921,0.714286
37.095238,42.142857,CPU1_0,105.000000,102.930000,1,0,0.650794,0.714286
38.000000,42.142857,CPU1_0,105.000000,101.709999,1,1,0.666667,0.714286
38.904762,42.142857,background,0.000000,100.010002,0,0,0.682540,0.714286
39.809525,42.142857,background,0.000000,96.620003,0,0,0.698413,0.714286
40.714287,42.142857,background,0.000000,93.360001,0,0,0.714286,0.714286
41.619049,42.142857,background,0.000000,90.849998,0,0,0.730159,0.714286
42.523811,42.142857,background,0.000000,88.989998,0,0,0.746032,0.714286
43.428570,42.142857,HBM_3,25.000000,87.360001,1,1,0.761905,0.714286
44.333332,42.142857,HBM_3,25.000000,85.790001,1,0,0.777778,0.714286
45.238094,42.142857,HBM_3,25.000000,84.220001,1,0,0.793651,0.714286
46.142857,42.142857,HBM_3,25.000000,82.610001,1,0,0.809524,0.714286
47.047619,42.142857,HBM_3,25.000000,80.989998,1,0,0.825397,0.714286
47.952381,42.142857,HBM_3,25.000000,79.260002,1,0,0.841270,0.714286
48.857143,42.142857,HBM_3,25.000000,77.559998,1,0,0.857143,0.714286
49.761906,42.142857,HBM_3,25.000000,75.919998,1,0,0.873016,0.714286
50.666668,42.142857,HBM_3,25.000000,74.360001,1,1,0.888889,0.714286
51.571430,42.142857,background,0.000000,72.849998,0,0,0.904762,0.714286
52.476189,42.142857,background,0.000000,71.389999,0,0,0.920635,0.714286
53.380951,42.142857,background,0.000000,69.959999,0,0,0.936508,0.714286
54.285713,42.142857,background,0.000000,68.599998,0,0,0.952381,0.714286
55.190475,42.142857,background,0.000000,67.360001,0,0,0.968254,0.714286
56.095238,42.142857,background,0.000000,66.339996,0,0,0.984127,0.714286
57.000000,42.142857,background,0.000000,65.690002,0,0,1.000000,0.714286
0.000000,43.079365,background,0.000000,63.410000,0,0,0.000000,0.730159
0.904762,43.079365,background,0.000000,64.239998,0,0,0.015873,0.730159
1.809524,43.079365,background,0.000000,65.639999,0,0,0.031746,0.730159
2.714286,43.079365,background,0.000000,67.519997,0,0,0.047619,0.730159
3.619048,43.079365,background,0.000000,69.949997,0,0,0.063492,0.730159
4.523809,43.079365,background,0.000000,72.849998,0,0,0.079365,0.730159
5.428571,43.079365,background,0.000000,75.820000,0,0,0.095238,0.730159
6.333333,43.079365,background,0.000000,77.629997,0,0,0.111111,0.730159
7.238095,43.079365,background,0.000000,78.099998,0,0,0.126984,0.730159
8.142858,43.079365,GPU_0,300.000000,79.629997,1,1,0.142857,0.730159
9.047619,43.079365,GPU_0,300.000000,81.120003,1,0,0.158730,0.730159
9.952381,43.079365,GPU_0,300.000000,82.580002,1,0,0.174603,0.730159
10.857142,43.079365,GPU_0,300.000000,83.989998,1,0,0.190476,0.730159
11.761905,43.079365,GPU_0,300.000000,85.339996,1,0,0.206349,0.730159
12.666667,43.079365,GPU_0,300.000000,86.639999,1,0,0.222222,0.730159
13.571428,43.079365,GPU_0,300.000000,87.889999,1,0,0.238095,0.730159
14.476191,43.079365,GPU_0,300.000000,89.089996,1,0,0.253968,0.730159
15.380953,43.079365,GPU_0,300.000000,90.250000,1,0,0.269841,0.730159
16.285715,43.079365,GPU_0,300.000000,91.360001,1,0,0.285714,0.730159
17.190475,43.079365,GPU_0,300.000000,92.419998,1,0,0.301587,0.730159
18.095238,43.079365,GPU_0,300.000000,93.400002,1,0,0.317460,0.730159
19.000000,43.079365,GPU_0,300.000000,94.400002,1,0,0.333333,0.730159
19.904762,43.079365,GPU_0,300.000000,96.779999,1,0,0.349206,0.730159
20.809525,43.079365,GPU_0,300.000000,98.599998,1,0,0.365079,0.730159
21.714285,43.079365,GPU_0,300.000000,99.849998,1,0,0.380952,0.730159
22.619047,43.079365,GPU_0,300.000000,102.199997,1,0,0.396825,0.730159
23.523809,43.079365,GPU_0,300.000000,103.330002,1,0,0.412698,0.730159
24.428572,43.079365,GPU_0,300.000000,104.160004,1,0,0.428571,0.730159
25.333334,43.079365,GPU_0,300.000000,104.820000,1,0,0.444444,0.730159
26.238094,43.079365,CPU1_0,105.000000,105.330002,1,1,0.460317,0.730159
27.142857,43.079365,CPU1_0,105.000000,105.730003,1,0,0.476190,0.730159
28.047619,43.079365,CPU1_0,105.000000,106.010002,1,0,0.492063,0.730159
28.952381,43.079365,CPU1_0,105.000000,106.169998,1,0,0.507937,0.730159
29.857143,43.079365,CPU1_0,105.000000,106.209999,1,0,0.523810,0.730159
30.761906,43.079365,CPU1_0,105.000000,106.139999,1,0,0.539683,0.730159
31.666666,43.079365,CPU1_0,105.000000,105.949997,1,0,0.555556,0.730159
32.571430,43.079365,CPU1_0,105.000000,105.629997,1,0,0.571429,0.730159
33.476189,43.079365,CPU1_0,105.000000,105.199997,1,0,0.587302,0.730159
34.380951,43.079365,CPU1_0,105.000000,104.639999,1,0,0.603175,0.730159
35.285713,43.079365,CPU1_0,105.000000,103.949997,1,0,0.619048,0.730159
36.190475,43.079365,CPU1_0,105.000000,103.110001,1,0,0.634921,0.730159
37.095238,43.079365,CPU1_0,105.000000,102.099998,1,0,0.650794,0.730159
38.000000,43.079365,CPU1_0,105.000000,100.839996,1,1,0.666667,0.730159
38.904762,43.079365,background,0.000000,99.019997,0,0,0.682540,0.730159
39.809525,43.079365,background,0.000000,95.529999,0,0,0.698413,0.730159
40.714287,43.079365,background,0.000000,92.059998,0,0,0.714286,0.730159
41.619049,43.079365,background,0.000000,89.959999,0,0,0.730159,0.730159
42.523811,43.079365,background,0.000000,88.290001,0,0,0.746032,0.730159
43.428570,43.079365,HBM_3,25.000000,86.739998,1,1,0.761905,0.730159
44.333332,43.079365,HBM_3,25.000000,85.239998,1,0,0.777778,0.730159
45.238094,43.079365,HBM_3,25.000000,83.730003,1,0,0.793651,0.730159
46.142857,43.079365,HBM_3,25.000000,82.220001,1,0,0.809524,0.730159
47.047619,43.079365,HBM_3,25.000000,80.680000,1,0,0.825397,0.730159
47.952381,43.079365,HBM_3,25.000000,78.660004,1,0,0.841270,0.730159
48.857143,43.079365,HBM_3,25.000000,76.779999,1,0,0.857143,0.730159
49.761906,43.079365,HBM_3,25.000000,75.029999,1,0,0.873016,0.730159
50.666668,43.079365,HBM_3,25.000000,73.440002,1,1,0.888889,0.730159
51.571430,43.079365,background,0.000000,71.949997,0,0,0.904762,0.730159
52.476189,43.079365,background,0.000000,70.519997,0,0,0.920635,0.730159
53.380951,43.079365,background,0.000000,69.150002,0,0,0.936508,0.730159
54.285713,43.079365,background,0.000000,67.860001,0,0,0.952381,0.730159
55.190475,43.079365,background,0.000000,66.690002,0,0,0.968254,0.730159
56.095238,43.079365,background,0.000000,65.709999,0,0,0.984127,0.730159
57.000000,43.079365,background,0.000000,65.089996,0,0,1.000000,0.730159
0.000000,44.015873,HBM_0,25.000000,62.750000,1,1,0.000000,0.746032
0.904762,44.015873,HBM_0,25.000000,63.520000,1,1,0.015873,0.746032
1.809524,44.015873,HBM_0,25.000000,64.779999,1,1,0.031746,0.746032
2.714286,44.015873,HBM_0,25.000000,66.400002,1,1,0.047619,0.746032
3.619048,44.015873,HBM_0,25.000000,68.330002,1,1,0.063492,0.746032
4.523809,44.015873,HBM_0,25.000000,70.500000,1,1,0.079365,0.746032
5.428571,44.015873,HBM_0,25.000000,72.660004,1,1,0.095238,0.746032
6.333333,44.015873,HBM_0,25.000000,74.449997,1,1,0.111111,0.746032
7.238095,44.015873,HBM_0,25.000000,75.580002,1,1,0.126984,0.746032
8.142858,44.015873,GPU_0,300.000000,77.470001,1,1,0.142857,0.746032
9.047619,44.015873,GPU_0,300.000000,78.970001,1,0,0.158730,0.746032
9.952381,44.015873,GPU_0,300.000000,80.410004,1,0,0.174603,0.746032
10.857142,44.015873,GPU_0,300.000000,81.800003,1,0,0.190476,0.746032
11.761905,44.015873,GPU_0,300.000000,83.120003,1,0,0.206349,0.746032
12.666667,44.015873,GPU_0,300.000000,84.400002,1,0,0.222222,0.746032
13.571428,44.015873,GPU_0,300.000000,85.639999,1,0,0.238095,0.746032
14.476191,44.015873,GPU_0,300.000000,86.820000,1,0,0.253968,0.746032
15.380953,44.015873,GPU_0,300.000000,87.970001,1,0,0.269841,0.746032
16.285715,44.015873,GPU_0,300.000000,89.070000,1,0,0.285714,0.746032
17.190475,44.015873,GPU_0,300.000000,90.120003,1,0,0.301587,0.746032
18.095238,44.015873,GPU_0,300.000000,91.050003,1,0,0.317460,0.746032
19.000000,44.015873,GPU_0,300.000000,91.820000,1,0,0.333333,0.746032
19.904762,44.015873,GPU_0,300.000000,93.449997,1,0,0.349206,0.746032
20.809525,44.015873,GPU_0,300.000000,95.500000,1,0,0.365079,0.746032
21.714285,44.015873,GPU_0,300.000000,97.730003,1,0,0.380952,0.746032
22.619047,44.015873,GPU_0,300.000000,100.889999,1,0,0.396825,0.746032
23.523809,44.015873,GPU_0,300.000000,102.209999,1,0,0.412698,0.746032
24.428572,44.015873,GPU_0,300.000000,103.120003,1,0,0.428571,0.746032
25.333334,44.015873,GPU_0,300.000000,103.830002,1,0,0.444444,0.746032
26.238094,44.015873,CPU1_0,105.000000,104.379997,1,1,0.460317,0.746032
27.142857,44.015873,CPU1_0,105.000000,104.800003,1,0,0.476190,0.746032
28.047619,44.015873,CPU1_0,105.000000,105.099998,1,0,0.492063,0.746032
28.952381,44.015873,CPU1_0,105.000000,105.279999,1,0,0.507937,0.746032
29.857143,44.015873,CPU1_0,105.000000,105.330002,1,0,0.523810,0.746032
30.761906,44.015873,CPU1_0,105.000000,105.260002,1,0,0.539683,0.746032
31.666666,44.015873,CPU1_0,105.000000,105.080002,1,0,0.555556,0.746032
32.571430,44.015873,CPU1_0,105.000000,104.769997,1,0,0.571429,0.746032
33.476189,44.015873,CPU1_0,105.000000,104.330002,1,0,0.587302,0.746032
34.380951,44.015873,CPU1_0,105.000000,103.769997,1,0,0.603175,0.746032
35.285713,44.015873,CPU1_0,105.000000,103.070000,1,0,0.619048,0.746032
36.190475,44.015873,CPU1_0,105.000000,102.230003,1,0,0.634921,0.746032
37.095238,44.015873,CPU1_0,105.000000,101.209999,1,0,0.650794,0.746032
38.000000,44.015873,CPU1_0,105.000000,99.940002,1,1,0.666667,0.746032
38.904762,44.015873,background,0.000000,98.099998,0,0,0.682540,0.746032
39.809525,44.015873,background,0.000000,94.660004,0,0,0.698413,0.746032
40.714287,44.015873,background,0.000000,91.250000,0,0,0.714286,0.746032
41.619049,44.015873,background,0.000000,89.220001,0,0,0.730159,0.746032
42.523811,44.015873,background,0.000000,87.589996,0,0,0.746032,0.746032
43.428570,44.015873,HBM_3,25.000000,86.070000,1,1,0.761905,0.746032
44.333332,44.015873,HBM_3,25.000000,84.580002,1,0,0.777778,0.746032
45.238094,44.015873,HBM_3,25.000000,83.089996,1,0,0.793651,0.746032
46.142857,44.015873,HBM_3,25.000000,81.599998,1,0,0.809524,0.746032
47.047619,44.015873,HBM_3,25.000000,80.059998,1,0,0.825397,0.746032
47.952381,44.015873,HBM_3,25.000000,77.940002,1,0,0.841270,0.746032
48.857143,44.015873,HBM_3,25.000000,75.989998,1,0,0.857143,0.746032
49.761906,44.015873,HBM_3,25.000000,74.199997,1,0,0.873016,0.746032
50.666668,44.015873,HBM_3,25.000000,72.599998,1,1,0.888889,0.746032
51.571430,44.015873,background,0.000000,71.129997,0,0,0.904762,0.746032
52.476189,44.015873,background,0.000000,69.730003,0,0,0.920635,0.746032
53.380951,44.015873,background,0.000000,68.410004,0,0,0.936508,0.746032
54.285713,44.015873,background,0.000000,67.160004,0,0,0.952381,0.746032
55.190475,44.015873,background,0.000000,66.040001,0,0,0.968254,0.746032
56.095238,44.015873,background,0.000000,65.099998,0,0,0.984127,0.746032
57.000000,44.015873,background,0.000000,64.500000,0,0,1.000000,0.746032
0.000000,44.952381,HBM_0,25.000000,62.080002,1,1,0.000000,0.761905
0.904762,44.952381,HBM_0,25.000000,62.799999,1,0,0.015873,0.761905
1.809524,44.952381,HBM_0,25.000000,63.950001,1,0,0.031746,0.761905
2.714286,44.952381,HBM_0,25.000000,65.379997,1,0,0.047619,0.761905
3.619048,44.952381,HBM_0,25.000000,67.029999,1,0,0.063492,0.761905
4.523809,44.952381,HBM_0,25.000000,68.820000,1,0,0.079365,0.761905
5.428571,44.952381,HBM_0,25.000000,70.669998,1,0,0.095238,0.761905
6.333333,44.952381,HBM_0,25.000000,72.489998,1,0,0.111111,0.761905
7.238095,44.952381,HBM_0,25.000000,74.029999,1,0,0.126984,0.761905
8.142858,44.952381,GPU_0,300.000000,76.010002,1,1,0.142857,0.761905
9.047619,44.952381,GPU_0,300.000000,77.510002,1,0,0.158730,0.761905
9.952381,44.952381,GPU_0,300.000000,78.919998,1,0,0.174603,0.761905
10.857142,44.952381,GPU_0,300.000000,80.279999,1,0,0.190476,0.761905
11.761905,44.952381,GPU_0,300.000000,81.580002,1,0,0.206349,0.761905
12.666667,44.952381,GPU_0,300.000000,82.830002,1,0,0.222222,0.761905
13.571428,44.952381,GPU_0,300.000000,84.050003,1,0,0.238095,0.761905
14.476191,44.952381,GPU_0,300.000000,85.220001,1,0,0.253968,0.761905
15.380953,44.952381,GPU_0,300.000000,86.360001,1,0,0.269841,0.761905
16.285715,44.952381,GPU_0,300.000000,87.449997,1,0,0.285714,0.761905
17.190475,44.952381,GPU_0,300.000000,88.489998,1,0,0.301587,0.761905
18.095238,44.952381,GPU_0,300.000000,89.410004,1,0,0.317460,0.761905
19.000000,44.952381,GPU_0,300.000000,90.099998,1,0,0.333333,0.761905
19.904762,44.952381,GPU_0,300.000000,91.360001,1,0,0.349206,0.761905
20.809525,44.952381,GPU_0,300.000000,93.449997,1,0,0.365079,0.761905
21.714285,44.952381,GPU_0,300.000000,96.150002,1,0,0.380952,0.761905
22.619047,44.952381,GPU_0,300.000000,99.620003,1,0,0.396825,0.761905
23.523809,44.952381,GPU_0,300.000000,101.050003,1,0,0.412698,0.761905
24.428572,44.952381,GPU_0,300.000000,102.019997,1,0,0.428571,0.761905
25.333334,44.952381,GPU_0,300.000000,102.779999,1,0,0.444444,0.761905
26.238094,44.952381,CPU1_0,105.000000,103.360001,1,1,0.460317,0.761905
27.142857,44.952381,CPU1_0,105.000000,103.809998,1,0,0.476190,0.761905
28.047619,44.952381,CPU1_0,105.000000,104.120003,1,1,0.492063,0.761905
28.952381,44.952381,CPU1_0,105.000000,104.309998,1,1,0.507937,0.761905
29.857143,44.952381,CPU1_0,105.000000,104.370003,1,1,0.523810,0.761905
30.761906,44.952381,CPU1_0,105.000000,104.320000,1,1,0.539683,0.761905
31.666666,44.952381,CPU1_0,105.000000,104.139999,1,1,0.555556,0.761905
32.571430,44.952381,CPU1_0,105.000000,103.830002,1,1,0.571429,0.761905
33.476189,44.952381,CPU1_0,105.000000,103.400002,1,1,0.587302,0.761905
34.380951,44.952381,CPU1_0,105.000000,102.839996,1,1,0.603175,0.761905
35.285713,44.952381,CPU1_0,105.000000,102.139999,1,1,0.619048,0.761905
36.190475,44.952381,CPU1_0,105.000000,101.290001,1,1,0.634921,0.761905
37.095238,44.952381,CPU1_0,105.000000,100.269997,1,0,0.650794,0.761905
38.000000,44.952381,CPU1_0,105.000000,99.000000,1,1,0.666667,0.761905
38.904762,44.952381,background,0.000000,97.160004,0,0,0.682540,0.761905
39.809525,44.952381,background,0.000000,93.739998,0,0,0.698413,0.761905
40.714287,44.952381,background,0.000000,90.360001,0,0,0.714286,0.761905
41.619049,44.952381,background,0.000000,88.349998,0,0,0.730159,0.761905
42.523811,44.952381,background,0.000000,86.730003,0,0,0.746032,0.761905
43.428570,44.952381,HBM_3,25.000000,85.230003,1,1,0.761905,0.761905
44.333332,44.952381,HBM_3,25.000000,83.750000,1,0,0.777778,0.761905
45.238094,44.952381,HBM_3,25.000000,82.279999,1,0,0.793651,0.761905
46.142857,44.952381,HBM_3,25.000000,80.790001,1,0,0.809524,0.761905
47.047619,44.952381,HBM_3,25.000000,79.269997,1,0,0.825397,0.761905
47.952381,44.952381,HBM_3,25.000000,77.139999,1,0,0.841270,0.761905
48.857143,44.952381,HBM_3,25.000000,75.190002,1,0,0.857143,0.761905
49.761906,44.952381,HBM_3,25.000000,73.379997,1,0,0.873016,0.761905
50.666668,44.952381,HBM_3,25.000000,71.800003,1,1,0.888889,0.761905
51.571430,44.952381,background,0.000000,70.339996,0,0,0.904762,0.761905
52.476189,44.952381,background,0.000000,68.980003,0,0,0.920635,0.761905
53.380951,44.952381,background,0.000000,67.690002,0,0,0.936508,0.761905
54.285713,44.952381,background,0.000000,66.489998,0,0,0.952381,0.761905
55.190475,44.952381,background,0.000000,65.400002,0,0,0.968254,0.761905
56.095238,44.952381,background,0.000000,64.500000,0,0,0.984127,0.761905
57.000000,44.952381,background,0.000000,63.919998,0,0,1.000000,0.761905
0.000000,45.888889,HBM_0,25.000000,61.410000,1,1,0.000000,0.777778
0.904762,45.888889,HBM_0,25.000000,62.080002,1,0,0.015873,0.777778
1.809524,45.888889,HBM_0,25.000000,63.150002,1,0,0.031746,0.777778
2.714286,45.888889,HBM_0,25.000000,64.459999,1,0,0.047619,0.777778
3.619048,45.888889,HBM_0,25.000000,65.940002,1,0,0.063492,0.777778
4.523809,45.888889,HBM_0,25.000000,67.540001,1,0,0.079365,0.777778
5.428571,45.888889,HBM_0,25.000000,69.250000,1,0,0.095238,0.777778
6.333333,45.888889,HBM_0,25.000000,71.089996,1,0,0.111111,0.777778
7.238095,45.888889,HBM_0,25.000000,72.790001,1,0,0.126984,0.777778
8.142858,45.888889,GPU_0,300.000000,74.779999,1,1,0.142857,0.777778
9.047619,45.888889,GPU_0,300.000000,76.250000,1,0,0.158730,0.777778
9.952381,45.888889,GPU_0,300.000000,77.629997,1,0,0.174603,0.777778
10.857142,45.888889,GPU_0,300.000000,78.949997,1,0,0.190476,0.777778
11.761905,45.888889,GPU_0,300.000000,80.220001,1,0,0.206349,0.777778
12.666667,45.888889,GPU_0,300.000000,81.449997,1,0,0.222222,0.777778
13.571428,45.888889,GPU_0,300.000000,82.650002,1,0,0.238095,0.777778
14.476191,45.888889,GPU_0,300.000000,83.800003,1,0,0.253968,0.777778
15.380953,45.888889,GPU_0,300.000000,84.930000,1,0,0.269841,0.777778
16.285715,45.888889,GPU_0,300.000000,86.010002,1,0,0.285714,0.777778
17.190475,45.888889,GPU_0,300.000000,87.050003,1,0,0.301587,0.777778
18.095238,45.888889,GPU_0,300.000000,87.959999,1,0,0.317460,0.777778
19.000000,45.888889,GPU_0,300.000000,88.629997,1,0,0.333333,0.777778
19.904762,45.888889,GPU_0,300.000000,89.750000,1,0,0.349206,0.777778
20.809525,45.888889,GPU_0,300.000000,91.860001,1,0,0.365079,0.777778
21.714285,45.888889,GPU_0,300.000000,94.769997,1,0,0.380952,0.777778
22.619047,45.888889,GPU_0,300.000000,98.370003,1,0,0.396825,0.777778
23.523809,45.888889,GPU_0,300.000000,99.849998,1,0,0.412698,0.777778
24.428572,45.888889,GPU_0,300.000000,100.879997,1,0,0.428571,0.777778
25.333334,45.888889,GPU_0,300.000000,101.660004,1,0,0.444444,0.777778
26.238094,45.888889,CPU1_0,105.000000,102.269997,1,1,0.460317,0.777778
27.142857,45.888889,CPU1_0,105.000000,102.739998,1,0,0.476190,0.777778
28.047619,45.888889,CPU1_0,105.000000,103.070000,1,1,0.492063,0.777778
28.952381,45.888889,CPU1_0,105.000000,103.269997,1,0,0.507937,0.777778
29.857143,45.888889,CPU1_0,105.000000,103.349998,1,0,0.523810,0.777778
30.761906,45.888889,CPU1_0,105.000000,103.300003,1,0,0.539683,0.777778
31.666666,45.888889,CPU1_0,105.000000,103.129997,1,0,0.555556,0.777778
32.571430,45.888889,CPU1_0,105.000000,102.830002,1,0,0.571429,0.777778
33.476189,45.888889,CPU1_0,105.000000,102.400002,1,0,0.587302,0.777778
34.380951,45.888889,CPU1_0,105.000000,101.839996,1,0,0.603175,0.777778
35.285713,45.888889,CPU1_0,105.000000,101.139999,1,0,0.619048,0.777778
36.190475,45.888889,CPU1_0,105.000000,100.300003,1,1,0.634921,0.777778
37.095238,45.888889,CPU1_0,105.000000,99.279999,1,0,0.650794,0.777778
38.000000,45.888889,CPU1_0,105.000000,98.010002,1,1,0.666667,0.777778
38.904762,45.888889,background,0.000000,96.180000,0,0,0.682540,0.777778
39.809525,45.888889,background,0.000000,92.769997,0,0,0.698413,0.777778
40.714287,45.888889,background,0.000000,89.400002,0,0,0.714286,0.777778
41.619049,45.888889,background,0.000000,87.410004,0,0,0.730159,0.777778
42.523811,45.888889,background,0.000000,85.800003,0,0,0.746032,0.777778
43.428570,45.888889,HBM_3,25.000000,84.309998,1,1,0.761905,0.777778
44.333332,45.888889,HBM_3,25.000000,82.849998,1,0,0.777778,0.777778
45.238094,45.888889,HBM_3,25.000000,81.389999,1,0,0.793651,0.777778
46.142857,45.888889,HBM_3,25.000000,79.930000,1,0,0.809524,0.777778
47.047619,45.888889,HBM_3,25.000000,78.419998,1,0,0.825397,0.777778
47.952381,45.888889,HBM_3,25.000000,76.300003,1,0,0.841270,0.777778
48.857143,45.888889,HBM_3,25.000000,74.360001,1,0,0.857143,0.777778
49.761906,45.888889,HBM_3,25.000000,72.570000,1,0,0.873016,0.777778
50.666668,45.888889,HBM_3,25.000000,71.000000,1,1,0.888889,0.777778
51.571430,45.888889,background,0.000000,69.580002,0,0,0.904762,0.777778
52.476189,45.888889,background,0.000000,68.250000,0,0,0.920635,0.777778
53.380951,45.888889,background,0.000000,67.000000,0,0,0.936508,0.777778
54.285713,45.888889,background,0.000000,65.830002,0,0,0.952381,0.777778
55.190475,45.888889,background,0.000000,64.769997,0,0,0.968254,0.777778
56.095238,45.888889,background,0.000000,63.900002,0,0,0.984127,0.777778
57.000000,45.888889,background,0.000000,63.340000,0,0,1.000000,0.777778
0.000000,46.825397,HBM_0,25.000000,60.740002,1,1,0.000000,0.793651
0.904762,46.825397,HBM_0,25.000000,61.380001,1,0,0.015873,0.793651
1.809524,46.825397,HBM_0,25.000000,62.380001,1,0,0.031746,0.793651
2.714286,46.825397,HBM_0,25.000000,63.599998,1,0,0.047619,0.793651
3.619048,46.825397,HBM_0,25.000000,64.970001,1,0,0.063492,0.793651
4.523809,46.825397,HBM_0,25.000000,66.470001,1,0,0.079365,0.793651
5.428571,46.825397,HBM_0,25.000000,68.099998,1,0,0.095238,0.793651
6.333333,46.825397,HBM_0,25.000000,69.910004,1,0,0.111111,0.793651
7.238095,46.825397,HBM_0,25.000000,71.660004,1,0,0.126984,0.793651
8.142858,46.825397,GPU_0,300.000000,73.620003,1,1,0.142857,0.793651
9.047619,46.825397,GPU_0,300.000000,75.050003,1,0,0.158730,0.793651
9.952381,46.825397,GPU_0,300.000000,76.400002,1,0,0.174603,0.793651
10.857142,46.825397,GPU_0,300.000000,77.680000,1,0,0.190476,0.793651
11.761905,46.825397,GPU_0,300.000000,78.919998,1,0,0.206349,0.793651
12.666667,46.825397,GPU_0,300.000000,80.129997,1,0,0.222222,0.793651
13.571428,46.825397,GPU_0,300.000000,81.300003,1,0,0.238095,0.793651
14.476191,46.825397,GPU_0,300.000000,82.440002,1,0,0.253968,0.793651
15.380953,46.825397,GPU_0,300.000000,83.550003,1,0,0.269841,0.793651
16.285715,46.825397,GPU_0,300.000000,84.629997,1,0,0.285714,0.793651
17.190475,46.825397,GPU_0,300.000000,85.660004,1,0,0.301587,0.793651
18.095238,46.825397,GPU_0,300.000000,86.580002,1,0,0.317460,0.793651
19.000000,46.825397,GPU_0,300.000000,87.239998,1,0,0.333333,0.793651
19.904762,46.825397,GPU_0,300.000000,88.309998,1,0,0.349206,0.793651
20.809525,46.825397,GPU_0,300.000000,90.440002,1,0,0.365079,0.793651
21.714285,46.825397,GPU_0,300.000000,93.440002,1,0,0.380952,0.793651
22.619047,46.825397,GPU_0,300.000000,97.099998,1,0,0.396825,0.793651
23.523809,46.825397,GPU_0,300.000000,98.629997,1,0,0.412698,0.793651
24.428572,46.825397,GPU_0,300.000000,99.680000,1,0,0.428571,0.793651
25.333334,46.825397,GPU_0,300.000000,100.489998,1,0,0.444444,0.793651
26.238094,46.825397,CPU1_0,105.000000,101.120003,1,1,0.460317,0.793651
27.142857,46.825397,CPU1_0,105.000000,101.610001,1,1,0.476190,0.793651
28.047619,46.825397,CPU1_0,105.000000,101.949997,1,1,0.492063,0.793651
28.952381,46.825397,CPU1_0,105.000000,102.169998,1,1,0.507937,0.793651
29.857143,46.825397,CPU1_0,105.000000,102.260002,1,1,0.523810,0.793651
30.761906,46.825397,CPU1_0,105.000000,102.220001,1,1,0.539683,0.793651
31.666666,46.825397,CPU1_0,105.000000,102.050003,1,1,0.555556,0.793651
32.571430,46.825397,CPU1_0,105.000000,101.760002,1,1,0.571429,0.793651
33.476189,46.825397,CPU1_0,105.000000,101.330002,1,1,0.587302,0.793651
34.380951,46.825397,CPU1_0,105.000000,100.779999,1,1,0.603175,0.793651
35.285713,46.825397,CPU1_0,105.000000,100.089996,1,1,0.619048,0.793651
36.190475,46.825397,CPU1_0,105.000000,99.250000,1,1,0.634921,0.793651
37.095238,46.825397,CPU1_0,105.000000,98.230003,1,1,0.650794,0.793651
38.000000,46.825397,CPU1_0,105.000000,96.970001,1,1,0.666667,0.793651
38.904762,46.825397,background,0.000000,95.150002,0,0,0.682540,0.793651
39.809525,46.825397,background,0.000000,91.750000,0,0,0.698413,0.793651
40.714287,46.825397,background,0.000000,88.400002,0,0,0.714286,0.793651
41.619049,46.825397,background,0.000000,86.410004,0,0,0.730159,0.793651
42.523811,46.825397,background,0.000000,84.830002,0,0,0.746032,0.793651
43.428570,46.825397,HBM_3,25.000000,83.349998,1,1,0.761905,0.793651
44.333332,46.825397,HBM_3,25.000000,81.910004,1,0,0.777778,0.793651
45.238094,46.825397,HBM_3,25.000000,80.470001,1,0,0.793651,0.793651
46.142857,46.825397,HBM_3,25.000000,79.019997,1,0,0.809524,0.793651
47.047619,46.825397,HBM_3,25.000000,77.529999,1,0,0.825397,0.793651
47.952381,46.825397,HBM_3,25.000000,75.430000,1,0,0.841270,0.793651
48.857143,46.825397,HBM_3,25.000000,73.519997,1,0,0.857143,0.793651
49.761906,46.825397,HBM_3,25.000000,71.750000,1,0,0.873016,0.793651
50.666668,46.825397,HBM_3,25.000000,70.209999,1,1,0.888889,0.793651
51.571430,46.825397,background,0.000000,68.809998,0,0,0.904762,0.793651
52.476189,46.825397,background,0.000000,67.519997,0,0,0.920635,0.793651
53.380951,46.825397,background,0.000000,66.300003,0,0,0.936508,0.793651
54.285713,46.825397,background,0.000000,65.169998,0,0,0.952381,0.793651
55.190475,46.825397,background,0.000000,64.150002,0,0,0.968254,0.793651
56.095238,46.825397,background,0.000000,63.310001,0,0,0.984127,0.793651
57.000000,46.825397,background,0.000000,62.770000,0,0,1.000000,0.793651
0.000000,47.761906,HBM_0,25.000000,60.080002,1,1,0.000000,0.809524
0.904762,47.761906,HBM_0,25.000000,60.689999,1,0,0.015873,0.809524
1.809524,47.761906,HBM_0,25.000000,61.639999,1,0,0.031746,0.809524
2.714286,47.761906,HBM_0,25.000000,62.790001,1,0,0.047619,0.809524
3.619048,47.761906,HBM_0,25.000000,64.080002,1,0,0.063492,0.809524
4.523809,47.761906,HBM_0,25.000000,65.500000,1,0,0.079365,0.809524
5.428571,47.761906,HBM_0,25.000000,67.059998,1,0,0.095238,0.809524
6.333333,47.761906,HBM_0,25.000000,68.839996,1,0,0.111111,0.809524
7.238095,47.761906,HBM_0,25.000000,70.570000,1,0,0.126984,0.809524
8.142858,47.761906,GPU_0,300.000000,72.500000,1,1,0.142857,0.809524
9.047619,47.761906,GPU_0,300.000000,73.889999,1,0,0.158730,0.809524
9.952381,47.761906,GPU_0,300.000000,75.190002,1,0,0.174603,0.809524
10.857142,47.761906,GPU_0,300.000000,76.440002,1,0,0.190476,0.809524
11.761905,47.761906,GPU_0,300.000000,77.650002,1,0,0.206349,0.809524
12.666667,47.761906,GPU_0,300.000000,78.820000,1,0,0.222222,0.809524
13.571428,47.761906,GPU_0,300.000000,79.970001,1,0,0.238095,0.809524
14.476191,47.761906,GPU_0,300.000000,81.089996,1,0,0.253968,0.809524
15.380953,47.761906,GPU_0,300.000000,82.190002,1,0,0.269841,0.809524
16.285715,47.761906,GPU_0,300.000000,83.260002,1,0,0.285714,0.809524
17.190475,47.761906,GPU_0,300.000000,84.279999,1,0,0.301587,0.809524
18.095238,47.761906,GPU_0,300.000000,85.199997,1,0,0.317460,0.809524
19.000000,47.761906,GPU_0,300.000000,85.860001,1,0,0.333333,0.809524
19.904762,47.761906,GPU_0,300.000000,86.930000,1,0,0.349206,0.809524
20.809525,47.761906,GPU_0,300.000000,89.070000,1,0,0.365079,0.809524
21.714285,47.761906,GPU_0,300.000000,92.120003,1,0,0.380952,0.809524
22.619047,47.761906,GPU_0,300.000000,95.809998,1,0,0.396825,0.809524
23.523809,47.761906,GPU_0,300.000000,97.360001,1,0,0.412698,0.809524
24.428572,47.761906,GPU_0,300.000000,98.430000,1,0,0.428571,0.809524
25.333334,47.761906,GPU_0,300.000000,99.260002,1,0,0.444444,0.809524
26.238094,47.761906,background,0.000000,99.910004,0,1,0.460317,0.809524
27.142857,47.761906,background,0.000000,100.410004,0,0,0.476190,0.809524
28.047619,47.761906,HBM_4,25.000000,100.769997,1,1,0.492063,0.809524
28.952381,47.761906,HBM_4,25.000000,101.000000,1,0,0.507937,0.809524
29.857143,47.761906,HBM_4,25.000000,101.099998,1,0,0.523810,0.809524
30.761906,47.761906,HBM_4,25.000000,101.070000,1,0,0.539683,0.809524
31.666666,47.761906,HBM_4,25.000000,100.910004,1,0,0.555556,0.809524
32.571430,47.761906,HBM_4,25.000000,100.620003,1,0,0.571429,0.809524
33.476189,47.761906,HBM_4,25.000000,100.199997,1,0,0.587302,0.809524
34.380951,47.761906,HBM_4,25.000000,99.660004,1,0,0.603175,0.809524
35.285713,47.761906,HBM_4,25.000000,98.970001,1,0,0.619048,0.809524
36.190475,47.761906,background,0.000000,98.139999,0,1,0.634921,0.809524
37.095238,47.761906,background,0.000000,97.139999,0,0,0.650794,0.809524
38.000000,47.761906,background,0.000000,95.879997,0,0,0.666667,0.809524
38.904762,47.761906,background,0.000000,94.070000,0,0,0.682540,0.809524
39.809525,47.761906,background,0.000000,90.690002,0,0,0.698413,0.809524
40.714287,47.761906,background,0.000000,87.349998,0,0,0.714286,0.809524
41.619049,47.761906,background,0.000000,85.379997,0,0,0.730159,0.809524
42.523811,47.761906,background,0.000000,83.809998,0,0,0.746032,0.809524
43.428570,47.761906,HBM_3,25.000000,82.349998,1,1,0.761905,0.809524
44.333332,47.761906,HBM_3,25.000000,80.930000,1,0,0.777778,0.809524
45.238094,47.761906,HBM_3,25.000000,79.510002,1,0,0.793651,0.809524
46.142857,47.761906,HBM_3,25.000000,78.089996,1,0,0.809524,0.809524
47.047619,47.761906,HBM_3,25.000000,76.620003,1,0,0.825397,0.809524
47.952381,47.761906,HBM_3,25.000000,74.540001,1,0,0.841270,0.809524
48.857143,47.761906,HBM_3,25.000000,72.660004,1,0,0.857143,0.809524
49.761906,47.761906,HBM_3,25.000000,70.919998,1,0,0.873016,0.809524
50.666668,47.761906,HBM_3,25.000000,69.410004,1,1,0.888889,0.809524
51.571430,47.761906,background,0.000000,68.050003,0,0,0.904762,0.809524
52.476189,47.761906,background,0.000000,66.790001,0,0,0.920635,0.809524
53.380951,47.761906,background,0.000000,65.610001,0,0,0.936508,0.809524
54.285713,47.761906,background,0.000000,64.510002,0,0,0.952381,0.809524
55.190475,47.761906,background,0.000000,63.529999,0,0,0.968254,0.809524
56.095238,47.761906,background,0.000000,62.709999,0,0,0.984127,0.809524
57.000000,47.761906,background,0.000000,62.189999,0,0,1.000000,0.809524
0.000000,48.698414,HBM_0,25.000000,59.430000,1,1,0.000000,0.825397
0.904762,48.698414,HBM_0,25.000000,60.000000,1,0,0.015873,0.825397
1.809524,48.698414,HBM_0,25.000000,60.910000,1,0,0.031746,0.825397
2.714286,48.698414,HBM_0,25.000000,62.000000,1,0,0.047619,0.825397
3.619048,48.698414,HBM_0,25.000000,63.230000,1,0,0.063492,0.825397
4.523809,48.698414,HBM_0,25.000000,64.570000,1,0,0.079365,0.825397
5.428571,48.698414,HBM_0,25.000000,66.070000,1,0,0.095238,0.825397
6.333333,48.698414,HBM_0,25.000000,67.800003,1,0,0.111111,0.825397
7.238095,48.698414,HBM_0,25.000000,69.500000,1,0,0.126984,0.825397
8.142858,48.698414,GPU_0,300.000000,71.389999,1,1,0.142857,0.825397
9.047619,48.698414,GPU_0,300.000000,72.730003,1,0,0.158730,0.825397
9.952381,48.698414,GPU_0,300.000000,73.980003,1,0,0.174603,0.825397
10.857142,48.698414,GPU_0,300.000000,75.190002,1,0,0.190476,0.825397
11.761905,48.698414,GPU_0,300.000000,76.370003,1,0,0.206349,0.825397
12.666667,48.698414,GPU_0,300.000000,77.510002,1,0,0.222222,0.825397
13.571428,48.698414,GPU_0,300.000000,78.639999,1,0,0.238095,0.825397
14.476191,48.698414,GPU_0,300.000000,79.739998,1,0,0.253968,0.825397
15.380953,48.698414,GPU_0,300.000000,80.820000,1,0,0.269841,0.825397
16.285715,48.698414,GPU_0,300.000000,81.870003,1,0,0.285714,0.825397
17.190475,48.698414,GPU_0,300.000000,82.889999,1,0,0.301587,0.825397
18.095238,48.698414,GPU_0,300.000000,83.809998,1,0,0.317460,0.825397
19.000000,48.698414,GPU_0,300.000000,84.480003,1,0,0.333333,0.825397
19.904762,48.698414,GPU_0,300.000000,85.550003,1,0,0.349206,0.825397
20.809525,48.698414,GPU_0,300.000000,87.709999,1,0,0.365079,0.825397
21.714285,48.698414,GPU_0,300.000000,90.779999,1,0,0.380952,0.825397
22.619047,48.698414,GPU_0,300.000000,94.489998,1,0,0.396825,0.825397
23.523809,48.698414,GPU_0,300.000000,96.050003,1,0,0.412698,0.825397
24.428572,48.698414,GPU_0,300.000000,97.139999,1,0,0.428571,0.825397
25.333334,48.698414,GPU_0,300.000000,97.980003,1,0,0.444444,0.825397
26.238094,48.698414,background,0.000000,98.650002,0,1,0.460317,0.825397
27.142857,48.698414,background,0.000000,99.160004,0,0,0.476190,0.825397
28.047619,48.698414,HBM_4,25.000000,99.529999,1,1,0.492063,0.825397
28.952381,48.698414,HBM_4,25.000000,99.769997,1,0,0.507937,0.825397
29.857143,48.698414,HBM_4,25.000000,99.870003,1,0,0.523810,0.825397
30.761906,48.698414,HBM_4,25.000000,99.849998,1,0,0.539683,0.825397
31.666666,48.698414,HBM_4,25.000000,99.699997,1,0,0.555556,0.825397
32.571430,48.698414,HBM_4,25.000000,99.419998,1,0,0.571429,0.825397
33.476189,48.698414,HBM_4,25.000000,99.010002,1,0,0.587302,0.825397
34.380951,48.698414,HBM_4,25.000000,98.470001,1,0,0.603175,0.825397
35.285713,48.698414,HBM_4,25.000000,97.800003,1,0,0.619048,0.825397
36.190475,48.698414,background,0.000000,96.970001,0,1,0.634921,0.825397
37.095238,48.698414,background,0.000000,95.980003,0,0,0.650794,0.825397
38.000000,48.698414,background,0.000000,94.739998,0,0,0.666667,0.825397
38.904762,48.698414,background,0.000000,92.940002,0,0,0.682540,0.825397
39.809525,48.698414,background,0.000000,89.570000,0,0,0.698413,0.825397
40.714287,48.698414,background,0.000000,86.250000,0,0,0.714286,0.825397
41.619049,48.698414,background,0.000000,84.300003,0,0,0.730159,0.825397
42.523811,48.698414,background,0.000000,82.750000,0,0,0.746032,0.825397
43.428570,48.698414,HBM_3,25.000000,81.320000,1,1,0.761905,0.825397
44.333332,48.698414,HBM_3,25.000000,79.919998,1,0,0.777778,0.825397
45.238094,48.698414,HBM_3,25.000000,78.529999,1,0,0.793651,0.825397
46.142857,48.698414,HBM_3,25.000000,77.129997,1,0,0.809524,0.825397
47.047619,48.698414,HBM_3,25.000000,75.690002,1,0,0.825397,0.825397
47.952381,48.698414,HBM_3,25.000000,73.639999,1,0,0.841270,0.825397
48.857143,48.698414,HBM_3,25.000000,71.779999,1,0,0.857143,0.825397
49.761906,48.698414,HBM_3,25.000000,70.080002,1,0,0.873016,0.825397
50.666668,48.698414,HBM_3,25.000000,68.610001,1,1,0.888889,0.825397
51.571430,48.698414,background,0.000000,67.279999,0,0,0.904762,0.825397
52.476189,48.698414,background,0.000000,66.059998,0,0,0.920635,0.825397
53.380951,48.698414,background,0.000000,64.910004,0,0,0.936508,0.825397
54.285713,48.698414,background,0.000000,63.849998,0,0,0.952381,0.825397
55.190475,48.698414,background,0.000000,62.900002,0,0,0.968254,0.825397
56.095238,48.698414,background,0.000000,62.119999,0,0,0.984127,0.825397
57.000000,48.698414,background,0.000000,61.619999,0,0,1.000000,0.825397
0.000000,49.634922,HBM_0,25.000000,58.779999,1,1,0.000000,0.841270
0.904762,49.634922,HBM_0,25.000000,59.330002,1,0,0.015873,0.841270
1.809524,49.634922,HBM_0,25.000000,60.189999,1,0,0.031746,0.841270
2.714286,49.634922,HBM_0,25.000000,61.230000,1,0,0.047619,0.841270
3.619048,49.634922,HBM_0,25.000000,62.400002,1,0,0.063492,0.841270
4.523809,49.634922,HBM_0,25.000000,63.669998,1,0,0.079365,0.841270
5.428571,49.634922,HBM_0,25.000000,65.099998,1,0,0.095238,0.841270
6.333333,49.634922,HBM_0,25.000000,66.760002,1,0,0.111111,0.841270
7.238095,49.634922,HBM_0,25.000000,68.430000,1,0,0.126984,0.841270
8.142858,49.634922,GPU_0,300.000000,70.269997,1,1,0.142857,0.841270
9.047619,49.634922,GPU_0,300.000000,71.559998,1,0,0.158730,0.841270
9.952381,49.634922,GPU_0,300.000000,72.779999,1,0,0.174603,0.841270
10.857142,49.634922,GPU_0,300.000000,73.940002,1,0,0.190476,0.841270
11.761905,49.634922,GPU_0,300.000000,75.080002,1,0,0.206349,0.841270
12.666667,49.634922,GPU_0,300.000000,76.199997,1,0,0.222222,0.841270
13.571428,49.634922,GPU_0,300.000000,77.290001,1,0,0.238095,0.841270
14.476191,49.634922,GPU_0,300.000000,78.370003,1,0,0.253968,0.841270
15.380953,49.634922,GPU_0,300.000000,79.430000,1,0,0.269841,0.841270
16.285715,49.634922,GPU_0,300.000000,80.480003,1,0,0.285714,0.841270
17.190475,49.634922,GPU_0,300.000000,81.500000,1,0,0.301587,0.841270
18.095238,49.634922,GPU_0,300.000000,82.419998,1,0,0.317460,0.841270
19.000000,49.634922,GPU_0,300.000000,83.089996,1,0,0.333333,0.841270
19.904762,49.634922,GPU_0,300.000000,84.169998,1,0,0.349206,0.841270
20.809525,49.634922,GPU_0,300.000000,86.330002,1,0,0.365079,0.841270
21.714285,49.634922,GPU_0,300.000000,89.410004,1,0,0.380952,0.841270
22.619047,49.634922,GPU_0,300.000000,93.129997,1,0,0.396825,0.841270
23.523809,49.634922,GPU_0,300.000000,94.699997,1,0,0.412698,0.841270
24.428572,49.634922,GPU_0,300.000000,95.800003,1,0,0.428571,0.841270
25.333334,49.634922,GPU_0,300.000000,96.650002,1,0,0.444444,0.841270
26.238094,49.634922,background,0.000000,97.320000,0,1,0.460317,0.841270
27.142857,49.634922,background,0.000000,97.839996,0,0,0.476190,0.841270
28.047619,49.634922,HBM_4,25.000000,98.220001,1,1,0.492063,0.841270
28.952381,49.634922,HBM_4,25.000000,98.470001,1,0,0.507937,0.841270
29.857143,49.634922,HBM_4,25.000000,98.580002,1,0,0.523810,0.841270
30.761906,49.634922,HBM_4,25.000000,98.559998,1,0,0.539683,0.841270
31.666666,49.634922,HBM_4,25.000000,98.419998,1,0,0.555556,0.841270
32.571430,49.634922,HBM_4,25.000000,98.150002,1,0,0.571429,0.841270
33.476189,49.634922,HBM_4,25.000000,97.750000,1,0,0.587302,0.841270
34.380951,49.634922,HBM_4,25.000000,97.220001,1,0,0.603175,0.841270
35.285713,49.634922,HBM_4,25.000000,96.559998,1,0,0.619048,0.841270
36.190475,49.634922,background,0.000000,95.750000,0,1,0.634921,0.841270
37.095238,49.634922,background,0.000000,94.769997,0,0,0.650794,0.841270
38.000000,49.634922,background,0.000000,93.540001,0,0,0.666667,0.841270
38.904762,49.634922,background,0.000000,91.760002,0,0,0.682540,0.841270
39.809525,49.634922,background,0.000000,88.410004,0,0,0.698413,0.841270
40.714287,49.634922,background,0.000000,85.110001,0,0,0.714286,0.841270
41.619049,49.634922,background,0.000000,83.180000,0,0,0.730159,0.841270
42.523811,49.634922,background,0.000000,81.650002,0,0,0.746032,0.841270
43.428570,49.634922,HBM_3,25.000000,80.239998,1,1,0.761905,0.841270
44.333332,49.634922,HBM_3,25.000000,78.870003,1,0,0.777778,0.841270
45.238094,49.634922,HBM_3,25.000000,77.510002,1,0,0.793651,0.841270
46.142857,49.634922,HBM_3,25.000000,76.139999,1,0,0.809524,0.841270
47.047619,49.634922,HBM_3,25.000000,74.730003,1,0,0.825397,0.841270
47.952381,49.634922,HBM_3,25.000000,72.709999,1,0,0.841270,0.841270
48.857143,49.634922,HBM_3,25.000000,70.889999,1,0,0.857143,0.841270
49.761906,49.634922,HBM_3,25.000000,69.230003,1,0,0.873016,0.841270
50.666668,49.634922,HBM_3,25.000000,67.790001,1,1,0.888889,0.841270
51.571430,49.634922,background,0.000000,66.500000,0,0,0.904762,0.841270
52.476189,49.634922,background,0.000000,65.320000,0,0,0.920635,0.841270
53.380951,49.634922,background,0.000000,64.209999,0,0,0.936508,0.841270
54.285713,49.634922,background,0.000000,63.189999,0,0,0.952381,0.841270
55.190475,49.634922,background,0.000000,62.270000,0,0,0.968254,0.841270
56.095238,49.634922,background,0.000000,61.520000,0,0,0.984127,0.841270
57.000000,49.634922,background,0.000000,61.040001,0,0,1.000000,0.841270
0.000000,50.571430,HBM_0,25.000000,58.139999,1,1,0.000000,0.857143
0.904762,50.571430,HBM_0,25.000000,58.669998,1,0,0.015873,0.857143
1.809524,50.571430,HBM_0,25.000000,59.480000,1,0,0.031746,0.857143
2.714286,50.571430,HBM_0,25.000000,60.470001,1,0,0.047619,0.857143
3.619048,50.571430,HBM_0,25.000000,61.570000,1,0,0.063492,0.857143
4.523809,50.571430,HBM_0,25.000000,62.779999,1,0,0.079365,0.857143
5.428571,50.571430,HBM_0,25.000000,64.120003,1,0,0.095238,0.857143
6.333333,50.571430,HBM_0,25.000000,65.680000,1,0,0.111111,0.857143
7.238095,50.571430,HBM_0,25.000000,67.339996,1,0,0.126984,0.857143
8.142858,50.571430,GPU_0,300.000000,69.150002,1,1,0.142857,0.857143
9.047619,50.571430,GPU_0,300.000000,70.400002,1,0,0.158730,0.857143
9.952381,50.571430,GPU_0,300.000000,71.570000,1,0,0.174603,0.857143
10.857142,50.571430,GPU_0,300.000000,72.699997,1,0,0.190476,0.857143
11.761905,50.571430,GPU_0,300.000000,73.809998,1,0,0.206349,0.857143
12.666667,50.571430,GPU_0,300.000000,74.889999,1,0,0.222222,0.857143
13.571428,50.571430,GPU_0,300.000000,75.959999,1,0,0.238095,0.857143
14.476191,50.571430,GPU_0,300.000000,77.019997,1,0,0.253968,0.857143
15.380953,50.571430,GPU_0,300.000000,78.070000,1,0,0.269841,0.857143
16.285715,50.571430,GPU_0,300.000000,79.099998,1,0,0.285714,0.857143
17.190475,50.571430,GPU_0,300.000000,80.110001,1,0,0.301587,0.857143
18.095238,50.571430,GPU_0,300.000000,81.040001,1,0,0.317460,0.857143
19.000000,50.571430,GPU_0,300.000000,81.730003,1,0,0.333333,0.857143
19.904762,50.571430,GPU_0,300.000000,82.800003,1,0,0.349206,0.857143
20.809525,50.571430,GPU_0,300.000000,84.940002,1,0,0.365079,0.857143
21.714285,50.571430,GPU_0,300.000000,88.010002,1,0,0.380952,0.857143
22.619047,50.571430,GPU_0,300.000000,91.730003,1,0,0.396825,0.857143
23.523809,50.571430,GPU_0,300.000000,93.309998,1,0,0.412698,0.857143
24.428572,50.571430,GPU_0,300.000000,94.410004,1,0,0.428571,0.857143
25.333334,50.571430,GPU_0,300.000000,95.269997,1,0,0.444444,0.857143
26.238094,50.571430,background,0.000000,95.940002,0,1,0.460317,0.857143
27.142857,50.571430,background,0.000000,96.470001,0,0,0.476190,0.857143
28.047619,50.571430,HBM_4,25.000000,96.849998,1,1,0.492063,0.857143
28.952381,50.571430,HBM_4,25.000000,97.099998,1,0,0.507937,0.857143
29.857143,50.571430,HBM_4,25.000000,97.220001,1,0,0.523810,0.857143
30.761906,50.571430,HBM_4,25.000000,97.209999,1,0,0.539683,0.857143
31.666666,50.571430,HBM_4,25.000000,97.080002,1,0,0.555556,0.857143
32.571430,50.571430,HBM_4,25.000000,96.820000,1,0,0.571429,0.857143
33.476189,50.571430,HBM_4,25.000000,96.430000,1,0,0.587302,0.857143
34.380951,50.571430,HBM_4,25.000000,95.910004,1,0,0.603175,0.857143
35.285713,50.571430,HBM_4,25.000000,95.260002,1,0,0.619048,0.857143
36.190475,50.571430,background,0.000000,94.459999,0,1,0.634921,0.857143
37.095238,50.571430,background,0.000000,93.500000,0,0,0.650794,0.857143
38.000000,50.571430,background,0.000000,92.290001,0,0,0.666667,0.857143
38.904762,50.571430,background,0.000000,90.529999,0,0,0.682540,0.857143
39.809525,50.571430,background,0.000000,87.199997,0,0,0.698413,0.857143
40.714287,50.571430,background,0.000000,83.919998,0,0,0.714286,0.857143
41.619049,50.571430,background,0.000000,82.010002,0,0,0.730159,0.857143
42.523811,50.571430,background,0.000000,80.510002,0,0,0.746032,0.857143
43.428570,50.571430,HBM_3,25.000000,79.129997,1,1,0.761905,0.857143
44.333332,50.571430,HBM_3,25.000000,77.790001,1,1,0.777778,0.857143
45.238094,50.571430,HBM_3,25.000000,76.459999,1,1,0.793651,0.857143
46.142857,50.571430,HBM_3,25.000000,75.120003,1,1,0.809524,0.857143
47.047619,50.571430,HBM_3,25.000000,73.739998,1,1,0.825397,0.857143
47.952381,50.571430,HBM_3,25.000000,71.760002,1,1,0.841270,0.857143
48.857143,50.571430,HBM_3,25.000000,69.980003,1,1,0.857143,0.857143
49.761906,50.571430,HBM_3,25.000000,68.360001,1,1,0.873016,0.857143
50.666668,50.571430,HBM_3,25.000000,66.970001,1,1,0.888889,0.857143
51.571430,50.571430,background,0.000000,65.720001,0,0,0.904762,0.857143
52.476189,50.571430,background,0.000000,64.570000,0,0,0.920635,0.857143
53.380951,50.571430,background,0.000000,63.509998,0,0,0.936508,0.857143
54.285713,50.571430,background,0.000000,62.520000,0,0,0.952381,0.857143
55.190475,50.571430,background,0.000000,61.639999,0,0,0.968254,0.857143
56.095238,50.571430,background,0.000000,60.910000,0,0,0.984127,0.857143
57.000000,50.571430,background,0.000000,60.450001,0,0,1.000000,0.857143
0.000000,51.507938,HBM_0,25.000000,57.509998,1,1,0.000000,0.873016
0.904762,51.507938,HBM_0,25.000000,58.009998,1,0,0.015873,0.873016
1.809524,51.507938,HBM_0,25.000000,58.790001,1,0,0.031746,0.873016
2.714286,51.507938,HBM_0,25.000000,59.730000,1,0,0.047619,0.873016
3.619048,51.507938,HBM_0,25.000000,60.759998,1,0,0.063492,0.873016
4.523809,51.507938,HBM_0,25.000000,61.889999,1,0,0.079365,0.873016
5.428571,51.507938,HBM_0,25.000000,63.110001,1,0,0.095238,0.873016
6.333333,51.507938,HBM_0,25.000000,64.470001,1,0,0.111111,0.873016
7.238095,51.507938,HBM_0,25.000000,65.989998,1,0,0.126984,0.873016
8.142858,51.507938,GPU_0,300.000000,67.620003,1,1,0.142857,0.873016
9.047619,51.507938,GPU_0,300.000000,68.900002,1,0,0.158730,0.873016
9.952381,51.507938,GPU_0,300.000000,70.050003,1,0,0.174603,0.873016
10.857142,51.507938,GPU_0,300.000000,71.150002,1,0,0.190476,0.873016
11.761905,51.507938,GPU_0,300.000000,72.230003,1,0,0.206349,0.873016
12.666667,51.507938,GPU_0,300.000000,73.290001,1,0,0.222222,0.873016
13.571428,51.507938,GPU_0,300.000000,74.330002,1,0,0.238095,0.873016
14.476191,51.507938,GPU_0,300.000000,75.370003,1,0,0.253968,0.873016
15.380953,51.507938,GPU_0,300.000000,76.400002,1,0,0.269841,0.873016
16.285715,51.507938,GPU_0,300.000000,77.419998,1,0,0.285714,0.873016
17.190475,51.507938,GPU_0,300.000000,78.430000,1,0,0.301587,0.873016
18.095238,51.507938,GPU_0,300.000000,79.400002,1,0,0.317460,0.873016
19.000000,51.507938,GPU_0,300.000000,80.269997,1,0,0.333333,0.873016
19.904762,51.507938,GPU_0,300.000000,81.440002,1,0,0.349206,0.873016
20.809525,51.507938,GPU_0,300.000000,83.519997,1,0,0.365079,0.873016
21.714285,51.507938,GPU_0,300.000000,86.570000,1,0,0.380952,0.873016
22.619047,51.507938,GPU_0,300.000000,90.290001,1,0,0.396825,0.873016
23.523809,51.507938,GPU_0,300.000000,91.870003,1,0,0.412698,0.873016
24.428572,51.507938,GPU_0,300.000000,92.970001,1,0,0.428571,0.873016
25.333334,51.507938,GPU_0,300.000000,93.820000,1,0,0.444444,0.873016
26.238094,51.507938,background,0.000000,94.500000,0,1,0.460317,0.873016
27.142857,51.507938,background,0.000000,95.029999,0,0,0.476190,0.873016
28.047619,51.507938,HBM_4,25.000000,95.410004,1,1,0.492063,0.873016
28.952381,51.507938,HBM_4,25.000000,95.660004,1,0,0.507937,0.873016
29.857143,51.507938,HBM_4,25.000000,95.790001,1,0,0.523810,0.873016
30.761906,51.507938,HBM_4,25.000000,95.790001,1,0,0.539683,0.873016
31.666666,51.507938,HBM_4,25.000000,95.660004,1,0,0.555556,0.873016
32.571430,51.507938,HBM_4,25.000000,95.410004,1,0,0.571429,0.873016
33.476189,51.507938,HBM_4,25.000000,95.029999,1,0,0.587302,0.873016
34.380951,51.507938,HBM_4,25.000000,94.529999,1,0,0.603175,0.873016
35.285713,51.507938,HBM_4,25.000000,93.889999,1,0,0.619048,0.873016
36.190475,51.507938,background,0.000000,93.110001,0,1,0.634921,0.873016
37.095238,51.507938,background,0.000000,92.169998,0,0,0.650794,0.873016
38.000000,51.507938,background,0.000000,90.970001,0,0,0.666667,0.873016
38.904762,51.507938,background,0.000000,89.239998,0,0,0.682540,0.873016
39.809525,51.507938,background,0.000000,85.930000,0,0,0.698413,0.873016
40.714287,51.507938,background,0.000000,82.669998,0,0,0.714286,0.873016
41.619049,51.507938,background,0.000000,80.800003,0,0,0.730159,0.873016
42.523811,51.507938,background,0.000000,79.320000,0,0,0.746032,0.873016
43.428570,51.507938,background,0.000000,77.970001,0,0,0.761905,0.873016
44.333332,51.507938,background,0.000000,76.669998,0,0,0.777778,0.873016
45.238094,51.507938,background,0.000000,75.370003,0,0,0.793651,0.873016
46.142857,51.507938,background,0.000000,74.070000,0,0,0.809524,0.873016
47.047619,51.507938,background,0.000000,72.730003,0,0,0.825397,0.873016
47.952381,51.507938,background,0.000000,70.779999,0,0,0.841270,0.873016
48.857143,51.507938,background,0.000000,69.040001,0,0,0.857143,0.873016
49.761906,51.507938,background,0.000000,67.470001,0,0,0.873016,0.873016
50.666668,51.507938,background,0.000000,66.120003,0,0,0.888889,0.873016
51.571430,51.507938,background,0.000000,64.919998,0,0,0.904762,0.873016
52.476189,51.507938,background,0.000000,63.820000,0,0,0.920635,0.873016
53.380951,51.507938,background,0.000000,62.790001,0,0,0.936508,0.873016
54.285713,51.507938,background,0.000000,61.849998,0,0,0.952381,0.873016
55.190475,51.507938,background,0.000000,61.000000,0,0,0.968254,0.873016
56.095238,51.507938,background,0.000000,60.310001,0,0,0.984127,0.873016
57.000000,51.507938,background,0.000000,59.869999,0,0,1.000000,0.873016
0.000000,52.444443,HBM_0,25.000000,56.889999,1,1,0.000000,0.888889
0.904762,52.444443,HBM_0,25.000000,57.369999,1,0,0.015873,0.888889
1.809524,52.444443,HBM_0,25.000000,58.110001,1,0,0.031746,0.888889
2.714286,52.444443,HBM_0,25.000000,58.990002,1,0,0.047619,0.888889
3.619048,52.444443,HBM_0,25.000000,59.970001,1,0,0.063492,0.888889
4.523809,52.444443,HBM_0,25.000000,61.009998,1,0,0.079365,0.888889
5.428571,52.444443,HBM_0,25.000000,62.119999,1,0,0.095238,0.888889
6.333333,52.444443,HBM_0,25.000000,63.299999,1,0,0.111111,0.888889
7.238095,52.444443,HBM_0,25.000000,64.550003,1,0,0.126984,0.888889
8.142858,52.444443,GPU_0,300.000000,65.830002,1,1,0.142857,0.888889
9.047619,52.444443,GPU_0,300.000000,66.989998,1,0,0.158730,0.888889
9.952381,52.444443,GPU_0,300.000000,68.080002,1,0,0.174603,0.888889
10.857142,52.444443,GPU_0,300.000000,69.129997,1,0,0.190476,0.888889
11.761905,52.444443,GPU_0,300.000000,70.160004,1,0,0.206349,0.888889
12.666667,52.444443,GPU_0,300.000000,71.169998,1,0,0.222222,0.888889
13.571428,52.444443,GPU_0,300.000000,72.180000,1,0,0.238095,0.888889
14.476191,52.444443,GPU_0,300.000000,73.190002,1,0,0.253968,0.888889
15.380953,52.444443,GPU_0,300.000000,74.190002,1,0,0.269841,0.888889
16.285715,52.444443,GPU_0,300.000000,75.199997,1,0,0.285714,0.888889
17.190475,52.444443,GPU_0,300.000000,76.230003,1,0,0.301587,0.888889
18.095238,52.444443,GPU_0,300.000000,77.290001,1,0,0.317460,0.888889
19.000000,52.444443,GPU_0,300.000000,78.430000,1,0,0.333333,0.888889
19.904762,52.444443,GPU_0,300.000000,79.889999,1,0,0.349206,0.888889
20.809525,52.444443,GPU_0,300.000000,82.029999,1,0,0.365079,0.888889
21.714285,52.444443,GPU_0,300.000000,85.089996,1,0,0.380952,0.888889
22.619047,52.444443,GPU_0,300.000000,88.809998,1,0,0.396825,0.888889
23.523809,52.444443,GPU_0,300.000000,90.379997,1,0,0.412698,0.888889
24.428572,52.444443,GPU_0,300.000000,91.470001,1,0,0.428571,0.888889
25.333334,52.444443,GPU_0,300.000000,92.320000,1,0,0.444444,0.888889
26.238094,52.444443,background,0.000000,93.000000,0,1,0.460317,0.888889
27.142857,52.444443,background,0.000000,93.519997,0,0,0.476190,0.888889
28.047619,52.444443,HBM_4,25.000000,93.900002,1,1,0.492063,0.888889
28.952381,52.444443,HBM_4,25.000000,94.160004,1,0,0.507937,0.888889
29.857143,52.444443,HBM_4,25.000000,94.290001,1,0,0.523810,0.888889
30.761906,52.444443,HBM_4,25.000000,94.290001,1,0,0.539683,0.888889
31.666666,52.444443,HBM_4,25.000000,94.169998,1,0,0.555556,0.888889
32.571430,52.444443,HBM_4,25.000000,93.930000,1,0,0.571429,0.888889
33.476189,52.444443,HBM_4,25.000000,93.570000,1,0,0.587302,0.888889
34.380951,52.444443,HBM_4,25.000000,93.070000,1,0,0.603175,0.888889
35.285713,52.444443,HBM_4,25.000000,92.449997,1,0,0.619048,0.888889
36.190475,52.444443,background,0.000000,91.690002,0,1,0.634921,0.888889
37.095238,52.444443,background,0.000000,90.769997,0,0,0.650794,0.888889
38.000000,52.444443,background,0.000000,89.599998,0,0,0.666667,0.888889
38.904762,52.444443,background,0.000000,87.889999,0,0,0.682540,0.888889
39.809525,52.444443,background,0.000000,84.599998,0,0,0.698413,0.888889
40.714287,52.444443,background,0.000000,81.370003,0,0,0.714286,0.888889
41.619049,52.444443,background,0.000000,79.519997,0,0,0.730159,0.888889
42.523811,52.444443,background,0.000000,78.080002,0,0,0.746032,0.888889
43.428570,52.444443,background,0.000000,76.769997,0,0,0.761905,0.888889
44.333332,52.444443,background,0.000000,75.500000,0,0,0.777778,0.888889
45.238094,52.444443,background,0.000000,74.239998,0,0,0.793651,0.888889
46.142857,52.444443,background,0.000000,72.989998,0,0,0.809524,0.888889
47.047619,52.444443,background,0.000000,71.680000,0,0,0.825397,0.888889
47.952381,52.444443,background,0.000000,69.779999,0,0,0.841270,0.888889
48.857143,52.444443,background,0.000000,68.089996,0,0,0.857143,0.888889
49.761906,52.444443,background,0.000000,66.570000,0,0,0.873016,0.888889
50.666668,52.444443,background,0.000000,65.269997,0,0,0.888889,0.888889
51.571430,52.444443,background,0.000000,64.110001,0,0,0.904762,0.888889
52.476189,52.444443,background,0.000000,63.049999,0,0,0.920635,0.888889
53.380951,52.444443,background,0.000000,62.070000,0,0,0.936508,0.888889
54.285713,52.444443,background,0.000000,61.169998,0,0,0.952381,0.888889
55.190475,52.444443,background,0.000000,60.360001,0,0,0.968254,0.888889
56.095238,52.444443,background,0.000000,59.700001,0,0,0.984127,0.888889
57.000000,52.444443,background,0.000000,59.279999,0,0,1.000000,0.888889
0.000000,53.380951,HBM_0,25.000000,56.290001,1,1,0.000000,0.904762
0.904762,53.380951,HBM_0,25.000000,56.740002,1,0,0.015873,0.904762
1.809524,53.380951,HBM_0,25.000000,57.439999,1,0,0.031746,0.904762
2.714286,53.380951,HBM_0,25.000000,58.279999,1,0,0.047619,0.904762
3.619048,53.380951,HBM_0,25.000000,59.200001,1,0,0.063492,0.904762
4.523809,53.380951,HBM_0,25.000000,60.169998,1,0,0.079365,0.904762
5.428571,53.380951,HBM_0,25.000000,61.189999,1,0,0.095238,0.904762
6.333333,53.380951,HBM_0,25.000000,62.240002,1,0,0.111111,0.904762
7.238095,53.380951,HBM_0,25.000000,63.330002,1,0,0.126984,0.904762
8.142858,53.380951,GPU_0,300.000000,64.410004,1,1,0.142857,0.904762
9.047619,53.380951,GPU_0,300.000000,65.470001,1,0,0.158730,0.904762
9.952381,53.380951,GPU_0,300.000000,66.480003,1,0,0.174603,0.904762
10.857142,53.380951,GPU_0,300.000000,67.480003,1,0,0.190476,0.904762
11.761905,53.380951,GPU_0,300.000000,68.459999,1,0,0.206349,0.904762
12.666667,53.380951,GPU_0,300.000000,69.440002,1,0,0.222222,0.904762
13.571428,53.380951,GPU_0,300.000000,70.410004,1,0,0.238095,0.904762
14.476191,53.380951,GPU_0,300.000000,71.379997,1,0,0.253968,0.904762
15.380953,53.380951,GPU_0,300.000000,72.360001,1,0,0.269841,0.904762
16.285715,53.380951,GPU_0,300.000000,73.360001,1,0,0.285714,0.904762
17.190475,53.380951,GPU_0,300.000000,74.389999,1,0,0.301587,0.904762
18.095238,53.380951,GPU_0,300.000000,75.489998,1,0,0.317460,0.904762
19.000000,53.380951,GPU_0,300.000000,76.750000,1,0,0.333333,0.904762
19.904762,53.380951,GPU_0,300.000000,78.320000,1,0,0.349206,0.904762
20.809525,53.380951,GPU_0,300.000000,80.500000,1,0,0.365079,0.904762
21.714285,53.380951,GPU_0,300.000000,83.570000,1,0,0.380952,0.904762
22.619047,53.380951,GPU_0,300.000000,87.290001,1,0,0.396825,0.904762
23.523809,53.380951,GPU_0,300.000000,88.839996,1,0,0.412698,0.904762
24.428572,53.380951,GPU_0,300.000000,89.919998,1,0,0.428571,0.904762
25.333334,53.380951,GPU_0,300.000000,90.760002,1,0,0.444444,0.904762
26.238094,53.380951,background,0.000000,91.430000,0,1,0.460317,0.904762
27.142857,53.380951,background,0.000000,91.940002,0,0,0.476190,0.904762
28.047619,53.380951,HBM_4,25.000000,92.320000,1,1,0.492063,0.904762
28.952381,53.380951,HBM_4,25.000000,92.580002,1,0,0.507937,0.904762
29.857143,53.380951,HBM_4,25.000000,92.709999,1,0,0.523810,0.904762
30.761906,53.380951,HBM_4,25.000000,92.720001,1,0,0.539683,0.904762
31.666666,53.380951,HBM_4,25.000000,92.599998,1,0,0.555556,0.904762
32.571430,53.380951,HBM_4,25.000000,92.370003,1,0,0.571429,0.904762
33.476189,53.380951,HBM_4,25.000000,92.019997,1,0,0.587302,0.904762
34.380951,53.380951,HBM_4,25.000000,91.550003,1,0,0.603175,0.904762
35.285713,53.380951,HBM_4,25.000000,90.940002,1,0,0.619048,0.904762
36.190475,53.380951,background,0.000000,90.199997,0,1,0.634921,0.904762
37.095238,53.380951,background,0.000000,89.300003,0,0,0.650794,0.904762
38.000000,53.380951,background,0.000000,88.160004,0,0,0.666667,0.904762
38.904762,53.380951,background,0.000000,86.470001,0,0,0.682540,0.904762
39.809525,53.380951,background,0.000000,83.220001,0,0,0.698413,0.904762
40.714287,53.380951,background,0.000000,80.010002,0,0,0.714286,0.904762
41.619049,53.380951,background,0.000000,78.190002,0,0,0.730159,0.904762
42.523811,53.380951,background,0.000000,76.779999,0,0,0.746032,0.904762
43.428570,53.380951,background,0.000000,75.500000,0,0,0.761905,0.904762
44.333332,53.380951,background,0.000000,74.269997,0,0,0.777778,0.904762
45.238094,53.380951,background,0.000000,73.059998,0,0,0.793651,0.904762
46.142857,53.380951,background,0.000000,71.849998,0,0,0.809524,0.904762
47.047619,53.380951,background,0.000000,70.589996,0,0,0.825397,0.904762
47.952381,53.380951,background,0.000000,68.730003,0,0,0.841270,0.904762
48.857143,53.380951,background,0.000000,67.089996,0,0,0.857143,0.904762
49.761906,53.380951,background,0.000000,65.639999,0,0,0.873016,0.904762
50.666668,53.380951,background,0.000000,64.400002,0,0,0.888889,0.904762
51.571430,53.380951,background,0.000000,63.299999,0,0,0.904762,0.904762
52.476189,53.380951,background,0.000000,62.290001,0,0,0.920635,0.904762
53.380951,53.380951,background,0.000000,61.349998,0,0,0.936508,0.904762
54.285713,53.380951,background,0.000000,60.490002,0,0,0.952381,0.904762
55.190475,53.380951,background,0.000000,59.720001,0,0,0.968254,0.904762
56.095238,53.380951,background,0.000000,59.090000,0,0,0.984127,0.904762
57.000000,53.380951,background,0.000000,58.689999,0,0,1.000000,0.904762
0.000000,54.317459,HBM_0,25.000000,55.700001,1,1,0.000000,0.920635
0.904762,54.317459,HBM_0,25.000000,56.130001,1,0,0.015873,0.920635
1.809524,54.317459,HBM_0,25.000000,56.799999,1,0,0.031746,0.920635
2.714286,54.317459,HBM_0,25.000000,57.590000,1,0,0.047619,0.920635
3.619048,54.317459,HBM_0,25.000000,58.450001,1,0,0.063492,0.920635
4.523809,54.317459,HBM_0,25.000000,59.360001,1,0,0.079365,0.920635
5.428571,54.317459,HBM_0,25.000000,60.299999,1,0,0.095238,0.920635
6.333333,54.317459,HBM_0,25.000000,61.270000,1,0,0.111111,0.920635
7.238095,54.317459,HBM_0,25.000000,62.250000,1,0,0.126984,0.920635
8.142858,54.317459,GPU_0,300.000000,63.230000,1,1,0.142857,0.920635
9.047619,54.317459,GPU_0,300.000000,64.199997,1,0,0.158730,0.920635
9.952381,54.317459,GPU_0,300.000000,65.150002,1,0,0.174603,0.920635
10.857142,54.317459,GPU_0,300.000000,66.089996,1,0,0.190476,0.920635
11.761905,54.317459,GPU_0,300.000000,67.029999,1,0,0.206349,0.920635
12.666667,54.317459,GPU_0,300.000000,67.959999,1,0,0.222222,0.920635
13.571428,54.317459,GPU_0,300.000000,68.889999,1,0,0.238095,0.920635
14.476191,54.317459,GPU_0,300.000000,69.830002,1,0,0.253968,0.920635
15.380953,54.317459,GPU_0,300.000000,70.779999,1,0,0.269841,0.920635
16.285715,54.317459,GPU_0,300.000000,71.760002,1,0,0.285714,0.920635
17.190475,54.317459,GPU_0,300.000000,72.779999,1,0,0.301587,0.920635
18.095238,54.317459,GPU_0,300.000000,73.889999,1,0,0.317460,0.920635
19.000000,54.317459,GPU_0,300.000000,75.169998,1,0,0.333333,0.920635
19.904762,54.317459,GPU_0,300.000000,76.779999,1,0,0.349206,0.920635
20.809525,54.317459,GPU_0,300.000000,78.959999,1,0,0.365079,0.920635
21.714285,54.317459,GPU_0,300.000000,82.019997,1,0,0.380952,0.920635
22.619047,54.317459,GPU_0,300.000000,85.709999,1,0,0.396825,0.920635
23.523809,54.317459,GPU_0,300.000000,87.250000,1,0,0.412698,0.920635
24.428572,54.317459,GPU_0,300.000000,88.309998,1,0,0.428571,0.920635
25.333334,54.317459,GPU_0,300.000000,89.129997,1,0,0.444444,0.920635
26.238094,54.317459,background,0.000000,89.779999,0,1,0.460317,0.920635
27.142857,54.317459,background,0.000000,90.290001,0,0,0.476190,0.920635
28.047619,54.317459,HBM_4,25.000000,90.660004,1,1,0.492063,0.920635
28.952381,54.317459,HBM_4,25.000000,90.910004,1,0,0.507937,0.920635
29.857143,54.317459,HBM_4,25.000000,91.040001,1,0,0.523810,0.920635
30.761906,54.317459,HBM_4,25.000000,91.059998,1,0,0.539683,0.920635
31.666666,54.317459,HBM_4,25.000000,90.949997,1,0,0.555556,0.920635
32.571430,54.317459,HBM_4,25.000000,90.730003,1,0,0.571429,0.920635
33.476189,54.317459,HBM_4,25.000000,90.389999,1,0,0.587302,0.920635
34.380951,54.317459,HBM_4,25.000000,89.930000,1,0,0.603175,0.920635
35.285713,54.317459,HBM_4,25.000000,89.349998,1,0,0.619048,0.920635
36.190475,54.317459,background,0.000000,88.629997,0,1,0.634921,0.920635
37.095238,54.317459,background,0.000000,87.760002,0,0,0.650794,0.920635
38.000000,54.317459,background,0.000000,86.650002,0,0,0.666667,0.920635
38.904762,54.317459,background,0.000000,85.000000,0,0,0.682540,0.920635
39.809525,54.317459,background,0.000000,81.779999,0,0,0.698413,0.920635
40.714287,54.317459,background,0.000000,78.589996,0,0,0.714286,0.920635
41.619049,54.317459,background,0.000000,76.779999,0,0,0.730159,0.920635
42.523811,54.317459,background,0.000000,75.389999,0,0,0.746032,0.920635
43.428570,54.317459,background,0.000000,74.150002,0,0,0.761905,0.920635
44.333332,54.317459,background,0.000000,72.959999,0,0,0.777778,0.920635
45.238094,54.317459,background,0.000000,71.790001,0,0,0.793651,0.920635
46.142857,54.317459,background,0.000000,70.629997,0,0,0.809524,0.920635
47.047619,54.317459,background,0.000000,69.419998,0,0,0.825397,0.920635
47.952381,54.317459,background,0.000000,67.629997,0,0,0.841270,0.920635
48.857143,54.317459,background,0.000000,66.059998,0,0,0.857143,0.920635
49.761906,54.317459,background,0.000000,64.680000,0,0,0.873016,0.920635
50.666668,54.317459,background,0.000000,63.520000,0,0,0.888889,0.920635
51.571430,54.317459,background,0.000000,62.470001,0,0,0.904762,0.920635
52.476189,54.317459,background,0.000000,61.520000,0,0,0.920635,0.920635
53.380951,54.317459,background,0.000000,60.630001,0,0,0.936508,0.920635
54.285713,54.317459,background,0.000000,59.810001,0,0,0.952381,0.920635
55.190475,54.317459,background,0.000000,59.080002,0,0,0.968254,0.920635
56.095238,54.317459,background,0.000000,58.480000,0,0,0.984127,0.920635
57.000000,54.317459,background,0.000000,58.099998,0,0,1.000000,0.920635
0.000000,55.253967,HBM_0,25.000000,55.139999,1,1,0.000000,0.936508
0.904762,55.253967,HBM_0,25.000000,55.549999,1,0,0.015873,0.936508
1.809524,55.253967,HBM_0,25.000000,56.180000,1,0,0.031746,0.936508
2.714286,55.253967,HBM_0,25.000000,56.930000,1,0,0.047619,0.936508
3.619048,55.253967,HBM_0,25.000000,57.740002,1,0,0.063492,0.936508
4.523809,55.253967,HBM_0,25.000000,58.599998,1,0,0.079365,0.936508
5.428571,55.253967,HBM_0,25.000000,59.480000,1,0,0.095238,0.936508
6.333333,55.253967,HBM_0,25.000000,60.369999,1,0,0.111111,0.936508
7.238095,55.253967,HBM_0,25.000000,61.270000,1,0,0.126984,0.936508
8.142858,55.253967,GPU_0,300.000000,62.180000,1,1,0.142857,0.936508
9.047619,55.253967,GPU_0,300.000000,63.080002,1,0,0.158730,0.936508
9.952381,55.253967,GPU_0,300.000000,63.980000,1,0,0.174603,0.936508
10.857142,55.253967,GPU_0,300.000000,64.870003,1,0,0.190476,0.936508
11.761905,55.253967,GPU_0,300.000000,65.760002,1,0,0.206349,0.936508
12.666667,55.253967,GPU_0,300.000000,66.639999,1,0,0.222222,0.936508
13.571428,55.253967,GPU_0,300.000000,67.540001,1,0,0.238095,0.936508
14.476191,55.253967,GPU_0,300.000000,68.440002,1,0,0.253968,0.936508
15.380953,55.253967,GPU_0,300.000000,69.360001,1,0,0.269841,0.936508
16.285715,55.253967,GPU_0,300.000000,70.309998,1,0,0.285714,0.936508
17.190475,55.253967,GPU_0,300.000000,71.309998,1,0,0.301587,0.936508
18.095238,55.253967,GPU_0,300.000000,72.410004,1,0,0.317460,0.936508
19.000000,55.253967,GPU_0,300.000000,73.680000,1,0,0.333333,0.936508
19.904762,55.253967,GPU_0,300.000000,75.260002,1,0,0.349206,0.936508
20.809525,55.253967,GPU_0,300.000000,77.410004,1,0,0.365079,0.936508
21.714285,55.253967,GPU_0,300.000000,80.430000,1,0,0.380952,0.936508
22.619047,55.253967,GPU_0,300.000000,84.089996,1,0,0.396825,0.936508
23.523809,55.253967,GPU_0,300.000000,85.589996,1,0,0.412698,0.936508
24.428572,55.253967,GPU_0,300.000000,86.620003,1,0,0.428571,0.936508
25.333334,55.253967,GPU_0,300.000000,87.419998,1,0,0.444444,0.936508
26.238094,55.253967,background,0.000000,88.050003,0,1,0.460317,0.936508
27.142857,55.253967,background,0.000000,88.550003,0,0,0.476190,0.936508
28.047619,55.253967,HBM_4,25.000000,88.910004,1,1,0.492063,0.936508
28.952381,55.253967,HBM_4,25.000000,89.160004,1,0,0.507937,0.936508
29.857143,55.253967,HBM_4,25.000000,89.279999,1,0,0.523810,0.936508
30.761906,55.253967,HBM_4,25.000000,89.300003,1,0,0.539683,0.936508
31.666666,55.253967,HBM_4,25.000000,89.199997,1,0,0.555556,0.936508
32.571430,55.253967,HBM_4,25.000000,88.989998,1,0,0.571429,0.936508
33.476189,55.253967,HBM_4,25.000000,88.669998,1,0,0.587302,0.936508
34.380951,55.253967,HBM_4,25.000000,88.230003,1,0,0.603175,0.936508
35.285713,55.253967,HBM_4,25.000000,87.669998,1,0,0.619048,0.936508
36.190475,55.253967,background,0.000000,86.980003,0,1,0.634921,0.936508
37.095238,55.253967,background,0.000000,86.129997,0,0,0.650794,0.936508
38.000000,55.253967,background,0.000000,85.059998,0,0,0.666667,0.936508
38.904762,55.253967,background,0.000000,83.500000,0,0,0.682540,0.936508
39.809525,55.253967,background,0.000000,80.290001,0,0,0.698413,0.936508
40.714287,55.253967,background,0.000000,76.970001,0,0,0.714286,0.936508
41.619049,55.253967,background,0.000000,75.059998,0,0,0.730159,0.936508
42.523811,55.253967,background,0.000000,73.660004,0,0,0.746032,0.936508
43.428570,55.253967,background,0.000000,72.440002,0,0,0.761905,0.936508
44.333332,55.253967,background,0.000000,71.279999,0,0,0.777778,0.936508
45.238094,55.253967,background,0.000000,70.160004,0,0,0.793651,0.936508
46.142857,55.253967,background,0.000000,69.040001,0,0,0.809524,0.936508
47.047619,55.253967,background,0.000000,67.889999,0,0,0.825397,0.936508
47.952381,55.253967,background,0.000000,66.349998,0,0,0.841270,0.936508
48.857143,55.253967,background,0.000000,64.949997,0,0,0.857143,0.936508
49.761906,55.253967,background,0.000000,63.709999,0,0,0.873016,0.936508
50.666668,55.253967,background,0.000000,62.630001,0,0,0.888889,0.936508
51.571430,55.253967,background,0.000000,61.660000,0,0,0.904762,0.936508
52.476189,55.253967,background,0.000000,60.750000,0,0,0.920635,0.936508
53.380951,55.253967,background,0.000000,59.910000,0,0,0.936508,0.936508
54.285713,55.253967,background,0.000000,59.139999,0,0,0.952381,0.936508
55.190475,55.253967,background,0.000000,58.439999,0,0,0.968254,0.936508
56.095238,55.253967,background,0.000000,57.880001,0,0,0.984127,0.936508
57.000000,55.253967,background,0.000000,57.520000,0,0,1.000000,0.936508
0.000000,56.190475,background,0.000000,54.610001,0,1,0.000000,0.952381
0.904762,56.190475,background,0.000000,55.000000,0,1,0.015873,0.952381
1.809524,56.190475,background,0.000000,55.599998,0,1,0.031746,0.952381
2.714286,56.190475,background,0.000000,56.310001,0,1,0.047619,0.952381
3.619048,56.190475,background,0.000000,57.080002,0,1,0.063492,0.952381
4.523809,56.190475,background,0.000000,57.880001,0,1,0.079365,0.952381
5.428571,56.190475,background,0.000000,58.709999,0,1,0.095238,0.952381
6.333333,56.190475,background,0.000000,59.540001,0,1,0.111111,0.952381
7.238095,56.190475,background,0.000000,60.389999,0,1,0.126984,0.952381
8.142858,56.190475,GPU_0,300.000000,61.230000,1,1,0.142857,0.952381
9.047619,56.190475,GPU_0,300.000000,62.080002,1,0,0.158730,0.952381
9.952381,56.190475,GPU_0,300.000000,62.930000,1,0,0.174603,0.952381
10.857142,56.190475,GPU_0,300.000000,63.770000,1,0,0.190476,0.952381
11.761905,56.190475,GPU_0,300.000000,64.610001,1,0,0.206349,0.952381
12.666667,56.190475,GPU_0,300.000000,65.459999,1,0,0.222222,0.952381
13.571428,56.190475,GPU_0,300.000000,66.320000,1,0,0.238095,0.952381
14.476191,56.190475,GPU_0,300.000000,67.180000,1,0,0.253968,0.952381
15.380953,56.190475,GPU_0,300.000000,68.070000,1,0,0.269841,0.952381
16.285715,56.190475,GPU_0,300.000000,68.980003,1,0,0.285714,0.952381
17.190475,56.190475,GPU_0,300.000000,69.949997,1,0,0.301587,0.952381
18.095238,56.190475,GPU_0,300.000000,71.019997,1,0,0.317460,0.952381
19.000000,56.190475,GPU_0,300.000000,72.250000,1,0,0.333333,0.952381
19.904762,56.190475,GPU_0,300.000000,73.790001,1,0,0.349206,0.952381
20.809525,56.190475,GPU_0,300.000000,75.860001,1,0,0.365079,0.952381
21.714285,56.190475,GPU_0,300.000000,78.790001,1,0,0.380952,0.952381
22.619047,56.190475,GPU_0,300.000000,82.389999,1,0,0.396825,0.952381
23.523809,56.190475,GPU_0,300.000000,83.839996,1,0,0.412698,0.952381
24.428572,56.190475,GPU_0,300.000000,84.839996,1,0,0.428571,0.952381
25.333334,56.190475,GPU_0,300.000000,85.610001,1,0,0.444444,0.952381
26.238094,56.190475,background,0.000000,86.220001,0,1,0.460317,0.952381
27.142857,56.190475,background,0.000000,86.690002,0,0,0.476190,0.952381
28.047619,56.190475,HBM_4,25.000000,87.040001,1,1,0.492063,0.952381
28.952381,56.190475,HBM_4,25.000000,87.279999,1,0,0.507937,0.952381
29.857143,56.190475,HBM_4,25.000000,87.410004,1,0,0.523810,0.952381
30.761906,56.190475,HBM_4,25.000000,87.419998,1,0,0.539683,0.952381
31.666666,56.190475,HBM_4,25.000000,87.330002,1,0,0.555556,0.952381
32.571430,56.190475,HBM_4,25.000000,87.129997,1,0,0.571429,0.952381
33.476189,56.190475,HBM_4,25.000000,86.820000,1,0,0.587302,0.952381
34.380951,56.190475,HBM_4,25.000000,86.400002,1,0,0.603175,0.952381
35.285713,56.190475,HBM_4,25.000000,85.870003,1,0,0.619048,0.952381
36.190475,56.190475,background,0.000000,85.209999,0,1,0.634921,0.952381
37.095238,56.190475,background,0.000000,84.400002,0,0,0.650794,0.952381
38.000000,56.190475,background,0.000000,83.379997,0,0,0.666667,0.952381
38.904762,56.190475,background,0.000000,81.919998,0,0,0.682540,0.952381
39.809525,56.190475,background,0.000000,78.870003,0,0,0.698413,0.952381
40.714287,56.190475,background,0.000000,76.029999,0,0,0.714286,0.952381
41.619049,56.190475,background,0.000000,73.800003,0,0,0.730159,0.952381
42.523811,56.190475,background,0.000000,72.220001,0,0,0.746032,0.952381
43.428570,56.190475,background,0.000000,70.930000,0,0,0.761905,0.952381
44.333332,56.190475,background,0.000000,69.769997,0,0,0.777778,0.952381
45.238094,56.190475,background,0.000000,68.660004,0,0,0.793651,0.952381
46.142857,56.190475,background,0.000000,67.559998,0,0,0.809524,0.952381
47.047619,56.190475,background,0.000000,66.410004,0,0,0.825397,0.952381
47.952381,56.190475,background,0.000000,65.070000,0,0,0.841270,0.952381
48.857143,56.190475,background,0.000000,63.849998,0,0,0.857143,0.952381
49.761906,56.190475,background,0.000000,62.759998,0,0,0.873016,0.952381
50.666668,56.190475,background,0.000000,61.770000,0,0,0.888889,0.952381
51.571430,56.190475,background,0.000000,60.860001,0,0,0.904762,0.952381
52.476189,56.190475,background,0.000000,60.009998,0,0,0.920635,0.952381
53.380951,56.190475,background,0.000000,59.220001,0,0,0.936508,0.952381
54.285713,56.190475,background,0.000000,58.490002,0,0,0.952381,0.952381
55.190475,56.190475,background,0.000000,57.830002,0,0,0.968254,0.952381
56.095238,56.190475,background,0.000000,57.290001,0,0,0.984127,0.952381
57.000000,56.190475,background,0.000000,56.959999,0,0,1.000000,0.952381
0.000000,57.126984,background,0.000000,54.139999,0,0,0.000000,0.968254
0.904762,57.126984,background,0.000000,54.509998,0,0,0.015873,0.968254
1.809524,57.126984,background,0.000000,55.080002,0,0,0.031746,0.968254
2.714286,57.126984,background,0.000000,55.750000,0,0,0.047619,0.968254
3.619048,57.126984,background,0.000000,56.480000,0,0,0.063492,0.968254
4.523809,57.126984,background,0.000000,57.240002,0,0,0.079365,0.968254
5.428571,57.126984,background,0.000000,58.020000,0,0,0.095238,0.968254
6.333333,57.126984,background,0.000000,58.810001,0,0,0.111111,0.968254
7.238095,57.126984,background,0.000000,59.599998,0,0,0.126984,0.968254
8.142858,57.126984,GPU_0,300.000000,60.400002,1,1,0.142857,0.968254
9.047619,57.126984,GPU_0,300.000000,61.200001,1,0,0.158730,0.968254
9.952381,57.126984,GPU_0,300.000000,62.000000,1,0,0.174603,0.968254
10.857142,57.126984,GPU_0,300.000000,62.799999,1,0,0.190476,0.968254
11.761905,57.126984,GPU_0,300.000000,63.610001,1,0,0.206349,0.968254
12.666667,57.126984,GPU_0,300.000000,64.410004,1,0,0.222222,0.968254
13.571428,57.126984,GPU_0,300.000000,65.230003,1,0,0.238095,0.968254
14.476191,57.126984,GPU_0,300.000000,66.059998,1,0,0.253968,0.968254
15.380953,57.126984,GPU_0,300.000000,66.910004,1,0,0.269841,0.968254
16.285715,57.126984,GPU_0,300.000000,67.790001,1,0,0.285714,0.968254
17.190475,57.126984,GPU_0,300.000000,68.730003,1,0,0.301587,0.968254
18.095238,57.126984,GPU_0,300.000000,69.750000,1,0,0.317460,0.968254
19.000000,57.126984,GPU_0,300.000000,70.930000,1,0,0.333333,0.968254
19.904762,57.126984,GPU_0,300.000000,72.389999,1,0,0.349206,0.968254
20.809525,57.126984,GPU_0,300.000000,74.349998,1,0,0.365079,0.968254
21.714285,57.126984,GPU_0,300.000000,77.099998,1,0,0.380952,0.968254
22.619047,57.126984,GPU_0,300.000000,80.570000,1,0,0.396825,0.968254
23.523809,57.126984,GPU_0,300.000000,81.959999,1,0,0.412698,0.968254
24.428572,57.126984,GPU_0,300.000000,82.910004,1,0,0.428571,0.968254
25.333334,57.126984,GPU_0,300.000000,83.650002,1,0,0.444444,0.968254
26.238094,57.126984,background,0.000000,84.230003,0,1,0.460317,0.968254
27.142857,57.126984,background,0.000000,84.680000,0,0,0.476190,0.968254
28.047619,57.126984,background,0.000000,85.019997,0,1,0.492063,0.968254
28.952381,57.126984,background,0.000000,85.250000,0,1,0.507937,0.968254
29.857143,57.126984,background,0.000000,85.370003,0,1,0.523810,0.968254
30.761906,57.126984,background,0.000000,85.389999,0,1,0.539683,0.968254
31.666666,57.126984,background,0.000000,85.300003,0,1,0.555556,0.968254
32.571430,57.126984,background,0.000000,85.110001,0,1,0.571429,0.968254
33.476189,57.126984,background,0.000000,84.820000,0,1,0.587302,0.968254
34.380951,57.126984,background,0.000000,84.419998,0,1,0.603175,0.968254
35.285713,57.126984,background,0.000000,83.910004,0,1,0.619048,0.968254
36.190475,57.126984,background,0.000000,83.279999,0,1,0.634921,0.968254
37.095238,57.126984,background,0.000000,82.510002,0,0,0.650794,0.968254
38.000000,57.126984,background,0.000000,81.540001,0,0,0.666667,0.968254
38.904762,57.126984,background,0.000000,80.139999,0,0,0.682540,0.968254
39.809525,57.126984,background,0.000000,77.180000,0,0,0.698413,0.968254
40.714287,57.126984,background,0.000000,74.540001,0,0,0.714286,0.968254
41.619049,57.126984,background,0.000000,72.260002,0,0,0.730159,0.968254
42.523811,57.126984,background,0.000000,70.629997,0,0,0.746032,0.968254
43.428570,57.126984,background,0.000000,69.320000,0,0,0.761905,0.968254
44.333332,57.126984,background,0.000000,68.169998,0,0,0.777778,0.968254
45.238094,57.126984,background,0.000000,67.099998,0,0,0.793651,0.968254
46.142857,57.126984,background,0.000000,66.050003,0,0,0.809524,0.968254
47.047619,57.126984,background,0.000000,64.989998,0,0,0.825397,0.968254
47.952381,57.126984,background,0.000000,63.900002,0,0,0.841270,0.968254
48.857143,57.126984,background,0.000000,62.860001,0,0,0.857143,0.968254
49.761906,57.126984,background,0.000000,61.880001,0,0,0.873016,0.968254
50.666668,57.126984,background,0.000000,60.980000,0,0,0.888889,0.968254
51.571430,57.126984,background,0.000000,60.130001,0,0,0.904762,0.968254
52.476189,57.126984,background,0.000000,59.330002,0,0,0.920635,0.968254
53.380951,57.126984,background,0.000000,58.580002,0,0,0.936508,0.968254
54.285713,57.126984,background,0.000000,57.880001,0,0,0.952381,0.968254
55.190475,57.126984,background,0.000000,57.259998,0,0,0.968254,0.968254
56.095238,57.126984,background,0.000000,56.750000,0,0,0.984127,0.968254
57.000000,57.126984,background,0.000000,56.430000,0,0,1.000000,0.968254
0.000000,58.063492,background,0.000000,53.750000,0,0,0.000000,0.984127
0.904762,58.063492,background,0.000000,54.099998,0,0,0.015873,0.984127
1.809524,58.063492,background,0.000000,54.650002,0,0,0.031746,0.984127
2.714286,58.063492,background,0.000000,55.290001,0,0,0.047619,0.984127
3.619048,58.063492,background,0.000000,55.980000,0,0,0.063492,0.984127
4.523809,58.063492,background,0.000000,56.709999,0,0,0.079365,0.984127
5.428571,58.063492,background,0.000000,57.450001,0,0,0.095238,0.984127
6.333333,58.063492,background,0.000000,58.200001,0,0,0.111111,0.984127
7.238095,58.063492,background,0.000000,58.959999,0,0,0.126984,0.984127
8.142858,58.063492,GPU_0,300.000000,59.720001,1,1,0.142857,0.984127
9.047619,58.063492,GPU_0,300.000000,60.480000,1,0,0.158730,0.984127
9.952381,58.063492,GPU_0,300.000000,61.250000,1,0,0.174603,0.984127
10.857142,58.063492,GPU_0,300.000000,62.009998,1,0,0.190476,0.984127
11.761905,58.063492,GPU_0,300.000000,62.779999,1,0,0.206349,0.984127
12.666667,58.063492,GPU_0,300.000000,63.560001,1,0,0.222222,0.984127
13.571428,58.063492,GPU_0,300.000000,64.339996,1,0,0.238095,0.984127
14.476191,58.063492,GPU_0,300.000000,65.139999,1,0,0.253968,0.984127
15.380953,58.063492,GPU_0,300.000000,65.959999,1,0,0.269841,0.984127
16.285715,58.063492,GPU_0,300.000000,66.809998,1,0,0.285714,0.984127
17.190475,58.063492,GPU_0,300.000000,67.709999,1,0,0.301587,0.984127
18.095238,58.063492,GPU_0,300.000000,68.690002,1,0,0.317460,0.984127
19.000000,58.063492,GPU_0,300.000000,69.820000,1,0,0.333333,0.984127
19.904762,58.063492,GPU_0,300.000000,71.180000,1,0,0.349206,0.984127
20.809525,58.063492,GPU_0,300.000000,72.970001,1,0,0.365079,0.984127
21.714285,58.063492,GPU_0,300.000000,75.379997,1,0,0.380952,0.984127
22.619047,58.063492,GPU_0,300.000000,78.489998,1,0,0.396825,0.984127
23.523809,58.063492,GPU_0,300.000000,79.809998,1,0,0.412698,0.984127
24.428572,58.063492,GPU_0,300.000000,80.720001,1,0,0.428571,0.984127
25.333334,58.063492,GPU_0,300.000000,81.419998,1,0,0.444444,0.984127
26.238094,58.063492,background,0.000000,81.980003,0,1,0.460317,0.984127
27.142857,58.063492,background,0.000000,82.419998,0,0,0.476190,0.984127
28.047619,58.063492,background,0.000000,82.739998,0,0,0.492063,0.984127
28.952381,58.063492,background,0.000000,82.959999,0,0,0.507937,0.984127
29.857143,58.063492,background,0.000000,83.080002,0,0,0.523810,0.984127
30.761906,58.063492,background,0.000000,83.099998,0,0,0.539683,0.984127
31.666666,58.063492,background,0.000000,83.019997,0,0,0.555556,0.984127
32.571430,58.063492,background,0.000000,82.839996,0,0,0.571429,0.984127
33.476189,58.063492,background,0.000000,82.559998,0,0,0.587302,0.984127
34.380951,58.063492,background,0.000000,82.169998,0,0,0.603175,0.984127
35.285713,58.063492,background,0.000000,81.680000,0,0,0.619048,0.984127
36.190475,58.063492,background,0.000000,81.080002,0,0,0.634921,0.984127
37.095238,58.063492,background,0.000000,80.339996,0,0,0.650794,0.984127
38.000000,58.063492,background,0.000000,79.410004,0,0,0.666667,0.984127
38.904762,58.063492,background,0.000000,78.080002,0,0,0.682540,0.984127
39.809525,58.063492,background,0.000000,75.360001,0,0,0.698413,0.984127
40.714287,58.063492,background,0.000000,73.019997,0,0,0.714286,0.984127
41.619049,58.063492,background,0.000000,70.930000,0,0,0.730159,0.984127
42.523811,58.063492,background,0.000000,69.360001,0,0,0.746032,0.984127
43.428570,58.063492,background,0.000000,68.089996,0,0,0.761905,0.984127
44.333332,58.063492,background,0.000000,66.970001,0,0,0.777778,0.984127
45.238094,58.063492,background,0.000000,65.930000,0,0,0.793651,0.984127
46.142857,58.063492,background,0.000000,64.940002,0,0,0.809524,0.984127
47.047619,58.063492,background,0.000000,63.959999,0,0,0.825397,0.984127
47.952381,58.063492,background,0.000000,62.990002,0,0,0.841270,0.984127
48.857143,58.063492,background,0.000000,62.049999,0,0,0.857143,0.984127
49.761906,58.063492,background,0.000000,61.160000,0,0,0.873016,0.984127
50.666668,58.063492,background,0.000000,60.310001,0,0,0.888889,0.984127
51.571430,58.063492,background,0.000000,59.509998,0,0,0.904762,0.984127
52.476189,58.063492,background,0.000000,58.750000,0,0,0.920635,0.984127
53.380951,58.063492,background,0.000000,58.029999,0,0,0.936508,0.984127
54.285713,58.063492,background,0.000000,57.369999,0,0,0.952381,0.984127
55.190475,58.063492,background,0.000000,56.779999,0,0,0.968254,0.984127
56.095238,58.063492,background,0.000000,56.299999,0,0,0.984127,0.984127
57.000000,58.063492,background,0.000000,56.000000,0,0,1.000000,0.984127
0.000000,59.000000,background,0.000000,53.509998,0,0,0.000000,1.000000
0.904762,59.000000,background,0.000000,53.849998,0,0,0.015873,1.000000
1.809524,59.000000,background,0.000000,54.380001,0,0,0.031746,1.000000
2.714286,59.000000,background,0.000000,55.000000,0,0,0.047619,1.000000
3.619048,59.000000,background,0.000000,55.669998,0,0,0.063492,1.000000
4.523809,59.000000,background,0.000000,56.380001,0,0,0.079365,1.000000
5.428571,59.000000,background,0.000000,57.090000,0,0,0.095238,1.000000
6.333333,59.000000,background,0.000000,57.820000,0,0,0.111111,1.000000
7.238095,59.000000,background,0.000000,58.549999,0,0,0.126984,1.000000
8.142858,59.000000,GPU_0,300.000000,59.290001,1,1,0.142857,1.000000
9.047619,59.000000,GPU_0,300.000000,60.029999,1,1,0.158730,1.000000
9.952381,59.000000,GPU_0,300.000000,60.770000,1,1,0.174603,1.000000
10.857142,59.000000,GPU_0,300.000000,61.509998,1,1,0.190476,1.000000
11.761905,59.000000,GPU_0,300.000000,62.259998,1,1,0.206349,1.000000
12.666667,59.000000,GPU_0,300.000000,63.009998,1,1,0.222222,1.000000
13.571428,59.000000,GPU_0,300.000000,63.779999,1,1,0.238095,1.000000
14.476191,59.000000,GPU_0,300.000000,64.550003,1,1,0.253968,1.000000
15.380953,59.000000,GPU_0,300.000000,65.349998,1,1,0.269841,1.000000
16.285715,59.000000,GPU_0,300.000000,66.180000,1,1,0.285714,1.000000
17.190475,59.000000,GPU_0,300.000000,67.050003,1,1,0.301587,1.000000
18.095238,59.000000,GPU_0,300.000000,68.010002,1,1,0.317460,1.000000
19.000000,59.000000,GPU_0,300.000000,69.099998,1,1,0.333333,1.000000
19.904762,59.000000,GPU_0,300.000000,70.389999,1,1,0.349206,1.000000
20.809525,59.000000,GPU_0,300.000000,72.019997,1,1,0.365079,1.000000
21.714285,59.000000,GPU_0,300.000000,74.110001,1,1,0.380952,1.000000
22.619047,59.000000,GPU_0,300.000000,76.650002,1,1,0.396825,1.000000
23.523809,59.000000,GPU_0,300.000000,78.129997,1,1,0.412698,1.000000
24.428572,59.000000,GPU_0,300.000000,79.110001,1,1,0.428571,1.000000
25.333334,59.000000,GPU_0,300.000000,79.839996,1,1,0.444444,1.000000
26.238094,59.000000,background,0.000000,80.400002,0,1,0.460317,1.000000
27.142857,59.000000,background,0.000000,80.830002,0,0,0.476190,1.000000
28.047619,59.000000,background,0.000000,81.160004,0,0,0.492063,1.000000
28.952381,59.000000,background,0.000000,81.370003,0,0,0.507937,1.000000
29.857143,59.000000,background,0.000000,81.489998,0,0,0.523810,1.000000
30.761906,59.000000,background,0.000000,81.510002,0,0,0.539683,1.000000
31.666666,59.000000,background,0.000000,81.430000,0,0,0.555556,1.000000
32.571430,59.000000,background,0.000000,81.250000,0,0,0.571429,1.000000
33.476189,59.000000,background,0.000000,80.970001,0,0,0.587302,1.000000
34.380951,59.000000,background,0.000000,80.599998,0,0,0.603175,1.000000
35.285713,59.000000,background,0.000000,80.110001,0,0,0.619048,1.000000
36.190475,59.000000,background,0.000000,79.510002,0,0,0.634921,1.000000
37.095238,59.000000,background,0.000000,78.750000,0,0,0.650794,1.000000
38.000000,59.000000,background,0.000000,77.760002,0,0,0.666667,1.000000
38.904762,59.000000,background,0.000000,76.339996,0,0,0.682540,1.000000
39.809525,59.000000,background,0.000000,74.050003,0,0,0.698413,1.000000
40.714287,59.000000,background,0.000000,71.870003,0,0,0.714286,1.000000
41.619049,59.000000,background,0.000000,70.050003,0,0,0.730159,1.000000
42.523811,59.000000,background,0.000000,68.580002,0,0,0.746032,1.000000
43.428570,59.000000,background,0.000000,67.349998,0,0,0.761905,1.000000
44.333332,59.000000,background,0.000000,66.260002,0,0,0.777778,1.000000
45.238094,59.000000,background,0.000000,65.250000,0,0,0.793651,1.000000
46.142857,59.000000,background,0.000000,64.279999,0,0,0.809524,1.000000
47.047619,59.000000,background,0.000000,63.349998,0,0,0.825397,1.000000
47.952381,59.000000,background,0.000000,62.430000,0,0,0.841270,1.000000
48.857143,59.000000,background,0.000000,61.540001,0,0,0.857143,1.000000
49.761906,59.000000,background,0.000000,60.689999,0,0,0.873016,1.000000
50.666668,59.000000,background,0.000000,59.880001,0,0,0.888889,1.000000
51.571430,59.000000,background,0.000000,59.110001,0,0,0.904762,1.000000
52.476189,59.000000,background,0.000000,58.369999,0,0,0.920635,1.000000
53.380951,59.000000,background,0.000000,57.680000,0,0,0.936508,1.000000
54.285713,59.000000,background,0.000000,57.040001,0,0,0.952381,1.000000
55.190475,59.000000,background,0.000000,56.470001,0,0,0.968254,1.000000
56.095238,59.000000,background,0.000000,56.000000,0,0,0.984127,1.000000
57.000000,59.000000,background,0.000000,55.709999,0,0,1.000000,1.000000
