{
  "input": {
    "mean": [
      56.31932067871094,
      21.81944465637207,
      21.63888931274414
    ],
    "std": [
      97.87189483642578,
      13.935528755187988,
      14.238219261169434
    ]
  },
  "output": {
    "mean": [
      336.7531433105469
    ],
    "std": [
      19.529035568237305
    ]
  }
}