grid_x,grid_y,chiplet_id,chiplet_power,temperature,occupancy_mask,edge_mask,coord_x_norm,coord_y_norm
0.000000,0.000000,background,0.000000,40.389999,0,0,0.000000,0.000000
0.412698,0.000000,background,0.000000,40.419998,0,0,0.015873,0.000000
0.825397,0.000000,background,0.000000,40.480000,0,0,0.031746,0.000000
1.238095,0.000000,background,0.000000,40.549999,0,0,0.047619,0.000000
1.650794,0.000000,background,0.000000,40.650002,0,0,0.063492,0.000000
2.063492,0.000000,background,0.000000,40.750000,0,0,0.079365,0.000000
2.476191,0.000000,background,0.000000,40.860001,0,0,0.095238,0.000000
2.888889,0.000000,background,0.000000,40.980000,0,0,0.111111,0.000000
3.301587,0.000000,background,0.000000,41.110001,0,0,0.126984,0.000000
3.714286,0.000000,background,0.000000,41.240002,0,0,0.142857,0.000000
4.126984,0.000000,background,0.000000,41.380001,0,0,0.158730,0.000000
4.539682,0.000000,background,0.000000,41.520000,0,0,0.174603,0.000000
4.952381,0.000000,background,0.000000,41.660000,0,0,0.190476,0.000000
5.365079,0.000000,background,0.000000,41.799999,0,0,0.206349,0.000000
5.777778,0.000000,background,0.000000,41.950001,0,0,0.222222,0.000000
6.190476,0.000000,background,0.000000,42.099998,0,0,0.238095,0.000000
6.603175,0.000000,background,0.000000,42.250000,0,0,0.253968,0.000000
7.015873,0.000000,background,0.000000,42.400002,0,0,0.269841,0.000000
7.428571,0.000000,background,0.000000,42.560001,0,0,0.285714,0.000000
7.841270,0.000000,background,0.000000,42.730000,0,0,0.301587,0.000000
8.253968,0.000000,background,0.000000,42.900002,0,0,0.317460,0.000000
8.666667,0.000000,background,0.000000,43.070000,0,0,0.333333,0.000000
9.079365,0.000000,background,0.000000,43.250000,0,0,0.349206,0.000000
9.492064,0.000000,background,0.000000,43.430000,0,0,0.365079,0.000000
9.904762,0.000000,background,0.000000,43.630001,0,0,0.380952,0.000000
10.317460,0.000000,background,0.000000,43.830002,0,0,0.396825,0.000000
10.730159,0.000000,background,0.000000,44.029999,0,0,0.412698,0.000000
11.142858,0.000000,background,0.000000,44.250000,0,0,0.428571,0.000000
11.555555,0.000000,background,0.000000,44.470001,0,0,0.444444,0.000000
11.968254,0.000000,background,0.000000,44.700001,0,0,0.460317,0.000000
12.380953,0.000000,background,0.000000,44.930000,0,0,0.476191,0.000000
12.793651,0.000000,background,0.000000,45.160000,0,0,0.492063,0.000000
13.206349,0.000000,background,0.000000,45.389999,0,0,0.507937,0.000000
13.619047,0.000000,background,0.000000,45.630001,0,0,0.523809,0.000000
14.031746,0.000000,background,0.000000,45.880001,0,0,0.539683,0.000000
14.444445,0.000000,background,0.000000,46.150002,0,0,0.555556,0.000000
14.857142,0.000000,background,0.000000,46.439999,0,0,0.571429,0.000000
15.269841,0.000000,background,0.000000,46.779999,0,0,0.587302,0.000000
15.682540,0.000000,background,0.000000,47.160000,0,0,0.603175,0.000000
16.095238,0.000000,background,0.000000,47.590000,0,0,0.619048,0.000000
16.507936,0.000000,background,0.000000,48.020000,0,0,0.634921,0.000000
16.920635,0.000000,background,0.000000,48.549999,0,0,0.650794,0.000000
17.333334,0.000000,background,0.000000,48.849998,0,0,0.666667,0.000000
17.746031,0.000000,background,0.000000,48.959999,0,0,0.682540,0.000000
18.158730,0.000000,background,0.000000,48.930000,0,0,0.698413,0.000000
18.571428,0.000000,background,0.000000,48.730000,0,0,0.714286,0.000000
18.984127,0.000000,background,0.000000,48.340000,0,0,0.730159,0.000000
19.396826,0.000000,background,0.000000,48.200001,0,0,0.746032,0.000000
19.809525,0.000000,background,0.000000,48.189999,0,0,0.761905,0.000000
20.222221,0.000000,background,0.000000,48.299999,0,0,0.777778,0.000000
20.634920,0.000000,background,0.000000,48.349998,0,0,0.793651,0.000000
21.047619,0.000000,background,0.000000,48.310001,0,0,0.809524,0.000000
21.460318,0.000000,background,0.000000,48.160000,0,0,0.825397,0.000000
21.873016,0.000000,background,0.000000,47.900002,0,0,0.841270,0.000000
22.285715,0.000000,background,0.000000,47.529999,0,0,0.857143,0.000000
22.698412,0.000000,background,0.000000,47.189999,0,0,0.873016,0.000000
23.111111,0.000000,background,0.000000,46.880001,0,0,0.888889,0.000000
23.523809,0.000000,background,0.000000,46.590000,0,0,0.904762,0.000000
23.936508,0.000000,background,0.000000,46.330002,0,0,0.920635,0.000000
24.349207,0.000000,background,0.000000,46.090000,0,0,0.936508,0.000000
24.761906,0.000000,background,0.000000,45.869999,0,0,0.952381,0.000000
25.174603,0.000000,background,0.000000,45.689999,0,0,0.968254,0.000000
25.587301,0.000000,background,0.000000,45.549999,0,0,0.984127,0.000000
26.000000,0.000000,background,0.000000,45.470001,0,0,1.000000,0.000000
0.000000,0.365079,background,0.000000,40.419998,0,0,0.000000,0.015873
0.412698,0.365079,background,0.000000,40.450001,0,0,0.015873,0.015873
0.825397,0.365079,background,0.000000,40.509998,0,0,0.031746,0.015873
1.238095,0.365079,background,0.000000,40.590000,0,0,0.047619,0.015873
1.650794,0.365079,background,0.000000,40.680000,0,0,0.063492,0.015873
2.063492,0.365079,background,0.000000,40.790001,0,0,0.079365,0.015873
2.476191,0.365079,background,0.000000,40.910000,0,0,0.095238,0.015873
2.888889,0.365079,background,0.000000,41.029999,0,0,0.111111,0.015873
3.301587,0.365079,background,0.000000,41.160000,0,0,0.126984,0.015873
3.714286,0.365079,background,0.000000,41.290001,0,0,0.142857,0.015873
4.126984,0.365079,background,0.000000,41.430000,0,0,0.158730,0.015873
4.539682,0.365079,background,0.000000,41.570000,0,0,0.174603,0.015873
4.952381,0.365079,background,0.000000,41.720001,0,0,0.190476,0.015873
5.365079,0.365079,background,0.000000,41.860001,0,0,0.206349,0.015873
5.777778,0.365079,background,0.000000,42.009998,0,0,0.222222,0.015873
6.190476,0.365079,background,0.000000,42.160000,0,0,0.238095,0.015873
6.603175,0.365079,background,0.000000,42.320000,0,0,0.253968,0.015873
7.015873,0.365079,background,0.000000,42.480000,0,0,0.269841,0.015873
7.428571,0.365079,background,0.000000,42.639999,0,0,0.285714,0.015873
7.841270,0.365079,background,0.000000,42.810001,0,0,0.301587,0.015873
8.253968,0.365079,background,0.000000,42.990002,0,0,0.317460,0.015873
8.666667,0.365079,background,0.000000,43.160000,0,0,0.333333,0.015873
9.079365,0.365079,background,0.000000,43.349998,0,0,0.349206,0.015873
9.492064,0.365079,background,0.000000,43.540001,0,0,0.365079,0.015873
9.904762,0.365079,background,0.000000,43.740002,0,0,0.380952,0.015873
10.317460,0.365079,background,0.000000,43.950001,0,0,0.396825,0.015873
10.730159,0.365079,background,0.000000,44.169998,0,0,0.412698,0.015873
11.142858,0.365079,background,0.000000,44.389999,0,1,0.428571,0.015873
11.555555,0.365079,background,0.000000,44.630001,0,1,0.444444,0.015873
11.968254,0.365079,background,0.000000,44.869999,0,1,0.460317,0.015873
12.380953,0.365079,background,0.000000,45.110001,0,1,0.476191,0.015873
12.793651,0.365079,background,0.000000,45.349998,0,1,0.492063,0.015873
13.206349,0.365079,background,0.000000,45.590000,0,1,0.507937,0.015873
13.619047,0.365079,background,0.000000,45.840000,0,1,0.523809,0.015873
14.031746,0.365079,background,0.000000,46.090000,0,1,0.539683,0.015873
14.444445,0.365079,background,0.000000,46.360001,0,0,0.555556,0.015873
14.857142,0.365079,background,0.000000,46.660000,0,0,0.571429,0.015873
15.269841,0.365079,background,0.000000,46.990002,0,0,0.587302,0.015873
15.682540,0.365079,background,0.000000,47.369999,0,0,0.603175,0.015873
16.095238,0.365079,background,0.000000,47.810001,0,0,0.619048,0.015873
16.507936,0.365079,background,0.000000,48.259998,0,0,0.634921,0.015873
16.920635,0.365079,background,0.000000,48.790001,0,0,0.650794,0.015873
17.333334,0.365079,background,0.000000,49.090000,0,0,0.666667,0.015873
17.746031,0.365079,background,0.000000,49.209999,0,0,0.682540,0.015873
18.158730,0.365079,background,0.000000,49.169998,0,0,0.698413,0.015873
18.571428,0.365079,background,0.000000,48.970001,0,0,0.714286,0.015873
18.984127,0.365079,background,0.000000,48.570000,0,0,0.730159,0.015873
19.396826,0.365079,background,0.000000,48.400002,0,0,0.746032,0.015873
19.809525,0.365079,background,0.000000,48.369999,0,0,0.761905,0.015873
20.222221,0.365079,background,0.000000,48.540001,0,0,0.777778,0.015873
20.634920,0.365079,background,0.000000,48.610001,0,0,0.793651,0.015873
21.047619,0.365079,background,0.000000,48.580002,0,0,0.809524,0.015873
21.460318,0.365079,background,0.000000,48.439999,0,0,0.825397,0.015873
21.873016,0.365079,background,0.000000,48.180000,0,0,0.841270,0.015873
22.285715,0.365079,background,0.000000,47.779999,0,0,0.857143,0.015873
22.698412,0.365079,background,0.000000,47.470001,0,0,0.873016,0.015873
23.111111,0.365079,background,0.000000,47.150002,0,0,0.888889,0.015873
23.523809,0.365079,background,0.000000,46.869999,0,0,0.904762,0.015873
23.936508,0.365079,background,0.000000,46.599998,0,0,0.920635,0.015873
24.349207,0.365079,background,0.000000,46.360001,0,0,0.936508,0.015873
24.761906,0.365079,background,0.000000,46.130001,0,0,0.952381,0.015873
25.174603,0.365079,background,0.000000,45.930000,0,0,0.968254,0.015873
25.587301,0.365079,background,0.000000,45.779999,0,0,0.984127,0.015873
26.000000,0.365079,background,0.000000,45.689999,0,0,1.000000,0.015873
0.000000,0.730159,background,0.000000,40.490002,0,0,0.000000,0.031746
0.412698,0.730159,background,0.000000,40.520000,0,0,0.015873,0.031746
0.825397,0.730159,background,0.000000,40.580002,0,0,0.031746,0.031746
1.238095,0.730159,background,0.000000,40.660000,0,0,0.047619,0.031746
1.650794,0.730159,background,0.000000,40.759998,0,0,0.063492,0.031746
2.063492,0.730159,background,0.000000,40.869999,0,0,0.079365,0.031746
2.476191,0.730159,background,0.000000,40.990002,0,0,0.095238,0.031746
2.888889,0.730159,background,0.000000,41.110001,0,0,0.111111,0.031746
3.301587,0.730159,background,0.000000,41.250000,0,0,0.126984,0.031746
3.714286,0.730159,background,0.000000,41.389999,0,0,0.142857,0.031746
4.126984,0.730159,background,0.000000,41.529999,0,0,0.158730,0.031746
4.539682,0.730159,background,0.000000,41.680000,0,0,0.174603,0.031746
4.952381,0.730159,background,0.000000,41.830002,0,0,0.190476,0.031746
5.365079,0.730159,background,0.000000,41.980000,0,0,0.206349,0.031746
5.777778,0.730159,background,0.000000,42.130001,0,0,0.222222,0.031746
6.190476,0.730159,background,0.000000,42.290001,0,0,0.238095,0.031746
6.603175,0.730159,background,0.000000,42.450001,0,0,0.253968,0.031746
7.015873,0.730159,background,0.000000,42.619999,0,0,0.269841,0.031746
7.428571,0.730159,background,0.000000,42.790001,0,0,0.285714,0.031746
7.841270,0.730159,background,0.000000,42.970001,0,0,0.301587,0.031746
8.253968,0.730159,background,0.000000,43.150002,0,0,0.317460,0.031746
8.666667,0.730159,background,0.000000,43.340000,0,0,0.333333,0.031746
9.079365,0.730159,background,0.000000,43.540001,0,0,0.349206,0.031746
9.492064,0.730159,background,0.000000,43.750000,0,0,0.365079,0.031746
9.904762,0.730159,background,0.000000,43.959999,0,0,0.380952,0.031746
10.317460,0.730159,background,0.000000,44.189999,0,0,0.396825,0.031746
10.730159,0.730159,background,0.000000,44.419998,0,0,0.412698,0.031746
11.142858,0.730159,Analog_21,4.000000,44.669998,1,1,0.428571,0.031746
11.555555,0.730159,Analog_21,4.000000,44.930000,1,0,0.444444,0.031746
11.968254,0.730159,Analog_21,4.000000,45.200001,1,0,0.460317,0.031746
12.380953,0.730159,Analog_21,4.000000,45.470001,1,0,0.476191,0.031746
12.793651,0.730159,Analog_21,4.000000,45.730000,1,0,0.492063,0.031746
13.206349,0.730159,Analog_21,4.000000,45.990002,1,0,0.507937,0.031746
13.619047,0.730159,Analog_21,4.000000,46.250000,1,0,0.523809,0.031746
14.031746,0.730159,background,0.000000,46.509998,0,1,0.539683,0.031746
14.444445,0.730159,background,0.000000,46.779999,0,0,0.555556,0.031746
14.857142,0.730159,background,0.000000,47.070000,0,0,0.571429,0.031746
15.269841,0.730159,background,0.000000,47.400002,0,0,0.587302,0.031746
15.682540,0.730159,background,0.000000,47.779999,0,0,0.603175,0.031746
16.095238,0.730159,background,0.000000,48.220001,0,0,0.619048,0.031746
16.507936,0.730159,background,0.000000,48.660000,0,0,0.634921,0.031746
16.920635,0.730159,background,0.000000,49.200001,0,0,0.650794,0.031746
17.333334,0.730159,background,0.000000,49.490002,0,0,0.666667,0.031746
17.746031,0.730159,background,0.000000,49.599998,0,0,0.682540,0.031746
18.158730,0.730159,background,0.000000,49.560001,0,0,0.698413,0.031746
18.571428,0.730159,background,0.000000,49.349998,0,0,0.714286,0.031746
18.984127,0.730159,background,0.000000,48.939999,0,0,0.730159,0.031746
19.396826,0.730159,background,0.000000,48.770000,0,0,0.746032,0.031746
19.809525,0.730159,background,0.000000,48.779999,0,0,0.761905,0.031746
20.222221,0.730159,background,0.000000,49.029999,0,0,0.777778,0.031746
20.634920,0.730159,background,0.000000,49.130001,0,0,0.793651,0.031746
21.047619,0.730159,background,0.000000,49.110001,0,0,0.809524,0.031746
21.460318,0.730159,background,0.000000,48.980000,0,0,0.825397,0.031746
21.873016,0.730159,background,0.000000,48.730000,0,0,0.841270,0.031746
22.285715,0.730159,background,0.000000,48.320000,0,0,0.857143,0.031746
22.698412,0.730159,background,0.000000,48.000000,0,0,0.873016,0.031746
23.111111,0.730159,background,0.000000,47.689999,0,0,0.888889,0.031746
23.523809,0.730159,background,0.000000,47.400002,0,0,0.904762,0.031746
23.936508,0.730159,background,0.000000,47.130001,0,0,0.920635,0.031746
24.349207,0.730159,background,0.000000,46.869999,0,0,0.936508,0.031746
24.761906,0.730159,background,0.000000,46.619999,0,0,0.952381,0.031746
25.174603,0.730159,background,0.000000,46.389999,0,0,0.968254,0.031746
25.587301,0.730159,background,0.000000,46.200001,0,0,0.984127,0.031746
26.000000,0.730159,background,0.000000,46.090000,0,0,1.000000,0.031746
0.000000,1.095238,background,0.000000,40.570000,0,0,0.000000,0.047619
0.412698,1.095238,background,0.000000,40.610001,0,0,0.015873,0.047619
0.825397,1.095238,background,0.000000,40.669998,0,0,0.031746,0.047619
1.238095,1.095238,background,0.000000,40.750000,0,0,0.047619,0.047619
1.650794,1.095238,background,0.000000,40.860001,0,0,0.063492,0.047619
2.063492,1.095238,background,0.000000,40.970001,0,0,0.079365,0.047619
2.476191,1.095238,background,0.000000,41.099998,0,0,0.095238,0.047619
2.888889,1.095238,background,0.000000,41.230000,0,0,0.111111,0.047619
3.301587,1.095238,background,0.000000,41.369999,0,0,0.126984,0.047619
3.714286,1.095238,background,0.000000,41.520000,0,0,0.142857,0.047619
4.126984,1.095238,background,0.000000,41.660000,0,0,0.158730,0.047619
4.539682,1.095238,background,0.000000,41.820000,0,0,0.174603,0.047619
4.952381,1.095238,background,0.000000,41.970001,0,0,0.190476,0.047619
5.365079,1.095238,background,0.000000,42.130001,0,0,0.206349,0.047619
5.777778,1.095238,background,0.000000,42.299999,0,0,0.222222,0.047619
6.190476,1.095238,background,0.000000,42.470001,0,0,0.238095,0.047619
6.603175,1.095238,background,0.000000,42.639999,0,0,0.253968,0.047619
7.015873,1.095238,background,0.000000,42.820000,0,0,0.269841,0.047619
7.428571,1.095238,background,0.000000,43.000000,0,0,0.285714,0.047619
7.841270,1.095238,background,0.000000,43.189999,0,0,0.301587,0.047619
8.253968,1.095238,background,0.000000,43.389999,0,0,0.317460,0.047619
8.666667,1.095238,background,0.000000,43.590000,0,0,0.333333,0.047619
9.079365,1.095238,background,0.000000,43.810001,0,0,0.349206,0.047619
9.492064,1.095238,background,0.000000,44.029999,0,0,0.365079,0.047619
9.904762,1.095238,background,0.000000,44.270000,0,0,0.380952,0.047619
10.317460,1.095238,background,0.000000,44.520000,0,0,0.396825,0.047619
10.730159,1.095238,background,0.000000,44.790001,0,0,0.412698,0.047619
11.142858,1.095238,Analog_21,4.000000,45.070000,1,1,0.428571,0.047619
11.555555,1.095238,Analog_21,4.000000,45.369999,1,0,0.444444,0.047619
11.968254,1.095238,Analog_21,4.000000,45.689999,1,0,0.460317,0.047619
12.380953,1.095238,Analog_21,4.000000,46.009998,1,0,0.476191,0.047619
12.793651,1.095238,Analog_21,4.000000,46.310001,1,0,0.492063,0.047619
13.206349,1.095238,Analog_21,4.000000,46.590000,1,0,0.507937,0.047619
13.619047,1.095238,Analog_21,4.000000,46.860001,1,0,0.523809,0.047619
14.031746,1.095238,background,0.000000,47.130001,0,1,0.539683,0.047619
14.444445,1.095238,background,0.000000,47.400002,0,0,0.555556,0.047619
14.857142,1.095238,background,0.000000,47.689999,0,0,0.571429,0.047619
15.269841,1.095238,background,0.000000,48.009998,0,0,0.587302,0.047619
15.682540,1.095238,background,0.000000,48.369999,0,0,0.603175,0.047619
16.095238,1.095238,background,0.000000,48.779999,0,0,0.619048,0.047619
16.507936,1.095238,background,0.000000,49.200001,0,0,0.634921,0.047619
16.920635,1.095238,background,0.000000,49.720001,0,0,0.650794,0.047619
17.333334,1.095238,background,0.000000,50.000000,0,0,0.666667,0.047619
17.746031,1.095238,background,0.000000,50.099998,0,0,0.682540,0.047619
18.158730,1.095238,background,0.000000,50.040001,0,0,0.698413,0.047619
18.571428,1.095238,background,0.000000,49.830002,0,0,0.714286,0.047619
18.984127,1.095238,background,0.000000,49.410000,0,0,0.730159,0.047619
19.396826,1.095238,background,0.000000,49.230000,0,0,0.746032,0.047619
19.809525,1.095238,background,0.000000,49.259998,0,0,0.761905,0.047619
20.222221,1.095238,background,0.000000,49.540001,0,0,0.777778,0.047619
20.634920,1.095238,background,0.000000,49.660000,0,0,0.793651,0.047619
21.047619,1.095238,background,0.000000,49.660000,0,0,0.809524,0.047619
21.460318,1.095238,background,0.000000,49.549999,0,0,0.825397,0.047619
21.873016,1.095238,background,0.000000,49.340000,0,0,0.841270,0.047619
22.285715,1.095238,background,0.000000,49.000000,0,0,0.857143,0.047619
22.698412,1.095238,background,0.000000,48.669998,0,0,0.873016,0.047619
23.111111,1.095238,background,0.000000,48.369999,0,0,0.888889,0.047619
23.523809,1.095238,background,0.000000,48.090000,0,0,0.904762,0.047619
23.936508,1.095238,background,0.000000,47.820000,0,0,0.920635,0.047619
24.349207,1.095238,background,0.000000,47.540001,0,0,0.936508,0.047619
24.761906,1.095238,background,0.000000,47.270000,0,0,0.952381,0.047619
25.174603,1.095238,background,0.000000,47.000000,0,0,0.968254,0.047619
25.587301,1.095238,background,0.000000,46.759998,0,0,0.984127,0.047619
26.000000,1.095238,background,0.000000,46.639999,0,0,1.000000,0.047619
0.000000,1.460317,background,0.000000,40.680000,0,0,0.000000,0.063492
0.412698,1.460317,background,0.000000,40.720001,0,0,0.015873,0.063492
0.825397,1.460317,background,0.000000,40.779999,0,0,0.031746,0.063492
1.238095,1.460317,background,0.000000,40.869999,0,0,0.047619,0.063492
1.650794,1.460317,background,0.000000,40.980000,0,0,0.063492,0.063492
2.063492,1.460317,background,0.000000,41.099998,0,0,0.079365,0.063492
2.476191,1.460317,background,0.000000,41.230000,0,0,0.095238,0.063492
2.888889,1.460317,background,0.000000,41.369999,0,0,0.111111,0.063492
3.301587,1.460317,background,0.000000,41.520000,0,0,0.126984,0.063492
3.714286,1.460317,background,0.000000,41.669998,0,0,0.142857,0.063492
4.126984,1.460317,background,0.000000,41.830002,0,0,0.158730,0.063492
4.539682,1.460317,background,0.000000,41.990002,0,0,0.174603,0.063492
4.952381,1.460317,background,0.000000,42.160000,0,0,0.190476,0.063492
5.365079,1.460317,background,0.000000,42.330002,0,0,0.206349,0.063492
5.777778,1.460317,background,0.000000,42.500000,0,0,0.222222,0.063492
6.190476,1.460317,background,0.000000,42.680000,0,0,0.238095,0.063492
6.603175,1.460317,background,0.000000,42.869999,0,0,0.253968,0.063492
7.015873,1.460317,background,0.000000,43.060001,0,0,0.269841,0.063492
7.428571,1.460317,background,0.000000,43.259998,0,0,0.285714,0.063492
7.841270,1.460317,background,0.000000,43.459999,0,0,0.301587,0.063492
8.253968,1.460317,background,0.000000,43.680000,0,0,0.317460,0.063492
8.666667,1.460317,background,0.000000,43.910000,0,0,0.333333,0.063492
9.079365,1.460317,background,0.000000,44.150002,0,0,0.349206,0.063492
9.492064,1.460317,background,0.000000,44.400002,0,0,0.365079,0.063492
9.904762,1.460317,background,0.000000,44.669998,0,0,0.380952,0.063492
10.317460,1.460317,background,0.000000,44.950001,0,0,0.396825,0.063492
10.730159,1.460317,background,0.000000,45.250000,0,0,0.412698,0.063492
11.142858,1.460317,Analog_21,4.000000,45.580002,1,1,0.428571,0.063492
11.555555,1.460317,Analog_21,4.000000,45.939999,1,0,0.444444,0.063492
11.968254,1.460317,Analog_21,4.000000,46.340000,1,0,0.460317,0.063492
12.380953,1.460317,Analog_21,4.000000,46.740002,1,0,0.476191,0.063492
12.793651,1.460317,Analog_21,4.000000,47.099998,1,0,0.492063,0.063492
13.206349,1.460317,Analog_21,4.000000,47.410000,1,0,0.507937,0.063492
13.619047,1.460317,Analog_21,4.000000,47.689999,1,0,0.523809,0.063492
14.031746,1.460317,background,0.000000,47.959999,0,1,0.539683,0.063492
14.444445,1.460317,background,0.000000,48.230000,0,0,0.555556,0.063492
14.857142,1.460317,background,0.000000,48.509998,0,0,0.571429,0.063492
15.269841,1.460317,background,0.000000,48.820000,0,0,0.587302,0.063492
15.682540,1.460317,background,0.000000,49.160000,0,0,0.603175,0.063492
16.095238,1.460317,background,0.000000,49.529999,0,0,0.619048,0.063492
16.507936,1.460317,background,0.000000,49.900002,0,0,0.634921,0.063492
16.920635,1.460317,background,0.000000,50.380001,0,0,0.650794,0.063492
17.333334,1.460317,background,0.000000,50.630001,0,0,0.666667,0.063492
17.746031,1.460317,background,0.000000,50.709999,0,0,0.682540,0.063492
18.158730,1.460317,background,0.000000,50.630001,0,0,0.698413,0.063492
18.571428,1.460317,background,0.000000,50.389999,0,0,0.714286,0.063492
18.984127,1.460317,background,0.000000,49.950001,0,0,0.730159,0.063492
19.396826,1.460317,background,0.000000,49.770000,0,0,0.746032,0.063492
19.809525,1.460317,background,0.000000,49.779999,0,0,0.761905,0.063492
20.222221,1.460317,background,0.000000,50.060001,0,0,0.777778,0.063492
20.634920,1.460317,background,0.000000,50.200001,0,0,0.793651,0.063492
21.047619,1.460317,background,0.000000,50.209999,0,0,0.809524,0.063492
21.460318,1.460317,background,0.000000,50.139999,0,0,0.825397,0.063492
21.873016,1.460317,background,0.000000,50.000000,0,0,0.841270,0.063492
22.285715,1.460317,background,0.000000,49.790001,0,0,0.857143,0.063492
22.698412,1.460317,background,0.000000,49.549999,0,0,0.873016,0.063492
23.111111,1.460317,background,0.000000,49.290001,0,0,0.888889,0.063492
23.523809,1.460317,background,0.000000,49.020000,0,0,0.904762,0.063492
23.936508,1.460317,background,0.000000,48.740002,0,0,0.920635,0.063492
24.349207,1.460317,background,0.000000,48.450001,0,0,0.936508,0.063492
24.761906,1.460317,background,0.000000,48.139999,0,0,0.952381,0.063492
25.174603,1.460317,background,0.000000,47.830002,0,0,0.968254,0.063492
25.587301,1.460317,background,0.000000,47.509998,0,0,0.984127,0.063492
26.000000,1.460317,background,0.000000,47.320000,0,0,1.000000,0.063492
0.000000,1.825397,background,0.000000,40.799999,0,0,0.000000,0.079365
0.412698,1.825397,background,0.000000,40.840000,0,0,0.015873,0.079365
0.825397,1.825397,background,0.000000,40.910000,0,0,0.031746,0.079365
1.238095,1.825397,background,0.000000,41.009998,0,0,0.047619,0.079365
1.650794,1.825397,background,0.000000,41.119999,0,0,0.063492,0.079365
2.063492,1.825397,background,0.000000,41.250000,0,0,0.079365,0.079365
2.476191,1.825397,background,0.000000,41.389999,0,0,0.095238,0.079365
2.888889,1.825397,background,0.000000,41.540001,0,0,0.111111,0.079365
3.301587,1.825397,background,0.000000,41.689999,0,0,0.126984,0.079365
3.714286,1.825397,background,0.000000,41.860001,0,0,0.142857,0.079365
4.126984,1.825397,background,0.000000,42.020000,0,0,0.158730,0.079365
4.539682,1.825397,background,0.000000,42.200001,0,0,0.174603,0.079365
4.952381,1.825397,background,0.000000,42.369999,0,0,0.190476,0.079365
5.365079,1.825397,background,0.000000,42.549999,0,0,0.206349,0.079365
5.777778,1.825397,background,0.000000,42.740002,0,0,0.222222,0.079365
6.190476,1.825397,background,0.000000,42.930000,0,0,0.238095,0.079365
6.603175,1.825397,background,0.000000,43.130001,0,0,0.253968,0.079365
7.015873,1.825397,background,0.000000,43.340000,0,0,0.269841,0.079365
7.428571,1.825397,background,0.000000,43.560001,0,0,0.285714,0.079365
7.841270,1.825397,background,0.000000,43.790001,0,0,0.301587,0.079365
8.253968,1.825397,background,0.000000,44.029999,0,0,0.317460,0.079365
8.666667,1.825397,background,0.000000,44.290001,0,0,0.333333,0.079365
9.079365,1.825397,background,0.000000,44.560001,0,0,0.349206,0.079365
9.492064,1.825397,background,0.000000,44.849998,0,0,0.365079,0.079365
9.904762,1.825397,background,0.000000,45.150002,0,0,0.380952,0.079365
10.317460,1.825397,background,0.000000,45.470001,0,0,0.396825,0.079365
10.730159,1.825397,background,0.000000,45.820000,0,0,0.412698,0.079365
11.142858,1.825397,Analog_21,4.000000,46.200001,1,1,0.428571,0.079365
11.555555,1.825397,Analog_21,4.000000,46.639999,1,0,0.444444,0.079365
11.968254,1.825397,Analog_21,4.000000,47.139999,1,0,0.460317,0.079365
12.380953,1.825397,Analog_21,4.000000,47.669998,1,0,0.476191,0.079365
12.793651,1.825397,Analog_21,4.000000,48.099998,1,0,0.492063,0.079365
13.206349,1.825397,Analog_21,4.000000,48.430000,1,0,0.507937,0.079365
13.619047,1.825397,Analog_21,4.000000,48.720001,1,0,0.523809,0.079365
14.031746,1.825397,background,0.000000,48.980000,0,1,0.539683,0.079365
14.444445,1.825397,background,0.000000,49.250000,0,0,0.555556,0.079365
14.857142,1.825397,background,0.000000,49.529999,0,0,0.571429,0.079365
15.269841,1.825397,background,0.000000,49.840000,0,0,0.587302,0.079365
15.682540,1.825397,background,0.000000,50.160000,0,0,0.603175,0.079365
16.095238,1.825397,background,0.000000,50.529999,0,0,0.619048,0.079365
16.507936,1.825397,background,0.000000,50.840000,0,0,0.634921,0.079365
16.920635,1.825397,background,0.000000,51.270000,0,0,0.650794,0.079365
17.333334,1.825397,background,0.000000,51.480000,0,0,0.666667,0.079365
17.746031,1.825397,background,0.000000,51.509998,0,0,0.682540,0.079365
18.158730,1.825397,background,0.000000,51.369999,0,0,0.698413,0.079365
18.571428,1.825397,background,0.000000,51.070000,0,0,0.714286,0.079365
18.984127,1.825397,background,0.000000,50.590000,0,0,0.730159,0.079365
19.396826,1.825397,background,0.000000,50.369999,0,0,0.746032,0.079365
19.809525,1.825397,background,0.000000,50.349998,0,0,0.761905,0.079365
20.222221,1.825397,background,0.000000,50.619999,0,0,0.777778,0.079365
20.634920,1.825397,background,0.000000,50.759998,0,0,0.793651,0.079365
21.047619,1.825397,background,0.000000,50.799999,0,0,0.809524,0.079365
21.460318,1.825397,background,0.000000,50.759998,0,0,0.825397,0.079365
21.873016,1.825397,background,0.000000,50.660000,0,0,0.841270,0.079365
22.285715,1.825397,background,0.000000,50.490002,0,0,0.857143,0.079365
22.698412,1.825397,background,0.000000,50.279999,0,0,0.873016,0.079365
23.111111,1.825397,background,0.000000,50.020000,0,0,0.888889,0.079365
23.523809,1.825397,background,0.000000,49.730000,0,0,0.904762,0.079365
23.936508,1.825397,background,0.000000,49.400002,0,0,0.920635,0.079365
24.349207,1.825397,background,0.000000,49.070000,0,0,0.936508,0.079365
24.761906,1.825397,background,0.000000,48.730000,0,0,0.952381,0.079365
25.174603,1.825397,background,0.000000,48.380001,0,0,0.968254,0.079365
25.587301,1.825397,background,0.000000,48.029999,0,0,0.984127,0.079365
26.000000,1.825397,background,0.000000,47.840000,0,0,1.000000,0.079365
0.000000,2.190476,background,0.000000,40.939999,0,0,0.000000,0.095238
0.412698,2.190476,background,0.000000,40.990002,0,0,0.015873,0.095238
0.825397,2.190476,background,0.000000,41.060001,0,0,0.031746,0.095238
1.238095,2.190476,background,0.000000,41.160000,0,0,0.047619,0.095238
1.650794,2.190476,background,0.000000,41.279999,0,0,0.063492,0.095238
2.063492,2.190476,background,0.000000,41.410000,0,0,0.079365,0.095238
2.476191,2.190476,background,0.000000,41.560001,0,0,0.095238,0.095238
2.888889,2.190476,background,0.000000,41.720001,0,0,0.111111,0.095238
3.301587,2.190476,background,0.000000,41.889999,0,0,0.126984,0.095238
3.714286,2.190476,background,0.000000,42.060001,0,0,0.142857,0.095238
4.126984,2.190476,background,0.000000,42.240002,0,0,0.158730,0.095238
4.539682,2.190476,background,0.000000,42.430000,0,0,0.174603,0.095238
4.952381,2.190476,background,0.000000,42.619999,0,0,0.190476,0.095238
5.365079,2.190476,background,0.000000,42.810001,0,0,0.206349,0.095238
5.777778,2.190476,background,0.000000,43.009998,0,0,0.222222,0.095238
6.190476,2.190476,background,0.000000,43.220001,0,0,0.238095,0.095238
6.603175,2.190476,background,0.000000,43.439999,0,0,0.253968,0.095238
7.015873,2.190476,background,0.000000,43.660000,0,0,0.269841,0.095238
7.428571,2.190476,background,0.000000,43.900002,0,0,0.285714,0.095238
7.841270,2.190476,background,0.000000,44.160000,0,0,0.301587,0.095238
8.253968,2.190476,background,0.000000,44.430000,0,0,0.317460,0.095238
8.666667,2.190476,background,0.000000,44.730000,0,0,0.333333,0.095238
9.079365,2.190476,background,0.000000,45.049999,0,0,0.349206,0.095238
9.492064,2.190476,background,0.000000,45.389999,0,0,0.365079,0.095238
9.904762,2.190476,background,0.000000,45.740002,0,0,0.380952,0.095238
10.317460,2.190476,background,0.000000,46.099998,0,0,0.396825,0.095238
10.730159,2.190476,background,0.000000,46.480000,0,0,0.412698,0.095238
11.142858,2.190476,Analog_21,4.000000,46.910000,1,1,0.428571,0.095238
11.555555,2.190476,Analog_21,4.000000,47.419998,1,0,0.444444,0.095238
11.968254,2.190476,Analog_21,4.000000,48.029999,1,0,0.460317,0.095238
12.380953,2.190476,Analog_21,4.000000,48.610001,1,0,0.476191,0.095238
12.793651,2.190476,Analog_21,4.000000,49.049999,1,0,0.492063,0.095238
13.206349,2.190476,Analog_21,4.000000,49.369999,1,0,0.507937,0.095238
13.619047,2.190476,Analog_21,4.000000,49.650002,1,0,0.523809,0.095238
14.031746,2.190476,background,0.000000,49.900002,0,1,0.539683,0.095238
14.444445,2.190476,background,0.000000,50.169998,0,0,0.555556,0.095238
14.857142,2.190476,background,0.000000,50.480000,0,0,0.571429,0.095238
15.269841,2.190476,background,0.000000,50.840000,0,0,0.587302,0.095238
15.682540,2.190476,background,0.000000,51.279999,0,0,0.603175,0.095238
16.095238,2.190476,background,0.000000,51.860001,0,0,0.619048,0.095238
16.507936,2.190476,background,0.000000,52.200001,0,0,0.634921,0.095238
16.920635,2.190476,background,0.000000,52.540001,0,0,0.650794,0.095238
17.333334,2.190476,background,0.000000,52.689999,0,0,0.666667,0.095238
17.746031,2.190476,background,0.000000,52.639999,0,0,0.682540,0.095238
18.158730,2.190476,background,0.000000,52.400002,0,0,0.698413,0.095238
18.571428,2.190476,background,0.000000,51.930000,0,0,0.714286,0.095238
18.984127,2.190476,background,0.000000,51.349998,0,0,0.730159,0.095238
19.396826,2.190476,background,0.000000,51.060001,0,0,0.746032,0.095238
19.809525,2.190476,background,0.000000,50.990002,0,0,0.761905,0.095238
20.222221,2.190476,background,0.000000,51.230000,0,0,0.777778,0.095238
20.634920,2.190476,background,0.000000,51.389999,0,0,0.793651,0.095238
21.047619,2.190476,background,0.000000,51.480000,0,0,0.809524,0.095238
21.460318,2.190476,background,0.000000,51.490002,0,0,0.825397,0.095238
21.873016,2.190476,background,0.000000,51.410000,0,0,0.841270,0.095238
22.285715,2.190476,background,0.000000,51.259998,0,0,0.857143,0.095238
22.698412,2.190476,background,0.000000,51.040001,0,0,0.873016,0.095238
23.111111,2.190476,background,0.000000,50.750000,0,0,0.888889,0.095238
23.523809,2.190476,background,0.000000,50.389999,0,0,0.904762,0.095238
23.936508,2.190476,background,0.000000,49.959999,0,0,0.920635,0.095238
24.349207,2.190476,background,0.000000,49.540001,0,0,0.936508,0.095238
24.761906,2.190476,background,0.000000,49.139999,0,0,0.952381,0.095238
25.174603,2.190476,background,0.000000,48.759998,0,0,0.968254,0.095238
25.587301,2.190476,background,0.000000,48.400002,0,0,0.984127,0.095238
26.000000,2.190476,background,0.000000,48.200001,0,0,1.000000,0.095238
0.000000,2.555556,background,0.000000,41.099998,0,0,0.000000,0.111111
0.412698,2.555556,background,0.000000,41.139999,0,0,0.015873,0.111111
0.825397,2.555556,background,0.000000,41.220001,0,0,0.031746,0.111111
1.238095,2.555556,background,0.000000,41.330002,0,0,0.047619,0.111111
1.650794,2.555556,background,0.000000,41.450001,0,0,0.063492,0.111111
2.063492,2.555556,background,0.000000,41.599998,0,0,0.079365,0.111111
2.476191,2.555556,background,0.000000,41.759998,0,0,0.095238,0.111111
2.888889,2.555556,background,0.000000,41.930000,0,0,0.111111,0.111111
3.301587,2.555556,background,0.000000,42.110001,0,0,0.126984,0.111111
3.714286,2.555556,background,0.000000,42.290001,0,0,0.142857,0.111111
4.126984,2.555556,background,0.000000,42.490002,0,0,0.158730,0.111111
4.539682,2.555556,background,0.000000,42.689999,0,0,0.174603,0.111111
4.952381,2.555556,background,0.000000,42.889999,0,0,0.190476,0.111111
5.365079,2.555556,background,0.000000,43.099998,0,0,0.206349,0.111111
5.777778,2.555556,background,0.000000,43.320000,0,0,0.222222,0.111111
6.190476,2.555556,background,0.000000,43.540001,0,0,0.238095,0.111111
6.603175,2.555556,background,0.000000,43.779999,0,0,0.253968,0.111111
7.015873,2.555556,background,0.000000,44.029999,0,0,0.269841,0.111111
7.428571,2.555556,background,0.000000,44.290001,0,0,0.285714,0.111111
7.841270,2.555556,Analog_20,4.000000,44.580002,1,1,0.301587,0.111111
8.253968,2.555556,Analog_20,4.000000,44.889999,1,1,0.317460,0.111111
8.666667,2.555556,Analog_20,4.000000,45.240002,1,1,0.333333,0.111111
9.079365,2.555556,Analog_20,4.000000,45.619999,1,1,0.349206,0.111111
9.492064,2.555556,Analog_20,4.000000,46.020000,1,1,0.365079,0.111111
9.904762,2.555556,Analog_20,4.000000,46.439999,1,1,0.380952,0.111111
10.317460,2.555556,Analog_20,4.000000,46.849998,1,1,0.396825,0.111111
10.730159,2.555556,background,0.000000,47.259998,0,1,0.412698,0.111111
11.142858,2.555556,background,0.000000,47.700001,0,1,0.428571,0.111111
11.555555,2.555556,background,0.000000,48.220001,0,1,0.444444,0.111111
11.968254,2.555556,background,0.000000,48.840000,0,1,0.460317,0.111111
12.380953,2.555556,background,0.000000,49.419998,0,1,0.476191,0.111111
12.793651,2.555556,background,0.000000,49.840000,0,1,0.492063,0.111111
13.206349,2.555556,background,0.000000,50.160000,0,1,0.507937,0.111111
13.619047,2.555556,background,0.000000,50.430000,0,1,0.523809,0.111111
14.031746,2.555556,background,0.000000,50.700001,0,1,0.539683,0.111111
14.444445,2.555556,background,0.000000,51.000000,0,0,0.555556,0.111111
14.857142,2.555556,background,0.000000,51.380001,0,0,0.571429,0.111111
15.269841,2.555556,background,0.000000,51.919998,0,0,0.587302,0.111111
15.682540,2.555556,background,0.000000,52.689999,0,0,0.603175,0.111111
16.095238,2.555556,background,0.000000,53.520000,0,0,0.619048,0.111111
16.507936,2.555556,background,0.000000,54.029999,0,0,0.634921,0.111111
16.920635,2.555556,background,0.000000,54.299999,0,0,0.650794,0.111111
17.333334,2.555556,background,0.000000,54.380001,0,0,0.666667,0.111111
17.746031,2.555556,background,0.000000,54.259998,0,0,0.682540,0.111111
18.158730,2.555556,background,0.000000,53.849998,0,0,0.698413,0.111111
18.571428,2.555556,background,0.000000,53.080002,0,0,0.714286,0.111111
18.984127,2.555556,background,0.000000,52.299999,0,0,0.730159,0.111111
19.396826,2.555556,background,0.000000,51.860001,0,0,0.746032,0.111111
19.809525,2.555556,background,0.000000,51.709999,0,0,0.761905,0.111111
20.222221,2.555556,background,0.000000,51.919998,0,0,0.777778,0.111111
20.634920,2.555556,background,0.000000,52.139999,0,0,0.793651,0.111111
21.047619,2.555556,background,0.000000,52.349998,0,0,0.809524,0.111111
21.460318,2.555556,background,0.000000,52.459999,0,0,0.825397,0.111111
21.873016,2.555556,background,0.000000,52.430000,0,0,0.841270,0.111111
22.285715,2.555556,background,0.000000,52.299999,0,0,0.857143,0.111111
22.698412,2.555556,background,0.000000,52.049999,0,0,0.873016,0.111111
23.111111,2.555556,background,0.000000,51.689999,0,0,0.888889,0.111111
23.523809,2.555556,background,0.000000,51.180000,0,0,0.904762,0.111111
23.936508,2.555556,background,0.000000,50.520000,0,0,0.920635,0.111111
24.349207,2.555556,background,0.000000,49.919998,0,0,0.936508,0.111111
24.761906,2.555556,background,0.000000,49.419998,0,0,0.952381,0.111111
25.174603,2.555556,background,0.000000,48.990002,0,0,0.968254,0.111111
25.587301,2.555556,background,0.000000,48.610001,0,0,0.984127,0.111111
26.000000,2.555556,background,0.000000,48.430000,0,0,1.000000,0.111111
0.000000,2.920635,background,0.000000,41.270000,0,0,0.000000,0.126984
0.412698,2.920635,background,0.000000,41.310001,0,0,0.015873,0.126984
0.825397,2.920635,background,0.000000,41.400002,0,0,0.031746,0.126984
1.238095,2.920635,background,0.000000,41.509998,0,0,0.047619,0.126984
1.650794,2.920635,background,0.000000,41.650002,0,0,0.063492,0.126984
2.063492,2.920635,background,0.000000,41.799999,0,0,0.079365,0.126984
2.476191,2.920635,background,0.000000,41.970001,0,0,0.095238,0.126984
2.888889,2.920635,background,0.000000,42.160000,0,0,0.111111,0.126984
3.301587,2.920635,background,0.000000,42.349998,0,0,0.126984,0.126984
3.714286,2.920635,background,0.000000,42.549999,0,0,0.142857,0.126984
4.126984,2.920635,background,0.000000,42.759998,0,0,0.158730,0.126984
4.539682,2.920635,background,0.000000,42.970001,0,0,0.174603,0.126984
4.952381,2.920635,background,0.000000,43.189999,0,0,0.190476,0.126984
5.365079,2.920635,background,0.000000,43.419998,0,0,0.206349,0.126984
5.777778,2.920635,background,0.000000,43.660000,0,0,0.222222,0.126984
6.190476,2.920635,background,0.000000,43.900002,0,0,0.238095,0.126984
6.603175,2.920635,background,0.000000,44.160000,0,0,0.253968,0.126984
7.015873,2.920635,background,0.000000,44.430000,0,0,0.269841,0.126984
7.428571,2.920635,background,0.000000,44.720001,0,0,0.285714,0.126984
7.841270,2.920635,Analog_20,4.000000,45.049999,1,0,0.301587,0.126984
8.253968,2.920635,Analog_20,4.000000,45.410000,1,0,0.317460,0.126984
8.666667,2.920635,Analog_20,4.000000,45.820000,1,0,0.333333,0.126984
9.079365,2.920635,Analog_20,4.000000,46.279999,1,0,0.349206,0.126984
9.492064,2.920635,Analog_20,4.000000,46.790001,1,0,0.365079,0.126984
9.904762,2.920635,Analog_20,4.000000,47.310001,1,0,0.380952,0.126984
10.317460,2.920635,Analog_20,4.000000,47.779999,1,0,0.396825,0.126984
10.730159,2.920635,background,0.000000,48.200001,0,1,0.412698,0.126984
11.142858,2.920635,background,0.000000,48.590000,0,1,0.428571,0.126984
11.555555,2.920635,background,0.000000,49.029999,0,1,0.444444,0.126984
11.968254,2.920635,background,0.000000,49.529999,0,1,0.460317,0.126984
12.380953,2.920635,background,0.000000,50.009998,0,1,0.476191,0.126984
12.793651,2.920635,background,0.000000,50.389999,0,1,0.492063,0.126984
13.206349,2.920635,background,0.000000,50.689999,0,1,0.507937,0.126984
13.619047,2.920635,background,0.000000,50.959999,0,0,0.523809,0.126984
14.031746,2.920635,background,0.000000,51.240002,0,0,0.539683,0.126984
14.444445,2.920635,background,0.000000,51.580002,0,0,0.555556,0.126984
14.857142,2.920635,background,0.000000,52.070000,0,0,0.571429,0.126984
15.269841,2.920635,background,0.000000,52.799999,0,0,0.587302,0.126984
15.682540,2.920635,background,0.000000,53.869999,0,0,0.603175,0.126984
16.095238,2.920635,background,0.000000,54.930000,0,0,0.619048,0.126984
16.507936,2.920635,background,0.000000,55.560001,0,0,0.634921,0.126984
16.920635,2.920635,background,0.000000,55.860001,0,0,0.650794,0.126984
17.333334,2.920635,background,0.000000,55.919998,0,0,0.666667,0.126984
17.746031,2.920635,background,0.000000,55.730000,0,0,0.682540,0.126984
18.158730,2.920635,background,0.000000,55.200001,0,0,0.698413,0.126984
18.571428,2.920635,background,0.000000,54.200001,0,0,0.714286,0.126984
18.984127,2.920635,background,0.000000,53.189999,0,0,0.730159,0.126984
19.396826,2.920635,background,0.000000,52.619999,0,0,0.746032,0.126984
19.809525,2.920635,background,0.000000,52.470001,0,0,0.761905,0.126984
20.222221,2.920635,background,0.000000,52.669998,0,0,0.777778,0.126984
20.634920,2.920635,background,0.000000,53.040001,0,0,0.793651,0.126984
21.047619,2.920635,background,0.000000,53.540001,0,0,0.809524,0.126984
21.460318,2.920635,background,0.000000,53.830002,0,0,0.825397,0.126984
21.873016,2.920635,background,0.000000,53.889999,0,0,0.841270,0.126984
22.285715,2.920635,background,0.000000,53.770000,0,0,0.857143,0.126984
22.698412,2.920635,background,0.000000,53.500000,0,0,0.873016,0.126984
23.111111,2.920635,background,0.000000,53.029999,0,0,0.888889,0.126984
23.523809,2.920635,background,0.000000,52.290001,0,0,0.904762,0.126984
23.936508,2.920635,background,0.000000,51.169998,0,0,0.920635,0.126984
24.349207,2.920635,background,0.000000,50.240002,0,0,0.936508,0.126984
24.761906,2.920635,background,0.000000,49.580002,0,0,0.952381,0.126984
25.174603,2.920635,background,0.000000,49.090000,0,0,0.968254,0.126984
25.587301,2.920635,background,0.000000,48.720001,0,0,0.984127,0.126984
26.000000,2.920635,background,0.000000,48.560001,0,0,1.000000,0.126984
0.000000,3.285714,background,0.000000,41.450001,0,0,0.000000,0.142857
0.412698,3.285714,background,0.000000,41.500000,0,0,0.015873,0.142857
0.825397,3.285714,background,0.000000,41.590000,0,0,0.031746,0.142857
1.238095,3.285714,background,0.000000,41.709999,0,0,0.047619,0.142857
1.650794,3.285714,background,0.000000,41.860001,0,0,0.063492,0.142857
2.063492,3.285714,background,0.000000,42.020000,0,0,0.079365,0.142857
2.476191,3.285714,background,0.000000,42.209999,0,0,0.095238,0.142857
2.888889,3.285714,background,0.000000,42.410000,0,0,0.111111,0.142857
3.301587,3.285714,background,0.000000,42.610001,0,0,0.126984,0.142857
3.714286,3.285714,background,0.000000,42.830002,0,0,0.142857,0.142857
4.126984,3.285714,background,0.000000,43.060001,0,0,0.158730,0.142857
4.539682,3.285714,background,0.000000,43.290001,0,0,0.174603,0.142857
4.952381,3.285714,background,0.000000,43.529999,0,0,0.190476,0.142857
5.365079,3.285714,background,0.000000,43.779999,0,0,0.206349,0.142857
5.777778,3.285714,background,0.000000,44.040001,0,0,0.222222,0.142857
6.190476,3.285714,background,0.000000,44.299999,0,0,0.238095,0.142857
6.603175,3.285714,background,0.000000,44.580002,0,0,0.253968,0.142857
7.015873,3.285714,background,0.000000,44.880001,0,0,0.269841,0.142857
7.428571,3.285714,background,0.000000,45.200001,0,0,0.285714,0.142857
7.841270,3.285714,Analog_20,4.000000,45.560001,1,0,0.301587,0.142857
8.253968,3.285714,Analog_20,4.000000,45.970001,1,0,0.317460,0.142857
8.666667,3.285714,Analog_20,4.000000,46.450001,1,0,0.333333,0.142857
9.079365,3.285714,Analog_20,4.000000,47.020000,1,0,0.349206,0.142857
9.492064,3.285714,Analog_20,4.000000,47.680000,1,0,0.365079,0.142857
9.904762,3.285714,Analog_20,4.000000,48.369999,1,0,0.380952,0.142857
10.317460,3.285714,Analog_20,4.000000,48.900002,1,0,0.396825,0.142857
10.730159,3.285714,CPU1_10,12.000000,49.290001,1,1,0.412698,0.142857
11.142858,3.285714,CPU1_10,12.000000,49.590000,1,0,0.428571,0.142857
11.555555,3.285714,CPU1_10,12.000000,49.860001,1,0,0.444444,0.142857
11.968254,3.285714,CPU1_10,12.000000,50.139999,1,0,0.460317,0.142857
12.380953,3.285714,CPU1_10,12.000000,50.450001,1,0,0.476191,0.142857
12.793651,3.285714,CPU1_10,12.000000,50.750000,1,0,0.492063,0.142857
13.206349,3.285714,background,0.000000,51.009998,0,1,0.507937,0.142857
13.619047,3.285714,background,0.000000,51.270000,0,0,0.523809,0.142857
14.031746,3.285714,background,0.000000,51.570000,0,0,0.539683,0.142857
14.444445,3.285714,background,0.000000,51.959999,0,0,0.555556,0.142857
14.857142,3.285714,background,0.000000,52.520000,0,0,0.571429,0.142857
15.269841,3.285714,background,0.000000,53.380001,0,0,0.587302,0.142857
15.682540,3.285714,background,0.000000,54.619999,0,0,0.603175,0.142857
16.095238,3.285714,background,0.000000,55.799999,0,0,0.619048,0.142857
16.507936,3.285714,background,0.000000,56.529999,0,0,0.634921,0.142857
16.920635,3.285714,background,0.000000,56.880001,0,0,0.650794,0.142857
17.333334,3.285714,background,0.000000,56.939999,0,0,0.666667,0.142857
17.746031,3.285714,background,0.000000,56.720001,0,0,0.682540,0.142857
18.158730,3.285714,background,0.000000,56.119999,0,0,0.698413,0.142857
18.571428,3.285714,background,0.000000,55.090000,0,0,0.714286,0.142857
18.984127,3.285714,background,0.000000,54.070000,0,0,0.730159,0.142857
19.396826,3.285714,background,0.000000,53.480000,0,0,0.746032,0.142857
19.809525,3.285714,background,0.000000,53.290001,0,0,0.761905,0.142857
20.222221,3.285714,background,0.000000,53.450001,0,0,0.777778,0.142857
20.634920,3.285714,background,0.000000,53.950001,0,0,0.793651,0.142857
21.047619,3.285714,background,0.000000,54.799999,0,0,0.809524,0.142857
21.460318,3.285714,background,0.000000,55.299999,0,0,0.825397,0.142857
21.873016,3.285714,background,0.000000,55.439999,0,0,0.841270,0.142857
22.285715,3.285714,background,0.000000,55.349998,0,0,0.857143,0.142857
22.698412,3.285714,background,0.000000,55.040001,0,0,0.873016,0.142857
23.111111,3.285714,background,0.000000,54.490002,0,0,0.888889,0.142857
23.523809,3.285714,background,0.000000,53.549999,0,0,0.904762,0.142857
23.936508,3.285714,background,0.000000,52.070000,0,0,0.920635,0.142857
24.349207,3.285714,background,0.000000,50.849998,0,0,0.936508,0.142857
24.761906,3.285714,background,0.000000,50.040001,0,0,0.952381,0.142857
25.174603,3.285714,background,0.000000,49.480000,0,0,0.968254,0.142857
25.587301,3.285714,background,0.000000,49.070000,0,0,0.984127,0.142857
26.000000,3.285714,background,0.000000,48.830002,0,0,1.000000,0.142857
0.000000,3.650794,background,0.000000,41.650002,0,0,0.000000,0.158730
0.412698,3.650794,background,0.000000,41.700001,0,0,0.015873,0.158730
0.825397,3.650794,background,0.000000,41.799999,0,0,0.031746,0.158730
1.238095,3.650794,background,0.000000,41.930000,0,0,0.047619,0.158730
1.650794,3.650794,background,0.000000,42.090000,0,0,0.063492,0.158730
2.063492,3.650794,background,0.000000,42.270000,0,0,0.079365,0.158730
2.476191,3.650794,background,0.000000,42.470001,0,0,0.095238,0.158730
2.888889,3.650794,background,0.000000,42.680000,0,0,0.111111,0.158730
3.301587,3.650794,background,0.000000,42.910000,0,0,0.126984,0.158730
3.714286,3.650794,background,0.000000,43.150002,0,0,0.142857,0.158730
4.126984,3.650794,background,0.000000,43.400002,0,0,0.158730,0.158730
4.539682,3.650794,background,0.000000,43.650002,0,0,0.174603,0.158730
4.952381,3.650794,background,0.000000,43.919998,0,0,0.190476,0.158730
5.365079,3.650794,background,0.000000,44.189999,0,0,0.206349,0.158730
5.777778,3.650794,background,0.000000,44.470001,0,0,0.222222,0.158730
6.190476,3.650794,background,0.000000,44.759998,0,0,0.238095,0.158730
6.603175,3.650794,background,0.000000,45.060001,0,0,0.253968,0.158730
7.015873,3.650794,background,0.000000,45.380001,0,0,0.269841,0.158730
7.428571,3.650794,background,0.000000,45.730000,0,0,0.285714,0.158730
7.841270,3.650794,Analog_20,4.000000,46.119999,1,0,0.301587,0.158730
8.253968,3.650794,Analog_20,4.000000,46.580002,1,0,0.317460,0.158730
8.666667,3.650794,Analog_20,4.000000,47.119999,1,0,0.333333,0.158730
9.079365,3.650794,Analog_20,4.000000,47.790001,1,0,0.349206,0.158730
9.492064,3.650794,Analog_20,4.000000,48.599998,1,0,0.365079,0.158730
9.904762,3.650794,Analog_20,4.000000,49.360001,1,0,0.380952,0.158730
10.317460,3.650794,Analog_20,4.000000,49.869999,1,0,0.396825,0.158730
10.730159,3.650794,CPU1_10,12.000000,50.200001,1,1,0.412698,0.158730
11.142858,3.650794,CPU1_10,12.000000,50.410000,1,0,0.428571,0.158730
11.555555,3.650794,CPU1_10,12.000000,50.529999,1,0,0.444444,0.158730
11.968254,3.650794,CPU1_10,12.000000,50.560001,1,0,0.460317,0.158730
12.380953,3.650794,CPU1_10,12.000000,50.689999,1,0,0.476191,0.158730
12.793651,3.650794,CPU1_10,12.000000,50.880001,1,1,0.492063,0.158730
13.206349,3.650794,Analog_23,4.000000,51.099998,1,1,0.507937,0.158730
13.619047,3.650794,Analog_23,4.000000,51.340000,1,1,0.523809,0.158730
14.031746,3.650794,Analog_23,4.000000,51.660000,1,1,0.539683,0.158730
14.444445,3.650794,Analog_23,4.000000,52.090000,1,1,0.555556,0.158730
14.857142,3.650794,Analog_4,4.000000,52.740002,1,1,0.571429,0.158730
15.269841,3.650794,Analog_4,4.000000,53.730000,1,1,0.587302,0.158730
15.682540,3.650794,Analog_4,4.000000,55.110001,1,1,0.603175,0.158730
16.095238,3.650794,Analog_4,4.000000,56.400002,1,1,0.619048,0.158730
16.507936,3.650794,Analog_4,4.000000,57.180000,1,1,0.634921,0.158730
16.920635,3.650794,Analog_4,4.000000,57.549999,1,1,0.650794,0.158730
17.333334,3.650794,Analog_4,4.000000,57.619999,1,1,0.666667,0.158730
17.746031,3.650794,background,0.000000,57.389999,0,1,0.682540,0.158730
18.158730,3.650794,background,0.000000,56.770000,0,0,0.698413,0.158730
18.571428,3.650794,background,0.000000,55.709999,0,0,0.714286,0.158730
18.984127,3.650794,background,0.000000,54.689999,0,0,0.730159,0.158730
19.396826,3.650794,background,0.000000,54.099998,0,0,0.746032,0.158730
19.809525,3.650794,background,0.000000,53.900002,0,0,0.761905,0.158730
20.222221,3.650794,background,0.000000,54.070000,0,0,0.777778,0.158730
20.634920,3.650794,background,0.000000,54.669998,0,0,0.793651,0.158730
21.047619,3.650794,background,0.000000,55.680000,0,0,0.809524,0.158730
21.460318,3.650794,background,0.000000,56.279999,0,0,0.825397,0.158730
21.873016,3.650794,background,0.000000,56.480000,0,0,0.841270,0.158730
22.285715,3.650794,background,0.000000,56.389999,0,0,0.857143,0.158730
22.698412,3.650794,background,0.000000,56.049999,0,0,0.873016,0.158730
23.111111,3.650794,background,0.000000,55.410000,0,0,0.888889,0.158730
23.523809,3.650794,background,0.000000,54.340000,0,0,0.904762,0.158730
23.936508,3.650794,background,0.000000,52.779999,0,0,0.920635,0.158730
24.349207,3.650794,background,0.000000,51.599998,0,0,0.936508,0.158730
24.761906,3.650794,background,0.000000,50.790001,0,0,0.952381,0.158730
25.174603,3.650794,background,0.000000,50.209999,0,0,0.968254,0.158730
25.587301,3.650794,background,0.000000,49.750000,0,0,0.984127,0.158730
26.000000,3.650794,background,0.000000,49.400002,0,0,1.000000,0.158730
0.000000,4.015873,background,0.000000,41.860001,0,0,0.000000,0.174603
0.412698,4.015873,background,0.000000,41.919998,0,0,0.015873,0.174603
0.825397,4.015873,background,0.000000,42.020000,0,0,0.031746,0.174603
1.238095,4.015873,background,0.000000,42.160000,0,0,0.047619,0.174603
1.650794,4.015873,background,0.000000,42.340000,0,0,0.063492,0.174603
2.063492,4.015873,background,0.000000,42.540001,0,0,0.079365,0.174603
2.476191,4.015873,background,0.000000,42.759998,0,0,0.095238,0.174603
2.888889,4.015873,background,0.000000,42.990002,0,0,0.111111,0.174603
3.301587,4.015873,background,0.000000,43.240002,0,0,0.126984,0.174603
3.714286,4.015873,background,0.000000,43.500000,0,0,0.142857,0.174603
4.126984,4.015873,background,0.000000,43.770000,0,0,0.158730,0.174603
4.539682,4.015873,background,0.000000,44.060001,0,0,0.174603,0.174603
4.952381,4.015873,background,0.000000,44.349998,0,0,0.190476,0.174603
5.365079,4.015873,background,0.000000,44.660000,0,0,0.206349,0.174603
5.777778,4.015873,background,0.000000,44.970001,0,0,0.222222,0.174603
6.190476,4.015873,background,0.000000,45.279999,0,0,0.238095,0.174603
6.603175,4.015873,background,0.000000,45.610001,0,0,0.253968,0.174603
7.015873,4.015873,background,0.000000,45.950001,0,0,0.269841,0.174603
7.428571,4.015873,background,0.000000,46.320000,0,0,0.285714,0.174603
7.841270,4.015873,Analog_20,4.000000,46.740002,1,0,0.301587,0.174603
8.253968,4.015873,Analog_20,4.000000,47.220001,1,0,0.317460,0.174603
8.666667,4.015873,Analog_20,4.000000,47.790001,1,0,0.333333,0.174603
9.079365,4.015873,Analog_20,4.000000,48.490002,1,0,0.349206,0.174603
9.492064,4.015873,Analog_20,4.000000,49.320000,1,0,0.365079,0.174603
9.904762,4.015873,Analog_20,4.000000,50.040001,1,0,0.380952,0.174603
10.317460,4.015873,Analog_20,4.000000,50.509998,1,0,0.396825,0.174603
10.730159,4.015873,CPU1_10,12.000000,50.799999,1,1,0.412698,0.174603
11.142858,4.015873,CPU1_10,12.000000,50.959999,1,0,0.428571,0.174603
11.555555,4.015873,CPU1_10,12.000000,50.980000,1,0,0.444444,0.174603
11.968254,4.015873,CPU1_10,12.000000,50.860001,1,0,0.460317,0.174603
12.380953,4.015873,CPU1_10,12.000000,50.730000,1,0,0.476191,0.174603
12.793651,4.015873,CPU1_10,12.000000,50.759998,1,1,0.492063,0.174603
13.206349,4.015873,Analog_23,4.000000,50.889999,1,1,0.507937,0.174603
13.619047,4.015873,Analog_23,4.000000,51.119999,1,0,0.523809,0.174603
14.031746,4.015873,Analog_23,4.000000,51.459999,1,0,0.539683,0.174603
14.444445,4.015873,Analog_23,4.000000,51.970001,1,0,0.555556,0.174603
14.857142,4.015873,Analog_4,4.000000,52.759998,1,0,0.571429,0.174603
15.269841,4.015873,Analog_4,4.000000,53.959999,1,0,0.587302,0.174603
15.682540,4.015873,Analog_4,4.000000,55.509998,1,1,0.603175,0.174603
16.095238,4.015873,Analog_4,4.000000,56.880001,1,0,0.619048,0.174603
16.507936,4.015873,Analog_4,4.000000,57.669998,1,0,0.634921,0.174603
16.920635,4.015873,Analog_4,4.000000,58.049999,1,0,0.650794,0.174603
17.333334,4.015873,Analog_4,4.000000,58.130001,1,0,0.666667,0.174603
17.746031,4.015873,background,0.000000,57.889999,0,1,0.682540,0.174603
18.158730,4.015873,background,0.000000,57.270000,0,0,0.698413,0.174603
18.571428,4.015873,background,0.000000,56.209999,0,0,0.714286,0.174603
18.984127,4.015873,background,0.000000,55.180000,0,0,0.730159,0.174603
19.396826,4.015873,background,0.000000,54.590000,0,0,0.746032,0.174603
19.809525,4.015873,background,0.000000,54.389999,0,0,0.761905,0.174603
20.222221,4.015873,background,0.000000,54.580002,0,0,0.777778,0.174603
20.634920,4.015873,background,0.000000,55.209999,0,0,0.793651,0.174603
21.047619,4.015873,background,0.000000,56.270000,0,0,0.809524,0.174603
21.460318,4.015873,background,0.000000,56.919998,0,0,0.825397,0.174603
21.873016,4.015873,background,0.000000,57.139999,0,0,0.841270,0.174603
22.285715,4.015873,background,0.000000,57.060001,0,0,0.857143,0.174603
22.698412,4.015873,background,0.000000,56.700001,0,0,0.873016,0.174603
23.111111,4.015873,background,0.000000,56.009998,0,0,0.888889,0.174603
23.523809,4.015873,background,0.000000,54.869999,0,0,0.904762,0.174603
23.936508,4.015873,background,0.000000,53.259998,0,0,0.920635,0.174603
24.349207,4.015873,background,0.000000,52.080002,0,0,0.936508,0.174603
24.761906,4.015873,background,0.000000,51.279999,0,0,0.952381,0.174603
25.174603,4.015873,background,0.000000,50.680000,0,0,0.968254,0.174603
25.587301,4.015873,background,0.000000,50.200001,0,0,0.984127,0.174603
26.000000,4.015873,background,0.000000,49.820000,0,0,1.000000,0.174603
0.000000,4.380952,background,0.000000,42.090000,0,0,0.000000,0.190476
0.412698,4.380952,background,0.000000,42.150002,0,0,0.015873,0.190476
0.825397,4.380952,background,0.000000,42.259998,0,0,0.031746,0.190476
1.238095,4.380952,background,0.000000,42.419998,0,0,0.047619,0.190476
1.650794,4.380952,background,0.000000,42.610001,0,0,0.063492,0.190476
2.063492,4.380952,background,0.000000,42.830002,0,0,0.079365,0.190476
2.476191,4.380952,background,0.000000,43.080002,0,0,0.095238,0.190476
2.888889,4.380952,background,0.000000,43.340000,0,0,0.111111,0.190476
3.301587,4.380952,background,0.000000,43.610001,0,0,0.126984,0.190476
3.714286,4.380952,background,0.000000,43.900002,0,0,0.142857,0.190476
4.126984,4.380952,background,0.000000,44.209999,0,0,0.158730,0.190476
4.539682,4.380952,background,0.000000,44.520000,0,0,0.174603,0.190476
4.952381,4.380952,background,0.000000,44.849998,0,0,0.190476,0.190476
5.365079,4.380952,background,0.000000,45.200001,0,0,0.206349,0.190476
5.777778,4.380952,background,0.000000,45.549999,0,0,0.222222,0.190476
6.190476,4.380952,background,0.000000,45.900002,0,0,0.238095,0.190476
6.603175,4.380952,background,0.000000,46.250000,0,0,0.253968,0.190476
7.015873,4.380952,background,0.000000,46.610001,0,0,0.269841,0.190476
7.428571,4.380952,background,0.000000,47.000000,0,0,0.285714,0.190476
7.841270,4.380952,Analog_20,4.000000,47.419998,1,1,0.301587,0.190476
8.253968,4.380952,Analog_20,4.000000,47.910000,1,1,0.317460,0.190476
8.666667,4.380952,Analog_20,4.000000,48.480000,1,1,0.333333,0.190476
9.079365,4.380952,Analog_20,4.000000,49.169998,1,1,0.349206,0.190476
9.492064,4.380952,Analog_20,4.000000,49.959999,1,1,0.365079,0.190476
9.904762,4.380952,Analog_20,4.000000,50.610001,1,1,0.380952,0.190476
10.317460,4.380952,Analog_20,4.000000,51.049999,1,1,0.396825,0.190476
10.730159,4.380952,CPU1_10,12.000000,51.310001,1,1,0.412698,0.190476
11.142858,4.380952,CPU1_10,12.000000,51.430000,1,0,0.428571,0.190476
11.555555,4.380952,CPU1_10,12.000000,51.400002,1,0,0.444444,0.190476
11.968254,4.380952,CPU1_10,12.000000,51.209999,1,0,0.460317,0.190476
12.380953,4.380952,CPU1_10,12.000000,51.029999,1,0,0.476191,0.190476
12.793651,4.380952,CPU1_10,12.000000,50.939999,1,1,0.492063,0.190476
13.206349,4.380952,Analog_23,4.000000,51.009998,1,1,0.507937,0.190476
13.619047,4.380952,Analog_23,4.000000,51.230000,1,0,0.523809,0.190476
14.031746,4.380952,Analog_23,4.000000,51.630001,1,0,0.539683,0.190476
14.444445,4.380952,Analog_23,4.000000,52.250000,1,0,0.555556,0.190476
14.857142,4.380952,Analog_4,4.000000,53.180000,1,0,0.571429,0.190476
15.269841,4.380952,Analog_4,4.000000,54.500000,1,0,0.587302,0.190476
15.682540,4.380952,Analog_4,4.000000,55.970001,1,1,0.603175,0.190476
16.095238,4.380952,Analog_4,4.000000,57.299999,1,0,0.619048,0.190476
16.507936,4.380952,Analog_4,4.000000,58.060001,1,0,0.634921,0.190476
16.920635,4.380952,Analog_4,4.000000,58.439999,1,0,0.650794,0.190476
17.333334,4.380952,Analog_4,4.000000,58.529999,1,0,0.666667,0.190476
17.746031,4.380952,background,0.000000,58.299999,0,1,0.682540,0.190476
18.158730,4.380952,background,0.000000,57.689999,0,0,0.698413,0.190476
18.571428,4.380952,background,0.000000,56.639999,0,0,0.714286,0.190476
18.984127,4.380952,background,0.000000,55.619999,0,0,0.730159,0.190476
19.396826,4.380952,background,0.000000,55.029999,0,0,0.746032,0.190476
19.809525,4.380952,background,0.000000,54.830002,0,0,0.761905,0.190476
20.222221,4.380952,background,0.000000,55.009998,0,0,0.777778,0.190476
20.634920,4.380952,background,0.000000,55.639999,0,0,0.793651,0.190476
21.047619,4.380952,background,0.000000,56.709999,0,0,0.809524,0.190476
21.460318,4.380952,background,0.000000,57.369999,0,0,0.825397,0.190476
21.873016,4.380952,background,0.000000,57.599998,0,0,0.841270,0.190476
22.285715,4.380952,background,0.000000,57.520000,0,0,0.857143,0.190476
22.698412,4.380952,background,0.000000,57.150002,0,0,0.873016,0.190476
23.111111,4.380952,background,0.000000,56.439999,0,0,0.888889,0.190476
23.523809,4.380952,background,0.000000,55.270000,0,0,0.904762,0.190476
23.936508,4.380952,background,0.000000,53.650002,0,0,0.920635,0.190476
24.349207,4.380952,background,0.000000,52.459999,0,0,0.936508,0.190476
24.761906,4.380952,background,0.000000,51.650002,0,0,0.952381,0.190476
25.174603,4.380952,background,0.000000,51.049999,0,0,0.968254,0.190476
25.587301,4.380952,background,0.000000,50.549999,0,0,0.984127,0.190476
26.000000,4.380952,background,0.000000,50.160000,0,0,1.000000,0.190476
0.000000,4.746032,background,0.000000,42.330002,0,0,0.000000,0.206349
0.412698,4.746032,background,0.000000,42.400002,0,0,0.015873,0.206349
0.825397,4.746032,background,0.000000,42.529999,0,0,0.031746,0.206349
1.238095,4.746032,background,0.000000,42.700001,0,0,0.047619,0.206349
1.650794,4.746032,background,0.000000,42.919998,0,0,0.063492,0.206349
2.063492,4.746032,background,0.000000,43.169998,0,0,0.079365,0.206349
2.476191,4.746032,background,0.000000,43.439999,0,0,0.095238,0.206349
2.888889,4.746032,background,0.000000,43.730000,0,0,0.111111,0.206349
3.301587,4.746032,background,0.000000,44.040001,0,0,0.126984,0.206349
3.714286,4.746032,background,0.000000,44.360001,0,0,0.142857,0.206349
4.126984,4.746032,background,0.000000,44.700001,0,0,0.158730,0.206349
4.539682,4.746032,background,0.000000,45.060001,0,0,0.174603,0.206349
4.952381,4.746032,background,0.000000,45.439999,0,0,0.190476,0.206349
5.365079,4.746032,background,0.000000,45.840000,0,0,0.206349,0.206349
5.777778,4.746032,background,0.000000,46.240002,0,0,0.222222,0.206349
6.190476,4.746032,background,0.000000,46.630001,0,0,0.238095,0.206349
6.603175,4.746032,background,0.000000,47.009998,0,0,0.253968,0.206349
7.015873,4.746032,background,0.000000,47.389999,0,0,0.269841,0.206349
7.428571,4.746032,background,0.000000,47.779999,0,0,0.285714,0.206349
7.841270,4.746032,background,0.000000,48.209999,0,0,0.301587,0.206349
8.253968,4.746032,background,0.000000,48.689999,0,0,0.317460,0.206349
8.666667,4.746032,background,0.000000,49.240002,0,0,0.333333,0.206349
9.079365,4.746032,background,0.000000,49.880001,0,0,0.349206,0.206349
9.492064,4.746032,background,0.000000,50.599998,0,0,0.365079,0.206349
9.904762,4.746032,background,0.000000,51.189999,0,0,0.380952,0.206349
10.317460,4.746032,background,0.000000,51.580002,0,0,0.396825,0.206349
10.730159,4.746032,CPU1_10,12.000000,51.810001,1,1,0.412698,0.206349
11.142858,4.746032,CPU1_10,12.000000,51.900002,1,0,0.428571,0.206349
11.555555,4.746032,CPU1_10,12.000000,51.830002,1,0,0.444444,0.206349
11.968254,4.746032,CPU1_10,12.000000,51.599998,1,0,0.460317,0.206349
12.380953,4.746032,CPU1_10,12.000000,51.389999,1,0,0.476191,0.206349
12.793651,4.746032,CPU1_10,12.000000,51.240002,1,1,0.492063,0.206349
13.206349,4.746032,Analog_23,4.000000,51.259998,1,1,0.507937,0.206349
13.619047,4.746032,Analog_23,4.000000,51.470001,1,0,0.523809,0.206349
14.031746,4.746032,Analog_23,4.000000,51.889999,1,0,0.539683,0.206349
14.444445,4.746032,Analog_23,4.000000,52.560001,1,0,0.555556,0.206349
14.857142,4.746032,Analog_4,4.000000,53.560001,1,0,0.571429,0.206349
15.269841,4.746032,Analog_4,4.000000,54.910000,1,0,0.587302,0.206349
15.682540,4.746032,Analog_4,4.000000,56.310001,1,1,0.603175,0.206349
16.095238,4.746032,Analog_4,4.000000,57.610001,1,0,0.619048,0.206349
16.507936,4.746032,Analog_4,4.000000,58.369999,1,0,0.634921,0.206349
16.920635,4.746032,Analog_4,4.000000,58.759998,1,0,0.650794,0.206349
17.333334,4.746032,Analog_4,4.000000,58.869999,1,0,0.666667,0.206349
17.746031,4.746032,background,0.000000,58.669998,0,1,0.682540,0.206349
18.158730,4.746032,background,0.000000,58.090000,0,0,0.698413,0.206349
18.571428,4.746032,background,0.000000,57.070000,0,0,0.714286,0.206349
18.984127,4.746032,background,0.000000,56.070000,0,0,0.730159,0.206349
19.396826,4.746032,background,0.000000,55.480000,0,0,0.746032,0.206349
19.809525,4.746032,background,0.000000,55.270000,0,0,0.761905,0.206349
20.222221,4.746032,background,0.000000,55.410000,0,0,0.777778,0.206349
20.634920,4.746032,background,0.000000,56.020000,0,0,0.793651,0.206349
21.047619,4.746032,background,0.000000,57.070000,0,0,0.809524,0.206349
21.460318,4.746032,background,0.000000,57.709999,0,0,0.825397,0.206349
21.873016,4.746032,background,0.000000,57.950001,0,0,0.841270,0.206349
22.285715,4.746032,background,0.000000,57.860001,0,0,0.857143,0.206349
22.698412,4.746032,background,0.000000,57.500000,0,0,0.873016,0.206349
23.111111,4.746032,background,0.000000,56.790001,0,0,0.888889,0.206349
23.523809,4.746032,background,0.000000,55.619999,0,0,0.904762,0.206349
23.936508,4.746032,background,0.000000,53.990002,0,0,0.920635,0.206349
24.349207,4.746032,background,0.000000,52.810001,0,0,0.936508,0.206349
24.761906,4.746032,background,0.000000,52.000000,0,0,0.952381,0.206349
25.174603,4.746032,background,0.000000,51.380001,0,0,0.968254,0.206349
25.587301,4.746032,background,0.000000,50.860001,0,0,0.984127,0.206349
26.000000,4.746032,background,0.000000,50.470001,0,0,1.000000,0.206349
0.000000,5.111111,background,0.000000,42.590000,0,0,0.000000,0.222222
0.412698,5.111111,background,0.000000,42.669998,0,0,0.015873,0.222222
0.825397,5.111111,background,0.000000,42.810001,0,0,0.031746,0.222222
1.238095,5.111111,background,0.000000,43.009998,0,0,0.047619,0.222222
1.650794,5.111111,background,0.000000,43.259998,0,0,0.063492,0.222222
2.063492,5.111111,background,0.000000,43.540001,0,0,0.079365,0.222222
2.476191,5.111111,background,0.000000,43.860001,0,0,0.095238,0.222222
2.888889,5.111111,background,0.000000,44.189999,0,0,0.111111,0.222222
3.301587,5.111111,background,0.000000,44.529999,0,0,0.126984,0.222222
3.714286,5.111111,background,0.000000,44.889999,0,0,0.142857,0.222222
4.126984,5.111111,background,0.000000,45.270000,0,0,0.158730,0.222222
4.539682,5.111111,background,0.000000,45.680000,0,0,0.174603,0.222222
4.952381,5.111111,background,0.000000,46.119999,0,0,0.190476,0.222222
5.365079,5.111111,background,0.000000,46.599998,0,0,0.206349,0.222222
5.777778,5.111111,background,0.000000,47.090000,0,0,0.222222,0.222222
6.190476,5.111111,background,0.000000,47.529999,0,0,0.238095,0.222222
6.603175,5.111111,background,0.000000,47.939999,0,0,0.253968,0.222222
7.015873,5.111111,background,0.000000,48.330002,0,0,0.269841,0.222222
7.428571,5.111111,background,0.000000,48.720001,0,0,0.285714,0.222222
7.841270,5.111111,background,0.000000,49.130001,0,0,0.301587,0.222222
8.253968,5.111111,Analog_22,4.000000,49.590000,1,1,0.317460,0.222222
8.666667,5.111111,Analog_22,4.000000,50.110001,1,1,0.333333,0.222222
9.079365,5.111111,Analog_22,4.000000,50.700001,1,1,0.349206,0.222222
9.492064,5.111111,Analog_22,4.000000,51.340000,1,1,0.365079,0.222222
9.904762,5.111111,Analog_22,4.000000,51.840000,1,1,0.380952,0.222222
10.317460,5.111111,Analog_22,4.000000,52.180000,1,1,0.396825,0.222222
10.730159,5.111111,CPU1_10,12.000000,52.369999,1,1,0.412698,0.222222
11.142858,5.111111,CPU1_10,12.000000,52.419998,1,1,0.428571,0.222222
11.555555,5.111111,CPU1_10,12.000000,52.310001,1,0,0.444444,0.222222
11.968254,5.111111,CPU1_10,12.000000,52.040001,1,0,0.460317,0.222222
12.380953,5.111111,CPU1_10,12.000000,51.790001,1,0,0.476191,0.222222
12.793651,5.111111,CPU1_10,12.000000,51.599998,1,1,0.492063,0.222222
13.206349,5.111111,Analog_23,4.000000,51.570000,1,1,0.507937,0.222222
13.619047,5.111111,Analog_23,4.000000,51.750000,1,0,0.523809,0.222222
14.031746,5.111111,Analog_23,4.000000,52.150002,1,0,0.539683,0.222222
14.444445,5.111111,Analog_23,4.000000,52.820000,1,0,0.555556,0.222222
14.857142,5.111111,Analog_4,4.000000,53.820000,1,0,0.571429,0.222222
15.269841,5.111111,Analog_4,4.000000,55.139999,1,0,0.587302,0.222222
15.682540,5.111111,Analog_4,4.000000,56.509998,1,1,0.603175,0.222222
16.095238,5.111111,Analog_4,4.000000,57.799999,1,0,0.619048,0.222222
16.507936,5.111111,Analog_4,4.000000,58.590000,1,1,0.634921,0.222222
16.920635,5.111111,Analog_4,4.000000,59.020000,1,1,0.650794,0.222222
17.333334,5.111111,Analog_4,4.000000,59.169998,1,1,0.666667,0.222222
17.746031,5.111111,Analog_5,4.000000,59.020000,1,1,0.682540,0.222222
18.158730,5.111111,Analog_5,4.000000,58.500000,1,1,0.698413,0.222222
18.571428,5.111111,Analog_5,4.000000,57.560001,1,1,0.714286,0.222222
18.984127,5.111111,Analog_5,4.000000,56.630001,1,1,0.730159,0.222222
19.396826,5.111111,Analog_5,4.000000,56.060001,1,1,0.746032,0.222222
19.809525,5.111111,background,0.000000,55.799999,0,1,0.761905,0.222222
20.222221,5.111111,background,0.000000,55.860001,0,0,0.777778,0.222222
20.634920,5.111111,background,0.000000,56.380001,0,0,0.793651,0.222222
21.047619,5.111111,background,0.000000,57.369999,0,0,0.809524,0.222222
21.460318,5.111111,background,0.000000,57.990002,0,0,0.825397,0.222222
21.873016,5.111111,background,0.000000,58.209999,0,0,0.841270,0.222222
22.285715,5.111111,background,0.000000,58.130001,0,0,0.857143,0.222222
22.698412,5.111111,background,0.000000,57.779999,0,0,0.873016,0.222222
23.111111,5.111111,background,0.000000,57.099998,0,0,0.888889,0.222222
23.523809,5.111111,background,0.000000,55.950001,0,0,0.904762,0.222222
23.936508,5.111111,background,0.000000,54.349998,0,0,0.920635,0.222222
24.349207,5.111111,background,0.000000,53.189999,0,0,0.936508,0.222222
24.761906,5.111111,background,0.000000,52.369999,0,0,0.952381,0.222222
25.174603,5.111111,background,0.000000,51.730000,0,0,0.968254,0.222222
25.587301,5.111111,background,0.000000,51.189999,0,0,0.984127,0.222222
26.000000,5.111111,background,0.000000,50.779999,0,0,1.000000,0.222222
0.000000,5.476191,background,0.000000,42.869999,0,0,0.000000,0.238095
0.412698,5.476191,background,0.000000,42.959999,0,0,0.015873,0.238095
0.825397,5.476191,background,0.000000,43.119999,0,0,0.031746,0.238095
1.238095,5.476191,background,0.000000,43.349998,0,0,0.047619,0.238095
1.650794,5.476191,background,0.000000,43.639999,0,0,0.063492,0.238095
2.063492,5.476191,background,0.000000,43.980000,0,0,0.079365,0.238095
2.476191,5.476191,background,0.000000,44.340000,0,0,0.095238,0.238095
2.888889,5.476191,background,0.000000,44.730000,0,0,0.111111,0.238095
3.301587,5.476191,background,0.000000,45.119999,0,0,0.126984,0.238095
3.714286,5.476191,background,0.000000,45.520000,0,0,0.142857,0.238095
4.126984,5.476191,background,0.000000,45.930000,0,0,0.158730,0.238095
4.539682,5.476191,background,0.000000,46.389999,0,0,0.174603,0.238095
4.952381,5.476191,background,0.000000,46.900002,0,0,0.190476,0.238095
5.365079,5.476191,background,0.000000,47.490002,0,0,0.206349,0.238095
5.777778,5.476191,background,0.000000,48.099998,0,0,0.222222,0.238095
6.190476,5.476191,Analog_19,4.000000,48.599998,1,1,0.238095,0.238095
6.603175,5.476191,Analog_19,4.000000,49.029999,1,1,0.253968,0.238095
7.015873,5.476191,Analog_19,4.000000,49.410000,1,1,0.269841,0.238095
7.428571,5.476191,Analog_19,4.000000,49.799999,1,1,0.285714,0.238095
7.841270,5.476191,Analog_19,4.000000,50.200001,1,1,0.301587,0.238095
8.253968,5.476191,Analog_19,4.000000,50.639999,1,1,0.317460,0.238095
8.666667,5.476191,Analog_19,4.000000,51.130001,1,1,0.333333,0.238095
9.079365,5.476191,Analog_19,4.000000,51.689999,1,1,0.349206,0.238095
9.492064,5.476191,Analog_22,4.000000,52.270000,1,0,0.365079,0.238095
9.904762,5.476191,Analog_22,4.000000,52.669998,1,0,0.380952,0.238095
10.317460,5.476191,Analog_22,4.000000,52.959999,1,0,0.396825,0.238095
10.730159,5.476191,CPU1_10,12.000000,53.099998,1,1,0.412698,0.238095
11.142858,5.476191,CPU1_10,12.000000,53.090000,1,1,0.428571,0.238095
11.555555,5.476191,CPU1_10,12.000000,52.919998,1,0,0.444444,0.238095
11.968254,5.476191,CPU1_10,12.000000,52.570000,1,0,0.460317,0.238095
12.380953,5.476191,CPU1_10,12.000000,52.259998,1,0,0.476191,0.238095
12.793651,5.476191,CPU1_10,12.000000,52.000000,1,1,0.492063,0.238095
13.206349,5.476191,Analog_23,4.000000,51.919998,1,1,0.507937,0.238095
13.619047,5.476191,Analog_23,4.000000,52.040001,1,1,0.523809,0.238095
14.031746,5.476191,Analog_23,4.000000,52.400002,1,1,0.539683,0.238095
14.444445,5.476191,Analog_23,4.000000,53.020000,1,1,0.555556,0.238095
14.857142,5.476191,Analog_4,4.000000,53.959999,1,1,0.571429,0.238095
15.269841,5.476191,Analog_4,4.000000,55.200001,1,1,0.587302,0.238095
15.682540,5.476191,Analog_4,4.000000,56.540001,1,1,0.603175,0.238095
16.095238,5.476191,Analog_4,4.000000,57.830002,1,1,0.619048,0.238095
16.507936,5.476191,Analog_4,4.000000,58.730000,1,1,0.634921,0.238095
16.920635,5.476191,Analog_4,4.000000,59.240002,1,1,0.650794,0.238095
17.333334,5.476191,Analog_4,4.000000,59.439999,1,1,0.666667,0.238095
17.746031,5.476191,Analog_5,4.000000,59.380001,1,1,0.682540,0.238095
18.158730,5.476191,Analog_5,4.000000,58.990002,1,0,0.698413,0.238095
18.571428,5.476191,Analog_5,4.000000,58.250000,1,0,0.714286,0.238095
18.984127,5.476191,Analog_5,4.000000,57.470001,1,0,0.730159,0.238095
19.396826,5.476191,Analog_5,4.000000,56.950001,1,0,0.746032,0.238095
19.809525,5.476191,background,0.000000,56.599998,0,1,0.761905,0.238095
20.222221,5.476191,background,0.000000,56.450001,0,0,0.777778,0.238095
20.634920,5.476191,background,0.000000,56.790001,0,0,0.793651,0.238095
21.047619,5.476191,background,0.000000,57.639999,0,0,0.809524,0.238095
21.460318,5.476191,background,0.000000,58.180000,0,0,0.825397,0.238095
21.873016,5.476191,background,0.000000,58.400002,0,0,0.841270,0.238095
22.285715,5.476191,background,0.000000,58.349998,0,0,0.857143,0.238095
22.698412,5.476191,background,0.000000,58.029999,0,0,0.873016,0.238095
23.111111,5.476191,background,0.000000,57.400002,0,0,0.888889,0.238095
23.523809,5.476191,background,0.000000,56.330002,0,0,0.904762,0.238095
23.936508,5.476191,background,0.000000,54.810001,0,0,0.920635,0.238095
24.349207,5.476191,background,0.000000,53.689999,0,0,0.936508,0.238095
24.761906,5.476191,background,0.000000,52.880001,0,0,0.952381,0.238095
25.174603,5.476191,background,0.000000,52.209999,0,0,0.968254,0.238095
25.587301,5.476191,background,0.000000,51.599998,0,0,0.984127,0.238095
26.000000,5.476191,background,0.000000,51.139999,0,0,1.000000,0.238095
0.000000,5.841270,background,0.000000,43.169998,0,0,0.000000,0.253968
0.412698,5.841270,background,0.000000,43.270000,0,0,0.015873,0.253968
0.825397,5.841270,background,0.000000,43.459999,0,0,0.031746,0.253968
1.238095,5.841270,background,0.000000,43.730000,0,0,0.047619,0.253968
1.650794,5.841270,background,0.000000,44.070000,0,0,0.063492,0.253968
2.063492,5.841270,background,0.000000,44.480000,0,0,0.079365,0.253968
2.476191,5.841270,background,0.000000,44.919998,0,0,0.095238,0.253968
2.888889,5.841270,background,0.000000,45.389999,0,0,0.111111,0.253968
3.301587,5.841270,background,0.000000,45.830002,0,0,0.126984,0.253968
3.714286,5.841270,background,0.000000,46.259998,0,0,0.142857,0.253968
4.126984,5.841270,background,0.000000,46.689999,0,0,0.158730,0.253968
4.539682,5.841270,background,0.000000,47.169998,0,0,0.174603,0.253968
4.952381,5.841270,background,0.000000,47.730000,0,0,0.190476,0.253968
5.365079,5.841270,background,0.000000,48.380001,0,0,0.206349,0.253968
5.777778,5.841270,background,0.000000,49.090000,0,0,0.222222,0.253968
6.190476,5.841270,Analog_19,4.000000,49.599998,1,1,0.238095,0.253968
6.603175,5.841270,Analog_19,4.000000,50.020000,1,0,0.253968,0.253968
7.015873,5.841270,Analog_19,4.000000,50.389999,1,0,0.269841,0.253968
7.428571,5.841270,Analog_19,4.000000,50.759998,1,0,0.285714,0.253968
7.841270,5.841270,Analog_19,4.000000,51.150002,1,0,0.301587,0.253968
8.253968,5.841270,Analog_19,4.000000,51.590000,1,1,0.317460,0.253968
8.666667,5.841270,Analog_19,4.000000,52.139999,1,0,0.333333,0.253968
9.079365,5.841270,Analog_19,4.000000,52.860001,1,1,0.349206,0.253968
9.492064,5.841270,Analog_22,4.000000,53.509998,1,0,0.365079,0.253968
9.904762,5.841270,Analog_22,4.000000,53.849998,1,0,0.380952,0.253968
10.317460,5.841270,Analog_22,4.000000,54.080002,1,0,0.396825,0.253968
10.730159,5.841270,CPU1_10,12.000000,54.169998,1,1,0.412698,0.253968
11.142858,5.841270,CPU1_10,12.000000,54.090000,1,1,0.428571,0.253968
11.555555,5.841270,CPU1_10,12.000000,53.790001,1,0,0.444444,0.253968
11.968254,5.841270,CPU1_10,12.000000,53.250000,1,0,0.460317,0.253968
12.380953,5.841270,CPU1_10,12.000000,52.830002,1,0,0.476191,0.253968
12.793651,5.841270,CPU1_10,12.000000,52.470001,1,0,0.492063,0.253968
13.206349,5.841270,background,0.000000,52.299999,0,1,0.507937,0.253968
13.619047,5.841270,background,0.000000,52.349998,0,1,0.523809,0.253968
14.031746,5.841270,CPU1_2,12.000000,52.639999,1,0,0.539683,0.253968
14.444445,5.841270,CPU1_2,12.000000,53.189999,1,0,0.555556,0.253968
14.857142,5.841270,CPU1_2,12.000000,54.009998,1,0,0.571429,0.253968
15.269841,5.841270,CPU1_2,12.000000,55.090000,1,0,0.587302,0.253968
15.682540,5.841270,CPU1_2,12.000000,56.349998,1,0,0.603175,0.253968
16.095238,5.841270,CPU1_2,12.000000,57.599998,1,1,0.619048,0.253968
16.507936,5.841270,background,0.000000,58.770000,0,1,0.634921,0.253968
16.920635,5.841270,Analog_5,4.000000,59.400002,1,0,0.650794,0.253968
17.333334,5.841270,Analog_5,4.000000,59.700001,1,0,0.666667,0.253968
17.746031,5.841270,Analog_5,4.000000,59.740002,1,0,0.682540,0.253968
18.158730,5.841270,Analog_5,4.000000,59.560001,1,0,0.698413,0.253968
18.571428,5.841270,Analog_5,4.000000,59.180000,1,0,0.714286,0.253968
18.984127,5.841270,Analog_5,4.000000,58.720001,1,0,0.730159,0.253968
19.396826,5.841270,Analog_5,4.000000,58.290001,1,0,0.746032,0.253968
19.809525,5.841270,background,0.000000,57.830002,0,1,0.761905,0.253968
20.222221,5.841270,background,0.000000,57.299999,0,0,0.777778,0.253968
20.634920,5.841270,background,0.000000,57.330002,0,0,0.793651,0.253968
21.047619,5.841270,background,0.000000,57.820000,0,0,0.809524,0.253968
21.460318,5.841270,background,0.000000,58.209999,0,0,0.825397,0.253968
21.873016,5.841270,background,0.000000,58.480000,0,0,0.841270,0.253968
22.285715,5.841270,background,0.000000,58.500000,0,0,0.857143,0.253968
22.698412,5.841270,background,0.000000,58.259998,0,0,0.873016,0.253968
23.111111,5.841270,background,0.000000,57.730000,0,0,0.888889,0.253968
23.523809,5.841270,background,0.000000,56.820000,0,0,0.904762,0.253968
23.936508,5.841270,background,0.000000,55.509998,0,0,0.920635,0.253968
24.349207,5.841270,background,0.000000,54.500000,0,0,0.936508,0.253968
24.761906,5.841270,background,0.000000,53.709999,0,0,0.952381,0.253968
25.174603,5.841270,background,0.000000,52.970001,0,0,0.968254,0.253968
25.587301,5.841270,background,0.000000,52.209999,0,0,0.984127,0.253968
26.000000,5.841270,background,0.000000,51.630001,0,0,1.000000,0.253968
0.000000,6.206349,background,0.000000,43.480000,0,0,0.000000,0.269841
0.412698,6.206349,background,0.000000,43.590000,0,0,0.015873,0.269841
0.825397,6.206349,background,0.000000,43.810001,0,0,0.031746,0.269841
1.238095,6.206349,background,0.000000,44.130001,0,0,0.047619,0.269841
1.650794,6.206349,background,0.000000,44.549999,0,0,0.063492,0.269841
2.063492,6.206349,background,0.000000,45.049999,0,0,0.079365,0.269841
2.476191,6.206349,background,0.000000,45.619999,0,0,0.095238,0.269841
2.888889,6.206349,background,0.000000,46.200001,0,0,0.111111,0.269841
3.301587,6.206349,background,0.000000,46.700001,0,0,0.126984,0.269841
3.714286,6.206349,background,0.000000,47.139999,0,0,0.142857,0.269841
4.126984,6.206349,background,0.000000,47.560001,0,0,0.158730,0.269841
4.539682,6.206349,background,0.000000,48.009998,0,0,0.174603,0.269841
4.952381,6.206349,background,0.000000,48.529999,0,0,0.190476,0.269841
5.365079,6.206349,background,0.000000,49.180000,0,0,0.206349,0.269841
5.777778,6.206349,background,0.000000,49.919998,0,0,0.222222,0.269841
6.190476,6.206349,Analog_19,4.000000,50.450001,1,1,0.238095,0.269841
6.603175,6.206349,Analog_19,4.000000,50.869999,1,0,0.253968,0.269841
7.015873,6.206349,Analog_19,4.000000,51.240002,1,0,0.269841,0.269841
7.428571,6.206349,Analog_19,4.000000,51.610001,1,0,0.285714,0.269841
7.841270,6.206349,Analog_19,4.000000,52.029999,1,0,0.301587,0.269841
8.253968,6.206349,Analog_19,4.000000,52.549999,1,1,0.317460,0.269841
8.666667,6.206349,Analog_19,4.000000,53.270000,1,0,0.333333,0.269841
9.079365,6.206349,Analog_19,4.000000,54.259998,1,1,0.349206,0.269841
9.492064,6.206349,Analog_22,4.000000,55.040001,1,0,0.365079,0.269841
9.904762,6.206349,Analog_22,4.000000,55.459999,1,0,0.380952,0.269841
10.317460,6.206349,Analog_22,4.000000,55.669998,1,0,0.396825,0.269841
10.730159,6.206349,CPU1_10,12.000000,55.720001,1,1,0.412698,0.269841
11.142858,6.206349,CPU1_10,12.000000,55.570000,1,1,0.428571,0.269841
11.555555,6.206349,CPU1_10,12.000000,55.110001,1,0,0.444444,0.269841
11.968254,6.206349,CPU1_10,12.000000,54.189999,1,0,0.460317,0.269841
12.380953,6.206349,CPU1_10,12.000000,53.529999,1,0,0.476191,0.269841
12.793651,6.206349,CPU1_10,12.000000,53.009998,1,0,0.492063,0.269841
13.206349,6.206349,background,0.000000,52.720001,0,1,0.507937,0.269841
13.619047,6.206349,background,0.000000,52.689999,0,1,0.523809,0.269841
14.031746,6.206349,CPU1_2,12.000000,52.900002,1,0,0.539683,0.269841
14.444445,6.206349,CPU1_2,12.000000,53.369999,1,0,0.555556,0.269841
14.857142,6.206349,CPU1_2,12.000000,54.090000,1,0,0.571429,0.269841
15.269841,6.206349,CPU1_2,12.000000,55.080002,1,0,0.587302,0.269841
15.682540,6.206349,CPU1_2,12.000000,56.270000,1,0,0.603175,0.269841
16.095238,6.206349,CPU1_2,12.000000,57.529999,1,1,0.619048,0.269841
16.507936,6.206349,background,0.000000,58.840000,0,1,0.634921,0.269841
16.920635,6.206349,Analog_5,4.000000,59.560001,1,0,0.650794,0.269841
17.333334,6.206349,Analog_5,4.000000,59.910000,1,0,0.666667,0.269841
17.746031,6.206349,Analog_5,4.000000,60.029999,1,0,0.682540,0.269841
18.158730,6.206349,Analog_5,4.000000,59.980000,1,0,0.698413,0.269841
18.571428,6.206349,Analog_5,4.000000,59.779999,1,0,0.714286,0.269841
18.984127,6.206349,Analog_5,4.000000,59.480000,1,0,0.730159,0.269841
19.396826,6.206349,Analog_5,4.000000,59.099998,1,0,0.746032,0.269841
19.809525,6.206349,background,0.000000,58.560001,0,1,0.761905,0.269841
20.222221,6.206349,background,0.000000,57.810001,0,0,0.777778,0.269841
20.634920,6.206349,background,0.000000,57.490002,0,0,0.793651,0.269841
21.047619,6.206349,background,0.000000,57.500000,0,0,0.809524,0.269841
21.460318,6.206349,background,0.000000,57.860001,0,0,0.825397,0.269841
21.873016,6.206349,background,0.000000,58.410000,0,0,0.841270,0.269841
22.285715,6.206349,background,0.000000,58.590000,0,0,0.857143,0.269841
22.698412,6.206349,background,0.000000,58.470001,0,0,0.873016,0.269841
23.111111,6.206349,background,0.000000,58.090000,0,0,0.888889,0.269841
23.523809,6.206349,background,0.000000,57.439999,0,0,0.904762,0.269841
23.936508,6.206349,background,0.000000,56.560001,0,0,0.920635,0.269841
24.349207,6.206349,background,0.000000,55.759998,0,0,0.936508,0.269841
24.761906,6.206349,background,0.000000,55.009998,0,0,0.952381,0.269841
25.174603,6.206349,background,0.000000,54.180000,0,0,0.968254,0.269841
25.587301,6.206349,background,0.000000,53.139999,0,0,0.984127,0.269841
26.000000,6.206349,background,0.000000,52.369999,0,0,1.000000,0.269841
0.000000,6.571429,background,0.000000,43.790001,0,0,0.000000,0.285714
0.412698,6.571429,background,0.000000,43.919998,0,0,0.015873,0.285714
0.825397,6.571429,background,0.000000,44.180000,0,0,0.031746,0.285714
1.238095,6.571429,background,0.000000,44.560001,0,0,0.047619,0.285714
1.650794,6.571429,background,0.000000,45.060001,0,0,0.063492,0.285714
2.063492,6.571429,background,0.000000,45.700001,0,0,0.079365,0.285714
2.476191,6.571429,background,0.000000,46.439999,0,0,0.095238,0.285714
2.888889,6.571429,background,0.000000,47.150002,0,0,0.111111,0.285714
3.301587,6.571429,background,0.000000,47.680000,0,0,0.126984,0.285714
3.714286,6.571429,background,0.000000,48.110001,0,0,0.142857,0.285714
4.126984,6.571429,background,0.000000,48.490002,0,0,0.158730,0.285714
4.539682,6.571429,background,0.000000,48.840000,0,0,0.174603,0.285714
4.952381,6.571429,background,0.000000,49.230000,0,0,0.190476,0.285714
5.365079,6.571429,background,0.000000,49.810001,0,0,0.206349,0.285714
5.777778,6.571429,background,0.000000,50.540001,0,0,0.222222,0.285714
6.190476,6.571429,Analog_19,4.000000,51.060001,1,1,0.238095,0.285714
6.603175,6.571429,Analog_19,4.000000,51.470001,1,0,0.253968,0.285714
7.015873,6.571429,Analog_19,4.000000,51.849998,1,0,0.269841,0.285714
7.428571,6.571429,Analog_19,4.000000,52.240002,1,0,0.285714,0.285714
7.841270,6.571429,Analog_19,4.000000,52.700001,1,0,0.301587,0.285714
8.253968,6.571429,Analog_19,4.000000,53.320000,1,1,0.317460,0.285714
8.666667,6.571429,Analog_19,4.000000,54.240002,1,0,0.333333,0.285714
9.079365,6.571429,Analog_19,4.000000,55.540001,1,1,0.349206,0.285714
9.492064,6.571429,Analog_22,4.000000,56.450001,1,0,0.365079,0.285714
9.904762,6.571429,Analog_22,4.000000,56.930000,1,0,0.380952,0.285714
10.317460,6.571429,Analog_22,4.000000,57.150002,1,0,0.396825,0.285714
10.730159,6.571429,CPU1_11,12.000000,57.180000,1,1,0.412698,0.285714
11.142858,6.571429,CPU1_11,12.000000,56.990002,1,1,0.428571,0.285714
11.555555,6.571429,CPU1_11,12.000000,56.470001,1,1,0.444444,0.285714
11.968254,6.571429,CPU1_11,12.000000,55.389999,1,1,0.460317,0.285714
12.380953,6.571429,CPU1_11,12.000000,54.340000,1,1,0.476191,0.285714
12.793651,6.571429,CPU1_11,12.000000,53.590000,1,1,0.492063,0.285714
13.206349,6.571429,background,0.000000,53.160000,0,1,0.507937,0.285714
13.619047,6.571429,background,0.000000,53.040001,0,1,0.523809,0.285714
14.031746,6.571429,CPU1_2,12.000000,53.180000,1,0,0.539683,0.285714
14.444445,6.571429,CPU1_2,12.000000,53.590000,1,0,0.555556,0.285714
14.857142,6.571429,CPU1_2,12.000000,54.259998,1,0,0.571429,0.285714
15.269841,6.571429,CPU1_2,12.000000,55.180000,1,0,0.587302,0.285714
15.682540,6.571429,CPU1_2,12.000000,56.340000,1,0,0.603175,0.285714
16.095238,6.571429,CPU1_2,12.000000,57.599998,1,1,0.619048,0.285714
16.507936,6.571429,background,0.000000,58.959999,0,1,0.634921,0.285714
16.920635,6.571429,Analog_5,4.000000,59.709999,1,0,0.650794,0.285714
17.333334,6.571429,Analog_5,4.000000,60.090000,1,0,0.666667,0.285714
17.746031,6.571429,Analog_5,4.000000,60.240002,1,0,0.682540,0.285714
18.158730,6.571429,Analog_5,4.000000,60.240002,1,0,0.698413,0.285714
18.571428,6.571429,Analog_5,4.000000,60.099998,1,0,0.714286,0.285714
18.984127,6.571429,Analog_5,4.000000,59.860001,1,0,0.730159,0.285714
19.396826,6.571429,Analog_5,4.000000,59.490002,1,0,0.746032,0.285714
19.809525,6.571429,background,0.000000,58.919998,0,1,0.761905,0.285714
20.222221,6.571429,background,0.000000,58.070000,0,0,0.777778,0.285714
20.634920,6.571429,background,0.000000,57.590000,0,0,0.793651,0.285714
21.047619,6.571429,background,0.000000,57.450001,0,0,0.809524,0.285714
21.460318,6.571429,background,0.000000,57.700001,0,0,0.825397,0.285714
21.873016,6.571429,background,0.000000,58.389999,0,0,0.841270,0.285714
22.285715,6.571429,background,0.000000,58.669998,0,0,0.857143,0.285714
22.698412,6.571429,background,0.000000,58.630001,0,0,0.873016,0.285714
23.111111,6.571429,background,0.000000,58.369999,0,0,0.888889,0.285714
23.523809,6.571429,background,0.000000,57.930000,0,0,0.904762,0.285714
23.936508,6.571429,background,0.000000,57.340000,0,0,0.920635,0.285714
24.349207,6.571429,background,0.000000,56.700001,0,0,0.936508,0.285714
24.761906,6.571429,background,0.000000,56.009998,0,0,0.952381,0.285714
25.174603,6.571429,background,0.000000,55.169998,0,0,0.968254,0.285714
25.587301,6.571429,background,0.000000,54.090000,0,0,0.984127,0.285714
26.000000,6.571429,background,0.000000,53.419998,0,0,1.000000,0.285714
0.000000,6.936508,background,0.000000,44.110001,0,0,0.000000,0.301587
0.412698,6.936508,background,0.000000,44.259998,0,0,0.015873,0.301587
0.825397,6.936508,background,0.000000,44.549999,0,0,0.031746,0.301587
1.238095,6.936508,background,0.000000,44.980000,0,0,0.047619,0.301587
1.650794,6.936508,background,0.000000,45.570000,0,0,0.063492,0.301587
2.063492,6.936508,background,0.000000,46.349998,0,0,0.079365,0.301587
2.476191,6.936508,background,0.000000,47.299999,0,0,0.095238,0.301587
2.888889,6.936508,background,0.000000,48.139999,0,0,0.111111,0.301587
3.301587,6.936508,background,0.000000,48.700001,0,0,0.126984,0.301587
3.714286,6.936508,background,0.000000,49.119999,0,0,0.142857,0.301587
4.126984,6.936508,background,0.000000,49.459999,0,0,0.158730,0.301587
4.539682,6.936508,background,0.000000,49.730000,0,0,0.174603,0.301587
4.952381,6.936508,background,0.000000,49.939999,0,0,0.190476,0.301587
5.365079,6.936508,background,0.000000,50.380001,0,0,0.206349,0.301587
5.777778,6.936508,background,0.000000,51.049999,0,0,0.222222,0.301587
6.190476,6.936508,Analog_19,4.000000,51.549999,1,1,0.238095,0.301587
6.603175,6.936508,Analog_19,4.000000,51.959999,1,0,0.253968,0.301587
7.015873,6.936508,Analog_19,4.000000,52.330002,1,0,0.269841,0.301587
7.428571,6.936508,Analog_19,4.000000,52.730000,1,0,0.285714,0.301587
7.841270,6.936508,Analog_19,4.000000,53.209999,1,0,0.301587,0.301587
8.253968,6.936508,Analog_19,4.000000,53.889999,1,1,0.317460,0.301587
8.666667,6.936508,Analog_19,4.000000,54.919998,1,1,0.333333,0.301587
9.079365,6.936508,Analog_19,4.000000,56.340000,1,1,0.349206,0.301587
9.492064,6.936508,Analog_22,4.000000,57.320000,1,1,0.365079,0.301587
9.904762,6.936508,Analog_22,4.000000,57.869999,1,1,0.380952,0.301587
10.317460,6.936508,Analog_22,4.000000,58.110001,1,1,0.396825,0.301587
10.730159,6.936508,CPU1_11,12.000000,58.139999,1,1,0.412698,0.301587
11.142858,6.936508,CPU1_11,12.000000,57.930000,1,1,0.428571,0.301587
11.555555,6.936508,CPU1_11,12.000000,57.389999,1,0,0.444444,0.301587
11.968254,6.936508,CPU1_11,12.000000,56.270000,1,0,0.460317,0.301587
12.380953,6.936508,CPU1_11,12.000000,55.020000,1,0,0.476191,0.301587
12.793651,6.936508,CPU1_11,12.000000,54.119999,1,0,0.492063,0.301587
13.206349,6.936508,background,0.000000,53.590000,0,1,0.507937,0.301587
13.619047,6.936508,background,0.000000,53.380001,0,1,0.523809,0.301587
14.031746,6.936508,CPU1_2,12.000000,53.480000,1,0,0.539683,0.301587
14.444445,6.936508,CPU1_2,12.000000,53.849998,1,0,0.555556,0.301587
14.857142,6.936508,CPU1_2,12.000000,54.490002,1,0,0.571429,0.301587
15.269841,6.936508,CPU1_2,12.000000,55.389999,1,0,0.587302,0.301587
15.682540,6.936508,CPU1_2,12.000000,56.529999,1,0,0.603175,0.301587
16.095238,6.936508,CPU1_2,12.000000,57.770000,1,1,0.619048,0.301587
16.507936,6.936508,background,0.000000,59.110001,0,1,0.634921,0.301587
16.920635,6.936508,Analog_5,4.000000,59.849998,1,1,0.650794,0.301587
17.333334,6.936508,Analog_5,4.000000,60.230000,1,1,0.666667,0.301587
17.746031,6.936508,Analog_5,4.000000,60.369999,1,1,0.682540,0.301587
18.158730,6.936508,Analog_5,4.000000,60.360001,1,1,0.698413,0.301587
18.571428,6.936508,Analog_5,4.000000,60.230000,1,1,0.714286,0.301587
18.984127,6.936508,Analog_5,4.000000,59.980000,1,1,0.730159,0.301587
19.396826,6.936508,Analog_5,4.000000,59.599998,1,1,0.746032,0.301587
19.809525,6.936508,background,0.000000,59.009998,0,1,0.761905,0.301587
20.222221,6.936508,background,0.000000,58.130001,0,0,0.777778,0.301587
20.634920,6.936508,background,0.000000,57.599998,0,0,0.793651,0.301587
21.047619,6.936508,background,0.000000,57.419998,0,0,0.809524,0.301587
21.460318,6.936508,background,0.000000,57.660000,0,0,0.825397,0.301587
21.873016,6.936508,background,0.000000,58.400002,0,0,0.841270,0.301587
22.285715,6.936508,background,0.000000,58.730000,0,0,0.857143,0.301587
22.698412,6.936508,background,0.000000,58.750000,0,0,0.873016,0.301587
23.111111,6.936508,background,0.000000,58.549999,0,0,0.888889,0.301587
23.523809,6.936508,background,0.000000,58.200001,0,0,0.904762,0.301587
23.936508,6.936508,background,0.000000,57.730000,0,0,0.920635,0.301587
24.349207,6.936508,background,0.000000,57.169998,0,0,0.936508,0.301587
24.761906,6.936508,background,0.000000,56.509998,0,0,0.952381,0.301587
25.174603,6.936508,background,0.000000,55.689999,0,0,0.968254,0.301587
25.587301,6.936508,background,0.000000,54.619999,0,0,0.984127,0.301587
26.000000,6.936508,background,0.000000,54.049999,0,0,1.000000,0.301587
0.000000,7.301587,background,0.000000,44.430000,0,0,0.000000,0.317460
0.412698,7.301587,background,0.000000,44.590000,0,0,0.015873,0.317460
0.825397,7.301587,background,0.000000,44.900002,0,0,0.031746,0.317460
1.238095,7.301587,background,0.000000,45.369999,0,0,0.047619,0.317460
1.650794,7.301587,background,0.000000,46.020000,0,0,0.063492,0.317460
2.063492,7.301587,background,0.000000,46.869999,0,0,0.079365,0.317460
2.476191,7.301587,background,0.000000,47.889999,0,0,0.095238,0.317460
2.888889,7.301587,background,0.000000,48.750000,0,0,0.111111,0.317460
3.301587,7.301587,background,0.000000,49.299999,0,0,0.126984,0.317460
3.714286,7.301587,background,0.000000,49.730000,0,0,0.142857,0.317460
4.126984,7.301587,background,0.000000,50.070000,0,0,0.158730,0.317460
4.539682,7.301587,background,0.000000,50.330002,0,0,0.174603,0.317460
4.952381,7.301587,background,0.000000,50.520000,0,0,0.190476,0.317460
5.365079,7.301587,background,0.000000,50.930000,0,0,0.206349,0.317460
5.777778,7.301587,background,0.000000,51.529999,0,0,0.222222,0.317460
6.190476,7.301587,Analog_19,4.000000,51.990002,1,1,0.238095,0.317460
6.603175,7.301587,Analog_19,4.000000,52.380001,1,1,0.253968,0.317460
7.015873,7.301587,Analog_19,4.000000,52.750000,1,1,0.269841,0.317460
7.428571,7.301587,Analog_19,4.000000,53.139999,1,1,0.285714,0.317460
7.841270,7.301587,Analog_19,4.000000,53.619999,1,1,0.301587,0.317460
8.253968,7.301587,Analog_19,4.000000,54.310001,1,1,0.317460,0.317460
8.666667,7.301587,Analog_19,4.000000,55.380001,1,1,0.333333,0.317460
9.079365,7.301587,Analog_19,4.000000,56.900002,1,1,0.349206,0.317460
9.492064,7.301587,background,0.000000,57.919998,0,1,0.365079,0.317460
9.904762,7.301587,background,0.000000,58.480000,0,1,0.380952,0.317460
10.317460,7.301587,background,0.000000,58.720001,0,0,0.396825,0.317460
10.730159,7.301587,CPU1_11,12.000000,58.740002,1,1,0.412698,0.317460
11.142858,7.301587,CPU1_11,12.000000,58.520000,1,0,0.428571,0.317460
11.555555,7.301587,CPU1_11,12.000000,57.970001,1,0,0.444444,0.317460
11.968254,7.301587,CPU1_11,12.000000,56.849998,1,0,0.460317,0.317460
12.380953,7.301587,CPU1_11,12.000000,55.540001,1,0,0.476191,0.317460
12.793651,7.301587,CPU1_11,12.000000,54.560001,1,0,0.492063,0.317460
13.206349,7.301587,background,0.000000,53.959999,0,1,0.507937,0.317460
13.619047,7.301587,background,0.000000,53.720001,0,1,0.523809,0.317460
14.031746,7.301587,CPU1_2,12.000000,53.790001,1,0,0.539683,0.317460
14.444445,7.301587,CPU1_2,12.000000,54.150002,1,0,0.555556,0.317460
14.857142,7.301587,CPU1_2,12.000000,54.799999,1,0,0.571429,0.317460
15.269841,7.301587,CPU1_2,12.000000,55.709999,1,0,0.587302,0.317460
15.682540,7.301587,CPU1_2,12.000000,56.840000,1,0,0.603175,0.317460
16.095238,7.301587,CPU1_2,12.000000,58.029999,1,1,0.619048,0.317460
16.507936,7.301587,background,0.000000,59.299999,0,0,0.634921,0.317460
16.920635,7.301587,background,0.000000,59.990002,0,0,0.650794,0.317460
17.333334,7.301587,background,0.000000,60.330002,0,0,0.666667,0.317460
17.746031,7.301587,background,0.000000,60.430000,0,0,0.682540,0.317460
18.158730,7.301587,background,0.000000,60.360001,0,0,0.698413,0.317460
18.571428,7.301587,background,0.000000,60.150002,0,0,0.714286,0.317460
18.984127,7.301587,background,0.000000,59.840000,0,0,0.730159,0.317460
19.396826,7.301587,background,0.000000,59.430000,0,0,0.746032,0.317460
19.809525,7.301587,background,0.000000,58.840000,0,0,0.761905,0.317460
20.222221,7.301587,background,0.000000,57.980000,0,0,0.777778,0.317460
20.634920,7.301587,background,0.000000,57.480000,0,0,0.793651,0.317460
21.047619,7.301587,background,0.000000,57.369999,0,0,0.809524,0.317460
21.460318,7.301587,background,0.000000,57.660000,0,0,0.825397,0.317460
21.873016,7.301587,background,0.000000,58.439999,0,0,0.841270,0.317460
22.285715,7.301587,background,0.000000,58.779999,0,0,0.857143,0.317460
22.698412,7.301587,background,0.000000,58.810001,0,0,0.873016,0.317460
23.111111,7.301587,background,0.000000,58.619999,0,0,0.888889,0.317460
23.523809,7.301587,background,0.000000,58.279999,0,0,0.904762,0.317460
23.936508,7.301587,background,0.000000,57.840000,0,0,0.920635,0.317460
24.349207,7.301587,background,0.000000,57.299999,0,0,0.936508,0.317460
24.761906,7.301587,background,0.000000,56.650002,0,0,0.952381,0.317460
25.174603,7.301587,background,0.000000,55.830002,0,0,0.968254,0.317460
25.587301,7.301587,background,0.000000,54.779999,0,0,0.984127,0.317460
26.000000,7.301587,background,0.000000,54.220001,0,0,1.000000,0.317460
0.000000,7.666667,background,0.000000,44.750000,0,0,0.000000,0.333333
0.412698,7.666667,background,0.000000,44.910000,0,0,0.015873,0.333333
0.825397,7.666667,background,0.000000,45.240002,0,0,0.031746,0.333333
1.238095,7.666667,background,0.000000,45.740002,0,0,0.047619,0.333333
1.650794,7.666667,background,0.000000,46.419998,0,0,0.063492,0.333333
2.063492,7.666667,background,0.000000,47.299999,0,0,0.079365,0.333333
2.476191,7.666667,background,0.000000,48.330002,0,0,0.095238,0.333333
2.888889,7.666667,background,0.000000,49.180000,0,0,0.111111,0.333333
3.301587,7.666667,background,0.000000,49.740002,0,0,0.126984,0.333333
3.714286,7.666667,background,0.000000,50.180000,0,0,0.142857,0.333333
4.126984,7.666667,background,0.000000,50.549999,0,0,0.158730,0.333333
4.539682,7.666667,background,0.000000,50.849998,0,0,0.174603,0.333333
4.952381,7.666667,background,0.000000,51.110001,0,0,0.190476,0.333333
5.365079,7.666667,background,0.000000,51.520000,0,0,0.206349,0.333333
5.777778,7.666667,background,0.000000,52.000000,0,0,0.222222,0.333333
6.190476,7.666667,background,0.000000,52.410000,0,0,0.238095,0.333333
6.603175,7.666667,background,0.000000,52.779999,0,0,0.253968,0.333333
7.015873,7.666667,background,0.000000,53.130001,0,0,0.269841,0.333333
7.428571,7.666667,background,0.000000,53.509998,0,1,0.285714,0.333333
7.841270,7.666667,CPU1_9,12.000000,53.970001,1,0,0.301587,0.333333
8.253968,7.666667,CPU1_9,12.000000,54.630001,1,0,0.317460,0.333333
8.666667,7.666667,CPU1_9,12.000000,55.740002,1,0,0.333333,0.333333
9.079365,7.666667,CPU1_9,12.000000,57.389999,1,0,0.349206,0.333333
9.492064,7.666667,CPU1_9,12.000000,58.389999,1,0,0.365079,0.333333
9.904762,7.666667,CPU1_9,12.000000,58.910000,1,1,0.380952,0.333333
10.317460,7.666667,background,0.000000,59.139999,0,0,0.396825,0.333333
10.730159,7.666667,CPU1_11,12.000000,59.139999,1,1,0.412698,0.333333
11.142858,7.666667,CPU1_11,12.000000,58.910000,1,0,0.428571,0.333333
11.555555,7.666667,CPU1_11,12.000000,58.360001,1,0,0.444444,0.333333
11.968254,7.666667,CPU1_11,12.000000,57.250000,1,0,0.460317,0.333333
12.380953,7.666667,CPU1_11,12.000000,55.910000,1,0,0.476191,0.333333
12.793651,7.666667,CPU1_11,12.000000,54.900002,1,0,0.492063,0.333333
13.206349,7.666667,background,0.000000,54.279999,0,1,0.507937,0.333333
13.619047,7.666667,background,0.000000,54.020000,0,1,0.523809,0.333333
14.031746,7.666667,CPU1_2,12.000000,54.090000,1,0,0.539683,0.333333
14.444445,7.666667,CPU1_2,12.000000,54.480000,1,0,0.555556,0.333333
14.857142,7.666667,CPU1_2,12.000000,55.180000,1,0,0.571429,0.333333
15.269841,7.666667,CPU1_2,12.000000,56.160000,1,0,0.587302,0.333333
15.682540,7.666667,CPU1_2,12.000000,57.310001,1,0,0.603175,0.333333
16.095238,7.666667,CPU1_2,12.000000,58.430000,1,1,0.619048,0.333333
16.507936,7.666667,background,0.000000,59.540001,0,1,0.634921,0.333333
16.920635,7.666667,Analog_2,4.000000,60.130001,1,1,0.650794,0.333333
17.333334,7.666667,Analog_2,4.000000,60.389999,1,1,0.666667,0.333333
17.746031,7.666667,Analog_2,4.000000,60.400002,1,1,0.682540,0.333333
18.158730,7.666667,Analog_2,4.000000,60.189999,1,1,0.698413,0.333333
18.571428,7.666667,Analog_2,4.000000,59.779999,1,1,0.714286,0.333333
18.984127,7.666667,Analog_2,4.000000,59.330002,1,1,0.730159,0.333333
19.396826,7.666667,Analog_2,4.000000,58.869999,1,1,0.746032,0.333333
19.809525,7.666667,background,0.000000,58.310001,0,1,0.761905,0.333333
20.222221,7.666667,background,0.000000,57.560001,0,0,0.777778,0.333333
20.634920,7.666667,background,0.000000,57.169998,0,0,0.793651,0.333333
21.047619,7.666667,background,0.000000,57.259998,0,0,0.809524,0.333333
21.460318,7.666667,background,0.000000,57.680000,0,0,0.825397,0.333333
21.873016,7.666667,background,0.000000,58.480000,0,0,0.841270,0.333333
22.285715,7.666667,background,0.000000,58.810001,0,0,0.857143,0.333333
22.698412,7.666667,background,0.000000,58.810001,0,0,0.873016,0.333333
23.111111,7.666667,background,0.000000,58.580002,0,0,0.888889,0.333333
23.523809,7.666667,background,0.000000,58.189999,0,0,0.904762,0.333333
23.936508,7.666667,background,0.000000,57.689999,0,0,0.920635,0.333333
24.349207,7.666667,background,0.000000,57.110001,0,0,0.936508,0.333333
24.761906,7.666667,background,0.000000,56.450001,0,0,0.952381,0.333333
25.174603,7.666667,background,0.000000,55.619999,0,0,0.968254,0.333333
25.587301,7.666667,background,0.000000,54.570000,0,0,0.984127,0.333333
26.000000,7.666667,background,0.000000,53.990002,0,0,1.000000,0.333333
0.000000,8.031746,background,0.000000,45.060001,0,0,0.000000,0.349206
0.412698,8.031746,background,0.000000,45.240002,0,0,0.015873,0.349206
0.825397,8.031746,background,0.000000,45.580002,0,0,0.031746,0.349206
1.238095,8.031746,background,0.000000,46.090000,0,0,0.047619,0.349206
1.650794,8.031746,background,0.000000,46.779999,0,0,0.063492,0.349206
2.063492,8.031746,background,0.000000,47.669998,0,0,0.079365,0.349206
2.476191,8.031746,background,0.000000,48.700001,0,0,0.095238,0.349206
2.888889,8.031746,background,0.000000,49.540001,0,0,0.111111,0.349206
3.301587,8.031746,background,0.000000,50.119999,0,0,0.126984,0.349206
3.714286,8.031746,background,0.000000,50.580002,0,0,0.142857,0.349206
4.126984,8.031746,background,0.000000,50.980000,0,0,0.158730,0.349206
4.539682,8.031746,background,0.000000,51.320000,0,0,0.174603,0.349206
4.952381,8.031746,background,0.000000,51.639999,0,0,0.190476,0.349206
5.365079,8.031746,background,0.000000,52.060001,0,0,0.206349,0.349206
5.777778,8.031746,background,0.000000,52.470001,0,0,0.222222,0.349206
6.190476,8.031746,background,0.000000,52.840000,0,0,0.238095,0.349206
6.603175,8.031746,background,0.000000,53.189999,0,0,0.253968,0.349206
7.015873,8.031746,background,0.000000,53.529999,0,0,0.269841,0.349206
7.428571,8.031746,background,0.000000,53.900002,0,1,0.285714,0.349206
7.841270,8.031746,CPU1_9,12.000000,54.340000,1,0,0.301587,0.349206
8.253968,8.031746,CPU1_9,12.000000,55.000000,1,0,0.317460,0.349206
8.666667,8.031746,CPU1_9,12.000000,56.200001,1,0,0.333333,0.349206
9.079365,8.031746,CPU1_9,12.000000,57.840000,1,0,0.349206,0.349206
9.492064,8.031746,CPU1_9,12.000000,58.770000,1,0,0.365079,0.349206
9.904762,8.031746,CPU1_9,12.000000,59.250000,1,1,0.380952,0.349206
10.317460,8.031746,background,0.000000,59.450001,0,0,0.396825,0.349206
10.730159,8.031746,CPU1_11,12.000000,59.419998,1,1,0.412698,0.349206
11.142858,8.031746,CPU1_11,12.000000,59.180000,1,0,0.428571,0.349206
11.555555,8.031746,CPU1_11,12.000000,58.619999,1,0,0.444444,0.349206
11.968254,8.031746,CPU1_11,12.000000,57.509998,1,0,0.460317,0.349206
12.380953,8.031746,CPU1_11,12.000000,56.180000,1,0,0.476191,0.349206
12.793651,8.031746,CPU1_11,12.000000,55.169998,1,0,0.492063,0.349206
13.206349,8.031746,background,0.000000,54.549999,0,1,0.507937,0.349206
13.619047,8.031746,background,0.000000,54.290001,0,1,0.523809,0.349206
14.031746,8.031746,CPU1_1,12.000000,54.380001,1,1,0.539683,0.349206
14.444445,8.031746,CPU1_1,12.000000,54.820000,1,1,0.555556,0.349206
14.857142,8.031746,CPU1_1,12.000000,55.599998,1,1,0.571429,0.349206
15.269841,8.031746,CPU1_1,12.000000,56.720001,1,1,0.587302,0.349206
15.682540,8.031746,CPU1_1,12.000000,57.900002,1,1,0.603175,0.349206
16.095238,8.031746,CPU1_1,12.000000,58.980000,1,1,0.619048,0.349206
16.507936,8.031746,background,0.000000,59.799999,0,1,0.634921,0.349206
16.920635,8.031746,Analog_2,4.000000,60.250000,1,0,0.650794,0.349206
17.333334,8.031746,Analog_2,4.000000,60.410000,1,0,0.666667,0.349206
17.746031,8.031746,Analog_2,4.000000,60.299999,1,0,0.682540,0.349206
18.158730,8.031746,Analog_2,4.000000,59.860001,1,0,0.698413,0.349206
18.571428,8.031746,Analog_2,4.000000,59.070000,1,0,0.714286,0.349206
18.984127,8.031746,Analog_2,4.000000,58.340000,1,0,0.730159,0.349206
19.396826,8.031746,Analog_2,4.000000,57.799999,1,0,0.746032,0.349206
19.809525,8.031746,background,0.000000,57.340000,0,1,0.761905,0.349206
20.222221,8.031746,background,0.000000,56.900002,0,0,0.777778,0.349206
20.634920,8.031746,background,0.000000,56.779999,0,0,0.793651,0.349206
21.047619,8.031746,background,0.000000,57.220001,0,0,0.809524,0.349206
21.460318,8.031746,background,0.000000,57.810001,0,0,0.825397,0.349206
21.873016,8.031746,background,0.000000,58.560001,0,0,0.841270,0.349206
22.285715,8.031746,background,0.000000,58.830002,0,0,0.857143,0.349206
22.698412,8.031746,background,0.000000,58.759998,0,0,0.873016,0.349206
23.111111,8.031746,background,0.000000,58.430000,0,0,0.888889,0.349206
23.523809,8.031746,background,0.000000,57.880001,0,0,0.904762,0.349206
23.936508,8.031746,background,0.000000,57.200001,0,0,0.920635,0.349206
24.349207,8.031746,background,0.000000,56.520000,0,0,0.936508,0.349206
24.761906,8.031746,background,0.000000,55.820000,0,0,0.952381,0.349206
25.174603,8.031746,background,0.000000,55.000000,0,0,0.968254,0.349206
25.587301,8.031746,background,0.000000,53.950001,0,0,0.984127,0.349206
26.000000,8.031746,background,0.000000,53.299999,0,0,1.000000,0.349206
0.000000,8.396826,background,0.000000,45.400002,0,0,0.000000,0.365079
0.412698,8.396826,background,0.000000,45.570000,0,0,0.015873,0.365079
0.825397,8.396826,background,0.000000,45.910000,0,0,0.031746,0.365079
1.238095,8.396826,background,0.000000,46.430000,0,0,0.047619,0.365079
1.650794,8.396826,background,0.000000,47.119999,0,0,0.063492,0.365079
2.063492,8.396826,background,0.000000,48.009998,0,0,0.079365,0.365079
2.476191,8.396826,background,0.000000,49.040001,0,0,0.095238,0.365079
2.888889,8.396826,background,0.000000,49.889999,0,0,0.111111,0.365079
3.301587,8.396826,background,0.000000,50.490002,0,0,0.126984,0.365079
3.714286,8.396826,background,0.000000,51.009998,0,0,0.142857,0.365079
4.126984,8.396826,background,0.000000,51.450001,0,0,0.158730,0.365079
4.539682,8.396826,background,0.000000,51.830002,0,0,0.174603,0.365079
4.952381,8.396826,background,0.000000,52.169998,0,0,0.190476,0.365079
5.365079,8.396826,background,0.000000,52.599998,0,0,0.206349,0.365079
5.777778,8.396826,background,0.000000,52.990002,0,0,0.222222,0.365079
6.190476,8.396826,background,0.000000,53.349998,0,0,0.238095,0.365079
6.603175,8.396826,background,0.000000,53.680000,0,0,0.253968,0.365079
7.015873,8.396826,background,0.000000,54.009998,0,0,0.269841,0.365079
7.428571,8.396826,background,0.000000,54.369999,0,1,0.285714,0.365079
7.841270,8.396826,CPU1_9,12.000000,54.790001,1,0,0.301587,0.365079
8.253968,8.396826,CPU1_9,12.000000,55.439999,1,0,0.317460,0.365079
8.666667,8.396826,CPU1_9,12.000000,56.630001,1,0,0.333333,0.365079
9.079365,8.396826,CPU1_9,12.000000,58.220001,1,0,0.349206,0.365079
9.492064,8.396826,CPU1_9,12.000000,59.080002,1,0,0.365079,0.365079
9.904762,8.396826,CPU1_9,12.000000,59.509998,1,1,0.380952,0.365079
10.317460,8.396826,background,0.000000,59.669998,0,0,0.396825,0.365079
10.730159,8.396826,CPU1_11,12.000000,59.619999,1,1,0.412698,0.365079
11.142858,8.396826,CPU1_11,12.000000,59.349998,1,0,0.428571,0.365079
11.555555,8.396826,CPU1_11,12.000000,58.779999,1,0,0.444444,0.365079
11.968254,8.396826,CPU1_11,12.000000,57.680000,1,0,0.460317,0.365079
12.380953,8.396826,CPU1_11,12.000000,56.360001,1,0,0.476191,0.365079
12.793651,8.396826,CPU1_11,12.000000,55.360001,1,0,0.492063,0.365079
13.206349,8.396826,background,0.000000,54.750000,0,1,0.507937,0.365079
13.619047,8.396826,background,0.000000,54.520000,0,1,0.523809,0.365079
14.031746,8.396826,CPU1_1,12.000000,54.639999,1,0,0.539683,0.365079
14.444445,8.396826,CPU1_1,12.000000,55.110001,1,0,0.555556,0.365079
14.857142,8.396826,CPU1_1,12.000000,55.950001,1,0,0.571429,0.365079
15.269841,8.396826,CPU1_1,12.000000,57.139999,1,0,0.587302,0.365079
15.682540,8.396826,CPU1_1,12.000000,58.330002,1,0,0.603175,0.365079
16.095238,8.396826,CPU1_1,12.000000,59.349998,1,1,0.619048,0.365079
16.507936,8.396826,background,0.000000,60.000000,0,1,0.634921,0.365079
16.920635,8.396826,Analog_2,4.000000,60.340000,1,0,0.650794,0.365079
17.333334,8.396826,Analog_2,4.000000,60.410000,1,0,0.666667,0.365079
17.746031,8.396826,Analog_2,4.000000,60.189999,1,0,0.682540,0.365079
18.158730,8.396826,Analog_2,4.000000,59.580002,1,0,0.698413,0.365079
18.571428,8.396826,Analog_2,4.000000,58.549999,1,0,0.714286,0.365079
18.984127,8.396826,Analog_2,4.000000,57.660000,1,0,0.730159,0.365079
19.396826,8.396826,Analog_2,4.000000,57.080002,1,0,0.746032,0.365079
19.809525,8.396826,background,0.000000,56.740002,0,1,0.761905,0.365079
20.222221,8.396826,background,0.000000,56.619999,0,0,0.777778,0.365079
20.634920,8.396826,background,0.000000,56.849998,0,0,0.793651,0.365079
21.047619,8.396826,background,0.000000,57.520000,0,0,0.809524,0.365079
21.460318,8.396826,background,0.000000,58.169998,0,0,0.825397,0.365079
21.873016,8.396826,background,0.000000,58.709999,0,0,0.841270,0.365079
22.285715,8.396826,background,0.000000,58.840000,0,0,0.857143,0.365079
22.698412,8.396826,background,0.000000,58.650002,0,0,0.873016,0.365079
23.111111,8.396826,background,0.000000,58.150002,0,0,0.888889,0.365079
23.523809,8.396826,background,0.000000,57.290001,0,0,0.904762,0.365079
23.936508,8.396826,background,0.000000,56.220001,0,0,0.920635,0.365079
24.349207,8.396826,background,0.000000,55.380001,0,0,0.936508,0.365079
24.761906,8.396826,background,0.000000,54.660000,0,0,0.952381,0.365079
25.174603,8.396826,background,0.000000,53.880001,0,0,0.968254,0.365079
25.587301,8.396826,background,0.000000,52.980000,0,0,0.984127,0.365079
26.000000,8.396826,background,0.000000,52.310001,0,0,1.000000,0.365079
0.000000,8.761905,background,0.000000,45.759998,0,0,0.000000,0.380952
0.412698,8.761905,background,0.000000,45.930000,0,0,0.015873,0.380952
0.825397,8.761905,background,0.000000,46.270000,0,0,0.031746,0.380952
1.238095,8.761905,background,0.000000,46.779999,0,0,0.047619,0.380952
1.650794,8.761905,background,0.000000,47.470001,0,0,0.063492,0.380952
2.063492,8.761905,background,0.000000,48.349998,0,0,0.079365,0.380952
2.476191,8.761905,background,0.000000,49.389999,0,0,0.095238,0.380952
2.888889,8.761905,background,0.000000,50.259998,0,0,0.111111,0.380952
3.301587,8.761905,background,0.000000,50.950001,0,0,0.126984,0.380952
3.714286,8.761905,background,0.000000,51.549999,0,0,0.142857,0.380952
4.126984,8.761905,Analog_18,4.000000,52.060001,1,1,0.158730,0.380952
4.539682,8.761905,Analog_18,4.000000,52.490002,1,1,0.174603,0.380952
4.952381,8.761905,Analog_18,4.000000,52.869999,1,1,0.190476,0.380952
5.365079,8.761905,Analog_18,4.000000,53.299999,1,1,0.206349,0.380952
5.777778,8.761905,Analog_18,4.000000,53.689999,1,1,0.222222,0.380952
6.190476,8.761905,Analog_18,4.000000,54.040001,1,1,0.238095,0.380952
6.603175,8.761905,Analog_18,4.000000,54.369999,1,1,0.253968,0.380952
7.015873,8.761905,Analog_18,4.000000,54.689999,1,1,0.269841,0.380952
7.428571,8.761905,background,0.000000,55.029999,0,1,0.285714,0.380952
7.841270,8.761905,CPU1_9,12.000000,55.430000,1,0,0.301587,0.380952
8.253968,8.761905,CPU1_9,12.000000,56.029999,1,0,0.317460,0.380952
8.666667,8.761905,CPU1_9,12.000000,57.139999,1,0,0.333333,0.380952
9.079365,8.761905,CPU1_9,12.000000,58.580002,1,0,0.349206,0.380952
9.492064,8.761905,CPU1_9,12.000000,59.349998,1,0,0.365079,0.380952
9.904762,8.761905,CPU1_9,12.000000,59.709999,1,1,0.380952,0.380952
10.317460,8.761905,background,0.000000,59.820000,0,0,0.396825,0.380952
10.730159,8.761905,CPU1_11,12.000000,59.730000,1,1,0.412698,0.380952
11.142858,8.761905,CPU1_11,12.000000,59.430000,1,0,0.428571,0.380952
11.555555,8.761905,CPU1_11,12.000000,58.840000,1,0,0.444444,0.380952
11.968254,8.761905,CPU1_11,12.000000,57.730000,1,0,0.460317,0.380952
12.380953,8.761905,CPU1_11,12.000000,56.439999,1,0,0.476191,0.380952
12.793651,8.761905,CPU1_11,12.000000,55.480000,1,0,0.492063,0.380952
13.206349,8.761905,background,0.000000,54.910000,0,1,0.507937,0.380952
13.619047,8.761905,background,0.000000,54.700001,0,1,0.523809,0.380952
14.031746,8.761905,CPU1_1,12.000000,54.840000,1,0,0.539683,0.380952
14.444445,8.761905,CPU1_1,12.000000,55.330002,1,0,0.555556,0.380952
14.857142,8.761905,CPU1_1,12.000000,56.200001,1,0,0.571429,0.380952
15.269841,8.761905,CPU1_1,12.000000,57.400002,1,0,0.587302,0.380952
15.682540,8.761905,CPU1_1,12.000000,58.570000,1,0,0.603175,0.380952
16.095238,8.761905,CPU1_1,12.000000,59.529999,1,1,0.619048,0.380952
16.507936,8.761905,background,0.000000,60.110001,0,1,0.634921,0.380952
16.920635,8.761905,Analog_2,4.000000,60.389999,1,0,0.650794,0.380952
17.333334,8.761905,Analog_2,4.000000,60.400002,1,0,0.666667,0.380952
17.746031,8.761905,Analog_2,4.000000,60.099998,1,0,0.682540,0.380952
18.158730,8.761905,Analog_2,4.000000,59.400002,1,0,0.698413,0.380952
18.571428,8.761905,Analog_2,4.000000,58.259998,1,0,0.714286,0.380952
18.984127,8.761905,Analog_2,4.000000,57.299999,1,0,0.730159,0.380952
19.396826,8.761905,Analog_2,4.000000,56.720001,1,0,0.746032,0.380952
19.809525,8.761905,background,0.000000,56.470001,0,1,0.761905,0.380952
20.222221,8.761905,background,0.000000,56.560001,0,0,0.777778,0.380952
20.634920,8.761905,background,0.000000,57.070000,0,0,0.793651,0.380952
21.047619,8.761905,background,0.000000,57.950001,0,0,0.809524,0.380952
21.460318,8.761905,background,0.000000,58.549999,0,0,0.825397,0.380952
21.873016,8.761905,background,0.000000,58.849998,0,0,0.841270,0.380952
22.285715,8.761905,background,0.000000,58.840000,0,0,0.857143,0.380952
22.698412,8.761905,background,0.000000,58.529999,0,0,0.873016,0.380952
23.111111,8.761905,background,0.000000,57.849998,0,0,0.888889,0.380952
23.523809,8.761905,background,0.000000,56.700001,0,0,0.904762,0.380952
23.936508,8.761905,background,0.000000,55.290001,0,0,0.920635,0.380952
24.349207,8.761905,background,0.000000,54.330002,0,0,0.936508,0.380952
24.761906,8.761905,background,0.000000,53.599998,0,0,0.952381,0.380952
25.174603,8.761905,background,0.000000,52.919998,0,0,0.968254,0.380952
25.587301,8.761905,background,0.000000,52.270000,0,0,0.984127,0.380952
26.000000,8.761905,background,0.000000,51.779999,0,0,1.000000,0.380952
0.000000,9.126985,background,0.000000,46.160000,0,0,0.000000,0.396825
0.412698,9.126985,background,0.000000,46.330002,0,0,0.015873,0.396825
0.825397,9.126985,background,0.000000,46.669998,0,0,0.031746,0.396825
1.238095,9.126985,background,0.000000,47.169998,0,0,0.047619,0.396825
1.650794,9.126985,background,0.000000,47.840000,0,0,0.063492,0.396825
2.063492,9.126985,background,0.000000,48.700001,0,0,0.079365,0.396825
2.476191,9.126985,background,0.000000,49.730000,0,0,0.095238,0.396825
2.888889,9.126985,background,0.000000,50.680000,0,0,0.111111,0.396825
3.301587,9.126985,background,0.000000,51.580002,0,0,0.126984,0.396825
3.714286,9.126985,background,0.000000,52.389999,0,0,0.142857,0.396825
4.126984,9.126985,Analog_18,4.000000,53.020000,1,1,0.158730,0.396825
4.539682,9.126985,Analog_18,4.000000,53.520000,1,0,0.174603,0.396825
4.952381,9.126985,Analog_18,4.000000,53.950001,1,0,0.190476,0.396825
5.365079,9.126985,Analog_18,4.000000,54.380001,1,0,0.206349,0.396825
5.777778,9.126985,Analog_18,4.000000,54.759998,1,0,0.222222,0.396825
6.190476,9.126985,Analog_18,4.000000,55.110001,1,0,0.238095,0.396825
6.603175,9.126985,Analog_18,4.000000,55.430000,1,0,0.253968,0.396825
7.015873,9.126985,Analog_18,4.000000,55.740002,1,1,0.269841,0.396825
7.428571,9.126985,background,0.000000,56.060001,0,1,0.285714,0.396825
7.841270,9.126985,CPU1_9,12.000000,56.439999,1,0,0.301587,0.396825
8.253968,9.126985,CPU1_9,12.000000,56.959999,1,0,0.317460,0.396825
8.666667,9.126985,CPU1_9,12.000000,57.880001,1,0,0.333333,0.396825
9.079365,9.126985,CPU1_9,12.000000,58.980000,1,0,0.349206,0.396825
9.492064,9.126985,CPU1_9,12.000000,59.570000,1,0,0.365079,0.396825
9.904762,9.126985,CPU1_9,12.000000,59.840000,1,1,0.380952,0.396825
10.317460,9.126985,background,0.000000,59.889999,0,0,0.396825,0.396825
10.730159,9.126985,CPU1_11,12.000000,59.730000,1,1,0.412698,0.396825
11.142858,9.126985,CPU1_11,12.000000,59.360001,1,0,0.428571,0.396825
11.555555,9.126985,CPU1_11,12.000000,58.720001,1,0,0.444444,0.396825
11.968254,9.126985,CPU1_11,12.000000,57.619999,1,0,0.460317,0.396825
12.380953,9.126985,CPU1_11,12.000000,56.419998,1,0,0.476191,0.396825
12.793651,9.126985,CPU1_11,12.000000,55.540001,1,0,0.492063,0.396825
13.206349,9.126985,background,0.000000,55.029999,0,1,0.507937,0.396825
13.619047,9.126985,background,0.000000,54.849998,0,1,0.523809,0.396825
14.031746,9.126985,CPU1_1,12.000000,55.000000,1,1,0.539683,0.396825
14.444445,9.126985,CPU1_1,12.000000,55.500000,1,1,0.555556,0.396825
14.857142,9.126985,CPU1_1,12.000000,56.349998,1,1,0.571429,0.396825
15.269841,9.126985,CPU1_1,12.000000,57.540001,1,1,0.587302,0.396825
15.682540,9.126985,CPU1_1,12.000000,58.669998,1,1,0.603175,0.396825
16.095238,9.126985,CPU1_1,12.000000,59.610001,1,1,0.619048,0.396825
16.507936,9.126985,background,0.000000,60.150002,0,1,0.634921,0.396825
16.920635,9.126985,Analog_2,4.000000,60.380001,1,0,0.650794,0.396825
17.333334,9.126985,Analog_2,4.000000,60.349998,1,0,0.666667,0.396825
17.746031,9.126985,Analog_2,4.000000,60.009998,1,0,0.682540,0.396825
18.158730,9.126985,Analog_2,4.000000,59.270000,1,0,0.698413,0.396825
18.571428,9.126985,Analog_2,4.000000,58.080002,1,0,0.714286,0.396825
18.984127,9.126985,Analog_2,4.000000,57.080002,1,0,0.730159,0.396825
19.396826,9.126985,Analog_2,4.000000,56.509998,1,0,0.746032,0.396825
19.809525,9.126985,background,0.000000,56.320000,0,1,0.761905,0.396825
20.222221,9.126985,background,0.000000,56.509998,0,0,0.777778,0.396825
20.634920,9.126985,background,0.000000,57.139999,0,0,0.793651,0.396825
21.047619,9.126985,background,0.000000,58.099998,0,0,0.809524,0.396825
21.460318,9.126985,background,0.000000,58.680000,0,0,0.825397,0.396825
21.873016,9.126985,background,0.000000,58.889999,0,0,0.841270,0.396825
22.285715,9.126985,background,0.000000,58.790001,0,0,0.857143,0.396825
22.698412,9.126985,background,0.000000,58.389999,0,0,0.873016,0.396825
23.111111,9.126985,background,0.000000,57.610001,0,0,0.888889,0.396825
23.523809,9.126985,background,0.000000,56.299999,0,0,0.904762,0.396825
23.936508,9.126985,background,0.000000,54.730000,0,0,0.920635,0.396825
24.349207,9.126985,background,0.000000,53.689999,0,0,0.936508,0.396825
24.761906,9.126985,background,0.000000,52.959999,0,0,0.952381,0.396825
25.174603,9.126985,background,0.000000,52.360001,0,0,0.968254,0.396825
25.587301,9.126985,background,0.000000,51.820000,0,0,0.984127,0.396825
26.000000,9.126985,background,0.000000,51.439999,0,0,1.000000,0.396825
0.000000,9.492064,background,0.000000,46.630001,0,0,0.000000,0.412698
0.412698,9.492064,background,0.000000,46.799999,0,0,0.015873,0.412698
0.825397,9.492064,background,0.000000,47.130001,0,0,0.031746,0.412698
1.238095,9.492064,background,0.000000,47.599998,0,0,0.047619,0.412698
1.650794,9.492064,background,0.000000,48.240002,0,0,0.063492,0.412698
2.063492,9.492064,background,0.000000,49.060001,0,0,0.079365,0.412698
2.476191,9.492064,background,0.000000,50.060001,0,0,0.095238,0.412698
2.888889,9.492064,background,0.000000,51.169998,0,0,0.111111,0.412698
3.301587,9.492064,background,0.000000,52.520000,0,0,0.126984,0.412698
3.714286,9.492064,background,0.000000,53.660000,0,0,0.142857,0.412698
4.126984,9.492064,Analog_18,4.000000,54.459999,1,1,0.158730,0.412698
4.539682,9.492064,Analog_18,4.000000,55.049999,1,0,0.174603,0.412698
4.952381,9.492064,Analog_18,4.000000,55.529999,1,0,0.190476,0.412698
5.365079,9.492064,Analog_18,4.000000,55.950001,1,0,0.206349,0.412698
5.777778,9.492064,Analog_18,4.000000,56.330002,1,0,0.222222,0.412698
6.190476,9.492064,Analog_18,4.000000,56.669998,1,0,0.238095,0.412698
6.603175,9.492064,Analog_18,4.000000,56.990002,1,0,0.253968,0.412698
7.015873,9.492064,Analog_18,4.000000,57.299999,1,1,0.269841,0.412698
7.428571,9.492064,background,0.000000,57.599998,0,1,0.285714,0.412698
7.841270,9.492064,CPU1_9,12.000000,57.930000,1,0,0.301587,0.412698
8.253968,9.492064,CPU1_9,12.000000,58.330002,1,0,0.317460,0.412698
8.666667,9.492064,CPU1_9,12.000000,58.880001,1,0,0.333333,0.412698
9.079365,9.492064,CPU1_9,12.000000,59.439999,1,0,0.349206,0.412698
9.492064,9.492064,CPU1_9,12.000000,59.779999,1,0,0.365079,0.412698
9.904762,9.492064,CPU1_9,12.000000,59.930000,1,1,0.380952,0.412698
10.317460,9.492064,background,0.000000,59.889999,0,0,0.396825,0.412698
10.730159,9.492064,CPU1_11,12.000000,59.650002,1,1,0.412698,0.412698
11.142858,9.492064,CPU1_11,12.000000,59.130001,1,0,0.428571,0.412698
11.555555,9.492064,CPU1_11,12.000000,58.349998,1,0,0.444444,0.412698
11.968254,9.492064,CPU1_11,12.000000,57.310001,1,0,0.460317,0.412698
12.380953,9.492064,CPU1_11,12.000000,56.320000,1,0,0.476191,0.412698
12.793651,9.492064,CPU1_11,12.000000,55.580002,1,0,0.492063,0.412698
13.206349,9.492064,background,0.000000,55.130001,0,1,0.507937,0.412698
13.619047,9.492064,background,0.000000,54.990002,0,1,0.523809,0.412698
14.031746,9.492064,CPU1_1,12.000000,55.150002,1,0,0.539683,0.412698
14.444445,9.492064,CPU1_1,12.000000,55.619999,1,0,0.555556,0.412698
14.857142,9.492064,CPU1_1,12.000000,56.450001,1,0,0.571429,0.412698
15.269841,9.492064,CPU1_1,12.000000,57.590000,1,0,0.587302,0.412698
15.682540,9.492064,CPU1_1,12.000000,58.689999,1,0,0.603175,0.412698
16.095238,9.492064,CPU1_1,12.000000,59.599998,1,1,0.619048,0.412698
16.507936,9.492064,background,0.000000,60.110001,0,1,0.634921,0.412698
16.920635,9.492064,Analog_2,4.000000,60.310001,1,1,0.650794,0.412698
17.333334,9.492064,Analog_2,4.000000,60.250000,1,1,0.666667,0.412698
17.746031,9.492064,Analog_2,4.000000,59.889999,1,1,0.682540,0.412698
18.158730,9.492064,Analog_2,4.000000,59.119999,1,1,0.698413,0.412698
18.571428,9.492064,Analog_2,4.000000,57.910000,1,1,0.714286,0.412698
18.984127,9.492064,Analog_2,4.000000,56.900002,1,1,0.730159,0.412698
19.396826,9.492064,Analog_2,4.000000,56.340000,1,1,0.746032,0.412698
19.809525,9.492064,background,0.000000,56.169998,0,1,0.761905,0.412698
20.222221,9.492064,background,0.000000,56.400002,0,0,0.777778,0.412698
20.634920,9.492064,background,0.000000,57.090000,0,0,0.793651,0.412698
21.047619,9.492064,background,0.000000,58.080002,0,0,0.809524,0.412698
21.460318,9.492064,background,0.000000,58.650002,0,0,0.825397,0.412698
21.873016,9.492064,background,0.000000,58.820000,0,0,0.841270,0.412698
22.285715,9.492064,background,0.000000,58.680000,0,0,0.857143,0.412698
22.698412,9.492064,background,0.000000,58.230000,0,0,0.873016,0.412698
23.111111,9.492064,background,0.000000,57.400002,0,0,0.888889,0.412698
23.523809,9.492064,background,0.000000,56.020000,0,0,0.904762,0.412698
23.936508,9.492064,background,0.000000,54.380001,0,0,0.920635,0.412698
24.349207,9.492064,background,0.000000,53.299999,0,0,0.936508,0.412698
24.761906,9.492064,background,0.000000,52.580002,0,0,0.952381,0.412698
25.174603,9.492064,background,0.000000,52.000000,0,0,0.968254,0.412698
25.587301,9.492064,background,0.000000,51.520000,0,0,0.984127,0.412698
26.000000,9.492064,background,0.000000,51.169998,0,0,1.000000,0.412698
0.000000,9.857142,background,0.000000,47.150002,0,0,0.000000,0.428571
0.412698,9.857142,background,0.000000,47.330002,0,0,0.015873,0.428571
0.825397,9.857142,background,0.000000,47.650002,0,0,0.031746,0.428571
1.238095,9.857142,background,0.000000,48.099998,0,0,0.047619,0.428571
1.650794,9.857142,background,0.000000,48.689999,0,0,0.063492,0.428571
2.063492,9.857142,background,0.000000,49.459999,0,0,0.079365,0.428571
2.476191,9.857142,background,0.000000,50.459999,0,0,0.095238,0.428571
2.888889,9.857142,background,0.000000,51.770000,0,0,0.111111,0.428571
3.301587,9.857142,background,0.000000,53.299999,0,0,0.126984,0.428571
3.714286,9.857142,background,0.000000,54.610001,0,0,0.142857,0.428571
4.126984,9.857142,Analog_18,4.000000,55.509998,1,1,0.158730,0.428571
4.539682,9.857142,Analog_18,4.000000,56.160000,1,0,0.174603,0.428571
4.952381,9.857142,Analog_18,4.000000,56.669998,1,0,0.190476,0.428571
5.365079,9.857142,Analog_18,4.000000,57.099998,1,0,0.206349,0.428571
5.777778,9.857142,Analog_18,4.000000,57.490002,1,0,0.222222,0.428571
6.190476,9.857142,Analog_18,4.000000,57.830002,1,0,0.238095,0.428571
6.603175,9.857142,Analog_18,4.000000,58.160000,1,0,0.253968,0.428571
7.015873,9.857142,Analog_18,4.000000,58.459999,1,1,0.269841,0.428571
7.428571,9.857142,background,0.000000,58.750000,0,1,0.285714,0.428571
7.841270,9.857142,CPU1_9,12.000000,59.049999,1,0,0.301587,0.428571
8.253968,9.857142,CPU1_9,12.000000,59.360001,1,0,0.317460,0.428571
8.666667,9.857142,CPU1_9,12.000000,59.689999,1,0,0.333333,0.428571
9.079365,9.857142,CPU1_9,12.000000,59.980000,1,0,0.349206,0.428571
9.492064,9.857142,CPU1_9,12.000000,60.169998,1,0,0.365079,0.428571
9.904762,9.857142,CPU1_9,12.000000,60.220001,1,1,0.380952,0.428571
10.317460,9.857142,background,0.000000,60.119999,0,0,0.396825,0.428571
10.730159,9.857142,CPU1_11,12.000000,59.810001,1,1,0.412698,0.428571
11.142858,9.857142,CPU1_11,12.000000,59.200001,1,1,0.428571,0.428571
11.555555,9.857142,CPU1_11,12.000000,58.299999,1,1,0.444444,0.428571
11.968254,9.857142,CPU1_11,12.000000,57.240002,1,1,0.460317,0.428571
12.380953,9.857142,CPU1_11,12.000000,56.340000,1,1,0.476191,0.428571
12.793651,9.857142,CPU1_11,12.000000,55.689999,1,1,0.492063,0.428571
13.206349,9.857142,background,0.000000,55.299999,0,1,0.507937,0.428571
13.619047,9.857142,background,0.000000,55.169998,0,1,0.523809,0.428571
14.031746,9.857142,CPU1_1,12.000000,55.310001,1,0,0.539683,0.428571
14.444445,9.857142,CPU1_1,12.000000,55.740002,1,0,0.555556,0.428571
14.857142,9.857142,CPU1_1,12.000000,56.500000,1,0,0.571429,0.428571
15.269841,9.857142,CPU1_1,12.000000,57.570000,1,0,0.587302,0.428571
15.682540,9.857142,CPU1_1,12.000000,58.630001,1,0,0.603175,0.428571
16.095238,9.857142,CPU1_1,12.000000,59.500000,1,1,0.619048,0.428571
16.507936,9.857142,background,0.000000,59.970001,0,1,0.634921,0.428571
16.920635,9.857142,Analog_3,4.000000,60.150002,1,0,0.650794,0.428571
17.333334,9.857142,Analog_3,4.000000,60.070000,1,0,0.666667,0.428571
17.746031,9.857142,Analog_3,4.000000,59.689999,1,0,0.682540,0.428571
18.158730,9.857142,Analog_3,4.000000,58.910000,1,0,0.698413,0.428571
18.571428,9.857142,Analog_3,4.000000,57.689999,1,0,0.714286,0.428571
18.984127,9.857142,Analog_3,4.000000,56.669998,1,0,0.730159,0.428571
19.396826,9.857142,Analog_3,4.000000,56.099998,1,0,0.746032,0.428571
19.809525,9.857142,background,0.000000,55.950001,0,1,0.761905,0.428571
20.222221,9.857142,background,0.000000,56.209999,0,0,0.777778,0.428571
20.634920,9.857142,background,0.000000,56.939999,0,0,0.793651,0.428571
21.047619,9.857142,background,0.000000,57.950001,0,0,0.809524,0.428571
21.460318,9.857142,background,0.000000,58.520000,0,0,0.825397,0.428571
21.873016,9.857142,background,0.000000,58.669998,0,0,0.841270,0.428571
22.285715,9.857142,background,0.000000,58.509998,0,0,0.857143,0.428571
22.698412,9.857142,background,0.000000,58.040001,0,0,0.873016,0.428571
23.111111,9.857142,background,0.000000,57.180000,0,0,0.888889,0.428571
23.523809,9.857142,background,0.000000,55.770000,0,0,0.904762,0.428571
23.936508,9.857142,background,0.000000,54.099998,0,0,0.920635,0.428571
24.349207,9.857142,background,0.000000,53.009998,0,0,0.936508,0.428571
24.761906,9.857142,background,0.000000,52.279999,0,0,0.952381,0.428571
25.174603,9.857142,background,0.000000,51.720001,0,0,0.968254,0.428571
25.587301,9.857142,background,0.000000,51.250000,0,0,0.984127,0.428571
26.000000,9.857142,background,0.000000,50.919998,0,0,1.000000,0.428571
0.000000,10.222222,background,0.000000,47.580002,0,0,0.000000,0.444444
0.412698,10.222222,background,0.000000,47.770000,0,0,0.015873,0.444444
0.825397,10.222222,background,0.000000,48.090000,0,0,0.031746,0.444444
1.238095,10.222222,background,0.000000,48.520000,0,0,0.047619,0.444444
1.650794,10.222222,background,0.000000,49.060001,0,0,0.063492,0.444444
2.063492,10.222222,background,0.000000,49.750000,0,0,0.079365,0.444444
2.476191,10.222222,background,0.000000,50.680000,0,0,0.095238,0.444444
2.888889,10.222222,background,0.000000,51.959999,0,0,0.111111,0.444444
3.301587,10.222222,background,0.000000,53.599998,0,0,0.126984,0.444444
3.714286,10.222222,background,0.000000,55.020000,0,0,0.142857,0.444444
4.126984,10.222222,Analog_18,4.000000,56.009998,1,1,0.158730,0.444444
4.539682,10.222222,Analog_18,4.000000,56.700001,1,0,0.174603,0.444444
4.952381,10.222222,Analog_18,4.000000,57.240002,1,0,0.190476,0.444444
5.365079,10.222222,Analog_18,4.000000,57.689999,1,0,0.206349,0.444444
5.777778,10.222222,Analog_18,4.000000,58.090000,1,0,0.222222,0.444444
6.190476,10.222222,Analog_18,4.000000,58.450001,1,0,0.238095,0.444444
6.603175,10.222222,Analog_18,4.000000,58.779999,1,0,0.253968,0.444444
7.015873,10.222222,Analog_18,4.000000,59.099998,1,1,0.269841,0.444444
7.428571,10.222222,background,0.000000,59.389999,0,1,0.285714,0.444444
7.841270,10.222222,CPU1_9,12.000000,59.660000,1,0,0.301587,0.444444
8.253968,10.222222,CPU1_9,12.000000,59.919998,1,0,0.317460,0.444444
8.666667,10.222222,CPU1_9,12.000000,60.150002,1,0,0.333333,0.444444
9.079365,10.222222,CPU1_9,12.000000,60.340000,1,0,0.349206,0.444444
9.492064,10.222222,CPU1_9,12.000000,60.450001,1,0,0.365079,0.444444
9.904762,10.222222,CPU1_9,12.000000,60.450001,1,1,0.380952,0.444444
10.317460,10.222222,background,0.000000,60.310001,0,0,0.396825,0.444444
10.730159,10.222222,background,0.000000,59.970001,0,0,0.412698,0.444444
11.142858,10.222222,background,0.000000,59.330002,0,0,0.428571,0.444444
11.555555,10.222222,background,0.000000,58.410000,0,0,0.444444,0.444444
11.968254,10.222222,background,0.000000,57.360001,0,0,0.460317,0.444444
12.380953,10.222222,background,0.000000,56.509998,0,0,0.476191,0.444444
12.793651,10.222222,background,0.000000,55.919998,0,0,0.492063,0.444444
13.206349,10.222222,background,0.000000,55.560001,0,0,0.507937,0.444444
13.619047,10.222222,background,0.000000,55.430000,0,1,0.523809,0.444444
14.031746,10.222222,CPU1_1,12.000000,55.520000,1,0,0.539683,0.444444
14.444445,10.222222,CPU1_1,12.000000,55.869999,1,0,0.555556,0.444444
14.857142,10.222222,CPU1_1,12.000000,56.509998,1,0,0.571429,0.444444
15.269841,10.222222,CPU1_1,12.000000,57.450001,1,0,0.587302,0.444444
15.682540,10.222222,CPU1_1,12.000000,58.430000,1,0,0.603175,0.444444
16.095238,10.222222,CPU1_1,12.000000,59.250000,1,1,0.619048,0.444444
16.507936,10.222222,background,0.000000,59.680000,0,1,0.634921,0.444444
16.920635,10.222222,Analog_3,4.000000,59.830002,1,0,0.650794,0.444444
17.333334,10.222222,Analog_3,4.000000,59.730000,1,0,0.666667,0.444444
17.746031,10.222222,Analog_3,4.000000,59.349998,1,0,0.682540,0.444444
18.158730,10.222222,Analog_3,4.000000,58.580002,1,0,0.698413,0.444444
18.571428,10.222222,Analog_3,4.000000,57.349998,1,0,0.714286,0.444444
18.984127,10.222222,Analog_3,4.000000,56.310001,1,0,0.730159,0.444444
19.396826,10.222222,Analog_3,4.000000,55.740002,1,0,0.746032,0.444444
19.809525,10.222222,background,0.000000,55.599998,0,1,0.761905,0.444444
20.222221,10.222222,background,0.000000,55.910000,0,0,0.777778,0.444444
20.634920,10.222222,background,0.000000,56.680000,0,0,0.793651,0.444444
21.047619,10.222222,background,0.000000,57.730000,0,0,0.809524,0.444444
21.460318,10.222222,background,0.000000,58.290001,0,0,0.825397,0.444444
21.873016,10.222222,background,0.000000,58.430000,0,0,0.841270,0.444444
22.285715,10.222222,background,0.000000,58.250000,0,0,0.857143,0.444444
22.698412,10.222222,background,0.000000,57.770000,0,0,0.873016,0.444444
23.111111,10.222222,background,0.000000,56.910000,0,0,0.888889,0.444444
23.523809,10.222222,background,0.000000,55.509998,0,0,0.904762,0.444444
23.936508,10.222222,background,0.000000,53.830002,0,0,0.920635,0.444444
24.349207,10.222222,background,0.000000,52.730000,0,0,0.936508,0.444444
24.761906,10.222222,background,0.000000,51.990002,0,0,0.952381,0.444444
25.174603,10.222222,background,0.000000,51.430000,0,0,0.968254,0.444444
25.587301,10.222222,background,0.000000,50.970001,0,0,0.984127,0.444444
26.000000,10.222222,background,0.000000,50.650002,0,0,1.000000,0.444444
0.000000,10.587301,background,0.000000,47.950001,0,0,0.000000,0.460317
0.412698,10.587301,background,0.000000,48.130001,0,0,0.015873,0.460317
0.825397,10.587301,background,0.000000,48.450001,0,0,0.031746,0.460317
1.238095,10.587301,background,0.000000,48.869999,0,0,0.047619,0.460317
1.650794,10.587301,background,0.000000,49.380001,0,0,0.063492,0.460317
2.063492,10.587301,background,0.000000,50.029999,0,0,0.079365,0.460317
2.476191,10.587301,background,0.000000,50.889999,0,0,0.095238,0.460317
2.888889,10.587301,background,0.000000,52.099998,0,0,0.111111,0.460317
3.301587,10.587301,background,0.000000,53.689999,0,0,0.126984,0.460317
3.714286,10.587301,background,0.000000,55.110001,0,0,0.142857,0.460317
4.126984,10.587301,Analog_18,4.000000,56.119999,1,1,0.158730,0.460317
4.539682,10.587301,Analog_18,4.000000,56.840000,1,1,0.174603,0.460317
4.952381,10.587301,Analog_18,4.000000,57.389999,1,1,0.190476,0.460317
5.365079,10.587301,Analog_18,4.000000,57.849998,1,1,0.206349,0.460317
5.777778,10.587301,Analog_18,4.000000,58.270000,1,1,0.222222,0.460317
6.190476,10.587301,Analog_18,4.000000,58.650002,1,1,0.238095,0.460317
6.603175,10.587301,Analog_18,4.000000,59.020000,1,1,0.253968,0.460317
7.015873,10.587301,Analog_18,4.000000,59.360001,1,1,0.269841,0.460317
7.428571,10.587301,background,0.000000,59.669998,0,1,0.285714,0.460317
7.841270,10.587301,CPU1_9,12.000000,59.950001,1,0,0.301587,0.460317
8.253968,10.587301,CPU1_9,12.000000,60.189999,1,0,0.317460,0.460317
8.666667,10.587301,CPU1_9,12.000000,60.389999,1,0,0.333333,0.460317
9.079365,10.587301,CPU1_9,12.000000,60.540001,1,0,0.349206,0.460317
9.492064,10.587301,CPU1_9,12.000000,60.610001,1,0,0.365079,0.460317
9.904762,10.587301,CPU1_9,12.000000,60.599998,1,1,0.380952,0.460317
10.317460,10.587301,background,0.000000,60.450001,0,0,0.396825,0.460317
10.730159,10.587301,background,0.000000,60.099998,0,0,0.412698,0.460317
11.142858,10.587301,background,0.000000,59.480000,0,0,0.428571,0.460317
11.555555,10.587301,background,0.000000,58.610001,0,0,0.444444,0.460317
11.968254,10.587301,background,0.000000,57.630001,0,0,0.460317,0.460317
12.380953,10.587301,background,0.000000,56.860001,0,0,0.476191,0.460317
12.793651,10.587301,background,0.000000,56.330002,0,0,0.492063,0.460317
13.206349,10.587301,background,0.000000,56.000000,0,0,0.507937,0.460317
13.619047,10.587301,background,0.000000,55.840000,0,1,0.523809,0.460317
14.031746,10.587301,CPU1_0,12.000000,55.860001,1,1,0.539683,0.460317
14.444445,10.587301,CPU1_0,12.000000,56.060001,1,1,0.555556,0.460317
14.857142,10.587301,CPU1_0,12.000000,56.490002,1,1,0.571429,0.460317
15.269841,10.587301,CPU1_0,12.000000,57.180000,1,1,0.587302,0.460317
15.682540,10.587301,CPU1_0,12.000000,58.020000,1,1,0.603175,0.460317
16.095238,10.587301,CPU1_0,12.000000,58.740002,1,1,0.619048,0.460317
16.507936,10.587301,background,0.000000,59.110001,0,1,0.634921,0.460317
16.920635,10.587301,Analog_3,4.000000,59.220001,1,0,0.650794,0.460317
17.333334,10.587301,Analog_3,4.000000,59.110001,1,0,0.666667,0.460317
17.746031,10.587301,Analog_3,4.000000,58.750000,1,0,0.682540,0.460317
18.158730,10.587301,Analog_3,4.000000,58.020000,1,0,0.698413,0.460317
18.571428,10.587301,Analog_3,4.000000,56.790001,1,0,0.714286,0.460317
18.984127,10.587301,Analog_3,4.000000,55.709999,1,0,0.730159,0.460317
19.396826,10.587301,Analog_3,4.000000,55.139999,1,0,0.746032,0.460317
19.809525,10.587301,background,0.000000,55.029999,0,1,0.761905,0.460317
20.222221,10.587301,background,0.000000,55.419998,0,0,0.777778,0.460317
20.634920,10.587301,background,0.000000,56.299999,0,0,0.793651,0.460317
21.047619,10.587301,background,0.000000,57.410000,0,0,0.809524,0.460317
21.460318,10.587301,background,0.000000,57.950001,0,0,0.825397,0.460317
21.873016,10.587301,background,0.000000,58.060001,0,0,0.841270,0.460317
22.285715,10.587301,background,0.000000,57.869999,0,0,0.857143,0.460317
22.698412,10.587301,background,0.000000,57.389999,0,0,0.873016,0.460317
23.111111,10.587301,background,0.000000,56.549999,0,0,0.888889,0.460317
23.523809,10.587301,background,0.000000,55.169998,0,0,0.904762,0.460317
23.936508,10.587301,background,0.000000,53.509998,0,0,0.920635,0.460317
24.349207,10.587301,background,0.000000,52.400002,0,0,0.936508,0.460317
24.761906,10.587301,background,0.000000,51.660000,0,0,0.952381,0.460317
25.174603,10.587301,background,0.000000,51.090000,0,0,0.968254,0.460317
25.587301,10.587301,background,0.000000,50.630001,0,0,0.984127,0.460317
26.000000,10.587301,background,0.000000,50.310001,0,0,1.000000,0.460317
0.000000,10.952381,background,0.000000,48.080002,0,0,0.000000,0.476190
0.412698,10.952381,background,0.000000,48.270000,0,0,0.015873,0.476190
0.825397,10.952381,background,0.000000,48.580002,0,0,0.031746,0.476190
1.238095,10.952381,background,0.000000,48.990002,0,0,0.047619,0.476190
1.650794,10.952381,background,0.000000,49.480000,0,0,0.063492,0.476190
2.063492,10.952381,background,0.000000,50.099998,0,0,0.079365,0.476190
2.476191,10.952381,background,0.000000,50.910000,0,0,0.095238,0.476190
2.888889,10.952381,background,0.000000,52.040001,0,0,0.111111,0.476190
3.301587,10.952381,background,0.000000,53.540001,0,0,0.126984,0.476190
3.714286,10.952381,background,0.000000,54.910000,0,0,0.142857,0.476190
4.126984,10.952381,background,0.000000,55.889999,0,0,0.158730,0.476190
4.539682,10.952381,background,0.000000,56.599998,0,0,0.174603,0.476190
4.952381,10.952381,background,0.000000,57.160000,0,0,0.190476,0.476190
5.365079,10.952381,background,0.000000,57.639999,0,0,0.206349,0.476190
5.777778,10.952381,background,0.000000,58.080002,0,0,0.222222,0.476190
6.190476,10.952381,background,0.000000,58.509998,0,0,0.238095,0.476190
6.603175,10.952381,background,0.000000,58.950001,0,0,0.253968,0.476190
7.015873,10.952381,background,0.000000,59.369999,0,0,0.269841,0.476190
7.428571,10.952381,background,0.000000,59.730000,0,1,0.285714,0.476190
7.841270,10.952381,background,0.000000,60.040001,0,1,0.301587,0.476190
8.253968,10.952381,background,0.000000,60.290001,0,1,0.317460,0.476190
8.666667,10.952381,background,0.000000,60.480000,0,1,0.333333,0.476190
9.079365,10.952381,background,0.000000,60.619999,0,1,0.349206,0.476190
9.492064,10.952381,background,0.000000,60.689999,0,1,0.365079,0.476190
9.904762,10.952381,background,0.000000,60.680000,0,1,0.380952,0.476190
10.317460,10.952381,background,0.000000,60.540001,0,0,0.396825,0.476190
10.730159,10.952381,background,0.000000,60.230000,0,0,0.412698,0.476190
11.142858,10.952381,background,0.000000,59.660000,0,0,0.428571,0.476190
11.555555,10.952381,background,0.000000,58.889999,0,0,0.444444,0.476190
11.968254,10.952381,background,0.000000,58.049999,0,0,0.460317,0.476190
12.380953,10.952381,background,0.000000,57.410000,0,0,0.476191,0.476190
12.793651,10.952381,background,0.000000,56.959999,0,0,0.492063,0.476190
13.206349,10.952381,background,0.000000,56.669998,0,0,0.507937,0.476190
13.619047,10.952381,background,0.000000,56.500000,0,1,0.523809,0.476190
14.031746,10.952381,CPU1_0,12.000000,56.419998,1,0,0.539683,0.476190
14.444445,10.952381,CPU1_0,12.000000,56.430000,1,0,0.555556,0.476190
14.857142,10.952381,CPU1_0,12.000000,56.520000,1,0,0.571429,0.476190
15.269841,10.952381,CPU1_0,12.000000,56.740002,1,0,0.587302,0.476190
15.682540,10.952381,CPU1_0,12.000000,57.330002,1,0,0.603175,0.476190
16.095238,10.952381,CPU1_0,12.000000,57.840000,1,1,0.619048,0.476190
16.507936,10.952381,background,0.000000,58.090000,0,1,0.634921,0.476190
16.920635,10.952381,Analog_3,4.000000,58.139999,1,0,0.650794,0.476190
17.333334,10.952381,Analog_3,4.000000,58.020000,1,0,0.666667,0.476190
17.746031,10.952381,Analog_3,4.000000,57.700001,1,0,0.682540,0.476190
18.158730,10.952381,Analog_3,4.000000,57.099998,1,0,0.698413,0.476190
18.571428,10.952381,Analog_3,4.000000,56.060001,1,0,0.714286,0.476190
18.984127,10.952381,Analog_3,4.000000,55.150002,1,0,0.730159,0.476190
19.396826,10.952381,Analog_3,4.000000,54.660000,1,0,0.746032,0.476190
19.809525,10.952381,background,0.000000,54.590000,0,1,0.761905,0.476190
20.222221,10.952381,background,0.000000,55.070000,0,0,0.777778,0.476190
20.634920,10.952381,background,0.000000,55.910000,0,0,0.793651,0.476190
21.047619,10.952381,background,0.000000,56.939999,0,0,0.809524,0.476190
21.460318,10.952381,background,0.000000,57.380001,0,0,0.825397,0.476190
21.873016,10.952381,background,0.000000,57.439999,0,0,0.841270,0.476190
22.285715,10.952381,background,0.000000,57.230000,0,0,0.857143,0.476190
22.698412,10.952381,background,0.000000,56.779999,0,0,0.873016,0.476190
23.111111,10.952381,background,0.000000,55.990002,0,0,0.888889,0.476190
23.523809,10.952381,background,0.000000,54.730000,0,0,0.904762,0.476190
23.936508,10.952381,background,0.000000,53.130001,0,0,0.920635,0.476190
24.349207,10.952381,background,0.000000,52.000000,0,0,0.936508,0.476190
24.761906,10.952381,background,0.000000,51.230000,0,0,0.952381,0.476190
25.174603,10.952381,background,0.000000,50.650002,0,0,0.968254,0.476190
25.587301,10.952381,background,0.000000,50.200001,0,0,0.984127,0.476190
26.000000,10.952381,background,0.000000,49.900002,0,0,1.000000,0.476190
0.000000,11.317460,background,0.000000,48.000000,0,0,0.000000,0.492063
0.412698,11.317460,background,0.000000,48.189999,0,0,0.015873,0.492063
0.825397,11.317460,background,0.000000,48.490002,0,0,0.031746,0.492063
1.238095,11.317460,background,0.000000,48.889999,0,0,0.047619,0.492063
1.650794,11.317460,background,0.000000,49.369999,0,0,0.063492,0.492063
2.063492,11.317460,background,0.000000,49.959999,0,1,0.079365,0.492063
2.476191,11.317460,background,0.000000,50.720001,0,1,0.095238,0.492063
2.888889,11.317460,background,0.000000,51.740002,0,1,0.111111,0.492063
3.301587,11.317460,background,0.000000,53.080002,0,1,0.126984,0.492063
3.714286,11.317460,background,0.000000,54.310001,0,1,0.142857,0.492063
4.126984,11.317460,background,0.000000,55.209999,0,1,0.158730,0.492063
4.539682,11.317460,background,0.000000,55.880001,0,1,0.174603,0.492063
4.952381,11.317460,background,0.000000,56.439999,0,1,0.190476,0.492063
5.365079,11.317460,background,0.000000,56.930000,0,0,0.206349,0.492063
5.777778,11.317460,background,0.000000,57.430000,0,0,0.222222,0.492063
6.190476,11.317460,background,0.000000,57.950001,0,0,0.238095,0.492063
6.603175,11.317460,background,0.000000,58.540001,0,0,0.253968,0.492063
7.015873,11.317460,background,0.000000,59.130001,0,0,0.269841,0.492063
7.428571,11.317460,background,0.000000,59.610001,0,0,0.285714,0.492063
7.841270,11.317460,background,0.000000,59.980000,0,0,0.301587,0.492063
8.253968,11.317460,background,0.000000,60.259998,0,0,0.317460,0.492063
8.666667,11.317460,background,0.000000,60.470001,0,0,0.333333,0.492063
9.079365,11.317460,background,0.000000,60.619999,0,0,0.349206,0.492063
9.492064,11.317460,background,0.000000,60.700001,0,0,0.365079,0.492063
9.904762,11.317460,background,0.000000,60.709999,0,0,0.380952,0.492063
10.317460,11.317460,background,0.000000,60.599998,0,0,0.396825,0.492063
10.730159,11.317460,background,0.000000,60.340000,0,0,0.412698,0.492063
11.142858,11.317460,background,0.000000,59.869999,0,0,0.428571,0.492063
11.555555,11.317460,background,0.000000,59.250000,0,0,0.444444,0.492063
11.968254,11.317460,background,0.000000,58.639999,0,0,0.460317,0.492063
12.380953,11.317460,background,0.000000,58.180000,0,0,0.476191,0.492063
12.793651,11.317460,background,0.000000,57.849998,0,0,0.492063,0.492063
13.206349,11.317460,background,0.000000,57.619999,0,0,0.507937,0.492063
13.619047,11.317460,background,0.000000,57.450001,0,1,0.523809,0.492063
14.031746,11.317460,CPU1_0,12.000000,57.290001,1,0,0.539683,0.492063
14.444445,11.317460,CPU1_0,12.000000,57.110001,1,0,0.555556,0.492063
14.857142,11.317460,CPU1_0,12.000000,56.849998,1,0,0.571429,0.492063
15.269841,11.317460,CPU1_0,12.000000,56.549999,1,0,0.587302,0.492063
15.682540,11.317460,CPU1_0,12.000000,56.639999,1,0,0.603175,0.492063
16.095238,11.317460,CPU1_0,12.000000,56.759998,1,1,0.619048,0.492063
16.507936,11.317460,background,0.000000,56.810001,0,1,0.634921,0.492063
16.920635,11.317460,Analog_3,4.000000,56.759998,1,0,0.650794,0.492063
17.333334,11.317460,Analog_3,4.000000,56.619999,1,0,0.666667,0.492063
17.746031,11.317460,Analog_3,4.000000,56.369999,1,0,0.682540,0.492063
18.158730,11.317460,Analog_3,4.000000,55.959999,1,0,0.698413,0.492063
18.571428,11.317460,Analog_3,4.000000,55.389999,1,0,0.714286,0.492063
18.984127,11.317460,Analog_3,4.000000,54.869999,1,0,0.730159,0.492063
19.396826,11.317460,Analog_3,4.000000,54.529999,1,0,0.746032,0.492063
19.809525,11.317460,background,0.000000,54.389999,0,1,0.761905,0.492063
20.222221,11.317460,background,0.000000,54.660000,0,0,0.777778,0.492063
20.634920,11.317460,background,0.000000,55.240002,0,0,0.793651,0.492063
21.047619,11.317460,background,0.000000,56.049999,0,0,0.809524,0.492063
21.460318,11.317460,background,0.000000,56.369999,0,0,0.825397,0.492063
21.873016,11.317460,background,0.000000,56.360001,0,0,0.841270,0.492063
22.285715,11.317460,background,0.000000,56.139999,0,0,0.857143,0.492063
22.698412,11.317460,background,0.000000,55.720001,0,0,0.873016,0.492063
23.111111,11.317460,background,0.000000,55.060001,0,0,0.888889,0.492063
23.523809,11.317460,background,0.000000,54.029999,0,0,0.904762,0.492063
23.936508,11.317460,background,0.000000,52.720001,0,0,0.920635,0.492063
24.349207,11.317460,background,0.000000,51.660000,0,0,0.936508,0.492063
24.761906,11.317460,background,0.000000,50.880001,0,0,0.952381,0.492063
25.174603,11.317460,background,0.000000,50.259998,0,0,0.968254,0.492063
25.587301,11.317460,background,0.000000,49.810001,0,0,0.984127,0.492063
26.000000,11.317460,background,0.000000,49.540001,0,0,1.000000,0.492063
0.000000,11.682540,background,0.000000,47.669998,0,0,0.000000,0.507937
0.412698,11.682540,background,0.000000,47.849998,0,0,0.015873,0.507937
0.825397,11.682540,background,0.000000,48.150002,0,0,0.031746,0.507937
1.238095,11.682540,background,0.000000,48.540001,0,0,0.047619,0.507937
1.650794,11.682540,background,0.000000,49.009998,0,0,0.063492,0.507937
2.063492,11.682540,Analog_9,4.000000,49.580002,1,1,0.079365,0.507937
2.476191,11.682540,Analog_9,4.000000,50.279999,1,0,0.095238,0.507937
2.888889,11.682540,Analog_9,4.000000,51.169998,1,0,0.111111,0.507937
3.301587,11.682540,Analog_9,4.000000,52.220001,1,0,0.126984,0.507937
3.714286,11.682540,Analog_9,4.000000,53.189999,1,0,0.142857,0.507937
4.126984,11.682540,Analog_9,4.000000,53.959999,1,0,0.158730,0.507937
4.539682,11.682540,Analog_9,4.000000,54.580002,1,0,0.174603,0.507937
4.952381,11.682540,Analog_9,4.000000,55.130001,1,1,0.190476,0.507937
5.365079,11.682540,background,0.000000,55.650002,0,0,0.206349,0.507937
5.777778,11.682540,background,0.000000,56.209999,0,0,0.222222,0.507937
6.190476,11.682540,background,0.000000,56.880001,0,0,0.238095,0.507937
6.603175,11.682540,background,0.000000,57.740002,0,0,0.253968,0.507937
7.015873,11.682540,background,0.000000,58.660000,0,0,0.269841,0.507937
7.428571,11.682540,background,0.000000,59.349998,0,0,0.285714,0.507937
7.841270,11.682540,background,0.000000,59.820000,0,0,0.301587,0.507937
8.253968,11.682540,background,0.000000,60.150002,0,0,0.317460,0.507937
8.666667,11.682540,background,0.000000,60.389999,0,0,0.333333,0.507937
9.079365,11.682540,background,0.000000,60.549999,0,0,0.349206,0.507937
9.492064,11.682540,background,0.000000,60.660000,0,0,0.365079,0.507937
9.904762,11.682540,background,0.000000,60.689999,0,0,0.380952,0.507937
10.317460,11.682540,background,0.000000,60.630001,0,0,0.396825,0.507937
10.730159,11.682540,background,0.000000,60.459999,0,0,0.412698,0.507937
11.142858,11.682540,background,0.000000,60.119999,0,0,0.428571,0.507937
11.555555,11.682540,background,0.000000,59.660000,0,0,0.444444,0.507937
11.968254,11.682540,background,0.000000,59.270000,0,0,0.460317,0.507937
12.380953,11.682540,background,0.000000,58.990002,0,0,0.476191,0.507937
12.793651,11.682540,background,0.000000,58.790001,0,0,0.492063,0.507937
13.206349,11.682540,background,0.000000,58.619999,0,0,0.507937,0.507937
13.619047,11.682540,background,0.000000,58.470001,0,1,0.523809,0.507937
14.031746,11.682540,CPU1_0,12.000000,58.279999,1,1,0.539683,0.507937
14.444445,11.682540,CPU1_0,12.000000,58.000000,1,1,0.555556,0.507937
14.857142,11.682540,CPU1_0,12.000000,57.560001,1,1,0.571429,0.507937
15.269841,11.682540,CPU1_0,12.000000,56.939999,1,1,0.587302,0.507937
15.682540,11.682540,CPU1_0,12.000000,56.459999,1,1,0.603175,0.507937
16.095238,11.682540,CPU1_0,12.000000,56.200001,1,1,0.619048,0.507937
16.507936,11.682540,background,0.000000,56.040001,0,1,0.634921,0.507937
16.920635,11.682540,Analog_0,4.000000,55.900002,1,1,0.650794,0.507937
17.333334,11.682540,Analog_0,4.000000,55.730000,1,1,0.666667,0.507937
17.746031,11.682540,Analog_0,4.000000,55.520000,1,1,0.682540,0.507937
18.158730,11.682540,Analog_0,4.000000,55.240002,1,1,0.698413,0.507937
18.571428,11.682540,Analog_0,4.000000,54.910000,1,1,0.714286,0.507937
18.984127,11.682540,Analog_0,4.000000,54.599998,1,1,0.730159,0.507937
19.396826,11.682540,Analog_0,4.000000,54.349998,1,1,0.746032,0.507937
19.809525,11.682540,background,0.000000,54.209999,0,1,0.761905,0.507937
20.222221,11.682540,background,0.000000,54.230000,0,0,0.777778,0.507937
20.634920,11.682540,background,0.000000,54.419998,0,0,0.793651,0.507937
21.047619,11.682540,background,0.000000,54.709999,0,0,0.809524,0.507937
21.460318,11.682540,background,0.000000,54.810001,0,0,0.825397,0.507937
21.873016,11.682540,background,0.000000,54.709999,0,0,0.841270,0.507937
22.285715,11.682540,background,0.000000,54.480000,0,0,0.857143,0.507937
22.698412,11.682540,background,0.000000,54.099998,0,0,0.873016,0.507937
23.111111,11.682540,background,0.000000,53.570000,0,0,0.888889,0.507937
23.523809,11.682540,background,0.000000,52.830002,0,0,0.904762,0.507937
23.936508,11.682540,background,0.000000,51.970001,0,0,0.920635,0.507937
24.349207,11.682540,background,0.000000,51.180000,0,0,0.936508,0.507937
24.761906,11.682540,background,0.000000,50.490002,0,0,0.952381,0.507937
25.174603,11.682540,background,0.000000,49.830002,0,0,0.968254,0.507937
25.587301,11.682540,background,0.000000,49.349998,0,0,0.984127,0.507937
26.000000,11.682540,background,0.000000,49.099998,0,0,1.000000,0.507937
0.000000,12.047619,background,0.000000,46.930000,0,0,0.000000,0.523809
0.412698,12.047619,background,0.000000,47.099998,0,0,0.015873,0.523809
0.825397,12.047619,background,0.000000,47.400002,0,0,0.031746,0.523809
1.238095,12.047619,background,0.000000,47.779999,0,0,0.047619,0.523809
1.650794,12.047619,background,0.000000,48.259998,0,0,0.063492,0.523809
2.063492,12.047619,Analog_9,4.000000,48.830002,1,1,0.079365,0.523809
2.476191,12.047619,Analog_9,4.000000,49.540001,1,0,0.095238,0.523809
2.888889,12.047619,Analog_9,4.000000,50.389999,1,0,0.111111,0.523809
3.301587,12.047619,Analog_9,4.000000,51.310001,1,0,0.126984,0.523809
3.714286,12.047619,Analog_9,4.000000,52.139999,1,0,0.142857,0.523809
4.126984,12.047619,Analog_9,4.000000,52.810001,1,0,0.158730,0.523809
4.539682,12.047619,Analog_9,4.000000,53.389999,1,0,0.174603,0.523809
4.952381,12.047619,Analog_9,4.000000,53.930000,1,1,0.190476,0.523809
5.365079,12.047619,background,0.000000,54.470001,0,0,0.206349,0.523809
5.777778,12.047619,background,0.000000,55.099998,0,0,0.222222,0.523809
6.190476,12.047619,background,0.000000,55.910000,0,0,0.238095,0.523809
6.603175,12.047619,background,0.000000,57.020000,0,0,0.253968,0.523809
7.015873,12.047619,background,0.000000,58.250000,0,0,0.269841,0.523809
7.428571,12.047619,background,0.000000,59.119999,0,0,0.285714,0.523809
7.841270,12.047619,background,0.000000,59.689999,0,0,0.301587,0.523809
8.253968,12.047619,background,0.000000,60.070000,0,0,0.317460,0.523809
8.666667,12.047619,background,0.000000,60.330002,0,0,0.333333,0.523809
9.079365,12.047619,background,0.000000,60.520000,0,0,0.349206,0.523809
9.492064,12.047619,background,0.000000,60.639999,0,0,0.365079,0.523809
9.904762,12.047619,background,0.000000,60.709999,0,0,0.380952,0.523809
10.317460,12.047619,background,0.000000,60.709999,0,0,0.396825,0.523809
10.730159,12.047619,background,0.000000,60.630001,0,0,0.412698,0.523809
11.142858,12.047619,background,0.000000,60.470001,0,0,0.428571,0.523809
11.555555,12.047619,background,0.000000,60.259998,0,0,0.444444,0.523809
11.968254,12.047619,background,0.000000,60.060001,0,0,0.460317,0.523809
12.380953,12.047619,background,0.000000,59.900002,0,0,0.476191,0.523809
12.793651,12.047619,background,0.000000,59.770000,0,0,0.492063,0.523809
13.206349,12.047619,background,0.000000,59.630001,0,0,0.507937,0.523809
13.619047,12.047619,background,0.000000,59.480000,0,1,0.523809,0.523809
14.031746,12.047619,CPU1_0,12.000000,59.259998,1,0,0.539683,0.523809
14.444445,12.047619,CPU1_0,12.000000,58.910000,1,0,0.555556,0.523809
14.857142,12.047619,CPU1_0,12.000000,58.320000,1,0,0.571429,0.523809
15.269841,12.047619,CPU1_0,12.000000,57.419998,1,0,0.587302,0.523809
15.682540,12.047619,CPU1_0,12.000000,56.520000,1,0,0.603175,0.523809
16.095238,12.047619,CPU1_0,12.000000,55.959999,1,1,0.619048,0.523809
16.507936,12.047619,background,0.000000,55.619999,0,1,0.634921,0.523809
16.920635,12.047619,Analog_0,4.000000,55.389999,1,0,0.650794,0.523809
17.333334,12.047619,Analog_0,4.000000,55.189999,1,0,0.666667,0.523809
17.746031,12.047619,Analog_0,4.000000,54.990002,1,0,0.682540,0.523809
18.158730,12.047619,Analog_0,4.000000,54.770000,1,0,0.698413,0.523809
18.571428,12.047619,Analog_0,4.000000,54.529999,1,0,0.714286,0.523809
18.984127,12.047619,Analog_0,4.000000,54.299999,1,0,0.730159,0.523809
19.396826,12.047619,Analog_0,4.000000,54.099998,1,0,0.746032,0.523809
19.809525,12.047619,background,0.000000,53.950001,0,1,0.761905,0.523809
20.222221,12.047619,background,0.000000,53.860001,0,0,0.777778,0.523809
20.634920,12.047619,background,0.000000,53.830002,0,0,0.793651,0.523809
21.047619,12.047619,background,0.000000,53.830002,0,0,0.809524,0.523809
21.460318,12.047619,background,0.000000,53.750000,0,0,0.825397,0.523809
21.873016,12.047619,background,0.000000,53.590000,0,0,0.841270,0.523809
22.285715,12.047619,background,0.000000,53.340000,0,0,0.857143,0.523809
22.698412,12.047619,background,0.000000,53.000000,0,0,0.873016,0.523809
23.111111,12.047619,background,0.000000,52.560001,0,0,0.888889,0.523809
23.523809,12.047619,background,0.000000,52.020000,0,0,0.904762,0.523809
23.936508,12.047619,background,0.000000,51.400002,0,0,0.920635,0.523809
24.349207,12.047619,background,0.000000,50.750000,0,0,0.936508,0.523809
24.761906,12.047619,background,0.000000,50.090000,0,0,0.952381,0.523809
25.174603,12.047619,background,0.000000,49.410000,0,0,0.968254,0.523809
25.587301,12.047619,background,0.000000,48.919998,0,0,0.984127,0.523809
26.000000,12.047619,background,0.000000,48.660000,0,0,1.000000,0.523809
0.000000,12.412699,background,0.000000,46.340000,0,0,0.000000,0.539683
0.412698,12.412699,background,0.000000,46.490002,0,0,0.015873,0.539683
0.825397,12.412699,background,0.000000,46.770000,0,0,0.031746,0.539683
1.238095,12.412699,background,0.000000,47.150002,0,0,0.047619,0.539683
1.650794,12.412699,background,0.000000,47.639999,0,0,0.063492,0.539683
2.063492,12.412699,Analog_9,4.000000,48.250000,1,1,0.079365,0.539683
2.476191,12.412699,Analog_9,4.000000,48.990002,1,0,0.095238,0.539683
2.888889,12.412699,Analog_9,4.000000,49.849998,1,0,0.111111,0.539683
3.301587,12.412699,Analog_9,4.000000,50.660000,1,0,0.126984,0.539683
3.714286,12.412699,Analog_9,4.000000,51.439999,1,0,0.142857,0.539683
4.126984,12.412699,Analog_9,4.000000,52.070000,1,0,0.158730,0.539683
4.539682,12.412699,Analog_9,4.000000,52.630001,1,0,0.174603,0.539683
4.952381,12.412699,Analog_9,4.000000,53.160000,1,1,0.190476,0.539683
5.365079,12.412699,background,0.000000,53.720001,0,0,0.206349,0.539683
5.777778,12.412699,background,0.000000,54.389999,0,0,0.222222,0.539683
6.190476,12.412699,background,0.000000,55.290001,0,0,0.238095,0.539683
6.603175,12.412699,background,0.000000,56.529999,0,0,0.253968,0.539683
7.015873,12.412699,background,0.000000,57.919998,0,0,0.269841,0.539683
7.428571,12.412699,background,0.000000,58.889999,0,0,0.285714,0.539683
7.841270,12.412699,background,0.000000,59.520000,0,0,0.301587,0.539683
8.253968,12.412699,background,0.000000,59.930000,0,0,0.317460,0.539683
8.666667,12.412699,background,0.000000,60.220001,0,0,0.333333,0.539683
9.079365,12.412699,background,0.000000,60.430000,0,0,0.349206,0.539683
9.492064,12.412699,background,0.000000,60.570000,0,0,0.365079,0.539683
9.904762,12.412699,background,0.000000,60.660000,0,0,0.380952,0.539683
10.317460,12.412699,background,0.000000,60.700001,0,0,0.396825,0.539683
10.730159,12.412699,background,0.000000,60.689999,0,0,0.412698,0.539683
11.142858,12.412699,background,0.000000,60.630001,0,0,0.428571,0.539683
11.555555,12.412699,background,0.000000,60.549999,0,0,0.444444,0.539683
11.968254,12.412699,background,0.000000,60.450001,0,0,0.460317,0.539683
12.380953,12.412699,background,0.000000,60.349998,0,0,0.476191,0.539683
12.793651,12.412699,background,0.000000,60.250000,0,0,0.492063,0.539683
13.206349,12.412699,background,0.000000,60.130001,0,0,0.507937,0.539683
13.619047,12.412699,background,0.000000,59.980000,0,1,0.523809,0.539683
14.031746,12.412699,CPU1_0,12.000000,59.730000,1,0,0.539683,0.539683
14.444445,12.412699,CPU1_0,12.000000,59.340000,1,0,0.555556,0.539683
14.857142,12.412699,CPU1_0,12.000000,58.660000,1,0,0.571429,0.539683
15.269841,12.412699,CPU1_0,12.000000,57.610001,1,0,0.587302,0.539683
15.682540,12.412699,CPU1_0,12.000000,56.509998,1,0,0.603175,0.539683
16.095238,12.412699,CPU1_0,12.000000,55.779999,1,1,0.619048,0.539683
16.507936,12.412699,background,0.000000,55.340000,0,1,0.634921,0.539683
16.920635,12.412699,Analog_0,4.000000,55.049999,1,0,0.650794,0.539683
17.333334,12.412699,Analog_0,4.000000,54.820000,1,0,0.666667,0.539683
17.746031,12.412699,Analog_0,4.000000,54.610001,1,0,0.682540,0.539683
18.158730,12.412699,Analog_0,4.000000,54.410000,1,0,0.698413,0.539683
18.571428,12.412699,Analog_0,4.000000,54.200001,1,0,0.714286,0.539683
18.984127,12.412699,Analog_0,4.000000,53.990002,1,0,0.730159,0.539683
19.396826,12.412699,Analog_0,4.000000,53.799999,1,0,0.746032,0.539683
19.809525,12.412699,background,0.000000,53.630001,0,1,0.761905,0.539683
20.222221,12.412699,background,0.000000,53.480000,0,0,0.777778,0.539683
20.634920,12.412699,background,0.000000,53.360001,0,0,0.793651,0.539683
21.047619,12.412699,background,0.000000,53.230000,0,0,0.809524,0.539683
21.460318,12.412699,background,0.000000,53.070000,0,0,0.825397,0.539683
21.873016,12.412699,background,0.000000,52.860001,0,0,0.841270,0.539683
22.285715,12.412699,background,0.000000,52.599998,0,0,0.857143,0.539683
22.698412,12.412699,background,0.000000,52.290001,0,0,0.873016,0.539683
23.111111,12.412699,background,0.000000,51.900002,0,0,0.888889,0.539683
23.523809,12.412699,background,0.000000,51.459999,0,0,0.904762,0.539683
23.936508,12.412699,background,0.000000,50.939999,0,0,0.920635,0.539683
24.349207,12.412699,background,0.000000,50.349998,0,0,0.936508,0.539683
24.761906,12.412699,background,0.000000,49.700001,0,0,0.952381,0.539683
25.174603,12.412699,background,0.000000,49.000000,0,0,0.968254,0.539683
25.587301,12.412699,background,0.000000,48.500000,0,0,0.984127,0.539683
26.000000,12.412699,background,0.000000,48.250000,0,0,1.000000,0.539683
0.000000,12.777778,background,0.000000,45.790001,0,0,0.000000,0.555556
0.412698,12.777778,background,0.000000,45.930000,0,0,0.015873,0.555556
0.825397,12.777778,background,0.000000,46.200001,0,0,0.031746,0.555556
1.238095,12.777778,background,0.000000,46.590000,0,0,0.047619,0.555556
1.650794,12.777778,background,0.000000,47.090000,0,0,0.063492,0.555556
2.063492,12.777778,Analog_9,4.000000,47.720001,1,1,0.079365,0.555556
2.476191,12.777778,Analog_9,4.000000,48.490002,1,0,0.095238,0.555556
2.888889,12.777778,Analog_9,4.000000,49.380001,1,0,0.111111,0.555556
3.301587,12.777778,Analog_9,4.000000,50.189999,1,0,0.126984,0.555556
3.714286,12.777778,Analog_9,4.000000,50.959999,1,0,0.142857,0.555556
4.126984,12.777778,Analog_9,4.000000,51.580002,1,0,0.158730,0.555556
4.539682,12.777778,Analog_9,4.000000,52.130001,1,0,0.174603,0.555556
4.952381,12.777778,Analog_9,4.000000,52.669998,1,1,0.190476,0.555556
5.365079,12.777778,background,0.000000,53.240002,0,0,0.206349,0.555556
5.777778,12.777778,background,0.000000,53.930000,0,0,0.222222,0.555556
6.190476,12.777778,background,0.000000,54.869999,0,0,0.238095,0.555556
6.603175,12.777778,background,0.000000,56.169998,0,0,0.253968,0.555556
7.015873,12.777778,background,0.000000,57.619999,0,0,0.269841,0.555556
7.428571,12.777778,background,0.000000,58.639999,0,0,0.285714,0.555556
7.841270,12.777778,background,0.000000,59.299999,0,0,0.301587,0.555556
8.253968,12.777778,background,0.000000,59.740002,0,0,0.317460,0.555556
8.666667,12.777778,background,0.000000,60.040001,0,0,0.333333,0.555556
9.079365,12.777778,background,0.000000,60.259998,0,0,0.349206,0.555556
9.492064,12.777778,background,0.000000,60.419998,0,0,0.365079,0.555556
9.904762,12.777778,background,0.000000,60.529999,0,0,0.380952,0.555556
10.317460,12.777778,background,0.000000,60.599998,0,0,0.396825,0.555556
10.730159,12.777778,background,0.000000,60.630001,0,0,0.412698,0.555556
11.142858,12.777778,background,0.000000,60.619999,0,0,0.428571,0.555556
11.555555,12.777778,background,0.000000,60.590000,0,0,0.444444,0.555556
11.968254,12.777778,background,0.000000,60.549999,0,0,0.460317,0.555556
12.380953,12.777778,background,0.000000,60.480000,0,0,0.476191,0.555556
12.793651,12.777778,background,0.000000,60.400002,0,0,0.492063,0.555556
13.206349,12.777778,background,0.000000,60.290001,0,0,0.507937,0.555556
13.619047,12.777778,background,0.000000,60.130001,0,1,0.523809,0.555556
14.031746,12.777778,CPU1_0,12.000000,59.869999,1,0,0.539683,0.555556
14.444445,12.777778,CPU1_0,12.000000,59.439999,1,0,0.555556,0.555556
14.857142,12.777778,CPU1_0,12.000000,58.709999,1,0,0.571429,0.555556
15.269841,12.777778,CPU1_0,12.000000,57.590000,1,0,0.587302,0.555556
15.682540,12.777778,CPU1_0,12.000000,56.400002,1,0,0.603175,0.555556
16.095238,12.777778,CPU1_0,12.000000,55.590000,1,1,0.619048,0.555556
16.507936,12.777778,background,0.000000,55.090000,0,1,0.634921,0.555556
16.920635,12.777778,Analog_0,4.000000,54.759998,1,0,0.650794,0.555556
17.333334,12.777778,Analog_0,4.000000,54.500000,1,0,0.666667,0.555556
17.746031,12.777778,Analog_0,4.000000,54.279999,1,0,0.682540,0.555556
18.158730,12.777778,Analog_0,4.000000,54.070000,1,0,0.698413,0.555556
18.571428,12.777778,Analog_0,4.000000,53.860001,1,0,0.714286,0.555556
18.984127,12.777778,Analog_0,4.000000,53.660000,1,0,0.730159,0.555556
19.396826,12.777778,Analog_0,4.000000,53.459999,1,0,0.746032,0.555556
19.809525,12.777778,background,0.000000,53.270000,0,1,0.761905,0.555556
20.222221,12.777778,background,0.000000,53.090000,0,0,0.777778,0.555556
20.634920,12.777778,background,0.000000,52.919998,0,0,0.793651,0.555556
21.047619,12.777778,background,0.000000,52.740002,0,0,0.809524,0.555556
21.460318,12.777778,background,0.000000,52.549999,0,0,0.825397,0.555556
21.873016,12.777778,background,0.000000,52.320000,0,0,0.841270,0.555556
22.285715,12.777778,background,0.000000,52.060001,0,0,0.857143,0.555556
22.698412,12.777778,background,0.000000,51.759998,0,0,0.873016,0.555556
23.111111,12.777778,background,0.000000,51.400002,0,0,0.888889,0.555556
23.523809,12.777778,background,0.000000,51.000000,0,0,0.904762,0.555556
23.936508,12.777778,background,0.000000,50.529999,0,0,0.920635,0.555556
24.349207,12.777778,background,0.000000,49.959999,0,0,0.936508,0.555556
24.761906,12.777778,background,0.000000,49.299999,0,0,0.952381,0.555556
25.174603,12.777778,background,0.000000,48.599998,0,0,0.968254,0.555556
25.587301,12.777778,background,0.000000,48.090000,0,0,0.984127,0.555556
26.000000,12.777778,background,0.000000,47.830002,0,0,1.000000,0.555556
0.000000,13.142858,background,0.000000,45.310001,0,0,0.000000,0.571429
0.412698,13.142858,background,0.000000,45.450001,0,0,0.015873,0.571429
0.825397,13.142858,background,0.000000,45.709999,0,0,0.031746,0.571429
1.238095,13.142858,background,0.000000,46.099998,0,0,0.047619,0.571429
1.650794,13.142858,background,0.000000,46.619999,0,0,0.063492,0.571429
2.063492,13.142858,Analog_9,4.000000,47.270000,1,1,0.079365,0.571429
2.476191,13.142858,Analog_9,4.000000,48.070000,1,0,0.095238,0.571429
2.888889,13.142858,Analog_9,4.000000,48.980000,1,0,0.111111,0.571429
3.301587,13.142858,Analog_9,4.000000,49.820000,1,0,0.126984,0.571429
3.714286,13.142858,Analog_9,4.000000,50.590000,1,0,0.142857,0.571429
4.126984,13.142858,Analog_9,4.000000,51.220001,1,0,0.158730,0.571429
4.539682,13.142858,Analog_9,4.000000,51.759998,1,0,0.174603,0.571429
4.952381,13.142858,Analog_9,4.000000,52.299999,1,1,0.190476,0.571429
5.365079,13.142858,background,0.000000,52.869999,0,0,0.206349,0.571429
5.777778,13.142858,background,0.000000,53.570000,0,0,0.222222,0.571429
6.190476,13.142858,background,0.000000,54.520000,0,0,0.238095,0.571429
6.603175,13.142858,background,0.000000,55.840000,0,0,0.253968,0.571429
7.015873,13.142858,background,0.000000,57.310001,0,0,0.269841,0.571429
7.428571,13.142858,background,0.000000,58.349998,0,0,0.285714,0.571429
7.841270,13.142858,background,0.000000,59.029999,0,0,0.301587,0.571429
8.253968,13.142858,background,0.000000,59.470001,0,0,0.317460,0.571429
8.666667,13.142858,background,0.000000,59.779999,0,0,0.333333,0.571429
9.079365,13.142858,background,0.000000,60.009998,0,0,0.349206,0.571429
9.492064,13.142858,background,0.000000,60.180000,0,1,0.365079,0.571429
9.904762,13.142858,background,0.000000,60.299999,0,1,0.380952,0.571429
10.317460,13.142858,background,0.000000,60.389999,0,1,0.396825,0.571429
10.730159,13.142858,background,0.000000,60.439999,0,1,0.412698,0.571429
11.142858,13.142858,background,0.000000,60.459999,0,1,0.428571,0.571429
11.555555,13.142858,background,0.000000,60.459999,0,1,0.444444,0.571429
11.968254,13.142858,background,0.000000,60.439999,0,1,0.460317,0.571429
12.380953,13.142858,background,0.000000,60.400002,0,0,0.476191,0.571429
12.793651,13.142858,background,0.000000,60.330002,0,0,0.492063,0.571429
13.206349,13.142858,background,0.000000,60.220001,0,0,0.507937,0.571429
13.619047,13.142858,background,0.000000,60.060001,0,1,0.523809,0.571429
14.031746,13.142858,CPU1_0,12.000000,59.790001,1,0,0.539683,0.571429
14.444445,13.142858,CPU1_0,12.000000,59.340000,1,0,0.555556,0.571429
14.857142,13.142858,CPU1_0,12.000000,58.590000,1,0,0.571429,0.571429
15.269841,13.142858,CPU1_0,12.000000,57.430000,1,0,0.587302,0.571429
15.682540,13.142858,CPU1_0,12.000000,56.200001,1,0,0.603175,0.571429
16.095238,13.142858,CPU1_0,12.000000,55.360001,1,1,0.619048,0.571429
16.507936,13.142858,background,0.000000,54.820000,0,1,0.634921,0.571429
16.920635,13.142858,Analog_0,4.000000,54.459999,1,0,0.650794,0.571429
17.333334,13.142858,Analog_0,4.000000,54.189999,1,0,0.666667,0.571429
17.746031,13.142858,Analog_0,4.000000,53.950001,1,0,0.682540,0.571429
18.158730,13.142858,Analog_0,4.000000,53.720001,1,0,0.698413,0.571429
18.571428,13.142858,Analog_0,4.000000,53.500000,1,0,0.714286,0.571429
18.984127,13.142858,Analog_0,4.000000,53.279999,1,0,0.730159,0.571429
19.396826,13.142858,Analog_0,4.000000,53.049999,1,0,0.746032,0.571429
19.809525,13.142858,background,0.000000,52.840000,0,1,0.761905,0.571429
20.222221,13.142858,background,0.000000,52.650002,0,0,0.777778,0.571429
20.634920,13.142858,background,0.000000,52.470001,0,0,0.793651,0.571429
21.047619,13.142858,background,0.000000,52.270000,0,0,0.809524,0.571429
21.460318,13.142858,background,0.000000,52.060001,0,0,0.825397,0.571429
21.873016,13.142858,background,0.000000,51.830002,0,0,0.841270,0.571429
22.285715,13.142858,background,0.000000,51.570000,0,0,0.857143,0.571429
22.698412,13.142858,background,0.000000,51.270000,0,0,0.873016,0.571429
23.111111,13.142858,background,0.000000,50.939999,0,0,0.888889,0.571429
23.523809,13.142858,background,0.000000,50.560001,0,0,0.904762,0.571429
23.936508,13.142858,background,0.000000,50.110001,0,0,0.920635,0.571429
24.349207,13.142858,background,0.000000,49.549999,0,0,0.936508,0.571429
24.761906,13.142858,background,0.000000,48.880001,0,0,0.952381,0.571429
25.174603,13.142858,background,0.000000,48.169998,0,0,0.968254,0.571429
25.587301,13.142858,background,0.000000,47.660000,0,0,0.984127,0.571429
26.000000,13.142858,background,0.000000,47.400002,0,0,1.000000,0.571429
0.000000,13.507936,background,0.000000,44.889999,0,0,0.000000,0.587302
0.412698,13.507936,background,0.000000,45.029999,0,0,0.015873,0.587302
0.825397,13.507936,background,0.000000,45.290001,0,0,0.031746,0.587302
1.238095,13.507936,background,0.000000,45.689999,0,0,0.047619,0.587302
1.650794,13.507936,background,0.000000,46.209999,0,0,0.063492,0.587302
2.063492,13.507936,background,0.000000,46.869999,0,1,0.079365,0.587302
2.476191,13.507936,background,0.000000,47.689999,0,1,0.095238,0.587302
2.888889,13.507936,background,0.000000,48.630001,0,1,0.111111,0.587302
3.301587,13.507936,background,0.000000,49.490002,0,1,0.126984,0.587302
3.714286,13.507936,CPU1_4,12.000000,50.270000,1,1,0.142857,0.587302
4.126984,13.507936,CPU1_4,12.000000,50.900002,1,1,0.158730,0.587302
4.539682,13.507936,CPU1_4,12.000000,51.439999,1,1,0.174603,0.587302
4.952381,13.507936,CPU1_4,12.000000,51.970001,1,1,0.190476,0.587302
5.365079,13.507936,CPU1_4,12.000000,52.540001,1,1,0.206349,0.587302
5.777778,13.507936,CPU1_4,12.000000,53.240002,1,1,0.222222,0.587302
6.190476,13.507936,background,0.000000,54.180000,0,0,0.238095,0.587302
6.603175,13.507936,background,0.000000,55.500000,0,0,0.253968,0.587302
7.015873,13.507936,background,0.000000,56.970001,0,0,0.269841,0.587302
7.428571,13.507936,background,0.000000,58.009998,0,0,0.285714,0.587302
7.841270,13.507936,background,0.000000,58.680000,0,0,0.301587,0.587302
8.253968,13.507936,background,0.000000,59.119999,0,0,0.317460,0.587302
8.666667,13.507936,background,0.000000,59.430000,0,0,0.333333,0.587302
9.079365,13.507936,background,0.000000,59.650002,0,0,0.349206,0.587302
9.492064,13.507936,background,0.000000,59.820000,0,1,0.365079,0.587302
9.904762,13.507936,CPU1_3,12.000000,59.950001,1,0,0.380952,0.587302
10.317460,13.507936,CPU1_3,12.000000,60.049999,1,0,0.396825,0.587302
10.730159,13.507936,CPU1_3,12.000000,60.110001,1,0,0.412698,0.587302
11.142858,13.507936,CPU1_3,12.000000,60.160000,1,0,0.428571,0.587302
11.555555,13.507936,CPU1_3,12.000000,60.169998,1,0,0.444444,0.587302
11.968254,13.507936,CPU1_3,12.000000,60.160000,1,1,0.460317,0.587302
12.380953,13.507936,background,0.000000,60.130001,0,1,0.476191,0.587302
12.793651,13.507936,Analog_6,4.000000,60.070000,1,1,0.492063,0.587302
13.206349,13.507936,Analog_6,4.000000,59.970001,1,1,0.507937,0.587302
13.619047,13.507936,Analog_6,4.000000,59.799999,1,1,0.523809,0.587302
14.031746,13.507936,CPU1_0,12.000000,59.529999,1,1,0.539683,0.587302
14.444445,13.507936,CPU1_0,12.000000,59.080002,1,1,0.555556,0.587302
14.857142,13.507936,CPU1_0,12.000000,58.320000,1,1,0.571429,0.587302
15.269841,13.507936,CPU1_0,12.000000,57.160000,1,1,0.587302,0.587302
15.682540,13.507936,CPU1_0,12.000000,55.919998,1,0,0.603175,0.587302
16.095238,13.507936,CPU1_0,12.000000,55.060001,1,1,0.619048,0.587302
16.507936,13.507936,background,0.000000,54.520000,0,1,0.634921,0.587302
16.920635,13.507936,background,0.000000,54.139999,0,1,0.650794,0.587302
17.333334,13.507936,background,0.000000,53.849998,0,1,0.666667,0.587302
17.746031,13.507936,background,0.000000,53.590000,0,1,0.682540,0.587302
18.158730,13.507936,background,0.000000,53.340000,0,1,0.698413,0.587302
18.571428,13.507936,background,0.000000,53.080002,0,1,0.714286,0.587302
18.984127,13.507936,background,0.000000,52.810001,0,1,0.730159,0.587302
19.396826,13.507936,background,0.000000,52.529999,0,1,0.746032,0.587302
19.809525,13.507936,background,0.000000,52.290001,0,1,0.761905,0.587302
20.222221,13.507936,background,0.000000,52.110001,0,0,0.777778,0.587302
20.634920,13.507936,background,0.000000,51.930000,0,0,0.793651,0.587302
21.047619,13.507936,background,0.000000,51.740002,0,0,0.809524,0.587302
21.460318,13.507936,background,0.000000,51.529999,0,0,0.825397,0.587302
21.873016,13.507936,background,0.000000,51.290001,0,0,0.841270,0.587302
22.285715,13.507936,background,0.000000,51.040001,0,0,0.857143,0.587302
22.698412,13.507936,background,0.000000,50.750000,0,0,0.873016,0.587302
23.111111,13.507936,background,0.000000,50.430000,0,0,0.888889,0.587302
23.523809,13.507936,background,0.000000,50.060001,0,0,0.904762,0.587302
23.936508,13.507936,background,0.000000,49.630001,0,0,0.920635,0.587302
24.349207,13.507936,background,0.000000,49.080002,0,0,0.936508,0.587302
24.761906,13.507936,background,0.000000,48.400002,0,0,0.952381,0.587302
25.174603,13.507936,background,0.000000,47.689999,0,0,0.968254,0.587302
25.587301,13.507936,background,0.000000,47.189999,0,0,0.984127,0.587302
26.000000,13.507936,background,0.000000,46.939999,0,0,1.000000,0.587302
0.000000,13.873015,background,0.000000,44.520000,0,0,0.000000,0.603175
0.412698,13.873015,background,0.000000,44.660000,0,0,0.015873,0.603175
0.825397,13.873015,background,0.000000,44.919998,0,0,0.031746,0.603175
1.238095,13.873015,background,0.000000,45.310001,0,0,0.047619,0.603175
1.650794,13.873015,background,0.000000,45.830002,0,0,0.063492,0.603175
2.063492,13.873015,background,0.000000,46.490002,0,0,0.079365,0.603175
2.476191,13.873015,background,0.000000,47.320000,0,0,0.095238,0.603175
2.888889,13.873015,background,0.000000,48.290001,0,0,0.111111,0.603175
3.301587,13.873015,background,0.000000,49.169998,0,0,0.126984,0.603175
3.714286,13.873015,CPU1_4,12.000000,49.959999,1,0,0.142857,0.603175
4.126984,13.873015,CPU1_4,12.000000,50.580002,1,0,0.158730,0.603175
4.539682,13.873015,CPU1_4,12.000000,51.119999,1,0,0.174603,0.603175
4.952381,13.873015,CPU1_4,12.000000,51.639999,1,0,0.190476,0.603175
5.365079,13.873015,CPU1_4,12.000000,52.200001,1,0,0.206349,0.603175
5.777778,13.873015,CPU1_4,12.000000,52.880001,1,0,0.222222,0.603175
6.190476,13.873015,background,0.000000,53.810001,0,0,0.238095,0.603175
6.603175,13.873015,background,0.000000,55.099998,0,0,0.253968,0.603175
7.015873,13.873015,background,0.000000,56.549999,0,0,0.269841,0.603175
7.428571,13.873015,background,0.000000,57.570000,0,0,0.285714,0.603175
7.841270,13.873015,background,0.000000,58.220001,0,0,0.301587,0.603175
8.253968,13.873015,background,0.000000,58.639999,0,0,0.317460,0.603175
8.666667,13.873015,background,0.000000,58.919998,0,0,0.333333,0.603175
9.079365,13.873015,background,0.000000,59.130001,0,0,0.349206,0.603175
9.492064,13.873015,background,0.000000,59.299999,0,1,0.365079,0.603175
9.904762,13.873015,CPU1_3,12.000000,59.430000,1,0,0.380952,0.603175
10.317460,13.873015,CPU1_3,12.000000,59.529999,1,0,0.396825,0.603175
10.730159,13.873015,CPU1_3,12.000000,59.599998,1,0,0.412698,0.603175
11.142858,13.873015,CPU1_3,12.000000,59.650002,1,0,0.428571,0.603175
11.555555,13.873015,CPU1_3,12.000000,59.680000,1,0,0.444444,0.603175
11.968254,13.873015,CPU1_3,12.000000,59.680000,1,1,0.460317,0.603175
12.380953,13.873015,background,0.000000,59.650002,0,1,0.476191,0.603175
12.793651,13.873015,Analog_6,4.000000,59.599998,1,0,0.492063,0.603175
13.206349,13.873015,Analog_6,4.000000,59.500000,1,0,0.507937,0.603175
13.619047,13.873015,Analog_6,4.000000,59.340000,1,1,0.523809,0.603175
14.031746,13.873015,CPU1_0,12.000000,59.080002,1,1,0.539683,0.603175
14.444445,13.873015,CPU1_0,12.000000,58.639999,1,1,0.555556,0.603175
14.857142,13.873015,CPU1_0,12.000000,57.889999,1,1,0.571429,0.603175
15.269841,13.873015,CPU1_0,12.000000,56.750000,1,1,0.587302,0.603175
15.682540,13.873015,CPU1_0,12.000000,55.540001,1,1,0.603175,0.603175
16.095238,13.873015,CPU1_0,12.000000,54.700001,1,1,0.619048,0.603175
16.507936,13.873015,background,0.000000,54.160000,0,1,0.634921,0.603175
16.920635,13.873015,background,0.000000,53.779999,0,1,0.650794,0.603175
17.333334,13.873015,background,0.000000,53.480000,0,1,0.666667,0.603175
17.746031,13.873015,background,0.000000,53.209999,0,1,0.682540,0.603175
18.158730,13.873015,background,0.000000,52.919998,0,0,0.698413,0.603175
18.571428,13.873015,background,0.000000,52.580002,0,0,0.714286,0.603175
18.984127,13.873015,background,0.000000,52.139999,0,0,0.730159,0.603175
19.396826,13.873015,background,0.000000,51.720001,0,0,0.746032,0.603175
19.809525,13.873015,background,0.000000,51.459999,0,0,0.761905,0.603175
20.222221,13.873015,background,0.000000,51.360001,0,0,0.777778,0.603175
20.634920,13.873015,background,0.000000,51.220001,0,0,0.793651,0.603175
21.047619,13.873015,background,0.000000,51.040001,0,0,0.809524,0.603175
21.460318,13.873015,background,0.000000,50.840000,0,0,0.825397,0.603175
21.873016,13.873015,background,0.000000,50.599998,0,0,0.841270,0.603175
22.285715,13.873015,background,0.000000,50.349998,0,0,0.857143,0.603175
22.698412,13.873015,background,0.000000,50.070000,0,0,0.873016,0.603175
23.111111,13.873015,background,0.000000,49.759998,0,0,0.888889,0.603175
23.523809,13.873015,background,0.000000,49.410000,0,0,0.904762,0.603175
23.936508,13.873015,background,0.000000,48.990002,0,0,0.920635,0.603175
24.349207,13.873015,background,0.000000,48.459999,0,0,0.936508,0.603175
24.761906,13.873015,background,0.000000,47.790001,0,0,0.952381,0.603175
25.174603,13.873015,background,0.000000,47.130001,0,0,0.968254,0.603175
25.587301,13.873015,background,0.000000,46.669998,0,0,0.984127,0.603175
26.000000,13.873015,background,0.000000,46.439999,0,0,1.000000,0.603175
0.000000,14.238095,background,0.000000,44.180000,0,0,0.000000,0.619048
0.412698,14.238095,background,0.000000,44.310001,0,0,0.015873,0.619048
0.825397,14.238095,background,0.000000,44.570000,0,0,0.031746,0.619048
1.238095,14.238095,background,0.000000,44.950001,0,0,0.047619,0.619048
1.650794,14.238095,background,0.000000,45.459999,0,0,0.063492,0.619048
2.063492,14.238095,background,0.000000,46.119999,0,0,0.079365,0.619048
2.476191,14.238095,background,0.000000,46.950001,0,0,0.095238,0.619048
2.888889,14.238095,background,0.000000,47.919998,0,0,0.111111,0.619048
3.301587,14.238095,background,0.000000,48.820000,0,0,0.126984,0.619048
3.714286,14.238095,CPU1_4,12.000000,49.619999,1,0,0.142857,0.619048
4.126984,14.238095,CPU1_4,12.000000,50.240002,1,0,0.158730,0.619048
4.539682,14.238095,CPU1_4,12.000000,50.770000,1,0,0.174603,0.619048
4.952381,14.238095,CPU1_4,12.000000,51.290001,1,0,0.190476,0.619048
5.365079,14.238095,CPU1_4,12.000000,51.830002,1,0,0.206349,0.619048
5.777778,14.238095,CPU1_4,12.000000,52.470001,1,0,0.222222,0.619048
6.190476,14.238095,background,0.000000,53.340000,0,0,0.238095,0.619048
6.603175,14.238095,background,0.000000,54.570000,0,1,0.253968,0.619048
7.015873,14.238095,background,0.000000,55.970001,0,1,0.269841,0.619048
7.428571,14.238095,background,0.000000,56.950001,0,1,0.285714,0.619048
7.841270,14.238095,background,0.000000,57.560001,0,1,0.301587,0.619048
8.253968,14.238095,background,0.000000,57.919998,0,1,0.317460,0.619048
8.666667,14.238095,background,0.000000,58.150002,0,1,0.333333,0.619048
9.079365,14.238095,background,0.000000,58.330002,0,1,0.349206,0.619048
9.492064,14.238095,background,0.000000,58.480000,0,1,0.365079,0.619048
9.904762,14.238095,CPU1_3,12.000000,58.610001,1,0,0.380952,0.619048
10.317460,14.238095,CPU1_3,12.000000,58.709999,1,0,0.396825,0.619048
10.730159,14.238095,CPU1_3,12.000000,58.790001,1,0,0.412698,0.619048
11.142858,14.238095,CPU1_3,12.000000,58.840000,1,0,0.428571,0.619048
11.555555,14.238095,CPU1_3,12.000000,58.869999,1,0,0.444444,0.619048
11.968254,14.238095,CPU1_3,12.000000,58.880001,1,1,0.460317,0.619048
12.380953,14.238095,background,0.000000,58.860001,0,1,0.476191,0.619048
12.793651,14.238095,Analog_6,4.000000,58.810001,1,0,0.492063,0.619048
13.206349,14.238095,Analog_6,4.000000,58.720001,1,0,0.507937,0.619048
13.619047,14.238095,Analog_6,4.000000,58.570000,1,0,0.523809,0.619048
14.031746,14.238095,Analog_6,4.000000,58.320000,1,0,0.539683,0.619048
14.444445,14.238095,Analog_6,4.000000,57.910000,1,0,0.555556,0.619048
14.857142,14.238095,Analog_6,4.000000,57.230000,1,1,0.571429,0.619048
15.269841,14.238095,Analog_1,4.000000,56.160000,1,0,0.587302,0.619048
15.682540,14.238095,Analog_1,4.000000,55.029999,1,0,0.603175,0.619048
16.095238,14.238095,Analog_1,4.000000,54.250000,1,0,0.619048,0.619048
16.507936,14.238095,Analog_1,4.000000,53.740002,1,0,0.634921,0.619048
16.920635,14.238095,Analog_1,4.000000,53.369999,1,0,0.650794,0.619048
17.333334,14.238095,Analog_1,4.000000,53.070000,1,0,0.666667,0.619048
17.746031,14.238095,Analog_1,4.000000,52.779999,1,0,0.682540,0.619048
18.158730,14.238095,background,0.000000,52.470001,0,1,0.698413,0.619048
18.571428,14.238095,background,0.000000,52.090000,0,0,0.714286,0.619048
18.984127,14.238095,background,0.000000,51.560001,0,0,0.730159,0.619048
19.396826,14.238095,background,0.000000,51.000000,0,0,0.746032,0.619048
19.809525,14.238095,background,0.000000,50.580002,0,0,0.761905,0.619048
20.222221,14.238095,background,0.000000,50.389999,0,0,0.777778,0.619048
20.634920,14.238095,background,0.000000,50.209999,0,0,0.793651,0.619048
21.047619,14.238095,background,0.000000,50.009998,0,0,0.809524,0.619048
21.460318,14.238095,background,0.000000,49.799999,0,0,0.825397,0.619048
21.873016,14.238095,background,0.000000,49.570000,0,0,0.841270,0.619048
22.285715,14.238095,background,0.000000,49.320000,0,0,0.857143,0.619048
22.698412,14.238095,background,0.000000,49.040001,0,0,0.873016,0.619048
23.111111,14.238095,background,0.000000,48.750000,0,0,0.888889,0.619048
23.523809,14.238095,background,0.000000,48.410000,0,0,0.904762,0.619048
23.936508,14.238095,background,0.000000,48.020000,0,0,0.920635,0.619048
24.349207,14.238095,background,0.000000,47.540001,0,0,0.936508,0.619048
24.761906,14.238095,background,0.000000,46.990002,0,0,0.952381,0.619048
25.174603,14.238095,background,0.000000,46.459999,0,0,0.968254,0.619048
25.587301,14.238095,background,0.000000,46.090000,0,0,0.984127,0.619048
26.000000,14.238095,background,0.000000,45.900002,0,0,1.000000,0.619048
0.000000,14.603174,Analog_8,4.000000,43.860001,1,1,0.000000,0.634921
0.412698,14.603174,Analog_8,4.000000,43.980000,1,1,0.015873,0.634921
0.825397,14.603174,Analog_8,4.000000,44.230000,1,1,0.031746,0.634921
1.238095,14.603174,Analog_8,4.000000,44.590000,1,1,0.047619,0.634921
1.650794,14.603174,Analog_8,4.000000,45.090000,1,1,0.063492,0.634921
2.063492,14.603174,Analog_8,4.000000,45.730000,1,1,0.079365,0.634921
2.476191,14.603174,Analog_8,4.000000,46.529999,1,1,0.095238,0.634921
2.888889,14.603174,Analog_8,4.000000,47.500000,1,1,0.111111,0.634921
3.301587,14.603174,background,0.000000,48.410000,0,0,0.126984,0.634921
3.714286,14.603174,CPU1_4,12.000000,49.209999,1,0,0.142857,0.634921
4.126984,14.603174,CPU1_4,12.000000,49.830002,1,0,0.158730,0.634921
4.539682,14.603174,CPU1_4,12.000000,50.369999,1,0,0.174603,0.634921
4.952381,14.603174,CPU1_4,12.000000,50.880001,1,0,0.190476,0.634921
5.365079,14.603174,CPU1_4,12.000000,51.400002,1,0,0.206349,0.634921
5.777778,14.603174,CPU1_4,12.000000,51.980000,1,0,0.222222,0.634921
6.190476,14.603174,background,0.000000,52.730000,0,0,0.238095,0.634921
6.603175,14.603174,CPU1_5,12.000000,53.790001,1,1,0.253968,0.634921
7.015873,14.603174,CPU1_5,12.000000,55.070000,1,0,0.269841,0.634921
7.428571,14.603174,CPU1_5,12.000000,55.959999,1,0,0.285714,0.634921
7.841270,14.603174,CPU1_5,12.000000,56.490002,1,0,0.301587,0.634921
8.253968,14.603174,CPU1_5,12.000000,56.759998,1,0,0.317460,0.634921
8.666667,14.603174,CPU1_5,12.000000,56.889999,1,0,0.333333,0.634921
9.079365,14.603174,background,0.000000,57.029999,0,1,0.349206,0.634921
9.492064,14.603174,background,0.000000,57.169998,0,1,0.365079,0.634921
9.904762,14.603174,CPU1_3,12.000000,57.299999,1,0,0.380952,0.634921
10.317460,14.603174,CPU1_3,12.000000,57.400002,1,0,0.396825,0.634921
10.730159,14.603174,CPU1_3,12.000000,57.480000,1,0,0.412698,0.634921
11.142858,14.603174,CPU1_3,12.000000,57.540001,1,0,0.428571,0.634921
11.555555,14.603174,CPU1_3,12.000000,57.570000,1,0,0.444444,0.634921
11.968254,14.603174,CPU1_3,12.000000,57.580002,1,1,0.460317,0.634921
12.380953,14.603174,background,0.000000,57.560001,0,1,0.476191,0.634921
12.793651,14.603174,Analog_6,4.000000,57.520000,1,0,0.492063,0.634921
13.206349,14.603174,Analog_6,4.000000,57.430000,1,0,0.507937,0.634921
13.619047,14.603174,Analog_6,4.000000,57.299999,1,0,0.523809,0.634921
14.031746,14.603174,Analog_6,4.000000,57.080002,1,0,0.539683,0.634921
14.444445,14.603174,Analog_6,4.000000,56.730000,1,0,0.555556,0.634921
14.857142,14.603174,Analog_6,4.000000,56.160000,1,1,0.571429,0.634921
15.269841,14.603174,Analog_1,4.000000,55.279999,1,0,0.587302,0.634921
15.682540,14.603174,Analog_1,4.000000,54.349998,1,0,0.603175,0.634921
16.095238,14.603174,Analog_1,4.000000,53.689999,1,0,0.619048,0.634921
16.507936,14.603174,Analog_1,4.000000,53.240002,1,0,0.634921,0.634921
16.920635,14.603174,Analog_1,4.000000,52.900002,1,0,0.650794,0.634921
17.333334,14.603174,Analog_1,4.000000,52.599998,1,0,0.666667,0.634921
17.746031,14.603174,Analog_1,4.000000,52.310001,1,0,0.682540,0.634921
18.158730,14.603174,background,0.000000,51.980000,0,1,0.698413,0.634921
18.571428,14.603174,background,0.000000,51.560001,0,0,0.714286,0.634921
18.984127,14.603174,background,0.000000,50.959999,0,0,0.730159,0.634921
19.396826,14.603174,background,0.000000,50.299999,0,0,0.746032,0.634921
19.809525,14.603174,background,0.000000,49.799999,0,0,0.761905,0.634921
20.222221,14.603174,background,0.000000,49.490002,0,0,0.777778,0.634921
20.634920,14.603174,background,0.000000,49.240002,0,0,0.793651,0.634921
21.047619,14.603174,background,0.000000,49.000000,0,0,0.809524,0.634921
21.460318,14.603174,background,0.000000,48.759998,0,0,0.825397,0.634921
21.873016,14.603174,background,0.000000,48.520000,0,0,0.841270,0.634921
22.285715,14.603174,background,0.000000,48.270000,0,0,0.857143,0.634921
22.698412,14.603174,background,0.000000,48.000000,0,0,0.873016,0.634921
23.111111,14.603174,background,0.000000,47.720001,0,0,0.888889,0.634921
23.523809,14.603174,background,0.000000,47.400002,0,0,0.904762,0.634921
23.936508,14.603174,background,0.000000,47.040001,0,0,0.920635,0.634921
24.349207,14.603174,background,0.000000,46.630001,0,0,0.936508,0.634921
24.761906,14.603174,background,0.000000,46.180000,0,0,0.952381,0.634921
25.174603,14.603174,background,0.000000,45.779999,0,0,0.968254,0.634921
25.587301,14.603174,background,0.000000,45.500000,0,0,0.984127,0.634921
26.000000,14.603174,background,0.000000,45.349998,0,0,1.000000,0.634921
0.000000,14.968254,Analog_8,4.000000,43.549999,1,1,0.000000,0.650794
0.412698,14.968254,Analog_8,4.000000,43.660000,1,0,0.015873,0.650794
0.825397,14.968254,Analog_8,4.000000,43.900002,1,0,0.031746,0.650794
1.238095,14.968254,Analog_8,4.000000,44.240002,1,0,0.047619,0.650794
1.650794,14.968254,Analog_8,4.000000,44.700001,1,0,0.063492,0.650794
2.063492,14.968254,Analog_8,4.000000,45.290001,1,0,0.079365,0.650794
2.476191,14.968254,Analog_8,4.000000,46.049999,1,0,0.095238,0.650794
2.888889,14.968254,Analog_8,4.000000,46.959999,1,1,0.111111,0.650794
3.301587,14.968254,background,0.000000,47.860001,0,0,0.126984,0.650794
3.714286,14.968254,CPU1_4,12.000000,48.650002,1,0,0.142857,0.650794
4.126984,14.968254,CPU1_4,12.000000,49.279999,1,0,0.158730,0.650794
4.539682,14.968254,CPU1_4,12.000000,49.849998,1,0,0.174603,0.650794
4.952381,14.968254,CPU1_4,12.000000,50.380001,1,0,0.190476,0.650794
5.365079,14.968254,CPU1_4,12.000000,50.900002,1,0,0.206349,0.650794
5.777778,14.968254,CPU1_4,12.000000,51.400002,1,0,0.222222,0.650794
6.190476,14.968254,background,0.000000,51.939999,0,0,0.238095,0.650794
6.603175,14.968254,CPU1_5,12.000000,52.560001,1,1,0.253968,0.650794
7.015873,14.968254,CPU1_5,12.000000,53.410000,1,0,0.269841,0.650794
7.428571,14.968254,CPU1_5,12.000000,54.099998,1,0,0.285714,0.650794
7.841270,14.968254,CPU1_5,12.000000,54.520000,1,0,0.301587,0.650794
8.253968,14.968254,CPU1_5,12.000000,54.720001,1,0,0.317460,0.650794
8.666667,14.968254,CPU1_5,12.000000,54.919998,1,0,0.333333,0.650794
9.079365,14.968254,background,0.000000,55.099998,0,1,0.349206,0.650794
9.492064,14.968254,background,0.000000,55.259998,0,1,0.365079,0.650794
9.904762,14.968254,CPU1_3,12.000000,55.389999,1,0,0.380952,0.650794
10.317460,14.968254,CPU1_3,12.000000,55.490002,1,0,0.396825,0.650794
10.730159,14.968254,CPU1_3,12.000000,55.580002,1,0,0.412698,0.650794
11.142858,14.968254,CPU1_3,12.000000,55.630001,1,0,0.428571,0.650794
11.555555,14.968254,CPU1_3,12.000000,55.669998,1,0,0.444444,0.650794
11.968254,14.968254,CPU1_3,12.000000,55.680000,1,1,0.460317,0.650794
12.380953,14.968254,background,0.000000,55.669998,0,1,0.476191,0.650794
12.793651,14.968254,Analog_6,4.000000,55.619999,1,0,0.492063,0.650794
13.206349,14.968254,Analog_6,4.000000,55.549999,1,0,0.507937,0.650794
13.619047,14.968254,Analog_6,4.000000,55.430000,1,0,0.523809,0.650794
14.031746,14.968254,Analog_6,4.000000,55.250000,1,0,0.539683,0.650794
14.444445,14.968254,Analog_6,4.000000,54.970001,1,0,0.555556,0.650794
14.857142,14.968254,Analog_6,4.000000,54.580002,1,1,0.571429,0.650794
15.269841,14.968254,Analog_1,4.000000,54.049999,1,0,0.587302,0.650794
15.682540,14.968254,Analog_1,4.000000,53.490002,1,0,0.603175,0.650794
16.095238,14.968254,Analog_1,4.000000,53.029999,1,0,0.619048,0.650794
16.507936,14.968254,Analog_1,4.000000,52.660000,1,0,0.634921,0.650794
16.920635,14.968254,Analog_1,4.000000,52.349998,1,0,0.650794,0.650794
17.333334,14.968254,Analog_1,4.000000,52.060001,1,0,0.666667,0.650794
17.746031,14.968254,Analog_1,4.000000,51.770000,1,0,0.682540,0.650794
18.158730,14.968254,background,0.000000,51.419998,0,1,0.698413,0.650794
18.571428,14.968254,background,0.000000,50.970001,0,0,0.714286,0.650794
18.984127,14.968254,background,0.000000,50.310001,0,0,0.730159,0.650794
19.396826,14.968254,background,0.000000,49.560001,0,0,0.746032,0.650794
19.809525,14.968254,background,0.000000,48.990002,0,0,0.761905,0.650794
20.222221,14.968254,background,0.000000,48.580002,0,0,0.777778,0.650794
20.634920,14.968254,background,0.000000,48.250000,0,0,0.793651,0.650794
21.047619,14.968254,background,0.000000,47.980000,0,0,0.809524,0.650794
21.460318,14.968254,background,0.000000,47.720001,0,0,0.825397,0.650794
21.873016,14.968254,background,0.000000,47.470001,0,0,0.841270,0.650794
22.285715,14.968254,background,0.000000,47.220001,0,0,0.857143,0.650794
22.698412,14.968254,background,0.000000,46.959999,0,0,0.873016,0.650794
23.111111,14.968254,background,0.000000,46.689999,0,0,0.888889,0.650794
23.523809,14.968254,background,0.000000,46.400002,0,0,0.904762,0.650794
23.936508,14.968254,background,0.000000,46.090000,0,0,0.920635,0.650794
24.349207,14.968254,background,0.000000,45.759998,0,0,0.936508,0.650794
24.761906,14.968254,background,0.000000,45.430000,0,0,0.952381,0.650794
25.174603,14.968254,background,0.000000,45.139999,0,0,0.968254,0.650794
25.587301,14.968254,background,0.000000,44.930000,0,0,0.984127,0.650794
26.000000,14.968254,background,0.000000,44.810001,0,0,1.000000,0.650794
0.000000,15.333333,Analog_8,4.000000,43.240002,1,1,0.000000,0.666667
0.412698,15.333333,Analog_8,4.000000,43.349998,1,0,0.015873,0.666667
0.825397,15.333333,Analog_8,4.000000,43.570000,1,0,0.031746,0.666667
1.238095,15.333333,Analog_8,4.000000,43.880001,1,0,0.047619,0.666667
1.650794,15.333333,Analog_8,4.000000,44.299999,1,0,0.063492,0.666667
2.063492,15.333333,Analog_8,4.000000,44.820000,1,0,0.079365,0.666667
2.476191,15.333333,Analog_8,4.000000,45.470001,1,0,0.095238,0.666667
2.888889,15.333333,Analog_8,4.000000,46.230000,1,1,0.111111,0.666667
3.301587,15.333333,background,0.000000,47.009998,0,0,0.126984,0.666667
3.714286,15.333333,CPU1_4,12.000000,47.740002,1,0,0.142857,0.666667
4.126984,15.333333,CPU1_4,12.000000,48.400002,1,0,0.158730,0.666667
4.539682,15.333333,CPU1_4,12.000000,49.060001,1,0,0.174603,0.666667
4.952381,15.333333,CPU1_4,12.000000,49.720001,1,0,0.190476,0.666667
5.365079,15.333333,CPU1_4,12.000000,50.349998,1,0,0.206349,0.666667
5.777778,15.333333,CPU1_4,12.000000,50.849998,1,0,0.222222,0.666667
6.190476,15.333333,background,0.000000,51.270000,0,0,0.238095,0.666667
6.603175,15.333333,CPU1_5,12.000000,51.650002,1,1,0.253968,0.666667
7.015873,15.333333,CPU1_5,12.000000,52.040001,1,0,0.269841,0.666667
7.428571,15.333333,CPU1_5,12.000000,52.430000,1,0,0.285714,0.666667
7.841270,15.333333,CPU1_5,12.000000,52.779999,1,0,0.301587,0.666667
8.253968,15.333333,CPU1_5,12.000000,53.090000,1,0,0.317460,0.666667
8.666667,15.333333,CPU1_5,12.000000,53.430000,1,0,0.333333,0.666667
9.079365,15.333333,background,0.000000,53.669998,0,1,0.349206,0.666667
9.492064,15.333333,background,0.000000,53.849998,0,1,0.365079,0.666667
9.904762,15.333333,CPU1_3,12.000000,53.990002,1,0,0.380952,0.666667
10.317460,15.333333,CPU1_3,12.000000,54.099998,1,0,0.396825,0.666667
10.730159,15.333333,CPU1_3,12.000000,54.180000,1,0,0.412698,0.666667
11.142858,15.333333,CPU1_3,12.000000,54.240002,1,0,0.428571,0.666667
11.555555,15.333333,CPU1_3,12.000000,54.270000,1,0,0.444444,0.666667
11.968254,15.333333,CPU1_3,12.000000,54.290001,1,1,0.460317,0.666667
12.380953,15.333333,background,0.000000,54.270000,0,1,0.476191,0.666667
12.793651,15.333333,Analog_6,4.000000,54.240002,1,1,0.492063,0.666667
13.206349,15.333333,Analog_6,4.000000,54.169998,1,1,0.507937,0.666667
13.619047,15.333333,Analog_6,4.000000,54.060001,1,1,0.523809,0.666667
14.031746,15.333333,Analog_6,4.000000,53.900002,1,1,0.539683,0.666667
14.444445,15.333333,Analog_6,4.000000,53.680000,1,1,0.555556,0.666667
14.857142,15.333333,Analog_6,4.000000,53.380001,1,1,0.571429,0.666667
15.269841,15.333333,Analog_1,4.000000,53.009998,1,1,0.587302,0.666667
15.682540,15.333333,Analog_1,4.000000,52.639999,1,0,0.603175,0.666667
16.095238,15.333333,Analog_1,4.000000,52.279999,1,0,0.619048,0.666667
16.507936,15.333333,Analog_1,4.000000,51.959999,1,0,0.634921,0.666667
16.920635,15.333333,Analog_1,4.000000,51.660000,1,0,0.650794,0.666667
17.333334,15.333333,Analog_1,4.000000,51.369999,1,0,0.666667,0.666667
17.746031,15.333333,Analog_1,4.000000,51.070000,1,0,0.682540,0.666667
18.158730,15.333333,background,0.000000,50.709999,0,1,0.698413,0.666667
18.571428,15.333333,background,0.000000,50.240002,0,0,0.714286,0.666667
18.984127,15.333333,background,0.000000,49.520000,0,0,0.730159,0.666667
19.396826,15.333333,background,0.000000,48.759998,0,0,0.746032,0.666667
19.809525,15.333333,background,0.000000,48.180000,0,0,0.761905,0.666667
20.222221,15.333333,background,0.000000,47.730000,0,0,0.777778,0.666667
20.634920,15.333333,background,0.000000,47.380001,0,0,0.793651,0.666667
21.047619,15.333333,background,0.000000,47.090000,0,0,0.809524,0.666667
21.460318,15.333333,background,0.000000,46.820000,0,0,0.825397,0.666667
21.873016,15.333333,background,0.000000,46.570000,0,0,0.841270,0.666667
22.285715,15.333333,background,0.000000,46.330002,0,0,0.857143,0.666667
22.698412,15.333333,background,0.000000,46.080002,0,0,0.873016,0.666667
23.111111,15.333333,background,0.000000,45.830002,0,0,0.888889,0.666667
23.523809,15.333333,background,0.000000,45.570000,0,0,0.904762,0.666667
23.936508,15.333333,background,0.000000,45.310001,0,0,0.920635,0.666667
24.349207,15.333333,background,0.000000,45.040001,0,0,0.936508,0.666667
24.761906,15.333333,background,0.000000,44.779999,0,0,0.952381,0.666667
25.174603,15.333333,background,0.000000,44.560001,0,0,0.968254,0.666667
25.587301,15.333333,background,0.000000,44.400002,0,0,0.984127,0.666667
26.000000,15.333333,background,0.000000,44.310001,0,0,1.000000,0.666667
0.000000,15.698413,Analog_8,4.000000,42.939999,1,1,0.000000,0.682540
0.412698,15.698413,Analog_8,4.000000,43.040001,1,0,0.015873,0.682540
0.825397,15.698413,Analog_8,4.000000,43.240002,1,0,0.031746,0.682540
1.238095,15.698413,Analog_8,4.000000,43.520000,1,0,0.047619,0.682540
1.650794,15.698413,Analog_8,4.000000,43.889999,1,0,0.063492,0.682540
2.063492,15.698413,Analog_8,4.000000,44.349998,1,0,0.079365,0.682540
2.476191,15.698413,Analog_8,4.000000,44.900002,1,0,0.095238,0.682540
2.888889,15.698413,Analog_8,4.000000,45.529999,1,1,0.111111,0.682540
3.301587,15.698413,background,0.000000,46.220001,0,0,0.126984,0.682540
3.714286,15.698413,CPU1_4,12.000000,46.919998,1,0,0.142857,0.682540
4.126984,15.698413,CPU1_4,12.000000,47.639999,1,0,0.158730,0.682540
4.539682,15.698413,CPU1_4,12.000000,48.389999,1,0,0.174603,0.682540
4.952381,15.698413,CPU1_4,12.000000,49.099998,1,0,0.190476,0.682540
5.365079,15.698413,CPU1_4,12.000000,49.820000,1,0,0.206349,0.682540
5.777778,15.698413,CPU1_4,12.000000,50.330002,1,0,0.222222,0.682540
6.190476,15.698413,background,0.000000,50.730000,0,0,0.238095,0.682540
6.603175,15.698413,CPU1_5,12.000000,51.060001,1,1,0.253968,0.682540
7.015873,15.698413,CPU1_5,12.000000,51.360001,1,0,0.269841,0.682540
7.428571,15.698413,CPU1_5,12.000000,51.650002,1,0,0.285714,0.682540
7.841270,15.698413,CPU1_5,12.000000,51.939999,1,0,0.301587,0.682540
8.253968,15.698413,CPU1_5,12.000000,52.220001,1,0,0.317460,0.682540
8.666667,15.698413,CPU1_5,12.000000,52.490002,1,0,0.333333,0.682540
9.079365,15.698413,background,0.000000,52.709999,0,1,0.349206,0.682540
9.492064,15.698413,background,0.000000,52.880001,0,1,0.365079,0.682540
9.904762,15.698413,CPU1_3,12.000000,53.020000,1,0,0.380952,0.682540
10.317460,15.698413,CPU1_3,12.000000,53.119999,1,0,0.396825,0.682540
10.730159,15.698413,CPU1_3,12.000000,53.200001,1,0,0.412698,0.682540
11.142858,15.698413,CPU1_3,12.000000,53.259998,1,0,0.428571,0.682540
11.555555,15.698413,CPU1_3,12.000000,53.299999,1,0,0.444444,0.682540
11.968254,15.698413,CPU1_3,12.000000,53.310001,1,1,0.460317,0.682540
12.380953,15.698413,background,0.000000,53.299999,0,1,0.476191,0.682540
12.793651,15.698413,Analog_7,4.000000,53.270000,1,0,0.492063,0.682540
13.206349,15.698413,Analog_7,4.000000,53.200001,1,0,0.507937,0.682540
13.619047,15.698413,Analog_7,4.000000,53.099998,1,0,0.523809,0.682540
14.031746,15.698413,Analog_7,4.000000,52.950001,1,0,0.539683,0.682540
14.444445,15.698413,Analog_7,4.000000,52.730000,1,0,0.555556,0.682540
14.857142,15.698413,Analog_7,4.000000,52.439999,1,1,0.571429,0.682540
15.269841,15.698413,Analog_1,4.000000,52.029999,1,0,0.587302,0.682540
15.682540,15.698413,Analog_1,4.000000,51.639999,1,0,0.603175,0.682540
16.095238,15.698413,Analog_1,4.000000,51.250000,1,0,0.619048,0.682540
16.507936,15.698413,Analog_1,4.000000,50.900002,1,0,0.634921,0.682540
16.920635,15.698413,Analog_1,4.000000,50.580002,1,0,0.650794,0.682540
17.333334,15.698413,Analog_1,4.000000,50.270000,1,0,0.666667,0.682540
17.746031,15.698413,Analog_1,4.000000,49.950001,1,0,0.682540,0.682540
18.158730,15.698413,background,0.000000,49.580002,0,1,0.698413,0.682540
18.571428,15.698413,background,0.000000,49.110001,0,0,0.714286,0.682540
18.984127,15.698413,background,0.000000,48.490002,0,0,0.730159,0.682540
19.396826,15.698413,background,0.000000,47.880001,0,0,0.746032,0.682540
19.809525,15.698413,background,0.000000,47.360001,0,0,0.761905,0.682540
20.222221,15.698413,background,0.000000,46.950001,0,0,0.777778,0.682540
20.634920,15.698413,background,0.000000,46.610001,0,0,0.793651,0.682540
21.047619,15.698413,background,0.000000,46.320000,0,0,0.809524,0.682540
21.460318,15.698413,background,0.000000,46.060001,0,0,0.825397,0.682540
21.873016,15.698413,background,0.000000,45.810001,0,0,0.841270,0.682540
22.285715,15.698413,background,0.000000,45.580002,0,0,0.857143,0.682540
22.698412,15.698413,background,0.000000,45.349998,0,0,0.873016,0.682540
23.111111,15.698413,background,0.000000,45.119999,0,0,0.888889,0.682540
23.523809,15.698413,background,0.000000,44.889999,0,0,0.904762,0.682540
23.936508,15.698413,background,0.000000,44.660000,0,0,0.920635,0.682540
24.349207,15.698413,background,0.000000,44.439999,0,0,0.936508,0.682540
24.761906,15.698413,background,0.000000,44.230000,0,0,0.952381,0.682540
25.174603,15.698413,background,0.000000,44.049999,0,0,0.968254,0.682540
25.587301,15.698413,background,0.000000,43.919998,0,0,0.984127,0.682540
26.000000,15.698413,background,0.000000,43.849998,0,0,1.000000,0.682540
0.000000,16.063492,Analog_8,4.000000,42.650002,1,1,0.000000,0.698413
0.412698,16.063492,Analog_8,4.000000,42.740002,1,0,0.015873,0.698413
0.825397,16.063492,Analog_8,4.000000,42.919998,1,0,0.031746,0.698413
1.238095,16.063492,Analog_8,4.000000,43.169998,1,0,0.047619,0.698413
1.650794,16.063492,Analog_8,4.000000,43.500000,1,0,0.063492,0.698413
2.063492,16.063492,Analog_8,4.000000,43.900002,1,0,0.079365,0.698413
2.476191,16.063492,Analog_8,4.000000,44.369999,1,0,0.095238,0.698413
2.888889,16.063492,Analog_8,4.000000,44.919998,1,1,0.111111,0.698413
3.301587,16.063492,background,0.000000,45.520000,0,0,0.126984,0.698413
3.714286,16.063492,CPU1_4,12.000000,46.189999,1,0,0.142857,0.698413
4.126984,16.063492,CPU1_4,12.000000,46.919998,1,0,0.158730,0.698413
4.539682,16.063492,CPU1_4,12.000000,47.740002,1,0,0.174603,0.698413
4.952381,16.063492,CPU1_4,12.000000,48.520000,1,0,0.190476,0.698413
5.365079,16.063492,CPU1_4,12.000000,49.290001,1,0,0.206349,0.698413
5.777778,16.063492,CPU1_4,12.000000,49.810001,1,0,0.222222,0.698413
6.190476,16.063492,background,0.000000,50.209999,0,0,0.238095,0.698413
6.603175,16.063492,CPU1_5,12.000000,50.529999,1,1,0.253968,0.698413
7.015873,16.063492,CPU1_5,12.000000,50.810001,1,0,0.269841,0.698413
7.428571,16.063492,CPU1_5,12.000000,51.080002,1,0,0.285714,0.698413
7.841270,16.063492,CPU1_5,12.000000,51.330002,1,0,0.301587,0.698413
8.253968,16.063492,CPU1_5,12.000000,51.560001,1,0,0.317460,0.698413
8.666667,16.063492,CPU1_5,12.000000,51.790001,1,0,0.333333,0.698413
9.079365,16.063492,background,0.000000,51.980000,0,1,0.349206,0.698413
9.492064,16.063492,background,0.000000,52.130001,0,1,0.365079,0.698413
9.904762,16.063492,CPU1_3,12.000000,52.259998,1,0,0.380952,0.698413
10.317460,16.063492,CPU1_3,12.000000,52.369999,1,0,0.396825,0.698413
10.730159,16.063492,CPU1_3,12.000000,52.439999,1,0,0.412698,0.698413
11.142858,16.063492,CPU1_3,12.000000,52.500000,1,0,0.428571,0.698413
11.555555,16.063492,CPU1_3,12.000000,52.540001,1,0,0.444444,0.698413
11.968254,16.063492,CPU1_3,12.000000,52.549999,1,1,0.460317,0.698413
12.380953,16.063492,background,0.000000,52.540001,0,1,0.476191,0.698413
12.793651,16.063492,Analog_7,4.000000,52.509998,1,0,0.492063,0.698413
13.206349,16.063492,Analog_7,4.000000,52.439999,1,0,0.507937,0.698413
13.619047,16.063492,Analog_7,4.000000,52.340000,1,0,0.523809,0.698413
14.031746,16.063492,Analog_7,4.000000,52.200001,1,0,0.539683,0.698413
14.444445,16.063492,Analog_7,4.000000,51.980000,1,0,0.555556,0.698413
14.857142,16.063492,Analog_7,4.000000,51.650002,1,1,0.571429,0.698413
15.269841,16.063492,Analog_7,4.000000,51.169998,1,1,0.587302,0.698413
15.682540,16.063492,background,0.000000,50.709999,0,1,0.603175,0.698413
16.095238,16.063492,background,0.000000,50.220001,0,1,0.619048,0.698413
16.507936,16.063492,background,0.000000,49.799999,0,1,0.634921,0.698413
16.920635,16.063492,background,0.000000,49.419998,0,1,0.650794,0.698413
17.333334,16.063492,background,0.000000,49.080002,0,1,0.666667,0.698413
17.746031,16.063492,background,0.000000,48.740002,0,1,0.682540,0.698413
18.158730,16.063492,background,0.000000,48.380001,0,1,0.698413,0.698413
18.571428,16.063492,background,0.000000,47.959999,0,0,0.714286,0.698413
18.984127,16.063492,background,0.000000,47.480000,0,0,0.730159,0.698413
19.396826,16.063492,background,0.000000,47.009998,0,0,0.746032,0.698413
19.809525,16.063492,background,0.000000,46.590000,0,0,0.761905,0.698413
20.222221,16.063492,background,0.000000,46.230000,0,0,0.777778,0.698413
20.634920,16.063492,background,0.000000,45.919998,0,0,0.793651,0.698413
21.047619,16.063492,background,0.000000,45.650002,0,0,0.809524,0.698413
21.460318,16.063492,background,0.000000,45.400002,0,0,0.825397,0.698413
21.873016,16.063492,background,0.000000,45.169998,0,0,0.841270,0.698413
22.285715,16.063492,background,0.000000,44.950001,0,0,0.857143,0.698413
22.698412,16.063492,background,0.000000,44.730000,0,0,0.873016,0.698413
23.111111,16.063492,background,0.000000,44.520000,0,0,0.888889,0.698413
23.523809,16.063492,background,0.000000,44.310001,0,0,0.904762,0.698413
23.936508,16.063492,background,0.000000,44.110001,0,0,0.920635,0.698413
24.349207,16.063492,background,0.000000,43.919998,0,0,0.936508,0.698413
24.761906,16.063492,background,0.000000,43.750000,0,0,0.952381,0.698413
25.174603,16.063492,background,0.000000,43.599998,0,0,0.968254,0.698413
25.587301,16.063492,background,0.000000,43.490002,0,0,0.984127,0.698413
26.000000,16.063492,background,0.000000,43.430000,0,0,1.000000,0.698413
0.000000,16.428572,Analog_8,4.000000,42.369999,1,1,0.000000,0.714286
0.412698,16.428572,Analog_8,4.000000,42.450001,1,1,0.015873,0.714286
0.825397,16.428572,Analog_8,4.000000,42.610001,1,1,0.031746,0.714286
1.238095,16.428572,Analog_8,4.000000,42.830002,1,1,0.047619,0.714286
1.650794,16.428572,Analog_8,4.000000,43.119999,1,1,0.063492,0.714286
2.063492,16.428572,Analog_8,4.000000,43.480000,1,1,0.079365,0.714286
2.476191,16.428572,Analog_8,4.000000,43.889999,1,1,0.095238,0.714286
2.888889,16.428572,Analog_8,4.000000,44.369999,1,1,0.111111,0.714286
3.301587,16.428572,background,0.000000,44.919998,0,0,0.126984,0.714286
3.714286,16.428572,CPU1_4,12.000000,45.540001,1,1,0.142857,0.714286
4.126984,16.428572,CPU1_4,12.000000,46.270000,1,1,0.158730,0.714286
4.539682,16.428572,CPU1_4,12.000000,47.110001,1,1,0.174603,0.714286
4.952381,16.428572,CPU1_4,12.000000,47.930000,1,1,0.190476,0.714286
5.365079,16.428572,CPU1_4,12.000000,48.720001,1,1,0.206349,0.714286
5.777778,16.428572,CPU1_4,12.000000,49.250000,1,1,0.222222,0.714286
6.190476,16.428572,Analog_11,4.000000,49.639999,1,1,0.238095,0.714286
6.603175,16.428572,CPU1_5,12.000000,49.959999,1,1,0.253968,0.714286
7.015873,16.428572,CPU1_5,12.000000,50.240002,1,0,0.269841,0.714286
7.428571,16.428572,CPU1_5,12.000000,50.490002,1,0,0.285714,0.714286
7.841270,16.428572,CPU1_5,12.000000,50.720001,1,0,0.301587,0.714286
8.253968,16.428572,CPU1_5,12.000000,50.939999,1,0,0.317460,0.714286
8.666667,16.428572,CPU1_5,12.000000,51.139999,1,0,0.333333,0.714286
9.079365,16.428572,Analog_10,4.000000,51.310001,1,1,0.349206,0.714286
9.492064,16.428572,Analog_10,4.000000,51.459999,1,1,0.365079,0.714286
9.904762,16.428572,CPU1_3,12.000000,51.590000,1,1,0.380952,0.714286
10.317460,16.428572,CPU1_3,12.000000,51.689999,1,1,0.396825,0.714286
10.730159,16.428572,CPU1_3,12.000000,51.759998,1,1,0.412698,0.714286
11.142858,16.428572,CPU1_3,12.000000,51.820000,1,1,0.428571,0.714286
11.555555,16.428572,CPU1_3,12.000000,51.849998,1,1,0.444444,0.714286
11.968254,16.428572,CPU1_3,12.000000,51.869999,1,1,0.460317,0.714286
12.380953,16.428572,background,0.000000,51.860001,0,1,0.476191,0.714286
12.793651,16.428572,Analog_7,4.000000,51.830002,1,0,0.492063,0.714286
13.206349,16.428572,Analog_7,4.000000,51.770000,1,0,0.507937,0.714286
13.619047,16.428572,Analog_7,4.000000,51.669998,1,0,0.523809,0.714286
14.031746,16.428572,Analog_7,4.000000,51.520000,1,0,0.539683,0.714286
14.444445,16.428572,Analog_7,4.000000,51.290001,1,0,0.555556,0.714286
14.857142,16.428572,Analog_7,4.000000,50.939999,1,0,0.571429,0.714286
15.269841,16.428572,Analog_7,4.000000,50.410000,1,0,0.587302,0.714286
15.682540,16.428572,background,0.000000,49.849998,0,0,0.603175,0.714286
16.095238,16.428572,background,0.000000,49.279999,0,0,0.619048,0.714286
16.507936,16.428572,background,0.000000,48.790001,0,0,0.634921,0.714286
16.920635,16.428572,background,0.000000,48.380001,0,0,0.650794,0.714286
17.333334,16.428572,background,0.000000,48.009998,0,0,0.666667,0.714286
17.746031,16.428572,background,0.000000,47.669998,0,0,0.682540,0.714286
18.158730,16.428572,background,0.000000,47.330002,0,0,0.698413,0.714286
18.571428,16.428572,background,0.000000,46.970001,0,0,0.714286,0.714286
18.984127,16.428572,background,0.000000,46.599998,0,0,0.730159,0.714286
19.396826,16.428572,background,0.000000,46.230000,0,0,0.746032,0.714286
19.809525,16.428572,background,0.000000,45.889999,0,0,0.761905,0.714286
20.222221,16.428572,background,0.000000,45.580002,0,0,0.777778,0.714286
20.634920,16.428572,background,0.000000,45.299999,0,0,0.793651,0.714286
21.047619,16.428572,background,0.000000,45.049999,0,0,0.809524,0.714286
21.460318,16.428572,background,0.000000,44.820000,0,0,0.825397,0.714286
21.873016,16.428572,background,0.000000,44.610001,0,0,0.841270,0.714286
22.285715,16.428572,background,0.000000,44.400002,0,0,0.857143,0.714286
22.698412,16.428572,background,0.000000,44.200001,0,0,0.873016,0.714286
23.111111,16.428572,background,0.000000,44.009998,0,0,0.888889,0.714286
23.523809,16.428572,background,0.000000,43.820000,0,0,0.904762,0.714286
23.936508,16.428572,background,0.000000,43.639999,0,0,0.920635,0.714286
24.349207,16.428572,background,0.000000,43.470001,0,0,0.936508,0.714286
24.761906,16.428572,background,0.000000,43.320000,0,0,0.952381,0.714286
25.174603,16.428572,background,0.000000,43.200001,0,0,0.968254,0.714286
25.587301,16.428572,background,0.000000,43.110001,0,0,0.984127,0.714286
26.000000,16.428572,background,0.000000,43.049999,0,0,1.000000,0.714286
0.000000,16.793652,background,0.000000,42.090000,0,0,0.000000,0.730159
0.412698,16.793652,background,0.000000,42.160000,0,0,0.015873,0.730159
0.825397,16.793652,background,0.000000,42.299999,0,0,0.031746,0.730159
1.238095,16.793652,background,0.000000,42.509998,0,0,0.047619,0.730159
1.650794,16.793652,background,0.000000,42.770000,0,0,0.063492,0.730159
2.063492,16.793652,background,0.000000,43.080002,0,0,0.079365,0.730159
2.476191,16.793652,background,0.000000,43.439999,0,0,0.095238,0.730159
2.888889,16.793652,background,0.000000,43.869999,0,0,0.111111,0.730159
3.301587,16.793652,background,0.000000,44.360001,0,0,0.126984,0.730159
3.714286,16.793652,CPU1_4,12.000000,44.930000,1,1,0.142857,0.730159
4.126984,16.793652,CPU1_4,12.000000,45.599998,1,1,0.158730,0.730159
4.539682,16.793652,CPU1_4,12.000000,46.410000,1,1,0.174603,0.730159
4.952381,16.793652,CPU1_4,12.000000,47.240002,1,1,0.190476,0.730159
5.365079,16.793652,CPU1_4,12.000000,48.009998,1,1,0.206349,0.730159
5.777778,16.793652,CPU1_4,12.000000,48.529999,1,1,0.222222,0.730159
6.190476,16.793652,Analog_11,4.000000,48.919998,1,0,0.238095,0.730159
6.603175,16.793652,CPU1_5,12.000000,49.230000,1,1,0.253968,0.730159
7.015873,16.793652,CPU1_5,12.000000,49.500000,1,0,0.269841,0.730159
7.428571,16.793652,CPU1_5,12.000000,49.750000,1,0,0.285714,0.730159
7.841270,16.793652,CPU1_5,12.000000,49.990002,1,0,0.301587,0.730159
8.253968,16.793652,CPU1_5,12.000000,50.220001,1,0,0.317460,0.730159
8.666667,16.793652,CPU1_5,12.000000,50.430000,1,0,0.333333,0.730159
9.079365,16.793652,Analog_10,4.000000,50.619999,1,1,0.349206,0.730159
9.492064,16.793652,Analog_10,4.000000,50.770000,1,1,0.365079,0.730159
9.904762,16.793652,Analog_10,4.000000,50.889999,1,1,0.380952,0.730159
10.317460,16.793652,Analog_10,4.000000,50.990002,1,1,0.396825,0.730159
10.730159,16.793652,Analog_10,4.000000,51.070000,1,1,0.412698,0.730159
11.142858,16.793652,Analog_10,4.000000,51.119999,1,1,0.428571,0.730159
11.555555,16.793652,Analog_10,4.000000,51.160000,1,1,0.444444,0.730159
11.968254,16.793652,Analog_10,4.000000,51.169998,1,1,0.460317,0.730159
12.380953,16.793652,background,0.000000,51.160000,0,1,0.476191,0.730159
12.793651,16.793652,Analog_7,4.000000,51.130001,1,0,0.492063,0.730159
13.206349,16.793652,Analog_7,4.000000,51.070000,1,0,0.507937,0.730159
13.619047,16.793652,Analog_7,4.000000,50.970001,1,0,0.523809,0.730159
14.031746,16.793652,Analog_7,4.000000,50.830002,1,0,0.539683,0.730159
14.444445,16.793652,Analog_7,4.000000,50.599998,1,0,0.555556,0.730159
14.857142,16.793652,Analog_7,4.000000,50.240002,1,0,0.571429,0.730159
15.269841,16.793652,Analog_7,4.000000,49.669998,1,0,0.587302,0.730159
15.682540,16.793652,background,0.000000,49.049999,0,0,0.603175,0.730159
16.095238,16.793652,background,0.000000,48.419998,0,0,0.619048,0.730159
16.507936,16.793652,background,0.000000,47.900002,0,0,0.634921,0.730159
16.920635,16.793652,background,0.000000,47.470001,0,0,0.650794,0.730159
17.333334,16.793652,background,0.000000,47.099998,0,0,0.666667,0.730159
17.746031,16.793652,background,0.000000,46.770000,0,0,0.682540,0.730159
18.158730,16.793652,background,0.000000,46.459999,0,0,0.698413,0.730159
18.571428,16.793652,background,0.000000,46.150002,0,0,0.714286,0.730159
18.984127,16.793652,background,0.000000,45.840000,0,0,0.730159,0.730159
19.396826,16.793652,background,0.000000,45.540001,0,0,0.746032,0.730159
19.809525,16.793652,background,0.000000,45.250000,0,0,0.761905,0.730159
20.222221,16.793652,background,0.000000,44.990002,0,0,0.777778,0.730159
20.634920,16.793652,background,0.000000,44.750000,0,0,0.793651,0.730159
21.047619,16.793652,background,0.000000,44.520000,0,0,0.809524,0.730159
21.460318,16.793652,background,0.000000,44.310001,0,0,0.825397,0.730159
21.873016,16.793652,background,0.000000,44.110001,0,0,0.841270,0.730159
22.285715,16.793652,background,0.000000,43.919998,0,0,0.857143,0.730159
22.698412,16.793652,background,0.000000,43.740002,0,0,0.873016,0.730159
23.111111,16.793652,background,0.000000,43.560001,0,0,0.888889,0.730159
23.523809,16.793652,background,0.000000,43.389999,0,0,0.904762,0.730159
23.936508,16.793652,background,0.000000,43.230000,0,0,0.920635,0.730159
24.349207,16.793652,background,0.000000,43.080002,0,0,0.936508,0.730159
24.761906,16.793652,background,0.000000,42.950001,0,0,0.952381,0.730159
25.174603,16.793652,background,0.000000,42.840000,0,0,0.968254,0.730159
25.587301,16.793652,background,0.000000,42.759998,0,0,0.984127,0.730159
26.000000,16.793652,background,0.000000,42.709999,0,0,1.000000,0.730159
0.000000,17.158730,background,0.000000,41.820000,0,0,0.000000,0.746032
0.412698,17.158730,background,0.000000,41.889999,0,0,0.015873,0.746032
0.825397,17.158730,background,0.000000,42.009998,0,0,0.031746,0.746032
1.238095,17.158730,background,0.000000,42.189999,0,0,0.047619,0.746032
1.650794,17.158730,background,0.000000,42.430000,0,0,0.063492,0.746032
2.063492,17.158730,background,0.000000,42.700001,0,0,0.079365,0.746032
2.476191,17.158730,background,0.000000,43.029999,0,0,0.095238,0.746032
2.888889,17.158730,background,0.000000,43.400002,0,0,0.111111,0.746032
3.301587,17.158730,background,0.000000,43.830002,0,0,0.126984,0.746032
3.714286,17.158730,Analog_11,4.000000,44.320000,1,0,0.142857,0.746032
4.126984,17.158730,Analog_11,4.000000,44.889999,1,0,0.158730,0.746032
4.539682,17.158730,Analog_11,4.000000,45.549999,1,0,0.174603,0.746032
4.952381,17.158730,Analog_11,4.000000,46.250000,1,0,0.190476,0.746032
5.365079,17.158730,Analog_11,4.000000,46.900002,1,0,0.206349,0.746032
5.777778,17.158730,Analog_11,4.000000,47.380001,1,0,0.222222,0.746032
6.190476,17.158730,Analog_11,4.000000,47.750000,1,0,0.238095,0.746032
6.603175,17.158730,CPU1_5,12.000000,48.060001,1,1,0.253968,0.746032
7.015873,17.158730,CPU1_5,12.000000,48.340000,1,0,0.269841,0.746032
7.428571,17.158730,CPU1_5,12.000000,48.599998,1,0,0.285714,0.746032
7.841270,17.158730,CPU1_5,12.000000,48.880001,1,0,0.301587,0.746032
8.253968,17.158730,CPU1_5,12.000000,49.189999,1,0,0.317460,0.746032
8.666667,17.158730,CPU1_5,12.000000,49.540001,1,0,0.333333,0.746032
9.079365,17.158730,Analog_10,4.000000,49.770000,1,1,0.349206,0.746032
9.492064,17.158730,Analog_10,4.000000,49.939999,1,0,0.365079,0.746032
9.904762,17.158730,Analog_10,4.000000,50.070000,1,0,0.380952,0.746032
10.317460,17.158730,Analog_10,4.000000,50.160000,1,0,0.396825,0.746032
10.730159,17.158730,Analog_10,4.000000,50.240002,1,0,0.412698,0.746032
11.142858,17.158730,Analog_10,4.000000,50.290001,1,0,0.428571,0.746032
11.555555,17.158730,Analog_10,4.000000,50.330002,1,0,0.444444,0.746032
11.968254,17.158730,Analog_10,4.000000,50.340000,1,1,0.460317,0.746032
12.380953,17.158730,background,0.000000,50.340000,0,1,0.476191,0.746032
12.793651,17.158730,Analog_7,4.000000,50.310001,1,0,0.492063,0.746032
13.206349,17.158730,Analog_7,4.000000,50.250000,1,0,0.507937,0.746032
13.619047,17.158730,Analog_7,4.000000,50.150002,1,0,0.523809,0.746032
14.031746,17.158730,Analog_7,4.000000,50.009998,1,0,0.539683,0.746032
14.444445,17.158730,Analog_7,4.000000,49.790001,1,0,0.555556,0.746032
14.857142,17.158730,Analog_7,4.000000,49.430000,1,0,0.571429,0.746032
15.269841,17.158730,Analog_7,4.000000,48.860001,1,0,0.587302,0.746032
15.682540,17.158730,background,0.000000,48.220001,0,0,0.603175,0.746032
16.095238,17.158730,background,0.000000,47.590000,0,0,0.619048,0.746032
16.507936,17.158730,background,0.000000,47.070000,0,0,0.634921,0.746032
16.920635,17.158730,background,0.000000,46.660000,0,0,0.650794,0.746032
17.333334,17.158730,background,0.000000,46.310001,0,0,0.666667,0.746032
17.746031,17.158730,background,0.000000,46.000000,0,0,0.682540,0.746032
18.158730,17.158730,background,0.000000,45.720001,0,0,0.698413,0.746032
18.571428,17.158730,background,0.000000,45.439999,0,0,0.714286,0.746032
18.984127,17.158730,background,0.000000,45.180000,0,0,0.730159,0.746032
19.396826,17.158730,background,0.000000,44.930000,0,0,0.746032,0.746032
19.809525,17.158730,background,0.000000,44.689999,0,0,0.761905,0.746032
20.222221,17.158730,background,0.000000,44.459999,0,0,0.777778,0.746032
20.634920,17.158730,background,0.000000,44.240002,0,0,0.793651,0.746032
21.047619,17.158730,background,0.000000,44.040001,0,0,0.809524,0.746032
21.460318,17.158730,background,0.000000,43.849998,0,0,0.825397,0.746032
21.873016,17.158730,background,0.000000,43.669998,0,0,0.841270,0.746032
22.285715,17.158730,background,0.000000,43.490002,0,0,0.857143,0.746032
22.698412,17.158730,background,0.000000,43.320000,0,0,0.873016,0.746032
23.111111,17.158730,background,0.000000,43.160000,0,0,0.888889,0.746032
23.523809,17.158730,background,0.000000,43.009998,0,0,0.904762,0.746032
23.936508,17.158730,background,0.000000,42.860001,0,0,0.920635,0.746032
24.349207,17.158730,background,0.000000,42.730000,0,0,0.936508,0.746032
24.761906,17.158730,background,0.000000,42.610001,0,0,0.952381,0.746032
25.174603,17.158730,background,0.000000,42.509998,0,0,0.968254,0.746032
25.587301,17.158730,background,0.000000,42.430000,0,0,0.984127,0.746032
26.000000,17.158730,background,0.000000,42.389999,0,0,1.000000,0.746032
0.000000,17.523809,background,0.000000,41.560001,0,0,0.000000,0.761905
0.412698,17.523809,background,0.000000,41.619999,0,1,0.015873,0.761905
0.825397,17.523809,background,0.000000,41.730000,0,1,0.031746,0.761905
1.238095,17.523809,background,0.000000,41.900002,0,1,0.047619,0.761905
1.650794,17.523809,background,0.000000,42.099998,0,1,0.063492,0.761905
2.063492,17.523809,background,0.000000,42.349998,0,1,0.079365,0.761905
2.476191,17.523809,background,0.000000,42.630001,0,1,0.095238,0.761905
2.888889,17.523809,background,0.000000,42.950001,0,1,0.111111,0.761905
3.301587,17.523809,background,0.000000,43.320000,0,1,0.126984,0.761905
3.714286,17.523809,Analog_11,4.000000,43.740002,1,0,0.142857,0.761905
4.126984,17.523809,Analog_11,4.000000,44.200001,1,0,0.158730,0.761905
4.539682,17.523809,Analog_11,4.000000,44.720001,1,0,0.174603,0.761905
4.952381,17.523809,Analog_11,4.000000,45.250000,1,0,0.190476,0.761905
5.365079,17.523809,Analog_11,4.000000,45.759998,1,0,0.206349,0.761905
5.777778,17.523809,Analog_11,4.000000,46.189999,1,0,0.222222,0.761905
6.190476,17.523809,Analog_11,4.000000,46.540001,1,0,0.238095,0.761905
6.603175,17.523809,CPU1_5,12.000000,46.840000,1,1,0.253968,0.761905
7.015873,17.523809,CPU1_5,12.000000,47.119999,1,0,0.269841,0.761905
7.428571,17.523809,CPU1_5,12.000000,47.389999,1,0,0.285714,0.761905
7.841270,17.523809,CPU1_5,12.000000,47.680000,1,0,0.301587,0.761905
8.253968,17.523809,CPU1_5,12.000000,47.990002,1,0,0.317460,0.761905
8.666667,17.523809,CPU1_5,12.000000,48.349998,1,0,0.333333,0.761905
9.079365,17.523809,Analog_10,4.000000,48.599998,1,1,0.349206,0.761905
9.492064,17.523809,Analog_10,4.000000,48.770000,1,0,0.365079,0.761905
9.904762,17.523809,Analog_10,4.000000,48.900002,1,0,0.380952,0.761905
10.317460,17.523809,Analog_10,4.000000,49.000000,1,0,0.396825,0.761905
10.730159,17.523809,Analog_10,4.000000,49.070000,1,0,0.412698,0.761905
11.142858,17.523809,Analog_10,4.000000,49.130001,1,0,0.428571,0.761905
11.555555,17.523809,Analog_10,4.000000,49.160000,1,0,0.444444,0.761905
11.968254,17.523809,Analog_10,4.000000,49.169998,1,1,0.460317,0.761905
12.380953,17.523809,background,0.000000,49.169998,0,1,0.476191,0.761905
12.793651,17.523809,background,0.000000,49.139999,0,1,0.492063,0.761905
13.206349,17.523809,Analog_12,4.000000,49.080002,1,1,0.507937,0.761905
13.619047,17.523809,Analog_12,4.000000,48.990002,1,1,0.523809,0.761905
14.031746,17.523809,Analog_12,4.000000,48.849998,1,1,0.539683,0.761905
14.444445,17.523809,Analog_12,4.000000,48.639999,1,1,0.555556,0.761905
14.857142,17.523809,Analog_12,4.000000,48.320000,1,1,0.571429,0.761905
15.269841,17.523809,Analog_12,4.000000,47.820000,1,1,0.587302,0.761905
15.682540,17.523809,Analog_12,4.000000,47.270000,1,1,0.603175,0.761905
16.095238,17.523809,background,0.000000,46.740002,0,1,0.619048,0.761905
16.507936,17.523809,background,0.000000,46.290001,0,0,0.634921,0.761905
16.920635,17.523809,background,0.000000,45.919998,0,0,0.650794,0.761905
17.333334,17.523809,background,0.000000,45.599998,0,0,0.666667,0.761905
17.746031,17.523809,background,0.000000,45.320000,0,0,0.682540,0.761905
18.158730,17.523809,background,0.000000,45.070000,0,0,0.698413,0.761905
18.571428,17.523809,background,0.000000,44.830002,0,0,0.714286,0.761905
18.984127,17.523809,background,0.000000,44.599998,0,0,0.730159,0.761905
19.396826,17.523809,background,0.000000,44.380001,0,0,0.746032,0.761905
19.809525,17.523809,background,0.000000,44.180000,0,0,0.761905,0.761905
20.222221,17.523809,background,0.000000,43.980000,0,0,0.777778,0.761905
20.634920,17.523809,background,0.000000,43.790001,0,0,0.793651,0.761905
21.047619,17.523809,background,0.000000,43.599998,0,0,0.809524,0.761905
21.460318,17.523809,background,0.000000,43.430000,0,0,0.825397,0.761905
21.873016,17.523809,background,0.000000,43.259998,0,0,0.841270,0.761905
22.285715,17.523809,background,0.000000,43.099998,0,0,0.857143,0.761905
22.698412,17.523809,background,0.000000,42.950001,0,0,0.873016,0.761905
23.111111,17.523809,background,0.000000,42.799999,0,0,0.888889,0.761905
23.523809,17.523809,background,0.000000,42.660000,0,0,0.904762,0.761905
23.936508,17.523809,background,0.000000,42.529999,0,0,0.920635,0.761905
24.349207,17.523809,background,0.000000,42.400002,0,0,0.936508,0.761905
24.761906,17.523809,background,0.000000,42.299999,0,0,0.952381,0.761905
25.174603,17.523809,background,0.000000,42.209999,0,0,0.968254,0.761905
25.587301,17.523809,background,0.000000,42.139999,0,0,0.984127,0.761905
26.000000,17.523809,background,0.000000,42.099998,0,0,1.000000,0.761905
0.000000,17.888889,background,0.000000,41.299999,0,0,0.000000,0.777778
0.412698,17.888889,background,0.000000,41.360001,0,1,0.015873,0.777778
0.825397,17.888889,Analog_17,4.000000,41.459999,1,0,0.031746,0.777778
1.238095,17.888889,Analog_17,4.000000,41.610001,1,0,0.047619,0.777778
1.650794,17.888889,Analog_17,4.000000,41.790001,1,0,0.063492,0.777778
2.063492,17.888889,Analog_17,4.000000,42.009998,1,0,0.079365,0.777778
2.476191,17.888889,Analog_17,4.000000,42.259998,1,0,0.095238,0.777778
2.888889,17.888889,Analog_17,4.000000,42.540001,1,0,0.111111,0.777778
3.301587,17.888889,Analog_17,4.000000,42.849998,1,0,0.126984,0.777778
3.714286,17.888889,Analog_11,4.000000,43.200001,1,0,0.142857,0.777778
4.126984,17.888889,CPU1_8,12.000000,43.570000,1,1,0.158730,0.777778
4.539682,17.888889,CPU1_8,12.000000,43.980000,1,1,0.174603,0.777778
4.952381,17.888889,CPU1_8,12.000000,44.389999,1,1,0.190476,0.777778
5.365079,17.888889,CPU1_8,12.000000,44.779999,1,1,0.206349,0.777778
5.777778,17.888889,CPU1_8,12.000000,45.130001,1,1,0.222222,0.777778
6.190476,17.888889,CPU1_8,12.000000,45.450001,1,1,0.238095,0.777778
6.603175,17.888889,background,0.000000,45.730000,0,1,0.253968,0.777778
7.015873,17.888889,background,0.000000,45.990002,0,1,0.269841,0.777778
7.428571,17.888889,background,0.000000,46.250000,0,1,0.285714,0.777778
7.841270,17.888889,background,0.000000,46.529999,0,1,0.301587,0.777778
8.253968,17.888889,background,0.000000,46.830002,0,1,0.317460,0.777778
8.666667,17.888889,background,0.000000,47.150002,0,1,0.333333,0.777778
9.079365,17.888889,Analog_10,4.000000,47.389999,1,1,0.349206,0.777778
9.492064,17.888889,Analog_10,4.000000,47.570000,1,0,0.365079,0.777778
9.904762,17.888889,Analog_10,4.000000,47.700001,1,1,0.380952,0.777778
10.317460,17.888889,CPU1_6,12.000000,47.799999,1,1,0.396825,0.777778
10.730159,17.888889,CPU1_6,12.000000,47.880001,1,1,0.412698,0.777778
11.142858,17.888889,CPU1_6,12.000000,47.930000,1,1,0.428571,0.777778
11.555555,17.888889,CPU1_6,12.000000,47.959999,1,1,0.444444,0.777778
11.968254,17.888889,CPU1_6,12.000000,47.980000,1,1,0.460317,0.777778
12.380953,17.888889,CPU1_6,12.000000,47.970001,1,1,0.476191,0.777778
12.793651,17.888889,background,0.000000,47.939999,0,0,0.492063,0.777778
13.206349,17.888889,Analog_12,4.000000,47.880001,1,0,0.507937,0.777778
13.619047,17.888889,Analog_12,4.000000,47.790001,1,0,0.523809,0.777778
14.031746,17.888889,Analog_12,4.000000,47.650002,1,0,0.539683,0.777778
14.444445,17.888889,Analog_12,4.000000,47.450001,1,0,0.555556,0.777778
14.857142,17.888889,Analog_12,4.000000,47.160000,1,0,0.571429,0.777778
15.269841,17.888889,Analog_12,4.000000,46.770000,1,0,0.587302,0.777778
15.682540,17.888889,Analog_12,4.000000,46.320000,1,0,0.603175,0.777778
16.095238,17.888889,background,0.000000,45.910000,0,1,0.619048,0.777778
16.507936,17.888889,background,0.000000,45.549999,0,0,0.634921,0.777778
16.920635,17.888889,background,0.000000,45.240002,0,0,0.650794,0.777778
17.333334,17.888889,background,0.000000,44.959999,0,0,0.666667,0.777778
17.746031,17.888889,background,0.000000,44.720001,0,0,0.682540,0.777778
18.158730,17.888889,background,0.000000,44.490002,0,0,0.698413,0.777778
18.571428,17.888889,background,0.000000,44.279999,0,0,0.714286,0.777778
18.984127,17.888889,background,0.000000,44.080002,0,0,0.730159,0.777778
19.396826,17.888889,background,0.000000,43.889999,0,0,0.746032,0.777778
19.809525,17.888889,background,0.000000,43.709999,0,0,0.761905,0.777778
20.222221,17.888889,background,0.000000,43.529999,0,0,0.777778,0.777778
20.634920,17.888889,background,0.000000,43.360001,0,0,0.793651,0.777778
21.047619,17.888889,background,0.000000,43.200001,0,0,0.809524,0.777778
21.460318,17.888889,background,0.000000,43.040001,0,0,0.825397,0.777778
21.873016,17.888889,background,0.000000,42.889999,0,0,0.841270,0.777778
22.285715,17.888889,background,0.000000,42.750000,0,0,0.857143,0.777778
22.698412,17.888889,background,0.000000,42.599998,0,0,0.873016,0.777778
23.111111,17.888889,background,0.000000,42.470001,0,0,0.888889,0.777778
23.523809,17.888889,background,0.000000,42.340000,0,0,0.904762,0.777778
23.936508,17.888889,background,0.000000,42.220001,0,0,0.920635,0.777778
24.349207,17.888889,background,0.000000,42.110001,0,0,0.936508,0.777778
24.761906,17.888889,background,0.000000,42.009998,0,0,0.952381,0.777778
25.174603,17.888889,background,0.000000,41.930000,0,0,0.968254,0.777778
25.587301,17.888889,background,0.000000,41.869999,0,0,0.984127,0.777778
26.000000,17.888889,background,0.000000,41.830002,0,0,1.000000,0.777778
0.000000,18.253969,background,0.000000,41.060001,0,0,0.000000,0.793651
0.412698,18.253969,background,0.000000,41.110001,0,1,0.015873,0.793651
0.825397,18.253969,Analog_17,4.000000,41.200001,1,0,0.031746,0.793651
1.238095,18.253969,Analog_17,4.000000,41.330002,1,0,0.047619,0.793651
1.650794,18.253969,Analog_17,4.000000,41.500000,1,0,0.063492,0.793651
2.063492,18.253969,Analog_17,4.000000,41.689999,1,0,0.079365,0.793651
2.476191,18.253969,Analog_17,4.000000,41.910000,1,0,0.095238,0.793651
2.888889,18.253969,Analog_17,4.000000,42.150002,1,0,0.111111,0.793651
3.301587,18.253969,Analog_17,4.000000,42.419998,1,0,0.126984,0.793651
3.714286,18.253969,Analog_11,4.000000,42.709999,1,1,0.142857,0.793651
4.126984,18.253969,CPU1_8,12.000000,43.009998,1,1,0.158730,0.793651
4.539682,18.253969,CPU1_8,12.000000,43.330002,1,1,0.174603,0.793651
4.952381,18.253969,CPU1_8,12.000000,43.660000,1,1,0.190476,0.793651
5.365079,18.253969,CPU1_8,12.000000,43.970001,1,1,0.206349,0.793651
5.777778,18.253969,CPU1_8,12.000000,44.270000,1,1,0.222222,0.793651
6.190476,18.253969,CPU1_8,12.000000,44.540001,1,1,0.238095,0.793651
6.603175,18.253969,background,0.000000,44.790001,0,1,0.253968,0.793651
7.015873,18.253969,background,0.000000,45.029999,0,0,0.269841,0.793651
7.428571,18.253969,background,0.000000,45.270000,0,0,0.285714,0.793651
7.841270,18.253969,background,0.000000,45.509998,0,0,0.301587,0.793651
8.253968,18.253969,background,0.000000,45.750000,0,0,0.317460,0.793651
8.666667,18.253969,background,0.000000,45.990002,0,0,0.333333,0.793651
9.079365,18.253969,Analog_10,4.000000,46.200001,1,1,0.349206,0.793651
9.492064,18.253969,Analog_10,4.000000,46.360001,1,1,0.365079,0.793651
9.904762,18.253969,Analog_10,4.000000,46.480000,1,1,0.380952,0.793651
10.317460,18.253969,CPU1_6,12.000000,46.580002,1,1,0.396825,0.793651
10.730159,18.253969,CPU1_6,12.000000,46.650002,1,1,0.412698,0.793651
11.142858,18.253969,CPU1_6,12.000000,46.700001,1,1,0.428571,0.793651
11.555555,18.253969,CPU1_6,12.000000,46.730000,1,1,0.444444,0.793651
11.968254,18.253969,CPU1_6,12.000000,46.750000,1,1,0.460317,0.793651
12.380953,18.253969,CPU1_6,12.000000,46.740002,1,1,0.476191,0.793651
12.793651,18.253969,background,0.000000,46.709999,0,0,0.492063,0.793651
13.206349,18.253969,Analog_12,4.000000,46.650002,1,0,0.507937,0.793651
13.619047,18.253969,Analog_12,4.000000,46.570000,1,0,0.523809,0.793651
14.031746,18.253969,Analog_12,4.000000,46.450001,1,0,0.539683,0.793651
14.444445,18.253969,Analog_12,4.000000,46.279999,1,0,0.555556,0.793651
14.857142,18.253969,Analog_12,4.000000,46.049999,1,0,0.571429,0.793651
15.269841,18.253969,Analog_12,4.000000,45.759998,1,0,0.587302,0.793651
15.682540,18.253969,Analog_12,4.000000,45.450001,1,0,0.603175,0.793651
16.095238,18.253969,background,0.000000,45.139999,0,1,0.619048,0.793651
16.507936,18.253969,background,0.000000,44.860001,0,0,0.634921,0.793651
16.920635,18.253969,background,0.000000,44.610001,0,0,0.650794,0.793651
17.333334,18.253969,background,0.000000,44.380001,0,0,0.666667,0.793651
17.746031,18.253969,background,0.000000,44.169998,0,0,0.682540,0.793651
18.158730,18.253969,background,0.000000,43.970001,0,0,0.698413,0.793651
18.571428,18.253969,background,0.000000,43.790001,0,0,0.714286,0.793651
18.984127,18.253969,background,0.000000,43.610001,0,0,0.730159,0.793651
19.396826,18.253969,background,0.000000,43.450001,0,0,0.746032,0.793651
19.809525,18.253969,background,0.000000,43.279999,0,0,0.761905,0.793651
20.222221,18.253969,background,0.000000,43.130001,0,0,0.777778,0.793651
20.634920,18.253969,background,0.000000,42.970001,0,0,0.793651,0.793651
21.047619,18.253969,background,0.000000,42.830002,0,0,0.809524,0.793651
21.460318,18.253969,background,0.000000,42.689999,0,0,0.825397,0.793651
21.873016,18.253969,background,0.000000,42.549999,0,0,0.841270,0.793651
22.285715,18.253969,background,0.000000,42.410000,0,0,0.857143,0.793651
22.698412,18.253969,background,0.000000,42.279999,0,0,0.873016,0.793651
23.111111,18.253969,background,0.000000,42.160000,0,0,0.888889,0.793651
23.523809,18.253969,background,0.000000,42.040001,0,0,0.904762,0.793651
23.936508,18.253969,background,0.000000,41.930000,0,0,0.920635,0.793651
24.349207,18.253969,background,0.000000,41.830002,0,0,0.936508,0.793651
24.761906,18.253969,background,0.000000,41.740002,0,0,0.952381,0.793651
25.174603,18.253969,background,0.000000,41.660000,0,0,0.968254,0.793651
25.587301,18.253969,background,0.000000,41.610001,0,0,0.984127,0.793651
26.000000,18.253969,background,0.000000,41.580002,0,0,1.000000,0.793651
0.000000,18.619047,background,0.000000,40.820000,0,0,0.000000,0.809524
0.412698,18.619047,background,0.000000,40.869999,0,1,0.015873,0.809524
0.825397,18.619047,Analog_17,4.000000,40.950001,1,0,0.031746,0.809524
1.238095,18.619047,Analog_17,4.000000,41.070000,1,0,0.047619,0.809524
1.650794,18.619047,Analog_17,4.000000,41.220001,1,0,0.063492,0.809524
2.063492,18.619047,Analog_17,4.000000,41.389999,1,0,0.079365,0.809524
2.476191,18.619047,Analog_17,4.000000,41.580002,1,0,0.095238,0.809524
2.888889,18.619047,Analog_17,4.000000,41.790001,1,0,0.111111,0.809524
3.301587,18.619047,Analog_17,4.000000,42.020000,1,0,0.126984,0.809524
3.714286,18.619047,background,0.000000,42.259998,0,0,0.142857,0.809524
4.126984,18.619047,CPU1_8,12.000000,42.520000,1,1,0.158730,0.809524
4.539682,18.619047,CPU1_8,12.000000,42.779999,1,0,0.174603,0.809524
4.952381,18.619047,CPU1_8,12.000000,43.049999,1,0,0.190476,0.809524
5.365079,18.619047,CPU1_8,12.000000,43.310001,1,0,0.206349,0.809524
5.777778,18.619047,CPU1_8,12.000000,43.549999,1,0,0.222222,0.809524
6.190476,18.619047,CPU1_8,12.000000,43.790001,1,0,0.238095,0.809524
6.603175,18.619047,background,0.000000,44.009998,0,1,0.253968,0.809524
7.015873,18.619047,background,0.000000,44.220001,0,0,0.269841,0.809524
7.428571,18.619047,background,0.000000,44.430000,0,0,0.285714,0.809524
7.841270,18.619047,background,0.000000,44.630001,0,0,0.301587,0.809524
8.253968,18.619047,background,0.000000,44.830002,0,0,0.317460,0.809524
8.666667,18.619047,background,0.000000,45.020000,0,0,0.333333,0.809524
9.079365,18.619047,background,0.000000,45.180000,0,0,0.349206,0.809524
9.492064,18.619047,background,0.000000,45.320000,0,0,0.365079,0.809524
9.904762,18.619047,background,0.000000,45.430000,0,1,0.380952,0.809524
10.317460,18.619047,CPU1_6,12.000000,45.520000,1,0,0.396825,0.809524
10.730159,18.619047,CPU1_6,12.000000,45.590000,1,0,0.412698,0.809524
11.142858,18.619047,CPU1_6,12.000000,45.639999,1,0,0.428571,0.809524
11.555555,18.619047,CPU1_6,12.000000,45.669998,1,0,0.444444,0.809524
11.968254,18.619047,CPU1_6,12.000000,45.680000,1,0,0.460317,0.809524
12.380953,18.619047,CPU1_6,12.000000,45.680000,1,1,0.476191,0.809524
12.793651,18.619047,background,0.000000,45.650002,0,0,0.492063,0.809524
13.206349,18.619047,Analog_12,4.000000,45.599998,1,0,0.507937,0.809524
13.619047,18.619047,Analog_12,4.000000,45.529999,1,0,0.523809,0.809524
14.031746,18.619047,Analog_12,4.000000,45.419998,1,0,0.539683,0.809524
14.444445,18.619047,Analog_12,4.000000,45.290001,1,0,0.555556,0.809524
14.857142,18.619047,Analog_12,4.000000,45.110001,1,0,0.571429,0.809524
15.269841,18.619047,Analog_12,4.000000,44.910000,1,0,0.587302,0.809524
15.682540,18.619047,Analog_12,4.000000,44.680000,1,0,0.603175,0.809524
16.095238,18.619047,background,0.000000,44.450001,0,1,0.619048,0.809524
16.507936,18.619047,background,0.000000,44.240002,0,0,0.634921,0.809524
16.920635,18.619047,background,0.000000,44.029999,0,0,0.650794,0.809524
17.333334,18.619047,background,0.000000,43.840000,0,0,0.666667,0.809524
17.746031,18.619047,background,0.000000,43.660000,0,0,0.682540,0.809524
18.158730,18.619047,background,0.000000,43.490002,0,0,0.698413,0.809524
18.571428,18.619047,background,0.000000,43.330002,0,0,0.714286,0.809524
18.984127,18.619047,background,0.000000,43.180000,0,0,0.730159,0.809524
19.396826,18.619047,background,0.000000,43.029999,0,0,0.746032,0.809524
19.809525,18.619047,background,0.000000,42.889999,0,0,0.761905,0.809524
20.222221,18.619047,background,0.000000,42.750000,0,0,0.777778,0.809524
20.634920,18.619047,background,0.000000,42.610001,0,0,0.793651,0.809524
21.047619,18.619047,background,0.000000,42.480000,0,0,0.809524,0.809524
21.460318,18.619047,background,0.000000,42.349998,0,0,0.825397,0.809524
21.873016,18.619047,background,0.000000,42.220001,0,0,0.841270,0.809524
22.285715,18.619047,background,0.000000,42.099998,0,0,0.857143,0.809524
22.698412,18.619047,background,0.000000,41.980000,0,0,0.873016,0.809524
23.111111,18.619047,background,0.000000,41.869999,0,0,0.888889,0.809524
23.523809,18.619047,background,0.000000,41.759998,0,0,0.904762,0.809524
23.936508,18.619047,background,0.000000,41.660000,0,0,0.920635,0.809524
24.349207,18.619047,background,0.000000,41.560001,0,0,0.936508,0.809524
24.761906,18.619047,background,0.000000,41.480000,0,0,0.952381,0.809524
25.174603,18.619047,background,0.000000,41.410000,0,0,0.968254,0.809524
25.587301,18.619047,background,0.000000,41.360001,0,0,0.984127,0.809524
26.000000,18.619047,background,0.000000,41.340000,0,0,1.000000,0.809524
0.000000,18.984127,background,0.000000,40.590000,0,0,0.000000,0.825397
0.412698,18.984127,background,0.000000,40.639999,0,1,0.015873,0.825397
0.825397,18.984127,Analog_17,4.000000,40.709999,1,0,0.031746,0.825397
1.238095,18.984127,Analog_17,4.000000,40.820000,1,0,0.047619,0.825397
1.650794,18.984127,Analog_17,4.000000,40.950001,1,0,0.063492,0.825397
2.063492,18.984127,Analog_17,4.000000,41.099998,1,0,0.079365,0.825397
2.476191,18.984127,Analog_17,4.000000,41.270000,1,0,0.095238,0.825397
2.888889,18.984127,Analog_17,4.000000,41.459999,1,0,0.111111,0.825397
3.301587,18.984127,Analog_17,4.000000,41.650002,1,0,0.126984,0.825397
3.714286,18.984127,background,0.000000,41.860001,0,0,0.142857,0.825397
4.126984,18.984127,CPU1_8,12.000000,42.080002,1,1,0.158730,0.825397
4.539682,18.984127,CPU1_8,12.000000,42.299999,1,0,0.174603,0.825397
4.952381,18.984127,CPU1_8,12.000000,42.520000,1,0,0.190476,0.825397
5.365079,18.984127,CPU1_8,12.000000,42.740002,1,0,0.206349,0.825397
5.777778,18.984127,CPU1_8,12.000000,42.950001,1,0,0.222222,0.825397
6.190476,18.984127,CPU1_8,12.000000,43.150002,1,0,0.238095,0.825397
6.603175,18.984127,background,0.000000,43.349998,0,1,0.253968,0.825397
7.015873,18.984127,CPU1_7,12.000000,43.529999,1,1,0.269841,0.825397
7.428571,18.984127,CPU1_7,12.000000,43.709999,1,1,0.285714,0.825397
7.841270,18.984127,CPU1_7,12.000000,43.880001,1,1,0.301587,0.825397
8.253968,18.984127,CPU1_7,12.000000,44.049999,1,1,0.317460,0.825397
8.666667,18.984127,CPU1_7,12.000000,44.200001,1,1,0.333333,0.825397
9.079365,18.984127,CPU1_7,12.000000,44.340000,1,1,0.349206,0.825397
9.492064,18.984127,CPU1_7,12.000000,44.459999,1,1,0.365079,0.825397
9.904762,18.984127,background,0.000000,44.560001,0,1,0.380952,0.825397
10.317460,18.984127,CPU1_6,12.000000,44.639999,1,0,0.396825,0.825397
10.730159,18.984127,CPU1_6,12.000000,44.700001,1,0,0.412698,0.825397
11.142858,18.984127,CPU1_6,12.000000,44.750000,1,0,0.428571,0.825397
11.555555,18.984127,CPU1_6,12.000000,44.779999,1,0,0.444444,0.825397
11.968254,18.984127,CPU1_6,12.000000,44.790001,1,0,0.460317,0.825397
12.380953,18.984127,CPU1_6,12.000000,44.779999,1,1,0.476191,0.825397
12.793651,18.984127,background,0.000000,44.759998,0,0,0.492063,0.825397
13.206349,18.984127,Analog_12,4.000000,44.720001,1,0,0.507937,0.825397
13.619047,18.984127,Analog_12,4.000000,44.660000,1,0,0.523809,0.825397
14.031746,18.984127,Analog_12,4.000000,44.580002,1,0,0.539683,0.825397
14.444445,18.984127,Analog_12,4.000000,44.470001,1,0,0.555556,0.825397
14.857142,18.984127,Analog_12,4.000000,44.330002,1,0,0.571429,0.825397
15.269841,18.984127,Analog_12,4.000000,44.180000,1,0,0.587302,0.825397
15.682540,18.984127,Analog_12,4.000000,44.009998,1,0,0.603175,0.825397
16.095238,18.984127,background,0.000000,43.840000,0,1,0.619048,0.825397
16.507936,18.984127,background,0.000000,43.669998,0,0,0.634921,0.825397
16.920635,18.984127,background,0.000000,43.509998,0,0,0.650794,0.825397
17.333334,18.984127,background,0.000000,43.349998,0,0,0.666667,0.825397
17.746031,18.984127,background,0.000000,43.200001,0,0,0.682540,0.825397
18.158730,18.984127,background,0.000000,43.049999,0,0,0.698413,0.825397
18.571428,18.984127,background,0.000000,42.910000,0,0,0.714286,0.825397
18.984127,18.984127,background,0.000000,42.779999,0,0,0.730159,0.825397
19.396826,18.984127,background,0.000000,42.650002,0,0,0.746032,0.825397
19.809525,18.984127,background,0.000000,42.520000,0,0,0.761905,0.825397
20.222221,18.984127,background,0.000000,42.389999,0,0,0.777778,0.825397
20.634920,18.984127,background,0.000000,42.270000,0,0,0.793651,0.825397
21.047619,18.984127,background,0.000000,42.150002,0,0,0.809524,0.825397
21.460318,18.984127,background,0.000000,42.029999,0,0,0.825397,0.825397
21.873016,18.984127,background,0.000000,41.919998,0,0,0.841270,0.825397
22.285715,18.984127,background,0.000000,41.810001,0,0,0.857143,0.825397
22.698412,18.984127,background,0.000000,41.700001,0,0,0.873016,0.825397
23.111111,18.984127,background,0.000000,41.590000,0,0,0.888889,0.825397
23.523809,18.984127,background,0.000000,41.490002,0,0,0.904762,0.825397
23.936508,18.984127,background,0.000000,41.400002,0,0,0.920635,0.825397
24.349207,18.984127,background,0.000000,41.310001,0,0,0.936508,0.825397
24.761906,18.984127,background,0.000000,41.240002,0,0,0.952381,0.825397
25.174603,18.984127,background,0.000000,41.180000,0,0,0.968254,0.825397
25.587301,18.984127,background,0.000000,41.130001,0,0,0.984127,0.825397
26.000000,18.984127,background,0.000000,41.110001,0,0,1.000000,0.825397
0.000000,19.349207,background,0.000000,40.380001,0,0,0.000000,0.841270
0.412698,19.349207,background,0.000000,40.410000,0,1,0.015873,0.841270
0.825397,19.349207,Analog_17,4.000000,40.480000,1,0,0.031746,0.841270
1.238095,19.349207,Analog_17,4.000000,40.580002,1,0,0.047619,0.841270
1.650794,19.349207,Analog_17,4.000000,40.700001,1,0,0.063492,0.841270
2.063492,19.349207,Analog_17,4.000000,40.830002,1,0,0.079365,0.841270
2.476191,19.349207,Analog_17,4.000000,40.980000,1,0,0.095238,0.841270
2.888889,19.349207,Analog_17,4.000000,41.150002,1,0,0.111111,0.841270
3.301587,19.349207,Analog_17,4.000000,41.320000,1,0,0.126984,0.841270
3.714286,19.349207,background,0.000000,41.500000,0,0,0.142857,0.841270
4.126984,19.349207,CPU1_8,12.000000,41.689999,1,1,0.158730,0.841270
4.539682,19.349207,CPU1_8,12.000000,41.869999,1,0,0.174603,0.841270
4.952381,19.349207,CPU1_8,12.000000,42.060001,1,0,0.190476,0.841270
5.365079,19.349207,CPU1_8,12.000000,42.250000,1,0,0.206349,0.841270
5.777778,19.349207,CPU1_8,12.000000,42.430000,1,0,0.222222,0.841270
6.190476,19.349207,CPU1_8,12.000000,42.610001,1,0,0.238095,0.841270
6.603175,19.349207,background,0.000000,42.779999,0,1,0.253968,0.841270
7.015873,19.349207,CPU1_7,12.000000,42.939999,1,1,0.269841,0.841270
7.428571,19.349207,CPU1_7,12.000000,43.099998,1,0,0.285714,0.841270
7.841270,19.349207,CPU1_7,12.000000,43.250000,1,0,0.301587,0.841270
8.253968,19.349207,CPU1_7,12.000000,43.380001,1,0,0.317460,0.841270
8.666667,19.349207,CPU1_7,12.000000,43.509998,1,0,0.333333,0.841270
9.079365,19.349207,CPU1_7,12.000000,43.630001,1,0,0.349206,0.841270
9.492064,19.349207,CPU1_7,12.000000,43.730000,1,1,0.365079,0.841270
9.904762,19.349207,background,0.000000,43.820000,0,1,0.380952,0.841270
10.317460,19.349207,CPU1_6,12.000000,43.889999,1,0,0.396825,0.841270
10.730159,19.349207,CPU1_6,12.000000,43.950001,1,0,0.412698,0.841270
11.142858,19.349207,CPU1_6,12.000000,43.990002,1,0,0.428571,0.841270
11.555555,19.349207,CPU1_6,12.000000,44.020000,1,0,0.444444,0.841270
11.968254,19.349207,CPU1_6,12.000000,44.029999,1,0,0.460317,0.841270
12.380953,19.349207,CPU1_6,12.000000,44.029999,1,1,0.476191,0.841270
12.793651,19.349207,background,0.000000,44.009998,0,0,0.492063,0.841270
13.206349,19.349207,Analog_12,4.000000,43.980000,1,1,0.507937,0.841270
13.619047,19.349207,Analog_12,4.000000,43.930000,1,1,0.523809,0.841270
14.031746,19.349207,Analog_12,4.000000,43.860001,1,1,0.539683,0.841270
14.444445,19.349207,Analog_12,4.000000,43.779999,1,1,0.555556,0.841270
14.857142,19.349207,Analog_12,4.000000,43.669998,1,1,0.571429,0.841270
15.269841,19.349207,Analog_12,4.000000,43.560001,1,1,0.587302,0.841270
15.682540,19.349207,Analog_12,4.000000,43.430000,1,1,0.603175,0.841270
16.095238,19.349207,background,0.000000,43.299999,0,1,0.619048,0.841270
16.507936,19.349207,background,0.000000,43.160000,0,0,0.634921,0.841270
16.920635,19.349207,background,0.000000,43.029999,0,0,0.650794,0.841270
17.333334,19.349207,background,0.000000,42.900002,0,0,0.666667,0.841270
17.746031,19.349207,background,0.000000,42.770000,0,0,0.682540,0.841270
18.158730,19.349207,background,0.000000,42.639999,0,0,0.698413,0.841270
18.571428,19.349207,background,0.000000,42.520000,0,0,0.714286,0.841270
18.984127,19.349207,background,0.000000,42.400002,0,0,0.730159,0.841270
19.396826,19.349207,background,0.000000,42.290001,0,0,0.746032,0.841270
19.809525,19.349207,background,0.000000,42.169998,0,0,0.761905,0.841270
20.222221,19.349207,background,0.000000,42.060001,0,0,0.777778,0.841270
20.634920,19.349207,background,0.000000,41.950001,0,0,0.793651,0.841270
21.047619,19.349207,background,0.000000,41.840000,0,0,0.809524,0.841270
21.460318,19.349207,background,0.000000,41.730000,0,0,0.825397,0.841270
21.873016,19.349207,background,0.000000,41.630001,0,0,0.841270,0.841270
22.285715,19.349207,background,0.000000,41.520000,0,0,0.857143,0.841270
22.698412,19.349207,background,0.000000,41.430000,0,0,0.873016,0.841270
23.111111,19.349207,background,0.000000,41.330002,0,0,0.888889,0.841270
23.523809,19.349207,background,0.000000,41.240002,0,0,0.904762,0.841270
23.936508,19.349207,background,0.000000,41.150002,0,0,0.920635,0.841270
24.349207,19.349207,background,0.000000,41.080002,0,0,0.936508,0.841270
24.761906,19.349207,background,0.000000,41.009998,0,0,0.952381,0.841270
25.174603,19.349207,background,0.000000,40.950001,0,0,0.968254,0.841270
25.587301,19.349207,background,0.000000,40.910000,0,0,0.984127,0.841270
26.000000,19.349207,background,0.000000,40.889999,0,0,1.000000,0.841270
0.000000,19.714285,background,0.000000,40.169998,0,0,0.000000,0.857143
0.412698,19.714285,background,0.000000,40.200001,0,1,0.015873,0.857143
0.825397,19.714285,background,0.000000,40.259998,0,1,0.031746,0.857143
1.238095,19.714285,background,0.000000,40.349998,0,1,0.047619,0.857143
1.650794,19.714285,background,0.000000,40.459999,0,1,0.063492,0.857143
2.063492,19.714285,background,0.000000,40.580002,0,1,0.079365,0.857143
2.476191,19.714285,background,0.000000,40.709999,0,1,0.095238,0.857143
2.888889,19.714285,background,0.000000,40.860001,0,1,0.111111,0.857143
3.301587,19.714285,background,0.000000,41.009998,0,1,0.126984,0.857143
3.714286,19.714285,background,0.000000,41.169998,0,0,0.142857,0.857143
4.126984,19.714285,CPU1_8,12.000000,41.330002,1,1,0.158730,0.857143
4.539682,19.714285,CPU1_8,12.000000,41.490002,1,0,0.174603,0.857143
4.952381,19.714285,CPU1_8,12.000000,41.660000,1,0,0.190476,0.857143
5.365079,19.714285,CPU1_8,12.000000,41.820000,1,0,0.206349,0.857143
5.777778,19.714285,CPU1_8,12.000000,41.980000,1,0,0.222222,0.857143
6.190476,19.714285,CPU1_8,12.000000,42.139999,1,0,0.238095,0.857143
6.603175,19.714285,background,0.000000,42.279999,0,1,0.253968,0.857143
7.015873,19.714285,CPU1_7,12.000000,42.430000,1,1,0.269841,0.857143
7.428571,19.714285,CPU1_7,12.000000,42.560001,1,0,0.285714,0.857143
7.841270,19.714285,CPU1_7,12.000000,42.689999,1,0,0.301587,0.857143
8.253968,19.714285,CPU1_7,12.000000,42.810001,1,0,0.317460,0.857143
8.666667,19.714285,CPU1_7,12.000000,42.919998,1,0,0.333333,0.857143
9.079365,19.714285,CPU1_7,12.000000,43.029999,1,0,0.349206,0.857143
9.492064,19.714285,CPU1_7,12.000000,43.110001,1,1,0.365079,0.857143
9.904762,19.714285,background,0.000000,43.189999,0,1,0.380952,0.857143
10.317460,19.714285,CPU1_6,12.000000,43.259998,1,0,0.396825,0.857143
10.730159,19.714285,CPU1_6,12.000000,43.310001,1,0,0.412698,0.857143
11.142858,19.714285,CPU1_6,12.000000,43.349998,1,0,0.428571,0.857143
11.555555,19.714285,CPU1_6,12.000000,43.369999,1,0,0.444444,0.857143
11.968254,19.714285,CPU1_6,12.000000,43.389999,1,0,0.460317,0.857143
12.380953,19.714285,CPU1_6,12.000000,43.389999,1,1,0.476191,0.857143
12.793651,19.714285,background,0.000000,43.369999,0,0,0.492063,0.857143
13.206349,19.714285,Analog_13,4.000000,43.349998,1,0,0.507937,0.857143
13.619047,19.714285,Analog_13,4.000000,43.310001,1,0,0.523809,0.857143
14.031746,19.714285,Analog_13,4.000000,43.259998,1,0,0.539683,0.857143
14.444445,19.714285,Analog_13,4.000000,43.189999,1,0,0.555556,0.857143
14.857142,19.714285,Analog_13,4.000000,43.110001,1,0,0.571429,0.857143
15.269841,19.714285,Analog_13,4.000000,43.020000,1,0,0.587302,0.857143
15.682540,19.714285,Analog_13,4.000000,42.919998,1,0,0.603175,0.857143
16.095238,19.714285,background,0.000000,42.810001,0,1,0.619048,0.857143
16.507936,19.714285,background,0.000000,42.700001,0,0,0.634921,0.857143
16.920635,19.714285,background,0.000000,42.590000,0,0,0.650794,0.857143
17.333334,19.714285,background,0.000000,42.480000,0,0,0.666667,0.857143
17.746031,19.714285,background,0.000000,42.369999,0,0,0.682540,0.857143
18.158730,19.714285,background,0.000000,42.259998,0,0,0.698413,0.857143
18.571428,19.714285,background,0.000000,42.160000,0,0,0.714286,0.857143
18.984127,19.714285,background,0.000000,42.049999,0,0,0.730159,0.857143
19.396826,19.714285,background,0.000000,41.950001,0,0,0.746032,0.857143
19.809525,19.714285,background,0.000000,41.840000,0,0,0.761905,0.857143
20.222221,19.714285,background,0.000000,41.740002,0,0,0.777778,0.857143
20.634920,19.714285,background,0.000000,41.639999,0,0,0.793651,0.857143
21.047619,19.714285,background,0.000000,41.540001,0,0,0.809524,0.857143
21.460318,19.714285,background,0.000000,41.450001,0,0,0.825397,0.857143
21.873016,19.714285,background,0.000000,41.349998,0,0,0.841270,0.857143
22.285715,19.714285,background,0.000000,41.259998,0,0,0.857143,0.857143
22.698412,19.714285,background,0.000000,41.169998,0,0,0.873016,0.857143
23.111111,19.714285,background,0.000000,41.080002,0,0,0.888889,0.857143
23.523809,19.714285,background,0.000000,41.000000,0,0,0.904762,0.857143
23.936508,19.714285,background,0.000000,40.919998,0,0,0.920635,0.857143
24.349207,19.714285,background,0.000000,40.849998,0,0,0.936508,0.857143
24.761906,19.714285,background,0.000000,40.790001,0,0,0.952381,0.857143
25.174603,19.714285,background,0.000000,40.740002,0,0,0.968254,0.857143
25.587301,19.714285,background,0.000000,40.700001,0,0,0.984127,0.857143
26.000000,19.714285,background,0.000000,40.680000,0,0,1.000000,0.857143
0.000000,20.079365,background,0.000000,39.970001,0,0,0.000000,0.873016
0.412698,20.079365,background,0.000000,40.000000,0,0,0.015873,0.873016
0.825397,20.079365,background,0.000000,40.060001,0,1,0.031746,0.873016
1.238095,20.079365,Analog_16,4.000000,40.130001,1,1,0.047619,0.873016
1.650794,20.079365,Analog_16,4.000000,40.230000,1,1,0.063492,0.873016
2.063492,20.079365,Analog_16,4.000000,40.340000,1,1,0.079365,0.873016
2.476191,20.079365,Analog_16,4.000000,40.459999,1,1,0.095238,0.873016
2.888889,20.079365,Analog_16,4.000000,40.590000,1,1,0.111111,0.873016
3.301587,20.079365,Analog_16,4.000000,40.720001,1,1,0.126984,0.873016
3.714286,20.079365,Analog_16,4.000000,40.860001,1,1,0.142857,0.873016
4.126984,20.079365,CPU1_8,12.000000,41.009998,1,1,0.158730,0.873016
4.539682,20.079365,CPU1_8,12.000000,41.150002,1,0,0.174603,0.873016
4.952381,20.079365,CPU1_8,12.000000,41.299999,1,0,0.190476,0.873016
5.365079,20.079365,CPU1_8,12.000000,41.439999,1,0,0.206349,0.873016
5.777778,20.079365,CPU1_8,12.000000,41.580002,1,0,0.222222,0.873016
6.190476,20.079365,CPU1_8,12.000000,41.720001,1,0,0.238095,0.873016
6.603175,20.079365,background,0.000000,41.849998,0,1,0.253968,0.873016
7.015873,20.079365,CPU1_7,12.000000,41.980000,1,1,0.269841,0.873016
7.428571,20.079365,CPU1_7,12.000000,42.099998,1,0,0.285714,0.873016
7.841270,20.079365,CPU1_7,12.000000,42.209999,1,0,0.301587,0.873016
8.253968,20.079365,CPU1_7,12.000000,42.310001,1,0,0.317460,0.873016
8.666667,20.079365,CPU1_7,12.000000,42.410000,1,0,0.333333,0.873016
9.079365,20.079365,CPU1_7,12.000000,42.500000,1,0,0.349206,0.873016
9.492064,20.079365,CPU1_7,12.000000,42.580002,1,1,0.365079,0.873016
9.904762,20.079365,background,0.000000,42.650002,0,1,0.380952,0.873016
10.317460,20.079365,CPU1_6,12.000000,42.709999,1,0,0.396825,0.873016
10.730159,20.079365,CPU1_6,12.000000,42.750000,1,0,0.412698,0.873016
11.142858,20.079365,CPU1_6,12.000000,42.790001,1,0,0.428571,0.873016
11.555555,20.079365,CPU1_6,12.000000,42.810001,1,0,0.444444,0.873016
11.968254,20.079365,CPU1_6,12.000000,42.830002,1,0,0.460317,0.873016
12.380953,20.079365,CPU1_6,12.000000,42.830002,1,1,0.476191,0.873016
12.793651,20.079365,background,0.000000,42.820000,0,0,0.492063,0.873016
13.206349,20.079365,Analog_13,4.000000,42.799999,1,0,0.507937,0.873016
13.619047,20.079365,Analog_13,4.000000,42.770000,1,0,0.523809,0.873016
14.031746,20.079365,Analog_13,4.000000,42.730000,1,0,0.539683,0.873016
14.444445,20.079365,Analog_13,4.000000,42.669998,1,0,0.555556,0.873016
14.857142,20.079365,Analog_13,4.000000,42.610001,1,0,0.571429,0.873016
15.269841,20.079365,Analog_13,4.000000,42.540001,1,0,0.587302,0.873016
15.682540,20.079365,Analog_13,4.000000,42.459999,1,0,0.603175,0.873016
16.095238,20.079365,background,0.000000,42.369999,0,1,0.619048,0.873016
16.507936,20.079365,background,0.000000,42.279999,0,0,0.634921,0.873016
16.920635,20.079365,background,0.000000,42.189999,0,0,0.650794,0.873016
17.333334,20.079365,background,0.000000,42.099998,0,0,0.666667,0.873016
17.746031,20.079365,background,0.000000,42.000000,0,0,0.682540,0.873016
18.158730,20.079365,background,0.000000,41.910000,0,0,0.698413,0.873016
18.571428,20.079365,background,0.000000,41.820000,0,0,0.714286,0.873016
18.984127,20.079365,background,0.000000,41.720001,0,0,0.730159,0.873016
19.396826,20.079365,background,0.000000,41.630001,0,0,0.746032,0.873016
19.809525,20.079365,background,0.000000,41.540001,0,0,0.761905,0.873016
20.222221,20.079365,background,0.000000,41.439999,0,0,0.777778,0.873016
20.634920,20.079365,background,0.000000,41.349998,0,0,0.793651,0.873016
21.047619,20.079365,background,0.000000,41.259998,0,0,0.809524,0.873016
21.460318,20.079365,background,0.000000,41.180000,0,0,0.825397,0.873016
21.873016,20.079365,background,0.000000,41.090000,0,0,0.841270,0.873016
22.285715,20.079365,background,0.000000,41.000000,0,0,0.857143,0.873016
22.698412,20.079365,background,0.000000,40.919998,0,0,0.873016,0.873016
23.111111,20.079365,background,0.000000,40.840000,0,0,0.888889,0.873016
23.523809,20.079365,background,0.000000,40.770000,0,0,0.904762,0.873016
23.936508,20.079365,background,0.000000,40.700001,0,0,0.920635,0.873016
24.349207,20.079365,background,0.000000,40.630001,0,0,0.936508,0.873016
24.761906,20.079365,background,0.000000,40.580002,0,0,0.952381,0.873016
25.174603,20.079365,background,0.000000,40.529999,0,0,0.968254,0.873016
25.587301,20.079365,background,0.000000,40.500000,0,0,0.984127,0.873016
26.000000,20.079365,background,0.000000,40.480000,0,0,1.000000,0.873016
0.000000,20.444445,background,0.000000,39.779999,0,0,0.000000,0.888889
0.412698,20.444445,background,0.000000,39.799999,0,0,0.015873,0.888889
0.825397,20.444445,background,0.000000,39.860001,0,1,0.031746,0.888889
1.238095,20.444445,Analog_16,4.000000,39.930000,1,0,0.047619,0.888889
1.650794,20.444445,Analog_16,4.000000,40.020000,1,0,0.063492,0.888889
2.063492,20.444445,Analog_16,4.000000,40.110001,1,0,0.079365,0.888889
2.476191,20.444445,Analog_16,4.000000,40.220001,1,0,0.095238,0.888889
2.888889,20.444445,Analog_16,4.000000,40.340000,1,0,0.111111,0.888889
3.301587,20.444445,Analog_16,4.000000,40.459999,1,0,0.126984,0.888889
3.714286,20.444445,Analog_16,4.000000,40.590000,1,0,0.142857,0.888889
4.126984,20.444445,CPU1_8,12.000000,40.709999,1,1,0.158730,0.888889
4.539682,20.444445,CPU1_8,12.000000,40.840000,1,0,0.174603,0.888889
4.952381,20.444445,CPU1_8,12.000000,40.970001,1,0,0.190476,0.888889
5.365079,20.444445,CPU1_8,12.000000,41.099998,1,0,0.206349,0.888889
5.777778,20.444445,CPU1_8,12.000000,41.220001,1,0,0.222222,0.888889
6.190476,20.444445,CPU1_8,12.000000,41.349998,1,0,0.238095,0.888889
6.603175,20.444445,background,0.000000,41.459999,0,1,0.253968,0.888889
7.015873,20.444445,CPU1_7,12.000000,41.580002,1,1,0.269841,0.888889
7.428571,20.444445,CPU1_7,12.000000,41.680000,1,0,0.285714,0.888889
7.841270,20.444445,CPU1_7,12.000000,41.779999,1,0,0.301587,0.888889
8.253968,20.444445,CPU1_7,12.000000,41.880001,1,0,0.317460,0.888889
8.666667,20.444445,CPU1_7,12.000000,41.959999,1,0,0.333333,0.888889
9.079365,20.444445,CPU1_7,12.000000,42.040001,1,0,0.349206,0.888889
9.492064,20.444445,CPU1_7,12.000000,42.110001,1,1,0.365079,0.888889
9.904762,20.444445,background,0.000000,42.180000,0,1,0.380952,0.888889
10.317460,20.444445,CPU1_6,12.000000,42.230000,1,0,0.396825,0.888889
10.730159,20.444445,CPU1_6,12.000000,42.270000,1,0,0.412698,0.888889
11.142858,20.444445,CPU1_6,12.000000,42.299999,1,0,0.428571,0.888889
11.555555,20.444445,CPU1_6,12.000000,42.330002,1,0,0.444444,0.888889
11.968254,20.444445,CPU1_6,12.000000,42.340000,1,0,0.460317,0.888889
12.380953,20.444445,CPU1_6,12.000000,42.349998,1,1,0.476191,0.888889
12.793651,20.444445,background,0.000000,42.340000,0,0,0.492063,0.888889
13.206349,20.444445,Analog_13,4.000000,42.330002,1,0,0.507937,0.888889
13.619047,20.444445,Analog_13,4.000000,42.299999,1,0,0.523809,0.888889
14.031746,20.444445,Analog_13,4.000000,42.270000,1,0,0.539683,0.888889
14.444445,20.444445,Analog_13,4.000000,42.220001,1,0,0.555556,0.888889
14.857142,20.444445,Analog_13,4.000000,42.169998,1,0,0.571429,0.888889
15.269841,20.444445,Analog_13,4.000000,42.110001,1,0,0.587302,0.888889
15.682540,20.444445,Analog_13,4.000000,42.049999,1,0,0.603175,0.888889
16.095238,20.444445,background,0.000000,41.980000,0,1,0.619048,0.888889
16.507936,20.444445,background,0.000000,41.900002,0,0,0.634921,0.888889
16.920635,20.444445,background,0.000000,41.820000,0,0,0.650794,0.888889
17.333334,20.444445,background,0.000000,41.740002,0,0,0.666667,0.888889
17.746031,20.444445,background,0.000000,41.660000,0,0,0.682540,0.888889
18.158730,20.444445,background,0.000000,41.580002,0,0,0.698413,0.888889
18.571428,20.444445,background,0.000000,41.500000,0,0,0.714286,0.888889
18.984127,20.444445,background,0.000000,41.410000,0,0,0.730159,0.888889
19.396826,20.444445,background,0.000000,41.330002,0,0,0.746032,0.888889
19.809525,20.444445,background,0.000000,41.250000,0,0,0.761905,0.888889
20.222221,20.444445,background,0.000000,41.160000,0,0,0.777778,0.888889
20.634920,20.444445,background,0.000000,41.080002,0,0,0.793651,0.888889
21.047619,20.444445,background,0.000000,41.000000,0,0,0.809524,0.888889
21.460318,20.444445,background,0.000000,40.919998,0,0,0.825397,0.888889
21.873016,20.444445,background,0.000000,40.840000,0,0,0.841270,0.888889
22.285715,20.444445,background,0.000000,40.759998,0,0,0.857143,0.888889
22.698412,20.444445,background,0.000000,40.689999,0,0,0.873016,0.888889
23.111111,20.444445,background,0.000000,40.610001,0,0,0.888889,0.888889
23.523809,20.444445,background,0.000000,40.540001,0,0,0.904762,0.888889
23.936508,20.444445,background,0.000000,40.480000,0,0,0.920635,0.888889
24.349207,20.444445,background,0.000000,40.419998,0,0,0.936508,0.888889
24.761906,20.444445,background,0.000000,40.369999,0,0,0.952381,0.888889
25.174603,20.444445,background,0.000000,40.330002,0,0,0.968254,0.888889
25.587301,20.444445,background,0.000000,40.299999,0,0,0.984127,0.888889
26.000000,20.444445,background,0.000000,40.279999,0,0,1.000000,0.888889
0.000000,20.809525,background,0.000000,39.599998,0,0,0.000000,0.904762
0.412698,20.809525,background,0.000000,39.619999,0,0,0.015873,0.904762
0.825397,20.809525,background,0.000000,39.669998,0,1,0.031746,0.904762
1.238095,20.809525,Analog_16,4.000000,39.740002,1,0,0.047619,0.904762
1.650794,20.809525,Analog_16,4.000000,39.810001,1,0,0.063492,0.904762
2.063492,20.809525,Analog_16,4.000000,39.900002,1,0,0.079365,0.904762
2.476191,20.809525,Analog_16,4.000000,40.000000,1,0,0.095238,0.904762
2.888889,20.809525,Analog_16,4.000000,40.110001,1,0,0.111111,0.904762
3.301587,20.809525,Analog_16,4.000000,40.220001,1,0,0.126984,0.904762
3.714286,20.809525,Analog_16,4.000000,40.330002,1,0,0.142857,0.904762
4.126984,20.809525,CPU1_8,12.000000,40.450001,1,1,0.158730,0.904762
4.539682,20.809525,CPU1_8,12.000000,40.560001,1,1,0.174603,0.904762
4.952381,20.809525,CPU1_8,12.000000,40.680000,1,1,0.190476,0.904762
5.365079,20.809525,CPU1_8,12.000000,40.790001,1,1,0.206349,0.904762
5.777778,20.809525,CPU1_8,12.000000,40.910000,1,1,0.222222,0.904762
6.190476,20.809525,CPU1_8,12.000000,41.009998,1,1,0.238095,0.904762
6.603175,20.809525,background,0.000000,41.119999,0,1,0.253968,0.904762
7.015873,20.809525,CPU1_7,12.000000,41.220001,1,1,0.269841,0.904762
7.428571,20.809525,CPU1_7,12.000000,41.320000,1,0,0.285714,0.904762
7.841270,20.809525,CPU1_7,12.000000,41.410000,1,0,0.301587,0.904762
8.253968,20.809525,CPU1_7,12.000000,41.490002,1,0,0.317460,0.904762
8.666667,20.809525,CPU1_7,12.000000,41.570000,1,0,0.333333,0.904762
9.079365,20.809525,CPU1_7,12.000000,41.639999,1,0,0.349206,0.904762
9.492064,20.809525,CPU1_7,12.000000,41.709999,1,1,0.365079,0.904762
9.904762,20.809525,background,0.000000,41.759998,0,1,0.380952,0.904762
10.317460,20.809525,CPU1_6,12.000000,41.810001,1,1,0.396825,0.904762
10.730159,20.809525,CPU1_6,12.000000,41.849998,1,1,0.412698,0.904762
11.142858,20.809525,CPU1_6,12.000000,41.880001,1,1,0.428571,0.904762
11.555555,20.809525,CPU1_6,12.000000,41.900002,1,1,0.444444,0.904762
11.968254,20.809525,CPU1_6,12.000000,41.919998,1,1,0.460317,0.904762
12.380953,20.809525,CPU1_6,12.000000,41.919998,1,1,0.476191,0.904762
12.793651,20.809525,background,0.000000,41.919998,0,0,0.492063,0.904762
13.206349,20.809525,Analog_13,4.000000,41.910000,1,0,0.507937,0.904762
13.619047,20.809525,Analog_13,4.000000,41.889999,1,0,0.523809,0.904762
14.031746,20.809525,Analog_13,4.000000,41.860001,1,0,0.539683,0.904762
14.444445,20.809525,Analog_13,4.000000,41.820000,1,0,0.555556,0.904762
14.857142,20.809525,Analog_13,4.000000,41.779999,1,0,0.571429,0.904762
15.269841,20.809525,Analog_13,4.000000,41.730000,1,0,0.587302,0.904762
15.682540,20.809525,Analog_13,4.000000,41.680000,1,0,0.603175,0.904762
16.095238,20.809525,background,0.000000,41.619999,0,1,0.619048,0.904762
16.507936,20.809525,background,0.000000,41.549999,0,0,0.634921,0.904762
16.920635,20.809525,background,0.000000,41.490002,0,0,0.650794,0.904762
17.333334,20.809525,background,0.000000,41.419998,0,0,0.666667,0.904762
17.746031,20.809525,background,0.000000,41.349998,0,0,0.682540,0.904762
18.158730,20.809525,background,0.000000,41.270000,0,0,0.698413,0.904762
18.571428,20.809525,background,0.000000,41.200001,0,0,0.714286,0.904762
18.984127,20.809525,background,0.000000,41.130001,0,0,0.730159,0.904762
19.396826,20.809525,background,0.000000,41.049999,0,0,0.746032,0.904762
19.809525,20.809525,background,0.000000,40.980000,0,0,0.761905,0.904762
20.222221,20.809525,background,0.000000,40.900002,0,0,0.777778,0.904762
20.634920,20.809525,background,0.000000,40.820000,0,0,0.793651,0.904762
21.047619,20.809525,background,0.000000,40.750000,0,0,0.809524,0.904762
21.460318,20.809525,background,0.000000,40.680000,0,0,0.825397,0.904762
21.873016,20.809525,background,0.000000,40.599998,0,0,0.841270,0.904762
22.285715,20.809525,background,0.000000,40.529999,0,0,0.857143,0.904762
22.698412,20.809525,background,0.000000,40.459999,0,0,0.873016,0.904762
23.111111,20.809525,background,0.000000,40.400002,0,0,0.888889,0.904762
23.523809,20.809525,background,0.000000,40.340000,0,0,0.904762,0.904762
23.936508,20.809525,background,0.000000,40.279999,0,0,0.920635,0.904762
24.349207,20.809525,background,0.000000,40.230000,0,0,0.936508,0.904762
24.761906,20.809525,background,0.000000,40.180000,0,0,0.952381,0.904762
25.174603,20.809525,background,0.000000,40.139999,0,0,0.968254,0.904762
25.587301,20.809525,background,0.000000,40.119999,0,0,0.984127,0.904762
26.000000,20.809525,background,0.000000,40.099998,0,0,1.000000,0.904762
0.000000,21.174603,background,0.000000,39.430000,0,0,0.000000,0.920635
0.412698,21.174603,background,0.000000,39.450001,0,0,0.015873,0.920635
0.825397,21.174603,background,0.000000,39.500000,0,1,0.031746,0.920635
1.238095,21.174603,Analog_16,4.000000,39.560001,1,0,0.047619,0.920635
1.650794,21.174603,Analog_16,4.000000,39.630001,1,0,0.063492,0.920635
2.063492,21.174603,Analog_16,4.000000,39.709999,1,0,0.079365,0.920635
2.476191,21.174603,Analog_16,4.000000,39.799999,1,0,0.095238,0.920635
2.888889,21.174603,Analog_16,4.000000,39.900002,1,0,0.111111,0.920635
3.301587,21.174603,Analog_16,4.000000,40.000000,1,0,0.126984,0.920635
3.714286,21.174603,Analog_16,4.000000,40.099998,1,0,0.142857,0.920635
4.126984,21.174603,CPU1_8,12.000000,40.209999,1,1,0.158730,0.920635
4.539682,21.174603,CPU1_8,12.000000,40.310001,1,1,0.174603,0.920635
4.952381,21.174603,CPU1_8,12.000000,40.419998,1,1,0.190476,0.920635
5.365079,21.174603,CPU1_8,12.000000,40.520000,1,1,0.206349,0.920635
5.777778,21.174603,CPU1_8,12.000000,40.619999,1,1,0.222222,0.920635
6.190476,21.174603,CPU1_8,12.000000,40.720001,1,1,0.238095,0.920635
6.603175,21.174603,Analog_15,4.000000,40.820000,1,1,0.253968,0.920635
7.015873,21.174603,CPU1_7,12.000000,40.910000,1,1,0.269841,0.920635
7.428571,21.174603,CPU1_7,12.000000,40.990002,1,0,0.285714,0.920635
7.841270,21.174603,CPU1_7,12.000000,41.080002,1,0,0.301587,0.920635
8.253968,21.174603,CPU1_7,12.000000,41.150002,1,0,0.317460,0.920635
8.666667,21.174603,CPU1_7,12.000000,41.220001,1,0,0.333333,0.920635
9.079365,21.174603,CPU1_7,12.000000,41.290001,1,0,0.349206,0.920635
9.492064,21.174603,CPU1_7,12.000000,41.349998,1,1,0.365079,0.920635
9.904762,21.174603,Analog_14,4.000000,41.400002,1,1,0.380952,0.920635
10.317460,21.174603,CPU1_6,12.000000,41.439999,1,1,0.396825,0.920635
10.730159,21.174603,CPU1_6,12.000000,41.480000,1,1,0.412698,0.920635
11.142858,21.174603,CPU1_6,12.000000,41.509998,1,1,0.428571,0.920635
11.555555,21.174603,CPU1_6,12.000000,41.529999,1,1,0.444444,0.920635
11.968254,21.174603,CPU1_6,12.000000,41.540001,1,1,0.460317,0.920635
12.380953,21.174603,CPU1_6,12.000000,41.549999,1,1,0.476191,0.920635
12.793651,21.174603,background,0.000000,41.549999,0,0,0.492063,0.920635
13.206349,21.174603,Analog_13,4.000000,41.540001,1,0,0.507937,0.920635
13.619047,21.174603,Analog_13,4.000000,41.520000,1,0,0.523809,0.920635
14.031746,21.174603,Analog_13,4.000000,41.500000,1,0,0.539683,0.920635
14.444445,21.174603,Analog_13,4.000000,41.470001,1,0,0.555556,0.920635
14.857142,21.174603,Analog_13,4.000000,41.439999,1,0,0.571429,0.920635
15.269841,21.174603,Analog_13,4.000000,41.400002,1,0,0.587302,0.920635
15.682540,21.174603,Analog_13,4.000000,41.349998,1,0,0.603175,0.920635
16.095238,21.174603,background,0.000000,41.299999,0,1,0.619048,0.920635
16.507936,21.174603,background,0.000000,41.240002,0,0,0.634921,0.920635
16.920635,21.174603,background,0.000000,41.180000,0,0,0.650794,0.920635
17.333334,21.174603,background,0.000000,41.119999,0,0,0.666667,0.920635
17.746031,21.174603,background,0.000000,41.060001,0,0,0.682540,0.920635
18.158730,21.174603,background,0.000000,41.000000,0,0,0.698413,0.920635
18.571428,21.174603,background,0.000000,40.930000,0,0,0.714286,0.920635
18.984127,21.174603,background,0.000000,40.860001,0,0,0.730159,0.920635
19.396826,21.174603,background,0.000000,40.790001,0,0,0.746032,0.920635
19.809525,21.174603,background,0.000000,40.720001,0,0,0.761905,0.920635
20.222221,21.174603,background,0.000000,40.660000,0,0,0.777778,0.920635
20.634920,21.174603,background,0.000000,40.590000,0,0,0.793651,0.920635
21.047619,21.174603,background,0.000000,40.520000,0,0,0.809524,0.920635
21.460318,21.174603,background,0.000000,40.450001,0,0,0.825397,0.920635
21.873016,21.174603,background,0.000000,40.380001,0,0,0.841270,0.920635
22.285715,21.174603,background,0.000000,40.320000,0,0,0.857143,0.920635
22.698412,21.174603,background,0.000000,40.259998,0,0,0.873016,0.920635
23.111111,21.174603,background,0.000000,40.200001,0,0,0.888889,0.920635
23.523809,21.174603,background,0.000000,40.139999,0,0,0.904762,0.920635
23.936508,21.174603,background,0.000000,40.090000,0,0,0.920635,0.920635
24.349207,21.174603,background,0.000000,40.040001,0,0,0.936508,0.920635
24.761906,21.174603,background,0.000000,40.000000,0,0,0.952381,0.920635
25.174603,21.174603,background,0.000000,39.970001,0,0,0.968254,0.920635
25.587301,21.174603,background,0.000000,39.939999,0,0,0.984127,0.920635
26.000000,21.174603,background,0.000000,39.930000,0,0,1.000000,0.920635
0.000000,21.539682,background,0.000000,39.279999,0,0,0.000000,0.936508
0.412698,21.539682,background,0.000000,39.299999,0,0,0.015873,0.936508
0.825397,21.539682,background,0.000000,39.340000,0,1,0.031746,0.936508
1.238095,21.539682,Analog_16,4.000000,39.389999,1,0,0.047619,0.936508
1.650794,21.539682,Analog_16,4.000000,39.459999,1,0,0.063492,0.936508
2.063492,21.539682,Analog_16,4.000000,39.540001,1,0,0.079365,0.936508
2.476191,21.539682,Analog_16,4.000000,39.619999,1,0,0.095238,0.936508
2.888889,21.539682,Analog_16,4.000000,39.709999,1,0,0.111111,0.936508
3.301587,21.539682,Analog_16,4.000000,39.799999,1,0,0.126984,0.936508
3.714286,21.539682,Analog_16,4.000000,39.889999,1,0,0.142857,0.936508
4.126984,21.539682,Analog_15,4.000000,39.990002,1,1,0.158730,0.936508
4.539682,21.539682,Analog_15,4.000000,40.090000,1,0,0.174603,0.936508
4.952381,21.539682,Analog_15,4.000000,40.180000,1,0,0.190476,0.936508
5.365079,21.539682,Analog_15,4.000000,40.279999,1,0,0.206349,0.936508
5.777778,21.539682,Analog_15,4.000000,40.369999,1,0,0.222222,0.936508
6.190476,21.539682,Analog_15,4.000000,40.459999,1,0,0.238095,0.936508
6.603175,21.539682,Analog_15,4.000000,40.549999,1,0,0.253968,0.936508
7.015873,21.539682,CPU1_7,12.000000,40.630001,1,1,0.269841,0.936508
7.428571,21.539682,CPU1_7,12.000000,40.709999,1,0,0.285714,0.936508
7.841270,21.539682,CPU1_7,12.000000,40.790001,1,0,0.301587,0.936508
8.253968,21.539682,CPU1_7,12.000000,40.860001,1,0,0.317460,0.936508
8.666667,21.539682,CPU1_7,12.000000,40.919998,1,0,0.333333,0.936508
9.079365,21.539682,CPU1_7,12.000000,40.980000,1,0,0.349206,0.936508
9.492064,21.539682,CPU1_7,12.000000,41.040001,1,1,0.365079,0.936508
9.904762,21.539682,Analog_14,4.000000,41.080002,1,0,0.380952,0.936508
10.317460,21.539682,Analog_14,4.000000,41.119999,1,0,0.396825,0.936508
10.730159,21.539682,Analog_14,4.000000,41.160000,1,0,0.412698,0.936508
11.142858,21.539682,Analog_14,4.000000,41.189999,1,0,0.428571,0.936508
11.555555,21.539682,Analog_14,4.000000,41.209999,1,0,0.444444,0.936508
11.968254,21.539682,Analog_14,4.000000,41.220001,1,0,0.460317,0.936508
12.380953,21.539682,Analog_14,4.000000,41.230000,1,1,0.476191,0.936508
12.793651,21.539682,background,0.000000,41.230000,0,0,0.492063,0.936508
13.206349,21.539682,background,0.000000,41.220001,0,1,0.507937,0.936508
13.619047,21.539682,background,0.000000,41.209999,0,1,0.523809,0.936508
14.031746,21.539682,background,0.000000,41.189999,0,1,0.539683,0.936508
14.444445,21.539682,background,0.000000,41.160000,0,1,0.555556,0.936508
14.857142,21.539682,background,0.000000,41.130001,0,1,0.571429,0.936508
15.269841,21.539682,background,0.000000,41.099998,0,1,0.587302,0.936508
15.682540,21.539682,background,0.000000,41.060001,0,1,0.603175,0.936508
16.095238,21.539682,background,0.000000,41.009998,0,1,0.619048,0.936508
16.507936,21.539682,background,0.000000,40.959999,0,0,0.634921,0.936508
16.920635,21.539682,background,0.000000,40.910000,0,0,0.650794,0.936508
17.333334,21.539682,background,0.000000,40.860001,0,0,0.666667,0.936508
17.746031,21.539682,background,0.000000,40.799999,0,0,0.682540,0.936508
18.158730,21.539682,background,0.000000,40.740002,0,0,0.698413,0.936508
18.571428,21.539682,background,0.000000,40.680000,0,0,0.714286,0.936508
18.984127,21.539682,background,0.000000,40.619999,0,0,0.730159,0.936508
19.396826,21.539682,background,0.000000,40.560001,0,0,0.746032,0.936508
19.809525,21.539682,background,0.000000,40.500000,0,0,0.761905,0.936508
20.222221,21.539682,background,0.000000,40.430000,0,0,0.777778,0.936508
20.634920,21.539682,background,0.000000,40.369999,0,0,0.793651,0.936508
21.047619,21.539682,background,0.000000,40.310001,0,0,0.809524,0.936508
21.460318,21.539682,background,0.000000,40.240002,0,0,0.825397,0.936508
21.873016,21.539682,background,0.000000,40.180000,0,0,0.841270,0.936508
22.285715,21.539682,background,0.000000,40.119999,0,0,0.857143,0.936508
22.698412,21.539682,background,0.000000,40.070000,0,0,0.873016,0.936508
23.111111,21.539682,background,0.000000,40.009998,0,0,0.888889,0.936508
23.523809,21.539682,background,0.000000,39.959999,0,0,0.904762,0.936508
23.936508,21.539682,background,0.000000,39.910000,0,0,0.920635,0.936508
24.349207,21.539682,background,0.000000,39.869999,0,0,0.936508,0.936508
24.761906,21.539682,background,0.000000,39.830002,0,0,0.952381,0.936508
25.174603,21.539682,background,0.000000,39.799999,0,0,0.968254,0.936508
25.587301,21.539682,background,0.000000,39.779999,0,0,0.984127,0.936508
26.000000,21.539682,background,0.000000,39.770000,0,0,1.000000,0.936508
0.000000,21.904762,background,0.000000,39.139999,0,0,0.000000,0.952381
0.412698,21.904762,background,0.000000,39.160000,0,0,0.015873,0.952381
0.825397,21.904762,background,0.000000,39.200001,0,1,0.031746,0.952381
1.238095,21.904762,Analog_16,4.000000,39.250000,1,1,0.047619,0.952381
1.650794,21.904762,Analog_16,4.000000,39.310001,1,1,0.063492,0.952381
2.063492,21.904762,Analog_16,4.000000,39.380001,1,1,0.079365,0.952381
2.476191,21.904762,Analog_16,4.000000,39.459999,1,1,0.095238,0.952381
2.888889,21.904762,Analog_16,4.000000,39.540001,1,1,0.111111,0.952381
3.301587,21.904762,Analog_16,4.000000,39.630001,1,1,0.126984,0.952381
3.714286,21.904762,Analog_16,4.000000,39.709999,1,1,0.142857,0.952381
4.126984,21.904762,Analog_15,4.000000,39.799999,1,1,0.158730,0.952381
4.539682,21.904762,Analog_15,4.000000,39.889999,1,0,0.174603,0.952381
4.952381,21.904762,Analog_15,4.000000,39.980000,1,0,0.190476,0.952381
5.365079,21.904762,Analog_15,4.000000,40.070000,1,0,0.206349,0.952381
5.777778,21.904762,Analog_15,4.000000,40.150002,1,0,0.222222,0.952381
6.190476,21.904762,Analog_15,4.000000,40.240002,1,0,0.238095,0.952381
6.603175,21.904762,Analog_15,4.000000,40.320000,1,0,0.253968,0.952381
7.015873,21.904762,CPU1_7,12.000000,40.400002,1,1,0.269841,0.952381
7.428571,21.904762,CPU1_7,12.000000,40.470001,1,0,0.285714,0.952381
7.841270,21.904762,CPU1_7,12.000000,40.540001,1,0,0.301587,0.952381
8.253968,21.904762,CPU1_7,12.000000,40.610001,1,0,0.317460,0.952381
8.666667,21.904762,CPU1_7,12.000000,40.669998,1,0,0.333333,0.952381
9.079365,21.904762,CPU1_7,12.000000,40.720001,1,0,0.349206,0.952381
9.492064,21.904762,CPU1_7,12.000000,40.770000,1,1,0.365079,0.952381
9.904762,21.904762,Analog_14,4.000000,40.820000,1,0,0.380952,0.952381
10.317460,21.904762,Analog_14,4.000000,40.849998,1,0,0.396825,0.952381
10.730159,21.904762,Analog_14,4.000000,40.889999,1,0,0.412698,0.952381
11.142858,21.904762,Analog_14,4.000000,40.910000,1,0,0.428571,0.952381
11.555555,21.904762,Analog_14,4.000000,40.930000,1,0,0.444444,0.952381
11.968254,21.904762,Analog_14,4.000000,40.950001,1,0,0.460317,0.952381
12.380953,21.904762,Analog_14,4.000000,40.950001,1,1,0.476191,0.952381
12.793651,21.904762,background,0.000000,40.950001,0,0,0.492063,0.952381
13.206349,21.904762,background,0.000000,40.950001,0,0,0.507937,0.952381
13.619047,21.904762,background,0.000000,40.939999,0,0,0.523809,0.952381
14.031746,21.904762,background,0.000000,40.919998,0,0,0.539683,0.952381
14.444445,21.904762,background,0.000000,40.900002,0,0,0.555556,0.952381
14.857142,21.904762,background,0.000000,40.880001,0,0,0.571429,0.952381
15.269841,21.904762,background,0.000000,40.840000,0,0,0.587302,0.952381
15.682540,21.904762,background,0.000000,40.810001,0,0,0.603175,0.952381
16.095238,21.904762,background,0.000000,40.770000,0,0,0.619048,0.952381
16.507936,21.904762,background,0.000000,40.720001,0,0,0.634921,0.952381
16.920635,21.904762,background,0.000000,40.680000,0,0,0.650794,0.952381
17.333334,21.904762,background,0.000000,40.630001,0,0,0.666667,0.952381
17.746031,21.904762,background,0.000000,40.580002,0,0,0.682540,0.952381
18.158730,21.904762,background,0.000000,40.520000,0,0,0.698413,0.952381
18.571428,21.904762,background,0.000000,40.470001,0,0,0.714286,0.952381
18.984127,21.904762,background,0.000000,40.410000,0,0,0.730159,0.952381
19.396826,21.904762,background,0.000000,40.349998,0,0,0.746032,0.952381
19.809525,21.904762,background,0.000000,40.299999,0,0,0.761905,0.952381
20.222221,21.904762,background,0.000000,40.240002,0,0,0.777778,0.952381
20.634920,21.904762,background,0.000000,40.180000,0,0,0.793651,0.952381
21.047619,21.904762,background,0.000000,40.119999,0,0,0.809524,0.952381
21.460318,21.904762,background,0.000000,40.060001,0,0,0.825397,0.952381
21.873016,21.904762,background,0.000000,40.009998,0,0,0.841270,0.952381
22.285715,21.904762,background,0.000000,39.950001,0,0,0.857143,0.952381
22.698412,21.904762,background,0.000000,39.900002,0,0,0.873016,0.952381
23.111111,21.904762,background,0.000000,39.849998,0,0,0.888889,0.952381
23.523809,21.904762,background,0.000000,39.799999,0,0,0.904762,0.952381
23.936508,21.904762,background,0.000000,39.759998,0,0,0.920635,0.952381
24.349207,21.904762,background,0.000000,39.720001,0,0,0.936508,0.952381
24.761906,21.904762,background,0.000000,39.680000,0,0,0.952381,0.952381
25.174603,21.904762,background,0.000000,39.660000,0,0,0.968254,0.952381
25.587301,21.904762,background,0.000000,39.639999,0,0,0.984127,0.952381
26.000000,21.904762,background,0.000000,39.630001,0,0,1.000000,0.952381
0.000000,22.269842,background,0.000000,39.029999,0,0,0.000000,0.968254
0.412698,22.269842,background,0.000000,39.049999,0,0,0.015873,0.968254
0.825397,22.269842,background,0.000000,39.080002,0,0,0.031746,0.968254
1.238095,22.269842,background,0.000000,39.130001,0,0,0.047619,0.968254
1.650794,22.269842,background,0.000000,39.189999,0,0,0.063492,0.968254
2.063492,22.269842,background,0.000000,39.250000,0,0,0.079365,0.968254
2.476191,22.269842,background,0.000000,39.330002,0,0,0.095238,0.968254
2.888889,22.269842,background,0.000000,39.400002,0,0,0.111111,0.968254
3.301587,22.269842,background,0.000000,39.480000,0,0,0.126984,0.968254
3.714286,22.269842,background,0.000000,39.570000,0,0,0.142857,0.968254
4.126984,22.269842,Analog_15,4.000000,39.650002,1,1,0.158730,0.968254
4.539682,22.269842,Analog_15,4.000000,39.730000,1,0,0.174603,0.968254
4.952381,22.269842,Analog_15,4.000000,39.820000,1,0,0.190476,0.968254
5.365079,22.269842,Analog_15,4.000000,39.900002,1,0,0.206349,0.968254
5.777778,22.269842,Analog_15,4.000000,39.980000,1,0,0.222222,0.968254
6.190476,22.269842,Analog_15,4.000000,40.060001,1,0,0.238095,0.968254
6.603175,22.269842,Analog_15,4.000000,40.130001,1,0,0.253968,0.968254
7.015873,22.269842,CPU1_7,12.000000,40.209999,1,1,0.269841,0.968254
7.428571,22.269842,CPU1_7,12.000000,40.279999,1,0,0.285714,0.968254
7.841270,22.269842,CPU1_7,12.000000,40.340000,1,0,0.301587,0.968254
8.253968,22.269842,CPU1_7,12.000000,40.400002,1,0,0.317460,0.968254
8.666667,22.269842,CPU1_7,12.000000,40.459999,1,0,0.333333,0.968254
9.079365,22.269842,CPU1_7,12.000000,40.509998,1,0,0.349206,0.968254
9.492064,22.269842,CPU1_7,12.000000,40.560001,1,1,0.365079,0.968254
9.904762,22.269842,Analog_14,4.000000,40.599998,1,0,0.380952,0.968254
10.317460,22.269842,Analog_14,4.000000,40.639999,1,0,0.396825,0.968254
10.730159,22.269842,Analog_14,4.000000,40.669998,1,0,0.412698,0.968254
11.142858,22.269842,Analog_14,4.000000,40.689999,1,0,0.428571,0.968254
11.555555,22.269842,Analog_14,4.000000,40.709999,1,0,0.444444,0.968254
11.968254,22.269842,Analog_14,4.000000,40.720001,1,0,0.460317,0.968254
12.380953,22.269842,Analog_14,4.000000,40.730000,1,1,0.476191,0.968254
12.793651,22.269842,background,0.000000,40.730000,0,0,0.492063,0.968254
13.206349,22.269842,background,0.000000,40.730000,0,0,0.507937,0.968254
13.619047,22.269842,background,0.000000,40.720001,0,0,0.523809,0.968254
14.031746,22.269842,background,0.000000,40.709999,0,0,0.539683,0.968254
14.444445,22.269842,background,0.000000,40.689999,0,0,0.555556,0.968254
14.857142,22.269842,background,0.000000,40.669998,0,0,0.571429,0.968254
15.269841,22.269842,background,0.000000,40.639999,0,0,0.587302,0.968254
15.682540,22.269842,background,0.000000,40.599998,0,0,0.603175,0.968254
16.095238,22.269842,background,0.000000,40.570000,0,0,0.619048,0.968254
16.507936,22.269842,background,0.000000,40.529999,0,0,0.634921,0.968254
16.920635,22.269842,background,0.000000,40.490002,0,0,0.650794,0.968254
17.333334,22.269842,background,0.000000,40.439999,0,0,0.666667,0.968254
17.746031,22.269842,background,0.000000,40.389999,0,0,0.682540,0.968254
18.158730,22.269842,background,0.000000,40.340000,0,0,0.698413,0.968254
18.571428,22.269842,background,0.000000,40.290001,0,0,0.714286,0.968254
18.984127,22.269842,background,0.000000,40.240002,0,0,0.730159,0.968254
19.396826,22.269842,background,0.000000,40.180000,0,0,0.746032,0.968254
19.809525,22.269842,background,0.000000,40.130001,0,0,0.761905,0.968254
20.222221,22.269842,background,0.000000,40.080002,0,0,0.777778,0.968254
20.634920,22.269842,background,0.000000,40.020000,0,0,0.793651,0.968254
21.047619,22.269842,background,0.000000,39.959999,0,0,0.809524,0.968254
21.460318,22.269842,background,0.000000,39.910000,0,0,0.825397,0.968254
21.873016,22.269842,background,0.000000,39.860001,0,0,0.841270,0.968254
22.285715,22.269842,background,0.000000,39.810001,0,0,0.857143,0.968254
22.698412,22.269842,background,0.000000,39.759998,0,0,0.873016,0.968254
23.111111,22.269842,background,0.000000,39.709999,0,0,0.888889,0.968254
23.523809,22.269842,background,0.000000,39.660000,0,0,0.904762,0.968254
23.936508,22.269842,background,0.000000,39.619999,0,0,0.920635,0.968254
24.349207,22.269842,background,0.000000,39.590000,0,0,0.936508,0.968254
24.761906,22.269842,background,0.000000,39.560001,0,0,0.952381,0.968254
25.174603,22.269842,background,0.000000,39.540001,0,0,0.968254,0.968254
25.587301,22.269842,background,0.000000,39.520000,0,0,0.984127,0.968254
26.000000,22.269842,background,0.000000,39.509998,0,0,1.000000,0.968254
0.000000,22.634920,background,0.000000,38.950001,0,0,0.000000,0.984127
0.412698,22.634920,background,0.000000,38.970001,0,0,0.015873,0.984127
0.825397,22.634920,background,0.000000,39.000000,0,0,0.031746,0.984127
1.238095,22.634920,background,0.000000,39.040001,0,0,0.047619,0.984127
1.650794,22.634920,background,0.000000,39.099998,0,0,0.063492,0.984127
2.063492,22.634920,background,0.000000,39.160000,0,0,0.079365,0.984127
2.476191,22.634920,background,0.000000,39.230000,0,0,0.095238,0.984127
2.888889,22.634920,background,0.000000,39.299999,0,0,0.111111,0.984127
3.301587,22.634920,background,0.000000,39.380001,0,0,0.126984,0.984127
3.714286,22.634920,background,0.000000,39.459999,0,0,0.142857,0.984127
4.126984,22.634920,Analog_15,4.000000,39.540001,1,1,0.158730,0.984127
4.539682,22.634920,Analog_15,4.000000,39.619999,1,0,0.174603,0.984127
4.952381,22.634920,Analog_15,4.000000,39.700001,1,0,0.190476,0.984127
5.365079,22.634920,Analog_15,4.000000,39.770000,1,0,0.206349,0.984127
5.777778,22.634920,Analog_15,4.000000,39.849998,1,0,0.222222,0.984127
6.190476,22.634920,Analog_15,4.000000,39.930000,1,0,0.238095,0.984127
6.603175,22.634920,Analog_15,4.000000,40.000000,1,0,0.253968,0.984127
7.015873,22.634920,background,0.000000,40.070000,0,1,0.269841,0.984127
7.428571,22.634920,background,0.000000,40.139999,0,1,0.285714,0.984127
7.841270,22.634920,background,0.000000,40.200001,0,1,0.301587,0.984127
8.253968,22.634920,background,0.000000,40.259998,0,1,0.317460,0.984127
8.666667,22.634920,background,0.000000,40.310001,0,1,0.333333,0.984127
9.079365,22.634920,background,0.000000,40.360001,0,1,0.349206,0.984127
9.492064,22.634920,background,0.000000,40.410000,0,1,0.365079,0.984127
9.904762,22.634920,Analog_14,4.000000,40.439999,1,0,0.380952,0.984127
10.317460,22.634920,Analog_14,4.000000,40.480000,1,0,0.396825,0.984127
10.730159,22.634920,Analog_14,4.000000,40.509998,1,0,0.412698,0.984127
11.142858,22.634920,Analog_14,4.000000,40.529999,1,0,0.428571,0.984127
11.555555,22.634920,Analog_14,4.000000,40.549999,1,0,0.444444,0.984127
11.968254,22.634920,Analog_14,4.000000,40.560001,1,0,0.460317,0.984127
12.380953,22.634920,Analog_14,4.000000,40.570000,1,1,0.476191,0.984127
12.793651,22.634920,background,0.000000,40.580002,0,0,0.492063,0.984127
13.206349,22.634920,background,0.000000,40.570000,0,0,0.507937,0.984127
13.619047,22.634920,background,0.000000,40.560001,0,0,0.523809,0.984127
14.031746,22.634920,background,0.000000,40.549999,0,0,0.539683,0.984127
14.444445,22.634920,background,0.000000,40.529999,0,0,0.555556,0.984127
14.857142,22.634920,background,0.000000,40.509998,0,0,0.571429,0.984127
15.269841,22.634920,background,0.000000,40.490002,0,0,0.587302,0.984127
15.682540,22.634920,background,0.000000,40.459999,0,0,0.603175,0.984127
16.095238,22.634920,background,0.000000,40.419998,0,0,0.619048,0.984127
16.507936,22.634920,background,0.000000,40.380001,0,0,0.634921,0.984127
16.920635,22.634920,background,0.000000,40.340000,0,0,0.650794,0.984127
17.333334,22.634920,background,0.000000,40.299999,0,0,0.666667,0.984127
17.746031,22.634920,background,0.000000,40.259998,0,0,0.682540,0.984127
18.158730,22.634920,background,0.000000,40.209999,0,0,0.698413,0.984127
18.571428,22.634920,background,0.000000,40.160000,0,0,0.714286,0.984127
18.984127,22.634920,background,0.000000,40.110001,0,0,0.730159,0.984127
19.396826,22.634920,background,0.000000,40.060001,0,0,0.746032,0.984127
19.809525,22.634920,background,0.000000,40.009998,0,0,0.761905,0.984127
20.222221,22.634920,background,0.000000,39.950001,0,0,0.777778,0.984127
20.634920,22.634920,background,0.000000,39.900002,0,0,0.793651,0.984127
21.047619,22.634920,background,0.000000,39.849998,0,0,0.809524,0.984127
21.460318,22.634920,background,0.000000,39.799999,0,0,0.825397,0.984127
21.873016,22.634920,background,0.000000,39.750000,0,0,0.841270,0.984127
22.285715,22.634920,background,0.000000,39.700001,0,0,0.857143,0.984127
22.698412,22.634920,background,0.000000,39.650002,0,0,0.873016,0.984127
23.111111,22.634920,background,0.000000,39.610001,0,0,0.888889,0.984127
23.523809,22.634920,background,0.000000,39.560001,0,0,0.904762,0.984127
23.936508,22.634920,background,0.000000,39.529999,0,0,0.920635,0.984127
24.349207,22.634920,background,0.000000,39.490002,0,0,0.936508,0.984127
24.761906,22.634920,background,0.000000,39.470001,0,0,0.952381,0.984127
25.174603,22.634920,background,0.000000,39.439999,0,0,0.968254,0.984127
25.587301,22.634920,background,0.000000,39.430000,0,0,0.984127,0.984127
26.000000,22.634920,background,0.000000,39.419998,0,0,1.000000,0.984127
0.000000,23.000000,background,0.000000,38.900002,0,0,0.000000,1.000000
0.412698,23.000000,background,0.000000,38.919998,0,0,0.015873,1.000000
0.825397,23.000000,background,0.000000,38.950001,0,0,0.031746,1.000000
1.238095,23.000000,background,0.000000,39.000000,0,0,0.047619,1.000000
1.650794,23.000000,background,0.000000,39.049999,0,0,0.063492,1.000000
2.063492,23.000000,background,0.000000,39.110001,0,0,0.079365,1.000000
2.476191,23.000000,background,0.000000,39.180000,0,0,0.095238,1.000000
2.888889,23.000000,background,0.000000,39.250000,0,0,0.111111,1.000000
3.301587,23.000000,background,0.000000,39.320000,0,0,0.126984,1.000000
3.714286,23.000000,background,0.000000,39.400002,0,0,0.142857,1.000000
4.126984,23.000000,background,0.000000,39.470001,0,1,0.158730,1.000000
4.539682,23.000000,background,0.000000,39.549999,0,1,0.174603,1.000000
4.952381,23.000000,background,0.000000,39.630001,0,1,0.190476,1.000000
5.365079,23.000000,background,0.000000,39.709999,0,1,0.206349,1.000000
5.777778,23.000000,background,0.000000,39.779999,0,1,0.222222,1.000000
6.190476,23.000000,background,0.000000,39.860001,0,1,0.238095,1.000000
6.603175,23.000000,background,0.000000,39.930000,0,1,0.253968,1.000000
7.015873,23.000000,background,0.000000,39.990002,0,1,0.269841,1.000000
7.428571,23.000000,background,0.000000,40.060001,0,0,0.285714,1.000000
7.841270,23.000000,background,0.000000,40.119999,0,0,0.301587,1.000000
8.253968,23.000000,background,0.000000,40.180000,0,0,0.317460,1.000000
8.666667,23.000000,background,0.000000,40.230000,0,0,0.333333,1.000000
9.079365,23.000000,background,0.000000,40.279999,0,0,0.349206,1.000000
9.492064,23.000000,background,0.000000,40.320000,0,1,0.365079,1.000000
9.904762,23.000000,background,0.000000,40.360001,0,1,0.380952,1.000000
10.317460,23.000000,background,0.000000,40.389999,0,1,0.396825,1.000000
10.730159,23.000000,background,0.000000,40.419998,0,1,0.412698,1.000000
11.142858,23.000000,background,0.000000,40.450001,0,1,0.428571,1.000000
11.555555,23.000000,background,0.000000,40.459999,0,1,0.444444,1.000000
11.968254,23.000000,background,0.000000,40.480000,0,1,0.460317,1.000000
12.380953,23.000000,background,0.000000,40.490002,0,1,0.476191,1.000000
12.793651,23.000000,background,0.000000,40.490002,0,0,0.492063,1.000000
13.206349,23.000000,background,0.000000,40.490002,0,0,0.507937,1.000000
13.619047,23.000000,background,0.000000,40.480000,0,0,0.523809,1.000000
14.031746,23.000000,background,0.000000,40.470001,0,0,0.539683,1.000000
14.444445,23.000000,background,0.000000,40.450001,0,0,0.555556,1.000000
14.857142,23.000000,background,0.000000,40.430000,0,0,0.571429,1.000000
15.269841,23.000000,background,0.000000,40.400002,0,0,0.587302,1.000000
15.682540,23.000000,background,0.000000,40.369999,0,0,0.603175,1.000000
16.095238,23.000000,background,0.000000,40.340000,0,0,0.619048,1.000000
16.507936,23.000000,background,0.000000,40.310001,0,0,0.634921,1.000000
16.920635,23.000000,background,0.000000,40.270000,0,0,0.650794,1.000000
17.333334,23.000000,background,0.000000,40.230000,0,0,0.666667,1.000000
17.746031,23.000000,background,0.000000,40.180000,0,0,0.682540,1.000000
18.158730,23.000000,background,0.000000,40.139999,0,0,0.698413,1.000000
18.571428,23.000000,background,0.000000,40.090000,0,0,0.714286,1.000000
18.984127,23.000000,background,0.000000,40.040001,0,0,0.730159,1.000000
19.396826,23.000000,background,0.000000,39.990002,0,0,0.746032,1.000000
19.809525,23.000000,background,0.000000,39.939999,0,0,0.761905,1.000000
20.222221,23.000000,background,0.000000,39.889999,0,0,0.777778,1.000000
20.634920,23.000000,background,0.000000,39.840000,0,0,0.793651,1.000000
21.047619,23.000000,background,0.000000,39.790001,0,0,0.809524,1.000000
21.460318,23.000000,background,0.000000,39.730000,0,0,0.825397,1.000000
21.873016,23.000000,background,0.000000,39.689999,0,0,0.841270,1.000000
22.285715,23.000000,background,0.000000,39.639999,0,0,0.857143,1.000000
22.698412,23.000000,background,0.000000,39.590000,0,0,0.873016,1.000000
23.111111,23.000000,background,0.000000,39.549999,0,0,0.888889,1.000000
23.523809,23.000000,background,0.000000,39.509998,0,0,0.904762,1.000000
23.936508,23.000000,background,0.000000,39.470001,0,0,0.920635,1.000000
24.349207,23.000000,background,0.000000,39.439999,0,0,0.936508,1.000000
24.761906,23.000000,background,0.000000,39.410000,0,0,0.952381,1.000000
25.174603,23.000000,background,0.000000,39.389999,0,0,0.968254,1.000000
25.587301,23.000000,background,0.000000,39.380001,0,0,0.984127,1.000000
26.000000,23.000000,background,0.000000,39.369999,0,0,1.000000,1.000000
