{
  "Case3": {
    "initial": {
      "tmax_c": 102.69469633039255,
      "tmax50_c": 102.48704822912676,
      "wl_m": 34.549089404437055
    },
    "tmax": {
      "wl_m": 48.81443073408372,
      "tmax_c": 100.76088991177603,
      "tmax50_c": 100.55739304436779,
      "scot_tmax_c": 95.2862548828125,
      "scot_t50_c": 90.83436462402344,
      "dtmax_c": -1.9338064186165127,
      "dtmax50_c": -1.9296551847589711,
      "wl_pct": 41.290064587967414
    },
    "tmax50": {
      "wl_m": 48.11024830218694,
      "tmax_c": 100.62403145377829,
      "tmax50_c": 100.39328016877641,
      "scot_tmax_c": 95.33489990234375,
      "scot_t50_c": 90.77885620117188,
      "dtmax_c": -2.0706648766142592,
      "dtmax50_c": -2.0937680603503424,
      "wl_pct": 39.25185621826623
    }
  },
  "Case5": {
    "initial": {
      "tmax_c": 129.96839790308147,
      "tmax50_c": 128.3959579081959,
      "wl_m": 42.27292566963836
    },
    "tmax": {
      "wl_m": 47.93298383948058,
      "tmax_c": 124.3369620253165,
      "tmax50_c": 124.16552238844135,
      "scot_tmax_c": 96.22250366210938,
      "scot_t50_c": 93.12601379394532,
      "dtmax_c": -5.631435877764972,
      "dtmax50_c": -4.2304355197545505,
      "wl_pct": 13.389322078333068
    },
    "tmax50": {
      "wl_m": 47.44422914900583,
      "tmax_c": 124.51416315049231,
      "tmax50_c": 124.35338746963308,
      "scot_tmax_c": 96.37896728515625,
      "scot_t50_c": 93.66623779296874,
      "dtmax_c": -5.454234752589159,
      "dtmax50_c": -4.042570438562819,
      "wl_pct": 12.233133613180804
    }
  },
  "Case6": {
    "initial": {
      "tmax_c": 100.60633422835957,
      "tmax50_c": 98.004539624089,
      "wl_m": 32.60452154905937
    },
    "tmax": {
      "wl_m": 38.732867225147835,
      "tmax_c": 88.56361334867668,
      "tmax50_c": 88.10502846183354,
      "scot_tmax_c": 95.5662841796875,
      "scot_t50_c": 91.78963439941407,
      "dtmax_c": -12.04272087968289,
      "dtmax50_c": -9.899511162255465,
      "wl_pct": 18.79599940415401
    },
    "tmax50": {
      "wl_m": 37.15737200128476,
      "tmax_c": 88.68323232323232,
      "tmax50_c": 88.20390397647363,
      "scot_tmax_c": 95.75152587890625,
      "scot_t50_c": 91.95879760742187,
      "dtmax_c": -11.923101905127254,
      "dtmax50_c": -9.80063564761538,
      "wl_pct": 13.963862175909588
    }
  },
  "Case7": {
    "initial": {
      "tmax_c": 71.33273878020714,
      "tmax50_c": 69.15351591868051,
      "wl_m": 11.867541635478712
    },
    "tmax": {
      "wl_m": 11.739574628492129,
      "tmax_c": 63.44424242424244,
      "tmax50_c": 63.30537619230281,
      "scot_tmax_c": 61.380035400390625,
      "scot_t50_c": 58.259945678710935,
      "dtmax_c": -7.888496355964698,
      "dtmax50_c": -5.848139726377703,
      "wl_pct": -1.0782941481664476
    },
    "tmax50": {
      "wl_m": 11.756273066264496,
      "tmax_c": null,
      "tmax50_c": null,
      "scot_tmax_c": 61.3397216796875,
      "scot_t50_c": 58.07246337890625,
      "dtmax_c": null,
      "dtmax50_c": null,
      "wl_pct": -0.9375873507076834,
      "failed": true
    }
  },
  "Case8": {
    "initial": {
      "tmax_c": 61.596511954993,
      "tmax50_c": 60.85506768955379,
      "wl_m": 8.506129216990612
    },
    "tmax": {
      "wl_m": 8.78431406881006,
      "tmax_c": 59.70951540723694,
      "tmax50_c": 59.49839488556455,
      "scot_tmax_c": 61.546234130859375,
      "scot_t50_c": 58.01822265625,
      "dtmax_c": -1.8869965477560555,
      "dtmax50_c": -1.356672803989241,
      "wl_pct": 3.270404724910439
    },
    "tmax50": {
      "wl_m": 8.736553061045715,
      "tmax_c": 59.76968929804376,
      "tmax50_c": 59.602842219665035,
      "scot_tmax_c": 61.551849365234375,
      "scot_t50_c": 58.00601257324219,
      "dtmax_c": -1.8268226569492398,
      "dtmax50_c": -1.2522254698887565,
      "wl_pct": 2.708915397086161
    }
  }
}